{
    "type": "FeatureCollection",
    "features": [
        {
            "type": "Feature",
            "id": "way/96113274",
            "properties": {
                "timestamp": "2023-09-28T01:31:30Z",
                "version": "2",
                "changeset": "141843126",
                "user": "maxlax",
                "uid": "15972813",
                "natural": "wood",
                "id": "way/96113274"
            },
            "geometry": {
                "type": "Polygon",
                "coordinates": [
                    [
                        [
                            50.585872,
                            53.1960793
                        ],
                        [
                            50.5872188,
                            53.1963466
                        ],
                        [
                            50.5882724,
                            53.1965176
                        ],
                        [
                            50.5891066,
                            53.1966622
                        ],
                        [
                            50.5900505,
                            53.1968726
                        ],
                        [
                            50.5913236,
                            53.1972145
                        ],
                        [
                            50.592048,
                            53.1974775
                        ],
                        [
                            50.5932992,
                            53.197872
                        ],
                        [
                            50.5940675,
                            53.1981745
                        ],
                        [
                            50.595055,
                            53.1984307
                        ],
                        [
                            50.5961745,
                            53.1986805
                        ],
                        [
                            50.597272,
                            53.1990356
                        ],
                        [
                            50.5985672,
                            53.1994958
                        ],
                        [
                            50.6003232,
                            53.1999823
                        ],
                        [
                            50.602211,
                            53.2005083
                        ],
                        [
                            50.603133,
                            53.2006924
                        ],
                        [
                            50.6051744,
                            53.2011657
                        ],
                        [
                            50.6060086,
                            53.2017837
                        ],
                        [
                            50.6043623,
                            53.2020862
                        ],
                        [
                            50.603133,
                            53.2024675
                        ],
                        [
                            50.6018379,
                            53.2027567
                        ],
                        [
                            50.6000379,
                            53.2031643
                        ],
                        [
                            50.5992037,
                            53.2033484
                        ],
                        [
                            50.5989842,
                            53.2032564
                        ],
                        [
                            50.5973159,
                            53.2033484
                        ],
                        [
                            50.5958672,
                            53.2034799
                        ],
                        [
                            50.5940998,
                            53.2035343
                        ],
                        [
                            50.5935916,
                            53.2040035
                        ],
                        [
                            50.5938374,
                            53.2041824
                        ],
                        [
                            50.5945574,
                            53.2044138
                        ],
                        [
                            50.5948735,
                            53.2046662
                        ],
                        [
                            50.5946452,
                            53.2049292
                        ],
                        [
                            50.5956049,
                            53.2054311
                        ],
                        [
                            50.5957165,
                            53.2061387
                        ],
                        [
                            50.5952983,
                            53.2069322
                        ],
                        [
                            50.5948033,
                            53.2076638
                        ],
                        [
                            50.5938374,
                            53.2082633
                        ],
                        [
                            50.5939253,
                            53.2086104
                        ],
                        [
                            50.593488,
                            53.2092046
                        ],
                        [
                            50.5939345,
                            53.2094633
                        ],
                        [
                            50.5937084,
                            53.2095027
                        ],
                        [
                            50.5933586,
                            53.2096373
                        ],
                        [
                            50.5928215,
                            53.2096373
                        ],
                        [
                            50.5925341,
                            53.2093979
                        ],
                        [
                            50.5921719,
                            53.2094952
                        ],
                        [
                            50.5920345,
                            53.2098019
                        ],
                        [
                            50.5918824,
                            53.2098009
                        ],
                        [
                            50.5915652,
                            53.2100785
                        ],
                        [
                            50.5910529,
                            53.21021
                        ],
                        [
                            50.5903697,
                            53.2100931
                        ],
                        [
                            50.5895645,
                            53.2100347
                        ],
                        [
                            50.5892474,
                            53.2101223
                        ],
                        [
                            50.5888814,
                            53.210473
                        ],
                        [
                            50.5888814,
                            53.2108675
                        ],
                        [
                            50.5888814,
                            53.2112182
                        ],
                        [
                            50.5890278,
                            53.2115835
                        ],
                        [
                            50.5890278,
                            53.211978
                        ],
                        [
                            50.5890278,
                            53.2122556
                        ],
                        [
                            50.588857,
                            53.2126355
                        ],
                        [
                            50.588857,
                            53.2127962
                        ],
                        [
                            50.5889546,
                            53.2129716
                        ],
                        [
                            50.589223,
                            53.2131177
                        ],
                        [
                            50.5896621,
                            53.2132784
                        ],
                        [
                            50.5899793,
                            53.2133368
                        ],
                        [
                            50.5903209,
                            53.2132492
                        ],
                        [
                            50.5905893,
                            53.2127524
                        ],
                        [
                            50.5910773,
                            53.2125478
                        ],
                        [
                            50.5917116,
                            53.2126793
                        ],
                        [
                            50.5920532,
                            53.2128401
                        ],
                        [
                            50.5923216,
                            53.2129862
                        ],
                        [
                            50.5922728,
                            53.213293
                        ],
                        [
                            50.5917116,
                            53.2137313
                        ],
                        [
                            50.5914432,
                            53.213892
                        ],
                        [
                            50.59137,
                            53.2142427
                        ],
                        [
                            50.5911992,
                            53.2145933
                        ],
                        [
                            50.5909553,
                            53.2150024
                        ],
                        [
                            50.5909309,
                            53.2157183
                        ],
                        [
                            50.5903453,
                            53.2160544
                        ],
                        [
                            50.5895401,
                            53.2163466
                        ],
                        [
                            50.5889058,
                            53.2163027
                        ],
                        [
                            50.5880274,
                            53.2162589
                        ],
                        [
                            50.5879786,
                            53.2160251
                        ],
                        [
                            50.5878322,
                            53.2157329
                        ],
                        [
                            50.5871735,
                            53.2157037
                        ],
                        [
                            50.5864171,
                            53.2157037
                        ],
                        [
                            50.5857339,
                            53.21547
                        ],
                        [
                            50.5848312,
                            53.2153531
                        ],
                        [
                            50.5840016,
                            53.2156307
                        ],
                        [
                            50.5835376,
                            53.2161777
                        ],
                        [
                            50.5832697,
                            53.2161712
                        ],
                        [
                            50.5823669,
                            53.2163466
                        ],
                        [
                            50.5812202,
                            53.2165803
                        ],
                        [
                            50.5807078,
                            53.2167848
                        ],
                        [
                            50.5799759,
                            53.2169163
                        ],
                        [
                            50.5788779,
                            53.2169163
                        ],
                        [
                            50.5782192,
                            53.2169748
                        ],
                        [
                            50.5779996,
                            53.2175007
                        ],
                        [
                            50.5778532,
                            53.2180705
                        ],
                        [
                            50.577536,
                            53.2184795
                        ],
                        [
                            50.576804,
                            53.2187863
                        ],
                        [
                            50.5763405,
                            53.2190347
                        ],
                        [
                            50.5760477,
                            53.2192976
                        ],
                        [
                            50.5761333,
                            53.2199462
                        ],
                        [
                            50.575291,
                            53.2201289
                        ],
                        [
                            50.5737222,
                            53.2205611
                        ],
                        [
                            50.5727739,
                            53.2211079
                        ],
                        [
                            50.5713761,
                            53.222828
                        ],
                        [
                            50.5705631,
                            53.2214558
                        ],
                        [
                            50.571139,
                            53.220044
                        ],
                        [
                            50.5711872,
                            53.2196962
                        ],
                        [
                            50.5717489,
                            53.2186582
                        ],
                        [
                            50.5729959,
                            53.217381
                        ],
                        [
                            50.5737834,
                            53.2164131
                        ],
                        [
                            50.574144,
                            53.2156476
                        ],
                        [
                            50.5740129,
                            53.214568
                        ],
                        [
                            50.57339,
                            53.2135669
                        ],
                        [
                            50.5719805,
                            53.213135
                        ],
                        [
                            50.570407,
                            53.2130761
                        ],
                        [
                            50.5679485,
                            53.2132724
                        ],
                        [
                            50.5659489,
                            53.2136061
                        ],
                        [
                            50.5634904,
                            53.2136061
                        ],
                        [
                            50.5610116,
                            53.2135882
                        ],
                        [
                            50.5581144,
                            53.2134098
                        ],
                        [
                            50.5561804,
                            53.2133313
                        ],
                        [
                            50.5544758,
                            53.2131154
                        ],
                        [
                            50.5536563,
                            53.2128013
                        ],
                        [
                            50.5532629,
                            53.2123498
                        ],
                        [
                            50.5532823,
                            53.2116859
                        ],
                        [
                            50.5532957,
                            53.2106811
                        ],
                        [
                            50.5536891,
                            53.2099155
                        ],
                        [
                            50.5546397,
                            53.2087572
                        ],
                        [
                            50.5559509,
                            53.2074026
                        ],
                        [
                            50.5572621,
                            53.2064798
                        ],
                        [
                            50.5592945,
                            53.2052822
                        ],
                        [
                            50.5609335,
                            53.2043987
                        ],
                        [
                            50.562802,
                            53.2037508
                        ],
                        [
                            50.5644886,
                            53.2031779
                        ],
                        [
                            50.5655117,
                            53.2030451
                        ],
                        [
                            50.5665397,
                            53.2032886
                        ],
                        [
                            50.5674295,
                            53.2036059
                        ],
                        [
                            50.5681289,
                            53.2037539
                        ],
                        [
                            50.5685302,
                            53.2041414
                        ],
                        [
                            50.5693115,
                            53.2048763
                        ],
                        [
                            50.5700259,
                            53.2051522
                        ],
                        [
                            50.571036,
                            53.2053844
                        ],
                        [
                            50.5720839,
                            53.2051977
                        ],
                        [
                            50.5727436,
                            53.2048811
                        ],
                        [
                            50.5731806,
                            53.2046032
                        ],
                        [
                            50.5737793,
                            53.2042135
                        ],
                        [
                            50.574338,
                            53.2036833
                        ],
                        [
                            50.5742562,
                            53.2018305
                        ],
                        [
                            50.5747164,
                            53.2012399
                        ],
                        [
                            50.574815,
                            53.2002751
                        ],
                        [
                            50.574059,
                            53.198818
                        ],
                        [
                            50.5743219,
                            53.1983258
                        ],
                        [
                            50.5751108,
                            53.1977351
                        ],
                        [
                            50.5762941,
                            53.1972034
                        ],
                        [
                            50.5781677,
                            53.1960022
                        ],
                        [
                            50.5785621,
                            53.196849
                        ],
                        [
                            50.578595,
                            53.1974594
                        ],
                        [
                            50.579351,
                            53.1981289
                        ],
                        [
                            50.5802713,
                            53.1982076
                        ],
                        [
                            50.5807315,
                            53.197932
                        ],
                        [
                            50.5791403,
                            53.1963188
                        ],
                        [
                            50.5789509,
                            53.1959407
                        ],
                        [
                            50.5790141,
                            53.1953358
                        ],
                        [
                            50.579582,
                            53.1947182
                        ],
                        [
                            50.5806128,
                            53.1943528
                        ],
                        [
                            50.5813912,
                            53.1944284
                        ],
                        [
                            50.5824009,
                            53.1948191
                        ],
                        [
                            50.583579,
                            53.1953106
                        ],
                        [
                            50.5843994,
                            53.1956508
                        ],
                        [
                            50.585872,
                            53.1960793
                        ]
                    ]
                ]
            }
        },
        {
            "type": "Feature",
            "id": "way/722651089",
            "properties": {
                "timestamp": "2023-11-13T15:12:22Z",
                "version": "2",
                "changeset": "143974926",
                "user": "desk77",
                "uid": "3417100",
                "addr:housenumber": "13",
                "addr:street": "Луганская улица",
                "building": "yes",
                "source:addr": "ЕГРН",
                "id": "way/722651089"
            },
            "geometry": {
                "type": "Polygon",
                "coordinates": [
                    [
                        [
                            50.6072574,
                            53.212773
                        ],
                        [
                            50.6074285,
                            53.2128737
                        ],
                        [
                            50.6072922,
                            53.2129567
                        ],
                        [
                            50.6071211,
                            53.2128561
                        ],
                        [
                            50.6072574,
                            53.212773
                        ]
                    ]
                ]
            }
        },
        {
            "type": "Feature",
            "id": "way/722651092",
            "properties": {
                "timestamp": "2023-11-13T15:12:22Z",
                "version": "2",
                "changeset": "143974926",
                "user": "desk77",
                "uid": "3417100",
                "addr:housenumber": "14",
                "addr:street": "Луганская улица",
                "building": "yes",
                "source:addr": "ЕГРН",
                "id": "way/722651092"
            },
            "geometry": {
                "type": "Polygon",
                "coordinates": [
                    [
                        [
                            50.6064085,
                            53.2128705
                        ],
                        [
                            50.6066002,
                            53.2127557
                        ],
                        [
                            50.6066953,
                            53.2128127
                        ],
                        [
                            50.6065036,
                            53.2129275
                        ],
                        [
                            50.6064085,
                            53.2128705
                        ]
                    ]
                ]
            }
        },
        {
            "type": "Feature",
            "id": "way/722651093",
            "properties": {
                "timestamp": "2023-11-13T15:12:22Z",
                "version": "2",
                "changeset": "143974926",
                "user": "desk77",
                "uid": "3417100",
                "addr:housenumber": "12",
                "addr:street": "Луганская улица",
                "building": "yes",
                "source:addr": "ЕГРН",
                "id": "way/722651093"
            },
            "geometry": {
                "type": "Polygon",
                "coordinates": [
                    [
                        [
                            50.606707,
                            53.2126889
                        ],
                        [
                            50.6069057,
                            53.212565
                        ],
                        [
                            50.6070065,
                            53.2126229
                        ],
                        [
                            50.6068077,
                            53.2127469
                        ],
                        [
                            50.6067538,
                            53.2127159
                        ],
                        [
                            50.606707,
                            53.2126889
                        ]
                    ]
                ]
            }
        },
        {
            "type": "Feature",
            "id": "way/722651094",
            "properties": {
                "timestamp": "2023-11-13T15:12:22Z",
                "version": "2",
                "changeset": "143974926",
                "user": "desk77",
                "uid": "3417100",
                "addr:housenumber": "9",
                "addr:street": "Луганская улица",
                "building": "yes",
                "source:addr": "ЕГРН",
                "id": "way/722651094"
            },
            "geometry": {
                "type": "Polygon",
                "coordinates": [
                    [
                        [
                            50.6078581,
                            53.2126501
                        ],
                        [
                            50.607733,
                            53.2125751
                        ],
                        [
                            50.6077979,
                            53.2125363
                        ],
                        [
                            50.607742,
                            53.2125029
                        ],
                        [
                            50.6077972,
                            53.2124699
                        ],
                        [
                            50.6078446,
                            53.2124983
                        ],
                        [
                            50.6079172,
                            53.2124548
                        ],
                        [
                            50.6080507,
                            53.2125348
                        ],
                        [
                            50.6078581,
                            53.2126501
                        ]
                    ]
                ]
            }
        },
        {
            "type": "Feature",
            "id": "way/722651097",
            "properties": {
                "timestamp": "2023-11-13T15:12:22Z",
                "version": "2",
                "changeset": "143974926",
                "user": "desk77",
                "uid": "3417100",
                "addr:housenumber": "8",
                "addr:street": "Луганская улица",
                "building": "yes",
                "source:addr": "ЕГРН",
                "id": "way/722651097"
            },
            "geometry": {
                "type": "Polygon",
                "coordinates": [
                    [
                        [
                            50.6076996,
                            53.2121119
                        ],
                        [
                            50.6078371,
                            53.2120331
                        ],
                        [
                            50.6079468,
                            53.2121017
                        ],
                        [
                            50.6078094,
                            53.2121806
                        ],
                        [
                            50.6076996,
                            53.2121119
                        ]
                    ]
                ]
            }
        },
        {
            "type": "Feature",
            "id": "way/722651101",
            "properties": {
                "timestamp": "2019-09-07T04:47:04Z",
                "version": "1",
                "changeset": "74197767",
                "user": "Валентина 252",
                "uid": "10055903",
                "building": "yes",
                "id": "way/722651101"
            },
            "geometry": {
                "type": "Polygon",
                "coordinates": [
                    [
                        [
                            50.6043216,
                            53.2110903
                        ],
                        [
                            50.6044831,
                            53.2109799
                        ],
                        [
                            50.6046079,
                            53.2110453
                        ],
                        [
                            50.6044464,
                            53.2111557
                        ],
                        [
                            50.6043216,
                            53.2110903
                        ]
                    ]
                ]
            }
        },
        {
            "type": "Feature",
            "id": "way/722651110",
            "properties": {
                "timestamp": "2026-05-24T20:52:21Z",
                "version": "3",
                "changeset": "183126912",
                "user": "neygenius",
                "uid": "24015564",
                "addr:housenumber": "2Б",
                "addr:street": "Сибирская улица",
                "building": "commercial",
                "building:levels": "1",
                "source:addr": "ЕГРН",
                "id": "way/722651110"
            },
            "geometry": {
                "type": "Polygon",
                "coordinates": [
                    [
                        [
                            50.6075418,
                            53.209939
                        ],
                        [
                            50.6076682,
                            53.2100471
                        ],
                        [
                            50.6075165,
                            53.2101107
                        ],
                        [
                            50.6073902,
                            53.2100026
                        ],
                        [
                            50.6075418,
                            53.209939
                        ]
                    ]
                ]
            }
        },
        {
            "type": "Feature",
            "id": "way/722651117",
            "properties": {
                "timestamp": "2023-11-13T15:12:22Z",
                "version": "2",
                "changeset": "143974926",
                "user": "desk77",
                "uid": "3417100",
                "addr:housenumber": "2",
                "addr:street": "Сибирская улица",
                "building": "yes",
                "source:addr": "ЕГРН",
                "id": "way/722651117"
            },
            "geometry": {
                "type": "Polygon",
                "coordinates": [
                    [
                        [
                            50.6068544,
                            53.2101312
                        ],
                        [
                            50.6069755,
                            53.2102049
                        ],
                        [
                            50.6068521,
                            53.2102776
                        ],
                        [
                            50.606731,
                            53.2102038
                        ],
                        [
                            50.6068544,
                            53.2101312
                        ]
                    ]
                ]
            }
        },
        {
            "type": "Feature",
            "id": "way/722651118",
            "properties": {
                "timestamp": "2023-11-13T15:12:22Z",
                "version": "2",
                "changeset": "143974926",
                "user": "desk77",
                "uid": "3417100",
                "addr:housenumber": "2А",
                "addr:street": "Сибирская улица",
                "building": "yes",
                "source:addr": "ЕГРН",
                "id": "way/722651118"
            },
            "geometry": {
                "type": "Polygon",
                "coordinates": [
                    [
                        [
                            50.6070947,
                            53.2104659
                        ],
                        [
                            50.6070019,
                            53.2104089
                        ],
                        [
                            50.6070216,
                            53.2103974
                        ],
                        [
                            50.6069266,
                            53.2103389
                        ],
                        [
                            50.6070395,
                            53.2102731
                        ],
                        [
                            50.6071421,
                            53.2103362
                        ],
                        [
                            50.6071115,
                            53.2103541
                        ],
                        [
                            50.6071529,
                            53.2103795
                        ],
                        [
                            50.6071114,
                            53.2104037
                        ],
                        [
                            50.6071552,
                            53.2104306
                        ],
                        [
                            50.6070947,
                            53.2104659
                        ]
                    ]
                ]
            }
        },
        {
            "type": "Feature",
            "id": "way/722651119",
            "properties": {
                "timestamp": "2023-11-13T15:12:22Z",
                "version": "2",
                "changeset": "143974926",
                "user": "desk77",
                "uid": "3417100",
                "addr:housenumber": "4",
                "addr:street": "Сибирская улица",
                "building": "yes",
                "source:addr": "ЕГРН",
                "id": "way/722651119"
            },
            "geometry": {
                "type": "Polygon",
                "coordinates": [
                    [
                        [
                            50.606715,
                            53.2104541
                        ],
                        [
                            50.6068837,
                            53.2103487
                        ],
                        [
                            50.606974,
                            53.2104006
                        ],
                        [
                            50.6069151,
                            53.2104374
                        ],
                        [
                            50.6069545,
                            53.21046
                        ],
                        [
                            50.6068447,
                            53.2105286
                        ],
                        [
                            50.606715,
                            53.2104541
                        ]
                    ]
                ]
            }
        },
        {
            "type": "Feature",
            "id": "way/722651120",
            "properties": {
                "timestamp": "2023-11-13T15:12:22Z",
                "version": "2",
                "changeset": "143974926",
                "user": "desk77",
                "uid": "3417100",
                "addr:housenumber": "6",
                "addr:street": "Сибирская улица",
                "building": "yes",
                "source:addr": "ЕГРН",
                "id": "way/722651120"
            },
            "geometry": {
                "type": "Polygon",
                "coordinates": [
                    [
                        [
                            50.6066517,
                            53.2104731
                        ],
                        [
                            50.6067946,
                            53.2105491
                        ],
                        [
                            50.6066833,
                            53.2106241
                        ],
                        [
                            50.6065404,
                            53.2105481
                        ],
                        [
                            50.6066517,
                            53.2104731
                        ]
                    ]
                ]
            }
        },
        {
            "type": "Feature",
            "id": "way/722651121",
            "properties": {
                "timestamp": "2023-11-13T15:12:22Z",
                "version": "2",
                "changeset": "143974926",
                "user": "desk77",
                "uid": "3417100",
                "addr:housenumber": "8",
                "addr:street": "Сибирская улица",
                "building": "yes",
                "source:addr": "ЕГРН",
                "id": "way/722651121"
            },
            "geometry": {
                "type": "Polygon",
                "coordinates": [
                    [
                        [
                            50.6064204,
                            53.2105725
                        ],
                        [
                            50.6065203,
                            53.2106256
                        ],
                        [
                            50.6064513,
                            53.2106721
                        ],
                        [
                            50.6063515,
                            53.210619
                        ],
                        [
                            50.6064204,
                            53.2105725
                        ]
                    ]
                ]
            }
        },
        {
            "type": "Feature",
            "id": "way/722651122",
            "properties": {
                "timestamp": "2023-11-13T15:12:22Z",
                "version": "2",
                "changeset": "143974926",
                "user": "desk77",
                "uid": "3417100",
                "addr:housenumber": "10",
                "addr:street": "Сибирская улица",
                "building": "yes",
                "source:addr": "ЕГРН",
                "id": "way/722651122"
            },
            "geometry": {
                "type": "Polygon",
                "coordinates": [
                    [
                        [
                            50.6062185,
                            53.2107108
                        ],
                        [
                            50.6063628,
                            53.2107852
                        ],
                        [
                            50.6062487,
                            53.2108645
                        ],
                        [
                            50.6061044,
                            53.2107901
                        ],
                        [
                            50.6062185,
                            53.2107108
                        ]
                    ]
                ]
            }
        },
        {
            "type": "Feature",
            "id": "way/722651123",
            "properties": {
                "timestamp": "2023-11-13T15:12:22Z",
                "version": "3",
                "changeset": "143974926",
                "user": "desk77",
                "uid": "3417100",
                "addr:housenumber": "1",
                "addr:street": "Сибирская улица",
                "building": "yes",
                "source:addr": "ЕГРН",
                "id": "way/722651123"
            },
            "geometry": {
                "type": "Polygon",
                "coordinates": [
                    [
                        [
                            50.6068407,
                            53.210899
                        ],
                        [
                            50.6069595,
                            53.2108258
                        ],
                        [
                            50.6069997,
                            53.2108492
                        ],
                        [
                            50.6070989,
                            53.2107882
                        ],
                        [
                            50.6072102,
                            53.210853
                        ],
                        [
                            50.6071257,
                            53.210905
                        ],
                        [
                            50.6070669,
                            53.210896
                        ],
                        [
                            50.6069545,
                            53.2109652
                        ],
                        [
                            50.6068407,
                            53.210899
                        ]
                    ]
                ]
            }
        },
        {
            "type": "Feature",
            "id": "way/722651124",
            "properties": {
                "timestamp": "2023-11-13T15:12:22Z",
                "version": "2",
                "changeset": "143974926",
                "user": "desk77",
                "uid": "3417100",
                "addr:housenumber": "3",
                "addr:street": "Сибирская улица",
                "building": "yes",
                "source:addr": "ЕГРН",
                "id": "way/722651124"
            },
            "geometry": {
                "type": "Polygon",
                "coordinates": [
                    [
                        [
                            50.6067717,
                            53.2109883
                        ],
                        [
                            50.6069728,
                            53.2110968
                        ],
                        [
                            50.606813,
                            53.2112029
                        ],
                        [
                            50.6066119,
                            53.2110944
                        ],
                        [
                            50.6067717,
                            53.2109883
                        ]
                    ]
                ]
            }
        },
        {
            "type": "Feature",
            "id": "way/722651125",
            "properties": {
                "timestamp": "2023-11-13T15:12:22Z",
                "version": "2",
                "changeset": "143974926",
                "user": "desk77",
                "uid": "3417100",
                "addr:housenumber": "9",
                "addr:street": "Сибирская улица",
                "building": "yes",
                "source:addr": "ЕГРН",
                "id": "way/722651125"
            },
            "geometry": {
                "type": "Polygon",
                "coordinates": [
                    [
                        [
                            50.6057998,
                            53.2115196
                        ],
                        [
                            50.6059316,
                            53.2115993
                        ],
                        [
                            50.6058135,
                            53.2116693
                        ],
                        [
                            50.6056817,
                            53.2115895
                        ],
                        [
                            50.6057998,
                            53.2115196
                        ]
                    ]
                ]
            }
        },
        {
            "type": "Feature",
            "id": "way/722651126",
            "properties": {
                "timestamp": "2023-11-13T15:12:22Z",
                "version": "2",
                "changeset": "143974926",
                "user": "desk77",
                "uid": "3417100",
                "addr:housenumber": "20",
                "addr:street": "Сибирская улица",
                "building": "yes",
                "source:addr": "ЕГРН",
                "id": "way/722651126"
            },
            "geometry": {
                "type": "Polygon",
                "coordinates": [
                    [
                        [
                            50.6050214,
                            53.2114051
                        ],
                        [
                            50.6051406,
                            53.2113158
                        ],
                        [
                            50.6053,
                            53.2113922
                        ],
                        [
                            50.6051808,
                            53.2114814
                        ],
                        [
                            50.6050214,
                            53.2114051
                        ]
                    ]
                ]
            }
        },
        {
            "type": "Feature",
            "id": "way/722651127",
            "properties": {
                "timestamp": "2023-11-13T15:12:22Z",
                "version": "3",
                "changeset": "143974926",
                "user": "desk77",
                "uid": "3417100",
                "addr:housenumber": "11",
                "addr:street": "Сибирская улица",
                "building": "yes",
                "source:addr": "ЕГРН",
                "id": "way/722651127"
            },
            "geometry": {
                "type": "Polygon",
                "coordinates": [
                    [
                        [
                            50.6053243,
                            53.2117482
                        ],
                        [
                            50.6054768,
                            53.2118296
                        ],
                        [
                            50.6054251,
                            53.2118643
                        ],
                        [
                            50.6054517,
                            53.2119079
                        ],
                        [
                            50.6054031,
                            53.2119372
                        ],
                        [
                            50.6053166,
                            53.2119283
                        ],
                        [
                            50.6052725,
                            53.2119579
                        ],
                        [
                            50.6051274,
                            53.2118804
                        ],
                        [
                            50.6053243,
                            53.2117482
                        ]
                    ]
                ]
            }
        },
        {
            "type": "Feature",
            "id": "way/722651128",
            "properties": {
                "timestamp": "2023-11-13T15:12:22Z",
                "version": "2",
                "changeset": "143974926",
                "user": "desk77",
                "uid": "3417100",
                "addr:housenumber": "24",
                "addr:street": "Сибирская улица",
                "building": "yes",
                "source:addr": "ЕГРН",
                "id": "way/722651128"
            },
            "geometry": {
                "type": "Polygon",
                "coordinates": [
                    [
                        [
                            50.6047655,
                            53.2115785
                        ],
                        [
                            50.6049078,
                            53.211645
                        ],
                        [
                            50.6047942,
                            53.2117321
                        ],
                        [
                            50.604652,
                            53.2116655
                        ],
                        [
                            50.6047655,
                            53.2115785
                        ]
                    ]
                ]
            }
        },
        {
            "type": "Feature",
            "id": "way/722651129",
            "properties": {
                "timestamp": "2023-11-13T15:12:22Z",
                "version": "2",
                "changeset": "143974926",
                "user": "desk77",
                "uid": "3417100",
                "addr:housenumber": "13",
                "addr:street": "Сибирская улица",
                "building": "yes",
                "source:addr": "ЕГРН",
                "id": "way/722651129"
            },
            "geometry": {
                "type": "Polygon",
                "coordinates": [
                    [
                        [
                            50.6049713,
                            53.2120131
                        ],
                        [
                            50.6051094,
                            53.212092
                        ],
                        [
                            50.6049775,
                            53.2121748
                        ],
                        [
                            50.6048394,
                            53.2120959
                        ],
                        [
                            50.6049713,
                            53.2120131
                        ]
                    ]
                ]
            }
        },
        {
            "type": "Feature",
            "id": "way/722651130",
            "properties": {
                "timestamp": "2023-11-13T15:12:22Z",
                "version": "2",
                "changeset": "143974926",
                "user": "desk77",
                "uid": "3417100",
                "addr:housenumber": "15",
                "addr:street": "Сибирская улица",
                "building": "yes",
                "source:addr": "ЕГРН",
                "id": "way/722651130"
            },
            "geometry": {
                "type": "Polygon",
                "coordinates": [
                    [
                        [
                            50.6046659,
                            53.212195
                        ],
                        [
                            50.604804,
                            53.2122739
                        ],
                        [
                            50.6046721,
                            53.2123567
                        ],
                        [
                            50.604534,
                            53.2122778
                        ],
                        [
                            50.6046659,
                            53.212195
                        ]
                    ]
                ]
            }
        },
        {
            "type": "Feature",
            "id": "way/722651131",
            "properties": {
                "timestamp": "2023-11-13T15:12:22Z",
                "version": "2",
                "changeset": "143974926",
                "user": "desk77",
                "uid": "3417100",
                "addr:housenumber": "17",
                "addr:street": "Сибирская улица",
                "building": "yes",
                "source:addr": "ЕГРН",
                "id": "way/722651131"
            },
            "geometry": {
                "type": "Polygon",
                "coordinates": [
                    [
                        [
                            50.6043444,
                            53.2123926
                        ],
                        [
                            50.6044825,
                            53.2124715
                        ],
                        [
                            50.6043506,
                            53.2125543
                        ],
                        [
                            50.6042125,
                            53.2124754
                        ],
                        [
                            50.6043444,
                            53.2123926
                        ]
                    ]
                ]
            }
        },
        {
            "type": "Feature",
            "id": "way/722651132",
            "properties": {
                "timestamp": "2023-11-13T15:12:22Z",
                "version": "2",
                "changeset": "143974926",
                "user": "desk77",
                "uid": "3417100",
                "addr:housenumber": "36",
                "addr:street": "Сибирская улица",
                "building": "yes",
                "source:addr": "ЕГРН",
                "id": "way/722651132"
            },
            "geometry": {
                "type": "Polygon",
                "coordinates": [
                    [
                        [
                            50.603759,
                            53.2122256
                        ],
                        [
                            50.6038971,
                            53.2123045
                        ],
                        [
                            50.6037652,
                            53.2123873
                        ],
                        [
                            50.6036271,
                            53.2123084
                        ],
                        [
                            50.603759,
                            53.2122256
                        ]
                    ]
                ]
            }
        },
        {
            "type": "Feature",
            "id": "way/722651133",
            "properties": {
                "timestamp": "2023-11-13T15:12:22Z",
                "version": "2",
                "changeset": "143974926",
                "user": "desk77",
                "uid": "3417100",
                "addr:housenumber": "19",
                "addr:street": "Сибирская улица",
                "building": "yes",
                "source:addr": "ЕГРН",
                "id": "way/722651133"
            },
            "geometry": {
                "type": "Polygon",
                "coordinates": [
                    [
                        [
                            50.6039889,
                            53.2126093
                        ],
                        [
                            50.604127,
                            53.2126882
                        ],
                        [
                            50.6039951,
                            53.212771
                        ],
                        [
                            50.603857,
                            53.2126921
                        ],
                        [
                            50.6039889,
                            53.2126093
                        ]
                    ]
                ]
            }
        },
        {
            "type": "Feature",
            "id": "way/722651134",
            "properties": {
                "timestamp": "2023-11-13T15:12:22Z",
                "version": "2",
                "changeset": "143974926",
                "user": "desk77",
                "uid": "3417100",
                "addr:housenumber": "38",
                "addr:street": "Сибирская улица",
                "building": "yes",
                "source:addr": "ЕГРН",
                "id": "way/722651134"
            },
            "geometry": {
                "type": "Polygon",
                "coordinates": [
                    [
                        [
                            50.6032931,
                            53.2124861
                        ],
                        [
                            50.6034312,
                            53.212565
                        ],
                        [
                            50.6032994,
                            53.2126478
                        ],
                        [
                            50.6031612,
                            53.2125689
                        ],
                        [
                            50.6032931,
                            53.2124861
                        ]
                    ]
                ]
            }
        },
        {
            "type": "Feature",
            "id": "way/722651135",
            "properties": {
                "timestamp": "2019-09-07T04:47:04Z",
                "version": "1",
                "changeset": "74197767",
                "user": "Валентина 252",
                "uid": "10055903",
                "building": "yes",
                "id": "way/722651135"
            },
            "geometry": {
                "type": "Polygon",
                "coordinates": [
                    [
                        [
                            50.6033076,
                            53.2129841
                        ],
                        [
                            50.6034457,
                            53.213063
                        ],
                        [
                            50.6033139,
                            53.2131458
                        ],
                        [
                            50.6031758,
                            53.2130669
                        ],
                        [
                            50.6033076,
                            53.2129841
                        ]
                    ]
                ]
            }
        },
        {
            "type": "Feature",
            "id": "way/722651140",
            "properties": {
                "timestamp": "2023-11-13T15:12:22Z",
                "version": "2",
                "changeset": "143974926",
                "user": "desk77",
                "uid": "3417100",
                "addr:housenumber": "16",
                "addr:street": "Луганская улица",
                "building": "yes",
                "source:addr": "ЕГРН",
                "id": "way/722651140"
            },
            "geometry": {
                "type": "Polygon",
                "coordinates": [
                    [
                        [
                            50.6061764,
                            53.2131546
                        ],
                        [
                            50.6059817,
                            53.2130483
                        ],
                        [
                            50.606095,
                            53.2129739
                        ],
                        [
                            50.6061754,
                            53.2130177
                        ],
                        [
                            50.6062906,
                            53.2129421
                        ],
                        [
                            50.6064049,
                            53.2130045
                        ],
                        [
                            50.6061764,
                            53.2131546
                        ]
                    ]
                ]
            }
        },
        {
            "type": "Feature",
            "id": "way/723085434",
            "properties": {
                "timestamp": "2023-11-13T15:12:22Z",
                "version": "2",
                "changeset": "143974926",
                "user": "desk77",
                "uid": "3417100",
                "addr:housenumber": "17",
                "addr:street": "Транзитная улица",
                "building": "yes",
                "source:addr": "ЕГРН",
                "id": "way/723085434"
            },
            "geometry": {
                "type": "Polygon",
                "coordinates": [
                    [
                        [
                            50.6052562,
                            53.213067
                        ],
                        [
                            50.6050853,
                            53.2129732
                        ],
                        [
                            50.6052347,
                            53.2128756
                        ],
                        [
                            50.6054055,
                            53.2129694
                        ],
                        [
                            50.6052562,
                            53.213067
                        ]
                    ]
                ]
            }
        },
        {
            "type": "Feature",
            "id": "way/723085435",
            "properties": {
                "timestamp": "2023-11-13T15:12:22Z",
                "version": "2",
                "changeset": "143974926",
                "user": "desk77",
                "uid": "3417100",
                "addr:housenumber": "3",
                "addr:street": "Транзитная улица",
                "building": "yes",
                "source:addr": "ЕГРН",
                "id": "way/723085435"
            },
            "geometry": {
                "type": "Polygon",
                "coordinates": [
                    [
                        [
                            50.6076659,
                            53.2114914
                        ],
                        [
                            50.6078127,
                            53.2115729
                        ],
                        [
                            50.6077062,
                            53.2116418
                        ],
                        [
                            50.6075593,
                            53.2115603
                        ],
                        [
                            50.6076659,
                            53.2114914
                        ]
                    ]
                ]
            }
        },
        {
            "type": "Feature",
            "id": "way/723085436",
            "properties": {
                "timestamp": "2023-11-13T15:12:22Z",
                "version": "2",
                "changeset": "143974926",
                "user": "desk77",
                "uid": "3417100",
                "addr:housenumber": "5",
                "addr:street": "Транзитная улица",
                "building": "yes",
                "source:addr": "ЕГРН",
                "id": "way/723085436"
            },
            "geometry": {
                "type": "Polygon",
                "coordinates": [
                    [
                        [
                            50.6073055,
                            53.2116475
                        ],
                        [
                            50.6074208,
                            53.2117198
                        ],
                        [
                            50.6073107,
                            53.2117828
                        ],
                        [
                            50.6072655,
                            53.2117545
                        ],
                        [
                            50.6072276,
                            53.2117762
                        ],
                        [
                            50.6071574,
                            53.2117323
                        ],
                        [
                            50.6073055,
                            53.2116475
                        ]
                    ]
                ]
            }
        },
        {
            "type": "Feature",
            "id": "way/723085437",
            "properties": {
                "timestamp": "2023-11-13T15:12:22Z",
                "version": "2",
                "changeset": "143974926",
                "user": "desk77",
                "uid": "3417100",
                "addr:housenumber": "6",
                "addr:street": "Транзитная улица",
                "building": "yes",
                "source:addr": "ЕГРН",
                "id": "way/723085437"
            },
            "geometry": {
                "type": "Polygon",
                "coordinates": [
                    [
                        [
                            50.60692,
                            53.2114918
                        ],
                        [
                            50.6070825,
                            53.2113915
                        ],
                        [
                            50.6072024,
                            53.2114611
                        ],
                        [
                            50.6070399,
                            53.2115614
                        ],
                        [
                            50.60692,
                            53.2114918
                        ]
                    ]
                ]
            }
        },
        {
            "type": "Feature",
            "id": "way/723085438",
            "properties": {
                "timestamp": "2023-11-13T15:12:22Z",
                "version": "2",
                "changeset": "143974926",
                "user": "desk77",
                "uid": "3417100",
                "addr:housenumber": "4",
                "addr:street": "Транзитная улица",
                "building": "yes",
                "source:addr": "ЕГРН",
                "id": "way/723085438"
            },
            "geometry": {
                "type": "Polygon",
                "coordinates": [
                    [
                        [
                            50.6072367,
                            53.2112513
                        ],
                        [
                            50.6073748,
                            53.2113381
                        ],
                        [
                            50.6072614,
                            53.2114029
                        ],
                        [
                            50.6071232,
                            53.2113161
                        ],
                        [
                            50.6072367,
                            53.2112513
                        ]
                    ]
                ]
            }
        },
        {
            "type": "Feature",
            "id": "way/723085439",
            "properties": {
                "timestamp": "2023-11-13T15:12:22Z",
                "version": "2",
                "changeset": "143974926",
                "user": "desk77",
                "uid": "3417100",
                "addr:housenumber": "10",
                "addr:street": "Транзитная улица",
                "building": "yes",
                "source:addr": "ЕГРН",
                "id": "way/723085439"
            },
            "geometry": {
                "type": "Polygon",
                "coordinates": [
                    [
                        [
                            50.6062203,
                            53.2118981
                        ],
                        [
                            50.6063458,
                            53.2119777
                        ],
                        [
                            50.6062941,
                            53.2120069
                        ],
                        [
                            50.6063334,
                            53.2120319
                        ],
                        [
                            50.6062779,
                            53.2120633
                        ],
                        [
                            50.606238,
                            53.212038
                        ],
                        [
                            50.6062016,
                            53.2120585
                        ],
                        [
                            50.6060767,
                            53.2119792
                        ],
                        [
                            50.6062203,
                            53.2118981
                        ]
                    ]
                ]
            }
        },
        {
            "type": "Feature",
            "id": "way/723085440",
            "properties": {
                "timestamp": "2023-11-13T15:12:22Z",
                "version": "2",
                "changeset": "143974926",
                "user": "desk77",
                "uid": "3417100",
                "addr:housenumber": "12",
                "addr:street": "Транзитная улица",
                "building": "yes",
                "source:addr": "ЕГРН",
                "id": "way/723085440"
            },
            "geometry": {
                "type": "Polygon",
                "coordinates": [
                    [
                        [
                            50.6059995,
                            53.212202
                        ],
                        [
                            50.6058788,
                            53.2121405
                        ],
                        [
                            50.6060211,
                            53.2120403
                        ],
                        [
                            50.6061419,
                            53.2121019
                        ],
                        [
                            50.6059995,
                            53.212202
                        ]
                    ]
                ]
            }
        },
        {
            "type": "Feature",
            "id": "way/723085441",
            "properties": {
                "timestamp": "2023-11-13T15:12:22Z",
                "version": "2",
                "changeset": "143974926",
                "user": "desk77",
                "uid": "3417100",
                "addr:housenumber": "14",
                "addr:street": "Транзитная улица",
                "building": "yes",
                "source:addr": "ЕГРН",
                "id": "way/723085441"
            },
            "geometry": {
                "type": "Polygon",
                "coordinates": [
                    [
                        [
                            50.6055917,
                            53.2124221
                        ],
                        [
                            50.6054685,
                            53.2123457
                        ],
                        [
                            50.6056589,
                            53.2122356
                        ],
                        [
                            50.605782,
                            53.2123119
                        ],
                        [
                            50.6055917,
                            53.2124221
                        ]
                    ]
                ]
            }
        },
        {
            "type": "Feature",
            "id": "way/723085442",
            "properties": {
                "timestamp": "2023-11-13T15:12:22Z",
                "version": "2",
                "changeset": "143974926",
                "user": "desk77",
                "uid": "3417100",
                "addr:housenumber": "18",
                "addr:street": "Транзитная улица",
                "building": "yes",
                "source:addr": "ЕГРН",
                "id": "way/723085442"
            },
            "geometry": {
                "type": "Polygon",
                "coordinates": [
                    [
                        [
                            50.6049164,
                            53.2127982
                        ],
                        [
                            50.604816,
                            53.2127464
                        ],
                        [
                            50.6049613,
                            53.2126453
                        ],
                        [
                            50.6050617,
                            53.2126971
                        ],
                        [
                            50.6049164,
                            53.2127982
                        ]
                    ]
                ]
            }
        },
        {
            "type": "Feature",
            "id": "way/723085443",
            "properties": {
                "timestamp": "2023-11-13T15:12:22Z",
                "version": "2",
                "changeset": "143974926",
                "user": "desk77",
                "uid": "3417100",
                "addr:housenumber": "20",
                "addr:street": "Транзитная улица",
                "building": "yes",
                "source:addr": "ЕГРН",
                "id": "way/723085443"
            },
            "geometry": {
                "type": "Polygon",
                "coordinates": [
                    [
                        [
                            50.604543,
                            53.2130031
                        ],
                        [
                            50.6044239,
                            53.2129352
                        ],
                        [
                            50.6045772,
                            53.2128387
                        ],
                        [
                            50.6046964,
                            53.2129067
                        ],
                        [
                            50.604543,
                            53.2130031
                        ]
                    ]
                ]
            }
        },
        {
            "type": "Feature",
            "id": "way/723085446",
            "properties": {
                "timestamp": "2023-11-13T15:12:22Z",
                "version": "2",
                "changeset": "143974926",
                "user": "desk77",
                "uid": "3417100",
                "addr:housenumber": "13А",
                "addr:street": "Транзитная улица",
                "building": "yes",
                "source:addr": "ЕГРН",
                "id": "way/723085446"
            },
            "geometry": {
                "type": "Polygon",
                "coordinates": [
                    [
                        [
                            50.6058709,
                            53.2126412
                        ],
                        [
                            50.6057528,
                            53.2125704
                        ],
                        [
                            50.6059162,
                            53.2124725
                        ],
                        [
                            50.6060344,
                            53.2125433
                        ],
                        [
                            50.6058709,
                            53.2126412
                        ]
                    ]
                ]
            }
        },
        {
            "type": "Feature",
            "id": "way/723085447",
            "properties": {
                "timestamp": "2023-11-13T15:12:22Z",
                "version": "2",
                "changeset": "143974926",
                "user": "desk77",
                "uid": "3417100",
                "addr:housenumber": "11",
                "addr:street": "Транзитная улица",
                "building": "yes",
                "source:addr": "ЕГРН",
                "id": "way/723085447"
            },
            "geometry": {
                "type": "Polygon",
                "coordinates": [
                    [
                        [
                            50.6062784,
                            53.2124554
                        ],
                        [
                            50.606132,
                            53.2123649
                        ],
                        [
                            50.6062646,
                            53.212288
                        ],
                        [
                            50.6062919,
                            53.2123049
                        ],
                        [
                            50.606343,
                            53.2122753
                        ],
                        [
                            50.6064621,
                            53.2123489
                        ],
                        [
                            50.6062784,
                            53.2124554
                        ]
                    ]
                ]
            }
        },
        {
            "type": "Feature",
            "id": "way/723085448",
            "properties": {
                "timestamp": "2023-11-13T15:12:22Z",
                "version": "2",
                "changeset": "143974926",
                "user": "desk77",
                "uid": "3417100",
                "addr:housenumber": "8",
                "addr:street": "Транзитная улица",
                "building": "yes",
                "source:addr": "ЕГРН",
                "id": "way/723085448"
            },
            "geometry": {
                "type": "Polygon",
                "coordinates": [
                    [
                        [
                            50.6065278,
                            53.2118145
                        ],
                        [
                            50.6064532,
                            53.211767
                        ],
                        [
                            50.6064099,
                            53.2117914
                        ],
                        [
                            50.6063523,
                            53.2117547
                        ],
                        [
                            50.6064061,
                            53.2117244
                        ],
                        [
                            50.6063623,
                            53.2116964
                        ],
                        [
                            50.6065037,
                            53.2116169
                        ],
                        [
                            50.6065974,
                            53.2116766
                        ],
                        [
                            50.6066537,
                            53.211645
                        ],
                        [
                            50.6067547,
                            53.2117094
                        ],
                        [
                            50.6066724,
                            53.2117556
                        ],
                        [
                            50.6066537,
                            53.2117437
                        ],
                        [
                            50.6065278,
                            53.2118145
                        ]
                    ]
                ]
            }
        },
        {
            "type": "Feature",
            "id": "way/723085449",
            "properties": {
                "timestamp": "2023-11-13T15:12:22Z",
                "version": "2",
                "changeset": "143974926",
                "user": "desk77",
                "uid": "3417100",
                "addr:housenumber": "23",
                "addr:street": "Сибирская улица",
                "building": "yes",
                "source:addr": "ЕГРН",
                "id": "way/723085449"
            },
            "geometry": {
                "type": "Polygon",
                "coordinates": [
                    [
                        [
                            50.6035532,
                            53.2129908
                        ],
                        [
                            50.6033292,
                            53.2128566
                        ],
                        [
                            50.6034025,
                            53.2128128
                        ],
                        [
                            50.6034961,
                            53.2128688
                        ],
                        [
                            50.6036263,
                            53.2127908
                        ],
                        [
                            50.6037568,
                            53.2128689
                        ],
                        [
                            50.6035532,
                            53.2129908
                        ]
                    ]
                ]
            }
        },
        {
            "type": "Feature",
            "id": "way/723085450",
            "properties": {
                "timestamp": "2023-11-13T15:12:22Z",
                "version": "2",
                "changeset": "143974926",
                "user": "desk77",
                "uid": "3417100",
                "addr:housenumber": "34",
                "addr:street": "Сибирская улица",
                "building": "yes",
                "source:addr": "ЕГРН",
                "id": "way/723085450"
            },
            "geometry": {
                "type": "Polygon",
                "coordinates": [
                    [
                        [
                            50.6035932,
                            53.2125449
                        ],
                        [
                            50.6035447,
                            53.2125192
                        ],
                        [
                            50.6035244,
                            53.2125329
                        ],
                        [
                            50.6033939,
                            53.2124637
                        ],
                        [
                            50.6035191,
                            53.2123791
                        ],
                        [
                            50.6036444,
                            53.2124456
                        ],
                        [
                            50.6036711,
                            53.2124275
                        ],
                        [
                            50.6037248,
                            53.2124561
                        ],
                        [
                            50.6035932,
                            53.2125449
                        ]
                    ]
                ]
            }
        },
        {
            "type": "Feature",
            "id": "way/723085451",
            "properties": {
                "timestamp": "2023-11-13T15:12:22Z",
                "version": "2",
                "changeset": "143974926",
                "user": "desk77",
                "uid": "3417100",
                "addr:housenumber": "46",
                "addr:street": "Сибирская улица",
                "building": "yes",
                "source:addr": "ЕГРН",
                "id": "way/723085451"
            },
            "geometry": {
                "type": "Polygon",
                "coordinates": [
                    [
                        [
                            50.6025524,
                            53.2131657
                        ],
                        [
                            50.6024185,
                            53.2130961
                        ],
                        [
                            50.60253,
                            53.2130192
                        ],
                        [
                            50.6026638,
                            53.2130888
                        ],
                        [
                            50.6025524,
                            53.2131657
                        ]
                    ]
                ]
            }
        },
        {
            "type": "Feature",
            "id": "way/723085452",
            "properties": {
                "timestamp": "2019-09-09T09:47:14Z",
                "version": "1",
                "changeset": "74252334",
                "user": "Валентина 252",
                "uid": "10055903",
                "building": "yes",
                "id": "way/723085452"
            },
            "geometry": {
                "type": "Polygon",
                "coordinates": [
                    [
                        [
                            50.601948,
                            53.2127124
                        ],
                        [
                            50.601795,
                            53.2126434
                        ],
                        [
                            50.6019032,
                            53.2125574
                        ],
                        [
                            50.6020562,
                            53.2126265
                        ],
                        [
                            50.601948,
                            53.2127124
                        ]
                    ]
                ]
            }
        },
        {
            "type": "Feature",
            "id": "way/723085453",
            "properties": {
                "timestamp": "2023-11-13T15:12:22Z",
                "version": "2",
                "changeset": "143974926",
                "user": "desk77",
                "uid": "3417100",
                "addr:housenumber": "18",
                "addr:street": "Раздольная улица",
                "building": "yes",
                "source:addr": "ЕГРН",
                "id": "way/723085453"
            },
            "geometry": {
                "type": "Polygon",
                "coordinates": [
                    [
                        [
                            50.6026029,
                            53.2123066
                        ],
                        [
                            50.6024657,
                            53.2122265
                        ],
                        [
                            50.6025912,
                            53.2121494
                        ],
                        [
                            50.6027284,
                            53.2122296
                        ],
                        [
                            50.6026029,
                            53.2123066
                        ]
                    ]
                ]
            }
        },
        {
            "type": "Feature",
            "id": "way/723085454",
            "properties": {
                "timestamp": "2019-09-09T09:47:14Z",
                "version": "1",
                "changeset": "74252334",
                "user": "Валентина 252",
                "uid": "10055903",
                "building": "yes",
                "id": "way/723085454"
            },
            "geometry": {
                "type": "Polygon",
                "coordinates": [
                    [
                        [
                            50.6033265,
                            53.2119494
                        ],
                        [
                            50.6031998,
                            53.2118839
                        ],
                        [
                            50.6033088,
                            53.2118083
                        ],
                        [
                            50.6034355,
                            53.2118738
                        ],
                        [
                            50.6033265,
                            53.2119494
                        ]
                    ]
                ]
            }
        },
        {
            "type": "Feature",
            "id": "way/723085455",
            "properties": {
                "timestamp": "2023-11-13T15:12:22Z",
                "version": "2",
                "changeset": "143974926",
                "user": "desk77",
                "uid": "3417100",
                "addr:housenumber": "9",
                "addr:street": "Раздольная улица",
                "building": "yes",
                "source:addr": "ЕГРН",
                "id": "way/723085455"
            },
            "geometry": {
                "type": "Polygon",
                "coordinates": [
                    [
                        [
                            50.6040859,
                            53.2113922
                        ],
                        [
                            50.6039435,
                            53.2113154
                        ],
                        [
                            50.6040638,
                            53.2112354
                        ],
                        [
                            50.6042062,
                            53.2113122
                        ],
                        [
                            50.6040859,
                            53.2113922
                        ]
                    ]
                ]
            }
        },
        {
            "type": "Feature",
            "id": "way/723085456",
            "properties": {
                "timestamp": "2023-11-13T15:12:22Z",
                "version": "2",
                "changeset": "143974926",
                "user": "desk77",
                "uid": "3417100",
                "addr:housenumber": "12",
                "addr:street": "Загородная улица",
                "building": "yes",
                "source:addr": "ЕГРН",
                "id": "way/723085456"
            },
            "geometry": {
                "type": "Polygon",
                "coordinates": [
                    [
                        [
                            50.6036758,
                            53.2117593
                        ],
                        [
                            50.6035505,
                            53.2116972
                        ],
                        [
                            50.6037007,
                            53.2115885
                        ],
                        [
                            50.603826,
                            53.2116506
                        ],
                        [
                            50.6036758,
                            53.2117593
                        ]
                    ]
                ]
            }
        },
        {
            "type": "Feature",
            "id": "way/723085457",
            "properties": {
                "timestamp": "2023-11-13T15:12:22Z",
                "version": "2",
                "changeset": "143974926",
                "user": "desk77",
                "uid": "3417100",
                "addr:housenumber": "8",
                "addr:street": "Раздольная улица",
                "building": "yes",
                "source:addr": "ЕГРН",
                "id": "way/723085457"
            },
            "geometry": {
                "type": "Polygon",
                "coordinates": [
                    [
                        [
                            50.6047658,
                            53.2110761
                        ],
                        [
                            50.6045598,
                            53.210969
                        ],
                        [
                            50.6046139,
                            53.2109316
                        ],
                        [
                            50.6046484,
                            53.2109496
                        ],
                        [
                            50.6047031,
                            53.2109119
                        ],
                        [
                            50.6048746,
                            53.2110011
                        ],
                        [
                            50.6047658,
                            53.2110761
                        ]
                    ]
                ]
            }
        },
        {
            "type": "Feature",
            "id": "way/723085458",
            "properties": {
                "timestamp": "2023-11-13T15:12:22Z",
                "version": "2",
                "changeset": "143974926",
                "user": "desk77",
                "uid": "3417100",
                "addr:housenumber": "1",
                "addr:street": "Раздольная улица",
                "building": "yes",
                "source:addr": "ЕГРН",
                "id": "way/723085458"
            },
            "geometry": {
                "type": "Polygon",
                "coordinates": [
                    [
                        [
                            50.6062373,
                            53.2101461
                        ],
                        [
                            50.6060814,
                            53.2100627
                        ],
                        [
                            50.6061836,
                            53.2099942
                        ],
                        [
                            50.6063394,
                            53.2100776
                        ],
                        [
                            50.6062373,
                            53.2101461
                        ]
                    ]
                ]
            }
        },
        {
            "type": "Feature",
            "id": "way/723085459",
            "properties": {
                "timestamp": "2023-11-13T15:12:22Z",
                "version": "2",
                "changeset": "143974926",
                "user": "desk77",
                "uid": "3417100",
                "addr:housenumber": "5",
                "addr:street": "Раздольная улица",
                "building": "yes",
                "source:addr": "ЕГРН",
                "id": "way/723085459"
            },
            "geometry": {
                "type": "Polygon",
                "coordinates": [
                    [
                        [
                            50.6058981,
                            53.2105044
                        ],
                        [
                            50.6057121,
                            53.210401
                        ],
                        [
                            50.6057512,
                            53.2103758
                        ],
                        [
                            50.6056488,
                            53.2103188
                        ],
                        [
                            50.6057415,
                            53.210259
                        ],
                        [
                            50.6057678,
                            53.2102736
                        ],
                        [
                            50.6058105,
                            53.2102461
                        ],
                        [
                            50.6059341,
                            53.2103148
                        ],
                        [
                            50.6058225,
                            53.2103868
                        ],
                        [
                            50.6059611,
                            53.2104638
                        ],
                        [
                            50.6058981,
                            53.2105044
                        ]
                    ]
                ]
            }
        },
        {
            "type": "Feature",
            "id": "way/723085460",
            "properties": {
                "timestamp": "2023-11-13T15:12:22Z",
                "version": "2",
                "changeset": "143974926",
                "user": "desk77",
                "uid": "3417100",
                "addr:housenumber": "3А",
                "addr:street": "Раздольная улица",
                "building": "yes",
                "source:addr": "ЕГРН",
                "id": "way/723085460"
            },
            "geometry": {
                "type": "Polygon",
                "coordinates": [
                    [
                        [
                            50.6048926,
                            53.2103265
                        ],
                        [
                            50.6047787,
                            53.2102613
                        ],
                        [
                            50.6049005,
                            53.2101849
                        ],
                        [
                            50.6050144,
                            53.2102501
                        ],
                        [
                            50.6048926,
                            53.2103265
                        ]
                    ]
                ]
            }
        },
        {
            "type": "Feature",
            "id": "way/723085462",
            "properties": {
                "timestamp": "2023-11-13T15:12:22Z",
                "version": "2",
                "changeset": "143974926",
                "user": "desk77",
                "uid": "3417100",
                "addr:housenumber": "47",
                "addr:street": "Дачная улица",
                "building": "yes",
                "source:addr": "ЕГРН",
                "id": "way/723085462"
            },
            "geometry": {
                "type": "Polygon",
                "coordinates": [
                    [
                        [
                            50.6045341,
                            53.20979
                        ],
                        [
                            50.6046293,
                            53.2096862
                        ],
                        [
                            50.6048553,
                            53.2097606
                        ],
                        [
                            50.6048229,
                            53.2097959
                        ],
                        [
                            50.6048514,
                            53.2098053
                        ],
                        [
                            50.6047886,
                            53.2098737
                        ],
                        [
                            50.6045341,
                            53.20979
                        ]
                    ]
                ]
            }
        },
        {
            "type": "Feature",
            "id": "way/723085469",
            "properties": {
                "timestamp": "2023-11-13T15:12:22Z",
                "version": "2",
                "changeset": "143974926",
                "user": "desk77",
                "uid": "3417100",
                "addr:housenumber": "47А",
                "addr:street": "Дачная улица",
                "building": "yes",
                "source:addr": "ЕГРН",
                "id": "way/723085469"
            },
            "geometry": {
                "type": "Polygon",
                "coordinates": [
                    [
                        [
                            50.6048239,
                            53.209883
                        ],
                        [
                            50.6049023,
                            53.2097992
                        ],
                        [
                            50.6050255,
                            53.2098405
                        ],
                        [
                            50.6049471,
                            53.2099243
                        ],
                        [
                            50.6048239,
                            53.209883
                        ]
                    ]
                ]
            }
        },
        {
            "type": "Feature",
            "id": "way/723085470",
            "properties": {
                "timestamp": "2019-09-09T09:47:14Z",
                "version": "1",
                "changeset": "74252334",
                "user": "Валентина 252",
                "uid": "10055903",
                "building": "yes",
                "id": "way/723085470"
            },
            "geometry": {
                "type": "Polygon",
                "coordinates": [
                    [
                        [
                            50.6036577,
                            53.2101867
                        ],
                        [
                            50.6037295,
                            53.2101088
                        ],
                        [
                            50.6039437,
                            53.2101795
                        ],
                        [
                            50.6038719,
                            53.2102575
                        ],
                        [
                            50.6036577,
                            53.2101867
                        ]
                    ]
                ]
            }
        },
        {
            "type": "Feature",
            "id": "way/723085471",
            "properties": {
                "timestamp": "2019-09-09T09:47:14Z",
                "version": "1",
                "changeset": "74252334",
                "user": "Валентина 252",
                "uid": "10055903",
                "building": "yes",
                "id": "way/723085471"
            },
            "geometry": {
                "type": "Polygon",
                "coordinates": [
                    [
                        [
                            50.604538,
                            53.210666
                        ],
                        [
                            50.6044232,
                            53.2106029
                        ],
                        [
                            50.6044615,
                            53.2105779
                        ],
                        [
                            50.6043692,
                            53.2105272
                        ],
                        [
                            50.6045129,
                            53.2104335
                        ],
                        [
                            50.6046227,
                            53.2104939
                        ],
                        [
                            50.6045492,
                            53.2105419
                        ],
                        [
                            50.6045736,
                            53.2105553
                        ],
                        [
                            50.6045381,
                            53.2105785
                        ],
                        [
                            50.6046108,
                            53.2106185
                        ],
                        [
                            50.604538,
                            53.210666
                        ]
                    ]
                ]
            }
        },
        {
            "type": "Feature",
            "id": "way/723085472",
            "properties": {
                "timestamp": "2023-11-13T15:12:22Z",
                "version": "2",
                "changeset": "143974926",
                "user": "desk77",
                "uid": "3417100",
                "addr:housenumber": "4",
                "addr:street": "Ольховая улица",
                "building": "yes",
                "source:addr": "ЕГРН",
                "id": "way/723085472"
            },
            "geometry": {
                "type": "Polygon",
                "coordinates": [
                    [
                        [
                            50.6031942,
                            53.2100349
                        ],
                        [
                            50.6032959,
                            53.2099203
                        ],
                        [
                            50.6034272,
                            53.2099621
                        ],
                        [
                            50.6033904,
                            53.2100035
                        ],
                        [
                            50.6034835,
                            53.2100332
                        ],
                        [
                            50.6034185,
                            53.2101064
                        ],
                        [
                            50.6031942,
                            53.2100349
                        ]
                    ]
                ]
            }
        },
        {
            "type": "Feature",
            "id": "way/723085473",
            "properties": {
                "timestamp": "2023-11-13T15:12:22Z",
                "version": "2",
                "changeset": "143974926",
                "user": "desk77",
                "uid": "3417100",
                "addr:housenumber": "2В",
                "addr:street": "Ольховая улица",
                "building": "yes",
                "source:addr": "ЕГРН",
                "id": "way/723085473"
            },
            "geometry": {
                "type": "Polygon",
                "coordinates": [
                    [
                        [
                            50.6032261,
                            53.2103751
                        ],
                        [
                            50.6033197,
                            53.2102809
                        ],
                        [
                            50.6034579,
                            53.2103301
                        ],
                        [
                            50.6033643,
                            53.2104243
                        ],
                        [
                            50.6032261,
                            53.2103751
                        ]
                    ]
                ]
            }
        },
        {
            "type": "Feature",
            "id": "way/723085474",
            "properties": {
                "timestamp": "2023-11-13T15:12:22Z",
                "version": "2",
                "changeset": "143974926",
                "user": "desk77",
                "uid": "3417100",
                "addr:housenumber": "6",
                "addr:street": "Ольховая улица",
                "building": "yes",
                "source:addr": "ЕГРН",
                "id": "way/723085474"
            },
            "geometry": {
                "type": "Polygon",
                "coordinates": [
                    [
                        [
                            50.6029992,
                            53.2099879
                        ],
                        [
                            50.6028681,
                            53.2099459
                        ],
                        [
                            50.6028792,
                            53.2099334
                        ],
                        [
                            50.6028418,
                            53.2099214
                        ],
                        [
                            50.6029009,
                            53.2098553
                        ],
                        [
                            50.602937,
                            53.2098669
                        ],
                        [
                            50.6029624,
                            53.2098385
                        ],
                        [
                            50.6030948,
                            53.209881
                        ],
                        [
                            50.6029992,
                            53.2099879
                        ]
                    ]
                ]
            }
        },
        {
            "type": "Feature",
            "id": "way/723085475",
            "properties": {
                "timestamp": "2023-11-13T15:12:22Z",
                "version": "2",
                "changeset": "143974926",
                "user": "desk77",
                "uid": "3417100",
                "addr:housenumber": "8",
                "addr:street": "Ольховая улица",
                "building": "yes",
                "source:addr": "ЕГРН",
                "id": "way/723085475"
            },
            "geometry": {
                "type": "Polygon",
                "coordinates": [
                    [
                        [
                            50.6024571,
                            53.2097909
                        ],
                        [
                            50.6025516,
                            53.2096919
                        ],
                        [
                            50.6027421,
                            53.2097572
                        ],
                        [
                            50.6026475,
                            53.2098561
                        ],
                        [
                            50.6024571,
                            53.2097909
                        ]
                    ]
                ]
            }
        },
        {
            "type": "Feature",
            "id": "way/723085476",
            "properties": {
                "timestamp": "2019-09-09T09:47:14Z",
                "version": "1",
                "changeset": "74252334",
                "user": "Валентина 252",
                "uid": "10055903",
                "building": "yes",
                "id": "way/723085476"
            },
            "geometry": {
                "type": "Polygon",
                "coordinates": [
                    [
                        [
                            50.6024379,
                            53.2101169
                        ],
                        [
                            50.6024843,
                            53.2100671
                        ],
                        [
                            50.602585,
                            53.2101007
                        ],
                        [
                            50.6025386,
                            53.2101506
                        ],
                        [
                            50.6024379,
                            53.2101169
                        ]
                    ]
                ]
            }
        },
        {
            "type": "Feature",
            "id": "way/723085477",
            "properties": {
                "timestamp": "2023-11-13T15:12:22Z",
                "version": "2",
                "changeset": "143974926",
                "user": "desk77",
                "uid": "3417100",
                "addr:housenumber": "10",
                "addr:street": "Ольховая улица",
                "building": "yes",
                "source:addr": "ЕГРН",
                "id": "way/723085477"
            },
            "geometry": {
                "type": "Polygon",
                "coordinates": [
                    [
                        [
                            50.6019912,
                            53.2098753
                        ],
                        [
                            50.6020324,
                            53.209829
                        ],
                        [
                            50.6019944,
                            53.2098169
                        ],
                        [
                            50.6020249,
                            53.2097827
                        ],
                        [
                            50.6020676,
                            53.2097963
                        ],
                        [
                            50.6020793,
                            53.2097833
                        ],
                        [
                            50.6022214,
                            53.2098287
                        ],
                        [
                            50.602138,
                            53.2099222
                        ],
                        [
                            50.6019912,
                            53.2098753
                        ]
                    ]
                ]
            }
        },
        {
            "type": "Feature",
            "id": "way/723085483",
            "properties": {
                "timestamp": "2023-11-13T15:12:22Z",
                "version": "2",
                "changeset": "143974926",
                "user": "desk77",
                "uid": "3417100",
                "addr:housenumber": "1",
                "addr:street": "Ольховая улица",
                "building": "yes",
                "source:addr": "ЕГРН",
                "id": "way/723085483"
            },
            "geometry": {
                "type": "Polygon",
                "coordinates": [
                    [
                        [
                            50.6036881,
                            53.2109383
                        ],
                        [
                            50.6037844,
                            53.2108603
                        ],
                        [
                            50.603862,
                            53.2108947
                        ],
                        [
                            50.6038483,
                            53.2109058
                        ],
                        [
                            50.6038996,
                            53.2109285
                        ],
                        [
                            50.6038169,
                            53.2109954
                        ],
                        [
                            50.6036881,
                            53.2109383
                        ]
                    ]
                ]
            }
        },
        {
            "type": "Feature",
            "id": "way/723085484",
            "properties": {
                "timestamp": "2023-11-13T15:12:22Z",
                "version": "2",
                "changeset": "143974926",
                "user": "desk77",
                "uid": "3417100",
                "addr:housenumber": "1",
                "addr:street": "Свободная улица",
                "building": "yes",
                "source:addr": "ЕГРН",
                "id": "way/723085484"
            },
            "geometry": {
                "type": "Polygon",
                "coordinates": [
                    [
                        [
                            50.6033512,
                            53.2113593
                        ],
                        [
                            50.6031856,
                            53.2112831
                        ],
                        [
                            50.6032686,
                            53.2112185
                        ],
                        [
                            50.6033083,
                            53.2112368
                        ],
                        [
                            50.6033255,
                            53.2112234
                        ],
                        [
                            50.6034513,
                            53.2112813
                        ],
                        [
                            50.6033512,
                            53.2113593
                        ]
                    ]
                ]
            }
        },
        {
            "type": "Feature",
            "id": "way/723085485",
            "properties": {
                "timestamp": "2019-09-09T09:47:14Z",
                "version": "1",
                "changeset": "74252334",
                "user": "Валентина 252",
                "uid": "10055903",
                "building": "yes",
                "id": "way/723085485"
            },
            "geometry": {
                "type": "Polygon",
                "coordinates": [
                    [
                        [
                            50.6034143,
                            53.2107757
                        ],
                        [
                            50.6035089,
                            53.2106951
                        ],
                        [
                            50.6036274,
                            53.210745
                        ],
                        [
                            50.6035328,
                            53.2108255
                        ],
                        [
                            50.6034143,
                            53.2107757
                        ]
                    ]
                ]
            }
        },
        {
            "type": "Feature",
            "id": "way/723085486",
            "properties": {
                "timestamp": "2023-11-13T15:12:22Z",
                "version": "2",
                "changeset": "143974926",
                "user": "desk77",
                "uid": "3417100",
                "addr:housenumber": "3А",
                "addr:street": "Ольховая улица",
                "building": "yes",
                "source:addr": "ЕГРН",
                "id": "way/723085486"
            },
            "geometry": {
                "type": "Polygon",
                "coordinates": [
                    [
                        [
                            50.6031756,
                            53.2108026
                        ],
                        [
                            50.603032,
                            53.2107445
                        ],
                        [
                            50.6031138,
                            53.2106719
                        ],
                        [
                            50.6030415,
                            53.2106426
                        ],
                        [
                            50.6031062,
                            53.2105852
                        ],
                        [
                            50.6031751,
                            53.210613
                        ],
                        [
                            50.6031419,
                            53.2106425
                        ],
                        [
                            50.6031802,
                            53.2106579
                        ],
                        [
                            50.6031617,
                            53.2106744
                        ],
                        [
                            50.6032705,
                            53.2107183
                        ],
                        [
                            50.6031756,
                            53.2108026
                        ]
                    ]
                ]
            }
        },
        {
            "type": "Feature",
            "id": "way/723085487",
            "properties": {
                "timestamp": "2023-11-13T15:12:22Z",
                "version": "2",
                "changeset": "143974926",
                "user": "desk77",
                "uid": "3417100",
                "addr:housenumber": "5",
                "addr:street": "Ольховая улица",
                "building": "yes",
                "source:addr": "ЕГРН",
                "id": "way/723085487"
            },
            "geometry": {
                "type": "Polygon",
                "coordinates": [
                    [
                        [
                            50.6024488,
                            53.2105331
                        ],
                        [
                            50.6025553,
                            53.2104256
                        ],
                        [
                            50.602715,
                            53.2104823
                        ],
                        [
                            50.6026775,
                            53.2105202
                        ],
                        [
                            50.6027125,
                            53.2105326
                        ],
                        [
                            50.6026703,
                            53.2105752
                        ],
                        [
                            50.602616,
                            53.2105559
                        ],
                        [
                            50.6025892,
                            53.210583
                        ],
                        [
                            50.6024488,
                            53.2105331
                        ]
                    ]
                ]
            }
        },
        {
            "type": "Feature",
            "id": "way/723085488",
            "properties": {
                "timestamp": "2019-09-09T09:47:14Z",
                "version": "1",
                "changeset": "74252334",
                "user": "Валентина 252",
                "uid": "10055903",
                "building": "yes",
                "id": "way/723085488"
            },
            "geometry": {
                "type": "Polygon",
                "coordinates": [
                    [
                        [
                            50.6021376,
                            53.2104185
                        ],
                        [
                            50.6022643,
                            53.2103116
                        ],
                        [
                            50.6024148,
                            53.2103756
                        ],
                        [
                            50.6023703,
                            53.2104131
                        ],
                        [
                            50.6024535,
                            53.2104484
                        ],
                        [
                            50.6023712,
                            53.2105179
                        ],
                        [
                            50.6021376,
                            53.2104185
                        ]
                    ]
                ]
            }
        },
        {
            "type": "Feature",
            "id": "way/723085489",
            "properties": {
                "timestamp": "2023-11-13T15:12:22Z",
                "version": "2",
                "changeset": "143974926",
                "user": "desk77",
                "uid": "3417100",
                "addr:housenumber": "9",
                "addr:street": "Ольховая улица",
                "building": "yes",
                "source:addr": "ЕГРН",
                "id": "way/723085489"
            },
            "geometry": {
                "type": "Polygon",
                "coordinates": [
                    [
                        [
                            50.6016143,
                            53.2102009
                        ],
                        [
                            50.6017244,
                            53.2101022
                        ],
                        [
                            50.6018966,
                            53.2101711
                        ],
                        [
                            50.6017863,
                            53.2102698
                        ],
                        [
                            50.6016143,
                            53.2102009
                        ]
                    ]
                ]
            }
        },
        {
            "type": "Feature",
            "id": "way/723085490",
            "properties": {
                "timestamp": "2023-11-13T15:12:22Z",
                "version": "2",
                "changeset": "143974926",
                "user": "desk77",
                "uid": "3417100",
                "addr:housenumber": "11",
                "addr:street": "Ольховая улица",
                "building": "yes",
                "source:addr": "ЕГРН",
                "id": "way/723085490"
            },
            "geometry": {
                "type": "Polygon",
                "coordinates": [
                    [
                        [
                            50.6012054,
                            53.2100332
                        ],
                        [
                            50.6013214,
                            53.2099277
                        ],
                        [
                            50.6014663,
                            53.2099847
                        ],
                        [
                            50.6013502,
                            53.2100903
                        ],
                        [
                            50.6012054,
                            53.2100332
                        ]
                    ]
                ]
            }
        },
        {
            "type": "Feature",
            "id": "way/723085491",
            "properties": {
                "timestamp": "2023-11-13T15:12:22Z",
                "version": "2",
                "changeset": "143974926",
                "user": "desk77",
                "uid": "3417100",
                "addr:housenumber": "11",
                "addr:street": "Свободная улица",
                "building": "yes",
                "source:addr": "ЕГРН",
                "id": "way/723085491"
            },
            "geometry": {
                "type": "Polygon",
                "coordinates": [
                    [
                        [
                            50.6012453,
                            53.2104919
                        ],
                        [
                            50.6013614,
                            53.2103863
                        ],
                        [
                            50.6015062,
                            53.2104434
                        ],
                        [
                            50.6013902,
                            53.210549
                        ],
                        [
                            50.6012453,
                            53.2104919
                        ]
                    ]
                ]
            }
        },
        {
            "type": "Feature",
            "id": "way/723085494",
            "properties": {
                "timestamp": "2023-11-13T15:12:22Z",
                "version": "2",
                "changeset": "143974926",
                "user": "desk77",
                "uid": "3417100",
                "addr:housenumber": "6",
                "addr:street": "Свободная улица",
                "building": "yes",
                "source:addr": "ЕГРН",
                "id": "way/723085494"
            },
            "geometry": {
                "type": "Polygon",
                "coordinates": [
                    [
                        [
                            50.6021074,
                            53.2112482
                        ],
                        [
                            50.6022215,
                            53.2111554
                        ],
                        [
                            50.6023381,
                            53.2112069
                        ],
                        [
                            50.602224,
                            53.2112996
                        ],
                        [
                            50.6021074,
                            53.2112482
                        ]
                    ]
                ]
            }
        },
        {
            "type": "Feature",
            "id": "way/723085495",
            "properties": {
                "timestamp": "2023-11-13T15:12:22Z",
                "version": "2",
                "changeset": "143974926",
                "user": "desk77",
                "uid": "3417100",
                "addr:housenumber": "3А",
                "addr:street": "Свободная улица",
                "building": "yes",
                "source:addr": "ЕГРН",
                "id": "way/723085495"
            },
            "geometry": {
                "type": "Polygon",
                "coordinates": [
                    [
                        [
                            50.6026929,
                            53.2115206
                        ],
                        [
                            50.6028071,
                            53.2114404
                        ],
                        [
                            50.60295,
                            53.2115134
                        ],
                        [
                            50.6028357,
                            53.2115936
                        ],
                        [
                            50.6026929,
                            53.2115206
                        ]
                    ]
                ]
            }
        },
        {
            "type": "Feature",
            "id": "way/723085496",
            "properties": {
                "timestamp": "2023-11-13T15:12:22Z",
                "version": "2",
                "changeset": "143974926",
                "user": "desk77",
                "uid": "3417100",
                "addr:housenumber": "5А",
                "addr:street": "Раздольная улица",
                "building": "yes",
                "source:addr": "ЕГРН",
                "id": "way/723085496"
            },
            "geometry": {
                "type": "Polygon",
                "coordinates": [
                    [
                        [
                            50.6024309,
                            53.2117274
                        ],
                        [
                            50.602601,
                            53.211609
                        ],
                        [
                            50.602675,
                            53.2116471
                        ],
                        [
                            50.6026571,
                            53.2116595
                        ],
                        [
                            50.6027037,
                            53.2116836
                        ],
                        [
                            50.602642,
                            53.2117265
                        ],
                        [
                            50.6026745,
                            53.2117433
                        ],
                        [
                            50.6026335,
                            53.2117718
                        ],
                        [
                            50.6026001,
                            53.2117546
                        ],
                        [
                            50.6025506,
                            53.2117891
                        ],
                        [
                            50.6024309,
                            53.2117274
                        ]
                    ]
                ]
            }
        },
        {
            "type": "Feature",
            "id": "way/723085497",
            "properties": {
                "timestamp": "2023-11-13T15:12:22Z",
                "version": "2",
                "changeset": "143974926",
                "user": "desk77",
                "uid": "3417100",
                "addr:housenumber": "26",
                "addr:street": "Загородная улица",
                "building": "yes",
                "source:addr": "ЕГРН",
                "id": "way/723085497"
            },
            "geometry": {
                "type": "Polygon",
                "coordinates": [
                    [
                        [
                            50.6016054,
                            53.2116088
                        ],
                        [
                            50.6014257,
                            53.2115309
                        ],
                        [
                            50.6015407,
                            53.2114356
                        ],
                        [
                            50.6017205,
                            53.2115135
                        ],
                        [
                            50.6016054,
                            53.2116088
                        ]
                    ]
                ]
            }
        },
        {
            "type": "Feature",
            "id": "way/723085498",
            "properties": {
                "timestamp": "2023-11-13T15:12:22Z",
                "version": "2",
                "changeset": "143974926",
                "user": "desk77",
                "uid": "3417100",
                "addr:housenumber": "28",
                "addr:street": "Загородная улица",
                "building": "yes",
                "source:addr": "ЕГРН",
                "id": "way/723085498"
            },
            "geometry": {
                "type": "Polygon",
                "coordinates": [
                    [
                        [
                            50.6012342,
                            53.2114396
                        ],
                        [
                            50.6013385,
                            53.2113504
                        ],
                        [
                            50.6014888,
                            53.2114134
                        ],
                        [
                            50.6013283,
                            53.2115507
                        ],
                        [
                            50.6012694,
                            53.211526
                        ],
                        [
                            50.6013256,
                            53.2114779
                        ],
                        [
                            50.6012342,
                            53.2114396
                        ]
                    ]
                ]
            }
        },
        {
            "type": "Feature",
            "id": "way/723085499",
            "properties": {
                "timestamp": "2023-11-13T15:12:22Z",
                "version": "2",
                "changeset": "143974926",
                "user": "desk77",
                "uid": "3417100",
                "addr:housenumber": "18",
                "addr:street": "Загородная улица",
                "building": "yes",
                "source:addr": "ЕГРН",
                "id": "way/723085499"
            },
            "geometry": {
                "type": "Polygon",
                "coordinates": [
                    [
                        [
                            50.6005118,
                            53.2112136
                        ],
                        [
                            50.6006013,
                            53.211135
                        ],
                        [
                            50.6006874,
                            53.2111702
                        ],
                        [
                            50.6008103,
                            53.2110624
                        ],
                        [
                            50.6008748,
                            53.2110887
                        ],
                        [
                            50.6008551,
                            53.211106
                        ],
                        [
                            50.600951,
                            53.2111452
                        ],
                        [
                            50.6008526,
                            53.2112316
                        ],
                        [
                            50.600763,
                            53.2111951
                        ],
                        [
                            50.6006688,
                            53.2112778
                        ],
                        [
                            50.6005118,
                            53.2112136
                        ]
                    ]
                ]
            }
        },
        {
            "type": "Feature",
            "id": "way/723085500",
            "properties": {
                "timestamp": "2023-11-13T15:12:22Z",
                "version": "2",
                "changeset": "143974926",
                "user": "desk77",
                "uid": "3417100",
                "addr:housenumber": "16",
                "addr:street": "Загородная улица",
                "building": "yes",
                "source:addr": "ЕГРН",
                "id": "way/723085500"
            },
            "geometry": {
                "type": "Polygon",
                "coordinates": [
                    [
                        [
                            50.6004535,
                            53.2109023
                        ],
                        [
                            50.6006309,
                            53.2109704
                        ],
                        [
                            50.6005174,
                            53.2110764
                        ],
                        [
                            50.6004568,
                            53.2110532
                        ],
                        [
                            50.6004228,
                            53.211085
                        ],
                        [
                            50.600306,
                            53.2110401
                        ],
                        [
                            50.6004535,
                            53.2109023
                        ]
                    ]
                ]
            }
        },
        {
            "type": "Feature",
            "id": "way/723085501",
            "properties": {
                "timestamp": "2023-11-13T15:12:22Z",
                "version": "2",
                "changeset": "143974926",
                "user": "desk77",
                "uid": "3417100",
                "addr:housenumber": "14",
                "addr:street": "Загородная улица",
                "building": "yes",
                "source:addr": "ЕГРН",
                "id": "way/723085501"
            },
            "geometry": {
                "type": "Polygon",
                "coordinates": [
                    [
                        [
                            50.5998951,
                            53.2108252
                        ],
                        [
                            50.5999366,
                            53.210789
                        ],
                        [
                            50.599909,
                            53.2107777
                        ],
                        [
                            50.5999733,
                            53.2107216
                        ],
                        [
                            50.6002083,
                            53.2108182
                        ],
                        [
                            50.6001407,
                            53.2108773
                        ],
                        [
                            50.6001141,
                            53.2108664
                        ],
                        [
                            50.6000761,
                            53.2108996
                        ],
                        [
                            50.5998951,
                            53.2108252
                        ]
                    ]
                ]
            }
        },
        {
            "type": "Feature",
            "id": "way/723085502",
            "properties": {
                "timestamp": "2023-11-13T15:12:22Z",
                "version": "2",
                "changeset": "143974926",
                "user": "desk77",
                "uid": "3417100",
                "addr:housenumber": "20",
                "addr:street": "Свободная улица",
                "building": "yes",
                "source:addr": "ЕГРН",
                "id": "way/723085502"
            },
            "geometry": {
                "type": "Polygon",
                "coordinates": [
                    [
                        [
                            50.5999956,
                            53.2103315
                        ],
                        [
                            50.6001234,
                            53.210219
                        ],
                        [
                            50.6002445,
                            53.2102683
                        ],
                        [
                            50.6002027,
                            53.2103051
                        ],
                        [
                            50.6003623,
                            53.2103701
                        ],
                        [
                            50.6002764,
                            53.2104459
                        ],
                        [
                            50.5999956,
                            53.2103315
                        ]
                    ]
                ]
            }
        },
        {
            "type": "Feature",
            "id": "way/723085503",
            "properties": {
                "timestamp": "2023-11-13T15:12:22Z",
                "version": "2",
                "changeset": "143974926",
                "user": "desk77",
                "uid": "3417100",
                "addr:housenumber": "18",
                "addr:street": "Свободная улица",
                "building": "yes",
                "source:addr": "ЕГРН",
                "id": "way/723085503"
            },
            "geometry": {
                "type": "Polygon",
                "coordinates": [
                    [
                        [
                            50.6004123,
                            53.2104984
                        ],
                        [
                            50.6005062,
                            53.2104222
                        ],
                        [
                            50.6006397,
                            53.2104812
                        ],
                        [
                            50.6005458,
                            53.2105574
                        ],
                        [
                            50.6004123,
                            53.2104984
                        ]
                    ]
                ]
            }
        },
        {
            "type": "Feature",
            "id": "way/723085504",
            "properties": {
                "timestamp": "2023-11-13T15:12:22Z",
                "version": "2",
                "changeset": "143974926",
                "user": "desk77",
                "uid": "3417100",
                "addr:housenumber": "14",
                "addr:street": "Свободная улица",
                "building": "yes",
                "source:addr": "ЕГРН",
                "id": "way/723085504"
            },
            "geometry": {
                "type": "Polygon",
                "coordinates": [
                    [
                        [
                            50.6008852,
                            53.2107233
                        ],
                        [
                            50.6010183,
                            53.210615
                        ],
                        [
                            50.6010847,
                            53.2106443
                        ],
                        [
                            50.601115,
                            53.2106196
                        ],
                        [
                            50.6012409,
                            53.210675
                        ],
                        [
                            50.6011357,
                            53.2107606
                        ],
                        [
                            50.6010781,
                            53.2107352
                        ],
                        [
                            50.6010198,
                            53.2107826
                        ],
                        [
                            50.6008852,
                            53.2107233
                        ]
                    ]
                ]
            }
        },
        {
            "type": "Feature",
            "id": "way/723085505",
            "properties": {
                "timestamp": "2023-11-13T15:12:22Z",
                "version": "2",
                "changeset": "143974926",
                "user": "desk77",
                "uid": "3417100",
                "addr:housenumber": "32",
                "addr:street": "Народная улица",
                "building": "yes",
                "source:addr": "ЕГРН",
                "id": "way/723085505"
            },
            "geometry": {
                "type": "Polygon",
                "coordinates": [
                    [
                        [
                            50.6009217,
                            53.2120193
                        ],
                        [
                            50.6010197,
                            53.211945
                        ],
                        [
                            50.6011499,
                            53.2120066
                        ],
                        [
                            50.6010519,
                            53.2120809
                        ],
                        [
                            50.6009217,
                            53.2120193
                        ]
                    ]
                ]
            }
        },
        {
            "type": "Feature",
            "id": "way/723085506",
            "properties": {
                "timestamp": "2023-11-13T15:12:22Z",
                "version": "2",
                "changeset": "143974926",
                "user": "desk77",
                "uid": "3417100",
                "addr:housenumber": "39",
                "addr:street": "Загородная улица",
                "building": "yes",
                "source:addr": "ЕГРН",
                "id": "way/723085506"
            },
            "geometry": {
                "type": "Polygon",
                "coordinates": [
                    [
                        [
                            50.6015041,
                            53.2119723
                        ],
                        [
                            50.6016103,
                            53.2118953
                        ],
                        [
                            50.6018025,
                            53.2119904
                        ],
                        [
                            50.6016963,
                            53.2120674
                        ],
                        [
                            50.6015041,
                            53.2119723
                        ]
                    ]
                ]
            }
        },
        {
            "type": "Feature",
            "id": "way/723085507",
            "properties": {
                "timestamp": "2023-11-13T15:12:22Z",
                "version": "2",
                "changeset": "143974926",
                "user": "desk77",
                "uid": "3417100",
                "addr:housenumber": "30",
                "addr:street": "Народная улица",
                "building": "yes",
                "source:addr": "ЕГРН",
                "id": "way/723085507"
            },
            "geometry": {
                "type": "Polygon",
                "coordinates": [
                    [
                        [
                            50.6004137,
                            53.2120323
                        ],
                        [
                            50.600546,
                            53.2119273
                        ],
                        [
                            50.6006829,
                            53.2119891
                        ],
                        [
                            50.6005975,
                            53.2120569
                        ],
                        [
                            50.6005536,
                            53.2120371
                        ],
                        [
                            50.6005067,
                            53.2120743
                        ],
                        [
                            50.6004137,
                            53.2120323
                        ]
                    ]
                ]
            }
        },
        {
            "type": "Feature",
            "id": "way/723085508",
            "properties": {
                "timestamp": "2023-11-13T15:12:22Z",
                "version": "2",
                "changeset": "143974926",
                "user": "desk77",
                "uid": "3417100",
                "addr:housenumber": "34",
                "addr:street": "Народная улица",
                "building": "yes",
                "source:addr": "ЕГРН",
                "id": "way/723085508"
            },
            "geometry": {
                "type": "Polygon",
                "coordinates": [
                    [
                        [
                            50.6010187,
                            53.2123175
                        ],
                        [
                            50.6010876,
                            53.2122641
                        ],
                        [
                            50.6012551,
                            53.2123416
                        ],
                        [
                            50.6011862,
                            53.212395
                        ],
                        [
                            50.6010187,
                            53.2123175
                        ]
                    ]
                ]
            }
        },
        {
            "type": "Feature",
            "id": "way/723085509",
            "properties": {
                "timestamp": "2023-11-13T15:12:22Z",
                "version": "2",
                "changeset": "143974926",
                "user": "desk77",
                "uid": "3417100",
                "addr:housenumber": "31",
                "addr:street": "Загородная улица",
                "building": "yes",
                "source:addr": "ЕГРН",
                "id": "way/723085509"
            },
            "geometry": {
                "type": "Polygon",
                "coordinates": [
                    [
                        [
                            50.6003604,
                            53.2114656
                        ],
                        [
                            50.6004657,
                            53.2113758
                        ],
                        [
                            50.6005831,
                            53.2114252
                        ],
                        [
                            50.6004777,
                            53.211515
                        ],
                        [
                            50.6003604,
                            53.2114656
                        ]
                    ]
                ]
            }
        },
        {
            "type": "Feature",
            "id": "way/723085510",
            "properties": {
                "timestamp": "2023-11-13T15:12:22Z",
                "version": "2",
                "changeset": "143974926",
                "user": "desk77",
                "uid": "3417100",
                "addr:housenumber": "22",
                "addr:street": "Народная улица",
                "building": "yes",
                "source:addr": "ЕГРН",
                "id": "way/723085510"
            },
            "geometry": {
                "type": "Polygon",
                "coordinates": [
                    [
                        [
                            50.5994398,
                            53.2114094
                        ],
                        [
                            50.5995707,
                            53.2113113
                        ],
                        [
                            50.5997325,
                            53.2113887
                        ],
                        [
                            50.5996016,
                            53.2114868
                        ],
                        [
                            50.5994398,
                            53.2114094
                        ]
                    ]
                ]
            }
        },
        {
            "type": "Feature",
            "id": "way/723085511",
            "properties": {
                "timestamp": "2023-11-13T15:12:22Z",
                "version": "2",
                "changeset": "143974926",
                "user": "desk77",
                "uid": "3417100",
                "addr:housenumber": "27",
                "addr:street": "Загородная улица",
                "building": "yes",
                "source:addr": "ЕГРН",
                "id": "way/723085511"
            },
            "geometry": {
                "type": "Polygon",
                "coordinates": [
                    [
                        [
                            50.5998754,
                            53.2113485
                        ],
                        [
                            50.599782,
                            53.2113107
                        ],
                        [
                            50.5998301,
                            53.2112681
                        ],
                        [
                            50.5997839,
                            53.2112494
                        ],
                        [
                            50.5998833,
                            53.2111613
                        ],
                        [
                            50.5999921,
                            53.2112053
                        ],
                        [
                            50.5999767,
                            53.211219
                        ],
                        [
                            50.6000074,
                            53.2112315
                        ],
                        [
                            50.5998754,
                            53.2113485
                        ]
                    ]
                ]
            }
        },
        {
            "type": "Feature",
            "id": "way/723085512",
            "properties": {
                "timestamp": "2023-11-13T15:12:22Z",
                "version": "2",
                "changeset": "143974926",
                "user": "desk77",
                "uid": "3417100",
                "addr:housenumber": "18",
                "addr:street": "Народная улица",
                "building": "yes",
                "source:addr": "ЕГРН",
                "id": "way/723085512"
            },
            "geometry": {
                "type": "Polygon",
                "coordinates": [
                    [
                        [
                            50.5990648,
                            53.2114204
                        ],
                        [
                            50.5989895,
                            53.2113869
                        ],
                        [
                            50.5990351,
                            53.2113502
                        ],
                        [
                            50.598979,
                            53.2113252
                        ],
                        [
                            50.5990303,
                            53.2112839
                        ],
                        [
                            50.5991616,
                            53.2113424
                        ],
                        [
                            50.5990648,
                            53.2114204
                        ]
                    ]
                ]
            }
        },
        {
            "type": "Feature",
            "id": "way/723085513",
            "properties": {
                "timestamp": "2019-09-09T09:47:14Z",
                "version": "1",
                "changeset": "74252334",
                "user": "Валентина 252",
                "uid": "10055903",
                "building": "yes",
                "id": "way/723085513"
            },
            "geometry": {
                "type": "Polygon",
                "coordinates": [
                    [
                        [
                            50.59971,
                            53.2111599
                        ],
                        [
                            50.5995897,
                            53.2111079
                        ],
                        [
                            50.5996912,
                            53.2110237
                        ],
                        [
                            50.5998115,
                            53.2110757
                        ],
                        [
                            50.59971,
                            53.2111599
                        ]
                    ]
                ]
            }
        },
        {
            "type": "Feature",
            "id": "way/723085514",
            "properties": {
                "timestamp": "2023-11-13T15:12:22Z",
                "version": "2",
                "changeset": "143974926",
                "user": "desk77",
                "uid": "3417100",
                "addr:housenumber": "14",
                "addr:street": "Народная улица",
                "building": "yes",
                "source:addr": "ЕГРН",
                "id": "way/723085514"
            },
            "geometry": {
                "type": "Polygon",
                "coordinates": [
                    [
                        [
                            50.5984781,
                            53.2111271
                        ],
                        [
                            50.5983984,
                            53.2110923
                        ],
                        [
                            50.5984586,
                            53.2110428
                        ],
                        [
                            50.5984149,
                            53.2110236
                        ],
                        [
                            50.5984887,
                            53.2109629
                        ],
                        [
                            50.5986122,
                            53.2110168
                        ],
                        [
                            50.5984781,
                            53.2111271
                        ]
                    ]
                ]
            }
        },
        {
            "type": "Feature",
            "id": "way/723085515",
            "properties": {
                "timestamp": "2023-11-13T15:12:22Z",
                "version": "2",
                "changeset": "143974926",
                "user": "desk77",
                "uid": "3417100",
                "addr:housenumber": "19",
                "addr:street": "Загородная улица",
                "building": "yes",
                "source:addr": "ЕГРН",
                "id": "way/723085515"
            },
            "geometry": {
                "type": "Polygon",
                "coordinates": [
                    [
                        [
                            50.5985023,
                            53.2107012
                        ],
                        [
                            50.5985839,
                            53.2106316
                        ],
                        [
                            50.598717,
                            53.2106875
                        ],
                        [
                            50.5986354,
                            53.2107571
                        ],
                        [
                            50.5985023,
                            53.2107012
                        ]
                    ]
                ]
            }
        },
        {
            "type": "Feature",
            "id": "way/723085516",
            "properties": {
                "timestamp": "2023-11-13T15:12:22Z",
                "version": "2",
                "changeset": "143974926",
                "user": "desk77",
                "uid": "3417100",
                "addr:housenumber": "4",
                "addr:street": "Народная улица",
                "building": "yes",
                "source:addr": "ЕГРН",
                "id": "way/723085516"
            },
            "geometry": {
                "type": "Polygon",
                "coordinates": [
                    [
                        [
                            50.5967519,
                            53.2102514
                        ],
                        [
                            50.5968335,
                            53.2101818
                        ],
                        [
                            50.5969666,
                            53.2102377
                        ],
                        [
                            50.596885,
                            53.2103073
                        ],
                        [
                            50.5967519,
                            53.2102514
                        ]
                    ]
                ]
            }
        },
        {
            "type": "Feature",
            "id": "way/723085517",
            "properties": {
                "timestamp": "2023-11-13T15:12:22Z",
                "version": "2",
                "changeset": "143974926",
                "user": "desk77",
                "uid": "3417100",
                "addr:housenumber": "7",
                "addr:street": "Загородная улица",
                "building": "yes",
                "source:addr": "ЕГРН",
                "id": "way/723085517"
            },
            "geometry": {
                "type": "Polygon",
                "coordinates": [
                    [
                        [
                            50.5967926,
                            53.2099978
                        ],
                        [
                            50.5966422,
                            53.2099258
                        ],
                        [
                            50.5967404,
                            53.2098523
                        ],
                        [
                            50.5967717,
                            53.2098673
                        ],
                        [
                            50.5967985,
                            53.2098472
                        ],
                        [
                            50.596835,
                            53.2098647
                        ],
                        [
                            50.5968557,
                            53.2098492
                        ],
                        [
                            50.5968942,
                            53.2098676
                        ],
                        [
                            50.5968661,
                            53.2098887
                        ],
                        [
                            50.5969102,
                            53.2099098
                        ],
                        [
                            50.5967926,
                            53.2099978
                        ]
                    ]
                ]
            }
        },
        {
            "type": "Feature",
            "id": "way/723085518",
            "properties": {
                "timestamp": "2023-11-13T15:12:22Z",
                "version": "2",
                "changeset": "143974926",
                "user": "desk77",
                "uid": "3417100",
                "addr:housenumber": "5",
                "addr:street": "Загородная улица",
                "building": "yes",
                "source:addr": "ЕГРН",
                "id": "way/723085518"
            },
            "geometry": {
                "type": "Polygon",
                "coordinates": [
                    [
                        [
                            50.5964149,
                            53.2097991
                        ],
                        [
                            50.5965092,
                            53.2097355
                        ],
                        [
                            50.5966307,
                            53.2098002
                        ],
                        [
                            50.5965364,
                            53.2098638
                        ],
                        [
                            50.5964149,
                            53.2097991
                        ]
                    ]
                ]
            }
        },
        {
            "type": "Feature",
            "id": "way/723085520",
            "properties": {
                "timestamp": "2023-11-13T15:12:22Z",
                "version": "2",
                "changeset": "143974926",
                "user": "desk77",
                "uid": "3417100",
                "addr:housenumber": "12",
                "addr:street": "Загородная улица",
                "building": "yes",
                "source:addr": "ЕГРН",
                "id": "way/723085520"
            },
            "geometry": {
                "type": "Polygon",
                "coordinates": [
                    [
                        [
                            50.5989544,
                            53.2105057
                        ],
                        [
                            50.599036,
                            53.2104362
                        ],
                        [
                            50.5991691,
                            53.2104921
                        ],
                        [
                            50.5990875,
                            53.2105617
                        ],
                        [
                            50.5989544,
                            53.2105057
                        ]
                    ]
                ]
            }
        },
        {
            "type": "Feature",
            "id": "way/723085521",
            "properties": {
                "timestamp": "2023-11-13T15:12:22Z",
                "version": "2",
                "changeset": "143974926",
                "user": "desk77",
                "uid": "3417100",
                "addr:housenumber": "6",
                "addr:street": "Загородная улица",
                "building": "yes",
                "source:addr": "ЕГРН",
                "id": "way/723085521"
            },
            "geometry": {
                "type": "Polygon",
                "coordinates": [
                    [
                        [
                            50.5980969,
                            53.2101323
                        ],
                        [
                            50.5981246,
                            53.2101057
                        ],
                        [
                            50.5980796,
                            53.2100889
                        ],
                        [
                            50.5981469,
                            53.2100242
                        ],
                        [
                            50.5982567,
                            53.2100651
                        ],
                        [
                            50.5982318,
                            53.210089
                        ],
                        [
                            50.598319,
                            53.2101215
                        ],
                        [
                            50.5982293,
                            53.210208
                        ],
                        [
                            50.5981683,
                            53.2101852
                        ],
                        [
                            50.598188,
                            53.2101662
                        ],
                        [
                            50.5980969,
                            53.2101323
                        ]
                    ]
                ]
            }
        },
        {
            "type": "Feature",
            "id": "way/723085522",
            "properties": {
                "timestamp": "2023-11-13T15:12:22Z",
                "version": "2",
                "changeset": "143974926",
                "user": "desk77",
                "uid": "3417100",
                "addr:housenumber": "4",
                "addr:street": "Загородная улица",
                "building": "yes",
                "source:addr": "ЕГРН",
                "id": "way/723085522"
            },
            "geometry": {
                "type": "Polygon",
                "coordinates": [
                    [
                        [
                            50.5979041,
                            53.2098622
                        ],
                        [
                            50.5980038,
                            53.2097733
                        ],
                        [
                            50.5981331,
                            53.2098254
                        ],
                        [
                            50.5981123,
                            53.2098439
                        ],
                        [
                            50.5981424,
                            53.2098561
                        ],
                        [
                            50.5980635,
                            53.2099264
                        ],
                        [
                            50.5979041,
                            53.2098622
                        ]
                    ]
                ]
            }
        },
        {
            "type": "Feature",
            "id": "way/723085524",
            "properties": {
                "timestamp": "2023-11-13T15:12:22Z",
                "version": "2",
                "changeset": "143974926",
                "user": "desk77",
                "uid": "3417100",
                "addr:housenumber": "32",
                "addr:street": "Свободная улица",
                "building": "yes",
                "source:addr": "ЕГРН",
                "id": "way/723085524"
            },
            "geometry": {
                "type": "Polygon",
                "coordinates": [
                    [
                        [
                            50.5981936,
                            53.2097347
                        ],
                        [
                            50.5982934,
                            53.2096274
                        ],
                        [
                            50.5984068,
                            53.2096653
                        ],
                        [
                            50.5984442,
                            53.2096251
                        ],
                        [
                            50.5985451,
                            53.2096588
                        ],
                        [
                            50.5984079,
                            53.2098062
                        ],
                        [
                            50.5981936,
                            53.2097347
                        ]
                    ]
                ]
            }
        },
        {
            "type": "Feature",
            "id": "way/723085526",
            "properties": {
                "timestamp": "2023-11-13T15:12:22Z",
                "version": "2",
                "changeset": "143974926",
                "user": "desk77",
                "uid": "3417100",
                "addr:housenumber": "19А",
                "addr:street": "Свободная улица",
                "building": "yes",
                "source:addr": "ЕГРН",
                "id": "way/723085526"
            },
            "geometry": {
                "type": "Polygon",
                "coordinates": [
                    [
                        [
                            50.5995641,
                            53.2098593
                        ],
                        [
                            50.5996391,
                            53.2097808
                        ],
                        [
                            50.5997588,
                            53.2098218
                        ],
                        [
                            50.5996838,
                            53.2099003
                        ],
                        [
                            50.5995641,
                            53.2098593
                        ]
                    ]
                ]
            }
        },
        {
            "type": "Feature",
            "id": "way/723346552",
            "properties": {
                "timestamp": "2019-09-10T09:03:54Z",
                "version": "1",
                "changeset": "74297639",
                "user": "Валентина 252",
                "uid": "10055903",
                "building": "yes",
                "id": "way/723346552"
            },
            "geometry": {
                "type": "Polygon",
                "coordinates": [
                    [
                        [
                            50.5957913,
                            53.2099129
                        ],
                        [
                            50.5956828,
                            53.2098544
                        ],
                        [
                            50.5958263,
                            53.209759
                        ],
                        [
                            50.5959348,
                            53.2098175
                        ],
                        [
                            50.5957913,
                            53.2099129
                        ]
                    ]
                ]
            }
        },
        {
            "type": "Feature",
            "id": "way/723346553",
            "properties": {
                "timestamp": "2023-11-13T15:12:22Z",
                "version": "2",
                "changeset": "143974926",
                "user": "desk77",
                "uid": "3417100",
                "addr:housenumber": "11",
                "addr:street": "Народная улица",
                "building": "yes",
                "source:addr": "ЕГРН",
                "id": "way/723346553"
            },
            "geometry": {
                "type": "Polygon",
                "coordinates": [
                    [
                        [
                            50.5958193,
                            53.2105904
                        ],
                        [
                            50.595841,
                            53.2105508
                        ],
                        [
                            50.5958122,
                            53.2105452
                        ],
                        [
                            50.5958503,
                            53.2104752
                        ],
                        [
                            50.596043,
                            53.2105128
                        ],
                        [
                            50.5960143,
                            53.2105656
                        ],
                        [
                            50.5959875,
                            53.2105603
                        ],
                        [
                            50.5959565,
                            53.2106172
                        ],
                        [
                            50.5958193,
                            53.2105904
                        ]
                    ]
                ]
            }
        },
        {
            "type": "Feature",
            "id": "way/723346554",
            "properties": {
                "timestamp": "2023-11-13T15:12:22Z",
                "version": "2",
                "changeset": "143974926",
                "user": "desk77",
                "uid": "3417100",
                "addr:housenumber": "17",
                "addr:street": "Народная улица",
                "building": "yes",
                "source:addr": "ЕГРН",
                "id": "way/723346554"
            },
            "geometry": {
                "type": "Polygon",
                "coordinates": [
                    [
                        [
                            50.5968025,
                            53.210736
                        ],
                        [
                            50.596665,
                            53.2106778
                        ],
                        [
                            50.5967255,
                            53.2106266
                        ],
                        [
                            50.5966887,
                            53.210611
                        ],
                        [
                            50.5967289,
                            53.210577
                        ],
                        [
                            50.5967627,
                            53.2105913
                        ],
                        [
                            50.5967839,
                            53.2105734
                        ],
                        [
                            50.5969243,
                            53.2106329
                        ],
                        [
                            50.5968025,
                            53.210736
                        ]
                    ]
                ]
            }
        },
        {
            "type": "Feature",
            "id": "way/723346555",
            "properties": {
                "timestamp": "2023-11-13T15:12:22Z",
                "version": "2",
                "changeset": "143974926",
                "user": "desk77",
                "uid": "3417100",
                "addr:housenumber": "27",
                "addr:street": "Народная улица",
                "building": "yes",
                "source:addr": "ЕГРН",
                "id": "way/723346555"
            },
            "geometry": {
                "type": "Polygon",
                "coordinates": [
                    [
                        [
                            50.5975556,
                            53.2111512
                        ],
                        [
                            50.5976442,
                            53.211075
                        ],
                        [
                            50.5977728,
                            53.2111287
                        ],
                        [
                            50.5976843,
                            53.2112048
                        ],
                        [
                            50.5975556,
                            53.2111512
                        ]
                    ]
                ]
            }
        },
        {
            "type": "Feature",
            "id": "way/723346556",
            "properties": {
                "timestamp": "2023-11-13T15:12:22Z",
                "version": "2",
                "changeset": "143974926",
                "user": "desk77",
                "uid": "3417100",
                "addr:housenumber": "19",
                "addr:street": "Народная улица",
                "building": "yes",
                "source:addr": "ЕГРН",
                "id": "way/723346556"
            },
            "geometry": {
                "type": "Polygon",
                "coordinates": [
                    [
                        [
                            50.5968427,
                            53.2109512
                        ],
                        [
                            50.5966742,
                            53.2108908
                        ],
                        [
                            50.596765,
                            53.2107999
                        ],
                        [
                            50.5969334,
                            53.2108603
                        ],
                        [
                            50.5968427,
                            53.2109512
                        ]
                    ]
                ]
            }
        },
        {
            "type": "Feature",
            "id": "way/723346557",
            "properties": {
                "timestamp": "2023-11-13T15:12:22Z",
                "version": "2",
                "changeset": "143974926",
                "user": "desk77",
                "uid": "3417100",
                "addr:housenumber": "35",
                "addr:street": "Народная улица",
                "building": "yes",
                "source:addr": "ЕГРН",
                "id": "way/723346557"
            },
            "geometry": {
                "type": "Polygon",
                "coordinates": [
                    [
                        [
                            50.5984615,
                            53.2115572
                        ],
                        [
                            50.5983393,
                            53.2114998
                        ],
                        [
                            50.5984782,
                            53.2113938
                        ],
                        [
                            50.5986003,
                            53.2114512
                        ],
                        [
                            50.5984615,
                            53.2115572
                        ]
                    ]
                ]
            }
        },
        {
            "type": "Feature",
            "id": "way/723346558",
            "properties": {
                "timestamp": "2023-11-13T15:12:22Z",
                "version": "2",
                "changeset": "143974926",
                "user": "desk77",
                "uid": "3417100",
                "addr:housenumber": "26",
                "addr:street": "Народная улица",
                "building": "yes",
                "source:addr": "ЕГРН",
                "id": "way/723346558"
            },
            "geometry": {
                "type": "Polygon",
                "coordinates": [
                    [
                        [
                            50.6000495,
                            53.2118505
                        ],
                        [
                            50.5999918,
                            53.2118244
                        ],
                        [
                            50.6000418,
                            53.2117847
                        ],
                        [
                            50.5999365,
                            53.2117371
                        ],
                        [
                            50.6000147,
                            53.211675
                        ],
                        [
                            50.6001777,
                            53.2117487
                        ],
                        [
                            50.6000495,
                            53.2118505
                        ]
                    ]
                ]
            }
        },
        {
            "type": "Feature",
            "id": "way/723346559",
            "properties": {
                "timestamp": "2023-11-13T15:12:22Z",
                "version": "2",
                "changeset": "143974926",
                "user": "desk77",
                "uid": "3417100",
                "addr:housenumber": "28",
                "addr:street": "Народная улица",
                "building": "yes",
                "source:addr": "ЕГРН",
                "id": "way/723346559"
            },
            "geometry": {
                "type": "Polygon",
                "coordinates": [
                    [
                        [
                            50.6002815,
                            53.2118271
                        ],
                        [
                            50.6003746,
                            53.2117576
                        ],
                        [
                            50.6005349,
                            53.2118347
                        ],
                        [
                            50.6003318,
                            53.2119861
                        ],
                        [
                            50.6002511,
                            53.2119473
                        ],
                        [
                            50.600361,
                            53.2118654
                        ],
                        [
                            50.6002815,
                            53.2118271
                        ]
                    ]
                ]
            }
        },
        {
            "type": "Feature",
            "id": "way/723346560",
            "properties": {
                "timestamp": "2023-11-13T15:12:22Z",
                "version": "2",
                "changeset": "143974926",
                "user": "desk77",
                "uid": "3417100",
                "addr:housenumber": "53",
                "addr:street": "Народная улица",
                "building": "yes",
                "source:addr": "ЕГРН",
                "id": "way/723346560"
            },
            "geometry": {
                "type": "Polygon",
                "coordinates": [
                    [
                        [
                            50.6008886,
                            53.212582
                        ],
                        [
                            50.6007288,
                            53.2125082
                        ],
                        [
                            50.6008309,
                            53.2124288
                        ],
                        [
                            50.6009907,
                            53.2125026
                        ],
                        [
                            50.6008886,
                            53.212582
                        ]
                    ]
                ]
            }
        },
        {
            "type": "Feature",
            "id": "way/723827649",
            "properties": {
                "timestamp": "2023-11-13T15:12:22Z",
                "version": "2",
                "changeset": "143974926",
                "user": "desk77",
                "uid": "3417100",
                "addr:housenumber": "10",
                "addr:street": "Загородная улица",
                "building": "yes",
                "source:addr": "ЕГРН",
                "id": "way/723827649"
            },
            "geometry": {
                "type": "Polygon",
                "coordinates": [
                    [
                        [
                            50.598724,
                            53.2104289
                        ],
                        [
                            50.5988156,
                            53.2103446
                        ],
                        [
                            50.5989568,
                            53.2103997
                        ],
                        [
                            50.5988651,
                            53.2104839
                        ],
                        [
                            50.598724,
                            53.2104289
                        ]
                    ]
                ]
            }
        },
        {
            "type": "Feature",
            "id": "way/723827650",
            "properties": {
                "timestamp": "2023-11-13T15:12:22Z",
                "version": "2",
                "changeset": "143974926",
                "user": "desk77",
                "uid": "3417100",
                "addr:housenumber": "8",
                "addr:street": "Загородная улица",
                "building": "yes",
                "source:addr": "ЕГРН",
                "id": "way/723827650"
            },
            "geometry": {
                "type": "Polygon",
                "coordinates": [
                    [
                        [
                            50.5984154,
                            53.2103039
                        ],
                        [
                            50.598507,
                            53.2102196
                        ],
                        [
                            50.5986482,
                            53.2102747
                        ],
                        [
                            50.5985565,
                            53.210359
                        ],
                        [
                            50.5984154,
                            53.2103039
                        ]
                    ]
                ]
            }
        },
        {
            "type": "Feature",
            "id": "way/723827651",
            "properties": {
                "timestamp": "2023-11-13T15:12:22Z",
                "version": "2",
                "changeset": "143974926",
                "user": "desk77",
                "uid": "3417100",
                "addr:housenumber": "2А",
                "addr:street": "Загородная улица",
                "building": "yes",
                "source:addr": "ЕГРН",
                "id": "way/723827651"
            },
            "geometry": {
                "type": "Polygon",
                "coordinates": [
                    [
                        [
                            50.5975966,
                            53.2099248
                        ],
                        [
                            50.5977012,
                            53.2098165
                        ],
                        [
                            50.5978185,
                            53.2098571
                        ],
                        [
                            50.5977138,
                            53.2099655
                        ],
                        [
                            50.5975966,
                            53.2099248
                        ]
                    ]
                ]
            }
        },
        {
            "type": "Feature",
            "id": "way/723827652",
            "properties": {
                "timestamp": "2023-11-13T15:12:22Z",
                "version": "2",
                "changeset": "143974926",
                "user": "desk77",
                "uid": "3417100",
                "addr:housenumber": "10",
                "addr:street": "Народная улица",
                "building": "yes",
                "source:addr": "ЕГРН",
                "id": "way/723827652"
            },
            "geometry": {
                "type": "Polygon",
                "coordinates": [
                    [
                        [
                            50.5975502,
                            53.2107264
                        ],
                        [
                            50.5976318,
                            53.2106568
                        ],
                        [
                            50.5977649,
                            53.2107127
                        ],
                        [
                            50.5976833,
                            53.2107823
                        ],
                        [
                            50.5975502,
                            53.2107264
                        ]
                    ]
                ]
            }
        },
        {
            "type": "Feature",
            "id": "way/723827653",
            "properties": {
                "timestamp": "2019-09-11T15:34:16Z",
                "version": "1",
                "changeset": "74361663",
                "user": "Валентина 252",
                "uid": "10055903",
                "building": "yes",
                "id": "way/723827653"
            },
            "geometry": {
                "type": "Polygon",
                "coordinates": [
                    [
                        [
                            50.5975971,
                            53.2119064
                        ],
                        [
                            50.5976891,
                            53.2118416
                        ],
                        [
                            50.597813,
                            53.2119046
                        ],
                        [
                            50.597721,
                            53.2119694
                        ],
                        [
                            50.5975971,
                            53.2119064
                        ]
                    ]
                ]
            }
        },
        {
            "type": "Feature",
            "id": "way/723827654",
            "properties": {
                "timestamp": "2019-09-11T15:34:16Z",
                "version": "1",
                "changeset": "74361663",
                "user": "Валентина 252",
                "uid": "10055903",
                "building": "yes",
                "id": "way/723827654"
            },
            "geometry": {
                "type": "Polygon",
                "coordinates": [
                    [
                        [
                            50.5988964,
                            53.2122721
                        ],
                        [
                            50.5987734,
                            53.2122151
                        ],
                        [
                            50.5988581,
                            53.2121496
                        ],
                        [
                            50.5989811,
                            53.2122065
                        ],
                        [
                            50.5988964,
                            53.2122721
                        ]
                    ]
                ]
            }
        },
        {
            "type": "Feature",
            "id": "way/723827655",
            "properties": {
                "timestamp": "2023-11-13T15:12:22Z",
                "version": "2",
                "changeset": "143974926",
                "user": "desk77",
                "uid": "3417100",
                "addr:housenumber": "22",
                "addr:street": "Раздольная улица",
                "building": "yes",
                "source:addr": "ЕГРН",
                "id": "way/723827655"
            },
            "geometry": {
                "type": "Polygon",
                "coordinates": [
                    [
                        [
                            50.6017064,
                            53.2128038
                        ],
                        [
                            50.6016258,
                            53.2127693
                        ],
                        [
                            50.6016861,
                            53.2127188
                        ],
                        [
                            50.6016611,
                            53.2127081
                        ],
                        [
                            50.6017101,
                            53.2126672
                        ],
                        [
                            50.6018517,
                            53.2127278
                        ],
                        [
                            50.6017998,
                            53.2127713
                        ],
                        [
                            50.6017637,
                            53.2127558
                        ],
                        [
                            50.6017064,
                            53.2128038
                        ]
                    ]
                ]
            }
        },
        {
            "type": "Feature",
            "id": "way/723827656",
            "properties": {
                "timestamp": "2023-11-13T15:12:22Z",
                "version": "2",
                "changeset": "143974926",
                "user": "desk77",
                "uid": "3417100",
                "addr:housenumber": "17",
                "addr:street": "Раздольная улица",
                "building": "yes",
                "source:addr": "ЕГРН",
                "id": "way/723827656"
            },
            "geometry": {
                "type": "Polygon",
                "coordinates": [
                    [
                        [
                            50.6029037,
                            53.2121892
                        ],
                        [
                            50.6027333,
                            53.2120985
                        ],
                        [
                            50.6028511,
                            53.2120191
                        ],
                        [
                            50.6030215,
                            53.2121097
                        ],
                        [
                            50.6029037,
                            53.2121892
                        ]
                    ]
                ]
            }
        },
        {
            "type": "Feature",
            "id": "way/723827657",
            "properties": {
                "timestamp": "2023-11-13T15:12:22Z",
                "version": "2",
                "changeset": "143974926",
                "user": "desk77",
                "uid": "3417100",
                "addr:housenumber": "1А",
                "addr:street": "Свободная улица",
                "building": "yes",
                "source:addr": "ЕГРН",
                "id": "way/723827657"
            },
            "geometry": {
                "type": "Polygon",
                "coordinates": [
                    [
                        [
                            50.6030308,
                            53.2111934
                        ],
                        [
                            50.6028472,
                            53.2111131
                        ],
                        [
                            50.6029456,
                            53.2110323
                        ],
                        [
                            50.6031293,
                            53.2111125
                        ],
                        [
                            50.6030308,
                            53.2111934
                        ]
                    ]
                ]
            }
        },
        {
            "type": "Feature",
            "id": "way/723827658",
            "properties": {
                "timestamp": "2023-11-13T15:12:22Z",
                "version": "2",
                "changeset": "143974926",
                "user": "desk77",
                "uid": "3417100",
                "addr:housenumber": "3",
                "addr:street": "Свободная улица",
                "building": "yes",
                "source:addr": "ЕГРН",
                "id": "way/723827658"
            },
            "geometry": {
                "type": "Polygon",
                "coordinates": [
                    [
                        [
                            50.6028049,
                            53.2110283
                        ],
                        [
                            50.6026648,
                            53.2109693
                        ],
                        [
                            50.6027633,
                            53.2108854
                        ],
                        [
                            50.6029034,
                            53.2109444
                        ],
                        [
                            50.6028049,
                            53.2110283
                        ]
                    ]
                ]
            }
        },
        {
            "type": "Feature",
            "id": "way/723827659",
            "properties": {
                "timestamp": "2023-11-13T15:12:22Z",
                "version": "2",
                "changeset": "143974926",
                "user": "desk77",
                "uid": "3417100",
                "addr:housenumber": "13",
                "addr:street": "Свободная улица",
                "building": "yes",
                "source:addr": "ЕГРН",
                "id": "way/723827659"
            },
            "geometry": {
                "type": "Polygon",
                "coordinates": [
                    [
                        [
                            50.6010417,
                            53.2104014
                        ],
                        [
                            50.6009069,
                            53.2103562
                        ],
                        [
                            50.6009888,
                            53.2102685
                        ],
                        [
                            50.6011237,
                            53.2103137
                        ],
                        [
                            50.6010417,
                            53.2104014
                        ]
                    ]
                ]
            }
        },
        {
            "type": "Feature",
            "id": "way/723827660",
            "properties": {
                "timestamp": "2023-11-13T15:12:22Z",
                "version": "2",
                "changeset": "143974926",
                "user": "desk77",
                "uid": "3417100",
                "addr:housenumber": "15",
                "addr:street": "Ольховая улица",
                "building": "yes",
                "source:addr": "ЕГРН",
                "id": "way/723827660"
            },
            "geometry": {
                "type": "Polygon",
                "coordinates": [
                    [
                        [
                            50.6006645,
                            53.2099941
                        ],
                        [
                            50.6004477,
                            53.2099157
                        ],
                        [
                            50.6005485,
                            53.2098158
                        ],
                        [
                            50.6007652,
                            53.2098942
                        ],
                        [
                            50.6006645,
                            53.2099941
                        ]
                    ]
                ]
            }
        },
        {
            "type": "Feature",
            "id": "way/723827661",
            "properties": {
                "timestamp": "2023-11-13T15:12:22Z",
                "version": "2",
                "changeset": "143974926",
                "user": "desk77",
                "uid": "3417100",
                "addr:housenumber": "6",
                "addr:street": "Раздольная улица",
                "building": "yes",
                "source:addr": "ЕГРН",
                "id": "way/723827661"
            },
            "geometry": {
                "type": "Polygon",
                "coordinates": [
                    [
                        [
                            50.6051287,
                            53.2107885
                        ],
                        [
                            50.6049923,
                            53.2107204
                        ],
                        [
                            50.6051039,
                            53.2106403
                        ],
                        [
                            50.6052403,
                            53.2107084
                        ],
                        [
                            50.6051287,
                            53.2107885
                        ]
                    ]
                ]
            }
        },
        {
            "type": "Feature",
            "id": "way/723827662",
            "properties": {
                "timestamp": "2019-09-11T15:34:16Z",
                "version": "1",
                "changeset": "74361663",
                "user": "Валентина 252",
                "uid": "10055903",
                "building": "yes",
                "id": "way/723827662"
            },
            "geometry": {
                "type": "Polygon",
                "coordinates": [
                    [
                        [
                            50.6052881,
                            53.2106607
                        ],
                        [
                            50.6051624,
                            53.2105866
                        ],
                        [
                            50.6052108,
                            53.2105571
                        ],
                        [
                            50.6052392,
                            53.2105739
                        ],
                        [
                            50.6053449,
                            53.2105096
                        ],
                        [
                            50.6054422,
                            53.210567
                        ],
                        [
                            50.6052881,
                            53.2106607
                        ]
                    ]
                ]
            }
        },
        {
            "type": "Feature",
            "id": "way/723827663",
            "properties": {
                "timestamp": "2023-11-13T15:12:22Z",
                "version": "2",
                "changeset": "143974926",
                "user": "desk77",
                "uid": "3417100",
                "addr:housenumber": "10",
                "addr:street": "Раздольная улица",
                "building": "yes",
                "source:addr": "ЕГРН",
                "id": "way/723827663"
            },
            "geometry": {
                "type": "Polygon",
                "coordinates": [
                    [
                        [
                            50.6042798,
                            53.211253
                        ],
                        [
                            50.6041581,
                            53.2111829
                        ],
                        [
                            50.6042511,
                            53.211125
                        ],
                        [
                            50.6043728,
                            53.2111952
                        ],
                        [
                            50.6042798,
                            53.211253
                        ]
                    ]
                ]
            }
        },
        {
            "type": "Feature",
            "id": "way/723827664",
            "properties": {
                "timestamp": "2023-11-13T15:12:22Z",
                "version": "2",
                "changeset": "143974926",
                "user": "desk77",
                "uid": "3417100",
                "addr:housenumber": "2А",
                "addr:street": "Транзитная улица",
                "building": "yes",
                "source:addr": "ЕГРН",
                "id": "way/723827664"
            },
            "geometry": {
                "type": "Polygon",
                "coordinates": [
                    [
                        [
                            50.6074068,
                            53.2112393
                        ],
                        [
                            50.6072699,
                            53.2111627
                        ],
                        [
                            50.6074307,
                            53.2110597
                        ],
                        [
                            50.6075675,
                            53.2111362
                        ],
                        [
                            50.6074068,
                            53.2112393
                        ]
                    ]
                ]
            }
        },
        {
            "type": "Feature",
            "id": "way/723827666",
            "properties": {
                "timestamp": "2023-11-13T15:12:22Z",
                "version": "2",
                "changeset": "143974926",
                "user": "desk77",
                "uid": "3417100",
                "addr:housenumber": "10",
                "addr:street": "Луганская улица",
                "building": "yes",
                "source:addr": "ЕГРН",
                "id": "way/723827666"
            },
            "geometry": {
                "type": "Polygon",
                "coordinates": [
                    [
                        [
                            50.6073713,
                            53.2124125
                        ],
                        [
                            50.6072074,
                            53.2123149
                        ],
                        [
                            50.6074437,
                            53.2121725
                        ],
                        [
                            50.6075706,
                            53.2122481
                        ],
                        [
                            50.6074844,
                            53.2123
                        ],
                        [
                            50.6075463,
                            53.2123369
                        ],
                        [
                            50.6074977,
                            53.2123661
                        ],
                        [
                            50.6074729,
                            53.2123513
                        ],
                        [
                            50.6073713,
                            53.2124125
                        ]
                    ]
                ]
            }
        },
        {
            "type": "Feature",
            "id": "way/855847743",
            "properties": {
                "timestamp": "2023-11-13T15:12:22Z",
                "version": "2",
                "changeset": "143974926",
                "user": "desk77",
                "uid": "3417100",
                "addr:housenumber": "13А",
                "addr:street": "Луганская улица",
                "building": "yes",
                "source:addr": "ЕГРН",
                "id": "way/855847743"
            },
            "geometry": {
                "type": "Polygon",
                "coordinates": [
                    [
                        [
                            50.6069932,
                            53.2131409
                        ],
                        [
                            50.6068582,
                            53.2130504
                        ],
                        [
                            50.6068952,
                            53.2130305
                        ],
                        [
                            50.6068735,
                            53.213016
                        ],
                        [
                            50.6069282,
                            53.2129868
                        ],
                        [
                            50.607085,
                            53.2130919
                        ],
                        [
                            50.6069932,
                            53.2131409
                        ]
                    ]
                ]
            }
        },
        {
            "type": "Feature",
            "id": "way/855847747",
            "properties": {
                "timestamp": "2023-11-13T15:12:22Z",
                "version": "2",
                "changeset": "143974926",
                "user": "desk77",
                "uid": "3417100",
                "addr:housenumber": "9",
                "addr:street": "Транзитная улица",
                "building": "yes",
                "source:addr": "ЕГРН",
                "id": "way/855847747"
            },
            "geometry": {
                "type": "Polygon",
                "coordinates": [
                    [
                        [
                            50.6065601,
                            53.2123021
                        ],
                        [
                            50.6063427,
                            53.2121895
                        ],
                        [
                            50.6064378,
                            53.2121236
                        ],
                        [
                            50.6064831,
                            53.2121471
                        ],
                        [
                            50.6065287,
                            53.2121155
                        ],
                        [
                            50.6067008,
                            53.2122047
                        ],
                        [
                            50.6065601,
                            53.2123021
                        ]
                    ]
                ]
            }
        },
        {
            "type": "Feature",
            "id": "way/856062947",
            "properties": {
                "timestamp": "2020-10-06T17:32:54Z",
                "version": "1",
                "changeset": "92062912",
                "user": "Alasha",
                "uid": "11326940",
                "building": "yes",
                "id": "way/856062947"
            },
            "geometry": {
                "type": "Polygon",
                "coordinates": [
                    [
                        [
                            50.6010909,
                            53.2130948
                        ],
                        [
                            50.6009826,
                            53.2130351
                        ],
                        [
                            50.6010969,
                            53.2129608
                        ],
                        [
                            50.6012052,
                            53.2130205
                        ],
                        [
                            50.6010909,
                            53.2130948
                        ]
                    ]
                ]
            }
        },
        {
            "type": "Feature",
            "id": "way/856062950",
            "properties": {
                "timestamp": "2023-11-13T15:12:22Z",
                "version": "2",
                "changeset": "143974926",
                "user": "desk77",
                "uid": "3417100",
                "addr:housenumber": "15А",
                "addr:street": "Транзитная улица",
                "building": "yes",
                "source:addr": "ЕГРН",
                "id": "way/856062950"
            },
            "geometry": {
                "type": "Polygon",
                "coordinates": [
                    [
                        [
                            50.6057169,
                            53.2128484
                        ],
                        [
                            50.6056745,
                            53.2128229
                        ],
                        [
                            50.6056303,
                            53.2128492
                        ],
                        [
                            50.605495,
                            53.2127676
                        ],
                        [
                            50.6056188,
                            53.212694
                        ],
                        [
                            50.6057964,
                            53.2128011
                        ],
                        [
                            50.6057169,
                            53.2128484
                        ]
                    ]
                ]
            }
        },
        {
            "type": "Feature",
            "id": "way/856062951",
            "properties": {
                "timestamp": "2023-11-13T15:12:22Z",
                "version": "2",
                "changeset": "143974926",
                "user": "desk77",
                "uid": "3417100",
                "addr:housenumber": "15",
                "addr:street": "Транзитная улица",
                "building": "yes",
                "source:addr": "ЕГРН",
                "id": "way/856062951"
            },
            "geometry": {
                "type": "Polygon",
                "coordinates": [
                    [
                        [
                            50.6057891,
                            53.2127549
                        ],
                        [
                            50.6056305,
                            53.2126599
                        ],
                        [
                            50.6057283,
                            53.2126013
                        ],
                        [
                            50.6058869,
                            53.2126963
                        ],
                        [
                            50.6057891,
                            53.2127549
                        ]
                    ]
                ]
            }
        },
        {
            "type": "Feature",
            "id": "way/856062952",
            "properties": {
                "timestamp": "2023-11-13T15:12:22Z",
                "version": "2",
                "changeset": "143974926",
                "user": "desk77",
                "uid": "3417100",
                "addr:housenumber": "16",
                "addr:street": "Транзитная улица",
                "building": "yes",
                "source:addr": "ЕГРН",
                "id": "way/856062952"
            },
            "geometry": {
                "type": "Polygon",
                "coordinates": [
                    [
                        [
                            50.6052359,
                            53.2126185
                        ],
                        [
                            50.6051488,
                            53.2125704
                        ],
                        [
                            50.6051661,
                            53.2125591
                        ],
                        [
                            50.6051079,
                            53.2125269
                        ],
                        [
                            50.6051724,
                            53.212485
                        ],
                        [
                            50.6052031,
                            53.2125019
                        ],
                        [
                            50.6052846,
                            53.2124489
                        ],
                        [
                            50.6053171,
                            53.2124669
                        ],
                        [
                            50.6053384,
                            53.212453
                        ],
                        [
                            50.6053875,
                            53.2124802
                        ],
                        [
                            50.6052983,
                            53.2125381
                        ],
                        [
                            50.6053315,
                            53.2125565
                        ],
                        [
                            50.6052359,
                            53.2126185
                        ]
                    ]
                ]
            }
        },
        {
            "type": "Feature",
            "id": "way/856062953",
            "properties": {
                "timestamp": "2023-11-13T15:12:22Z",
                "version": "2",
                "changeset": "143974926",
                "user": "desk77",
                "uid": "3417100",
                "addr:housenumber": "6А",
                "addr:street": "Транзитная улица",
                "building": "yes",
                "source:addr": "ЕГРН",
                "id": "way/856062953"
            },
            "geometry": {
                "type": "Polygon",
                "coordinates": [
                    [
                        [
                            50.6068884,
                            53.2116359
                        ],
                        [
                            50.606856,
                            53.2116148
                        ],
                        [
                            50.6067931,
                            53.2116493
                        ],
                        [
                            50.6067419,
                            53.2116159
                        ],
                        [
                            50.6067301,
                            53.2116224
                        ],
                        [
                            50.6066854,
                            53.2115932
                        ],
                        [
                            50.6068637,
                            53.2114953
                        ],
                        [
                            50.606992,
                            53.211579
                        ],
                        [
                            50.6068884,
                            53.2116359
                        ]
                    ]
                ]
            }
        },
        {
            "type": "Feature",
            "id": "way/856062954",
            "properties": {
                "timestamp": "2023-11-13T15:12:22Z",
                "version": "2",
                "changeset": "143974926",
                "user": "desk77",
                "uid": "3417100",
                "addr:housenumber": "7",
                "addr:street": "Сибирская улица",
                "building": "yes",
                "source:addr": "ЕГРН",
                "id": "way/856062954"
            },
            "geometry": {
                "type": "Polygon",
                "coordinates": [
                    [
                        [
                            50.6059839,
                            53.211525
                        ],
                        [
                            50.6058474,
                            53.2114403
                        ],
                        [
                            50.6060402,
                            53.2113288
                        ],
                        [
                            50.6061089,
                            53.2113715
                        ],
                        [
                            50.6061358,
                            53.2113559
                        ],
                        [
                            50.606246,
                            53.2114243
                        ],
                        [
                            50.6061664,
                            53.2114703
                        ],
                        [
                            50.6061397,
                            53.2114538
                        ],
                        [
                            50.6060584,
                            53.2115008
                        ],
                        [
                            50.6060426,
                            53.2114911
                        ],
                        [
                            50.6059839,
                            53.211525
                        ]
                    ]
                ]
            }
        },
        {
            "type": "Feature",
            "id": "way/856062955",
            "properties": {
                "timestamp": "2023-11-13T15:12:22Z",
                "version": "2",
                "changeset": "143974926",
                "user": "desk77",
                "uid": "3417100",
                "addr:housenumber": "5А",
                "addr:street": "Сибирская улица",
                "building": "yes",
                "source:addr": "ЕГРН",
                "id": "way/856062955"
            },
            "geometry": {
                "type": "Polygon",
                "coordinates": [
                    [
                        [
                            50.6063074,
                            53.211352
                        ],
                        [
                            50.6061514,
                            53.211263
                        ],
                        [
                            50.6062327,
                            53.2112119
                        ],
                        [
                            50.6063888,
                            53.2113008
                        ],
                        [
                            50.6063074,
                            53.211352
                        ]
                    ]
                ]
            }
        },
        {
            "type": "Feature",
            "id": "way/856062956",
            "properties": {
                "timestamp": "2023-11-13T15:12:22Z",
                "version": "2",
                "changeset": "143974926",
                "user": "desk77",
                "uid": "3417100",
                "addr:housenumber": "5",
                "addr:street": "Сибирская улица",
                "building": "yes",
                "source:addr": "ЕГРН",
                "id": "way/856062956"
            },
            "geometry": {
                "type": "Polygon",
                "coordinates": [
                    [
                        [
                            50.6064519,
                            53.2112594
                        ],
                        [
                            50.6062943,
                            53.2111735
                        ],
                        [
                            50.6063864,
                            53.2111129
                        ],
                        [
                            50.606544,
                            53.2111988
                        ],
                        [
                            50.6064519,
                            53.2112594
                        ]
                    ]
                ]
            }
        },
        {
            "type": "Feature",
            "id": "way/856062957",
            "properties": {
                "timestamp": "2020-10-06T17:32:54Z",
                "version": "1",
                "changeset": "92062912",
                "user": "Alasha",
                "uid": "11326940",
                "building": "yes",
                "id": "way/856062957"
            },
            "geometry": {
                "type": "Polygon",
                "coordinates": [
                    [
                        [
                            50.6050143,
                            53.2116229
                        ],
                        [
                            50.6048905,
                            53.2115631
                        ],
                        [
                            50.604995,
                            53.2114855
                        ],
                        [
                            50.6051188,
                            53.2115453
                        ],
                        [
                            50.6050143,
                            53.2116229
                        ]
                    ]
                ]
            }
        },
        {
            "type": "Feature",
            "id": "way/856062958",
            "properties": {
                "timestamp": "2023-11-13T15:12:22Z",
                "version": "2",
                "changeset": "143974926",
                "user": "desk77",
                "uid": "3417100",
                "addr:housenumber": "12",
                "addr:street": "Сибирская улица",
                "building": "yes",
                "source:addr": "ЕГРН",
                "id": "way/856062958"
            },
            "geometry": {
                "type": "Polygon",
                "coordinates": [
                    [
                        [
                            50.6045483,
                            53.211911
                        ],
                        [
                            50.6043045,
                            53.211801
                        ],
                        [
                            50.6043727,
                            53.2117468
                        ],
                        [
                            50.6044723,
                            53.2117917
                        ],
                        [
                            50.604521,
                            53.211753
                        ],
                        [
                            50.6045867,
                            53.2117826
                        ],
                        [
                            50.6046073,
                            53.2117663
                        ],
                        [
                            50.6046858,
                            53.2118017
                        ],
                        [
                            50.6045483,
                            53.211911
                        ]
                    ]
                ]
            }
        },
        {
            "type": "Feature",
            "id": "way/856062959",
            "properties": {
                "timestamp": "2023-11-13T15:12:22Z",
                "version": "2",
                "changeset": "143974926",
                "user": "desk77",
                "uid": "3417100",
                "addr:housenumber": "30",
                "addr:street": "Сибирская улица",
                "building": "yes",
                "source:addr": "ЕГРН",
                "id": "way/856062959"
            },
            "geometry": {
                "type": "Polygon",
                "coordinates": [
                    [
                        [
                            50.6041525,
                            53.2120846
                        ],
                        [
                            50.6040347,
                            53.2120347
                        ],
                        [
                            50.6041323,
                            53.2119521
                        ],
                        [
                            50.6042501,
                            53.212002
                        ],
                        [
                            50.6041525,
                            53.2120846
                        ]
                    ]
                ]
            }
        },
        {
            "type": "Feature",
            "id": "way/856062960",
            "properties": {
                "timestamp": "2023-11-13T15:12:22Z",
                "version": "2",
                "changeset": "143974926",
                "user": "desk77",
                "uid": "3417100",
                "addr:housenumber": "32",
                "addr:street": "Сибирская улица",
                "building": "yes",
                "source:addr": "ЕГРН",
                "id": "way/856062960"
            },
            "geometry": {
                "type": "Polygon",
                "coordinates": [
                    [
                        [
                            50.603907,
                            53.2122168
                        ],
                        [
                            50.6038034,
                            53.212159
                        ],
                        [
                            50.6038979,
                            53.2120983
                        ],
                        [
                            50.6040071,
                            53.2121592
                        ],
                        [
                            50.6039833,
                            53.2121745
                        ],
                        [
                            50.6040037,
                            53.2121859
                        ],
                        [
                            50.6039773,
                            53.2122029
                        ],
                        [
                            50.6039513,
                            53.2121884
                        ],
                        [
                            50.603907,
                            53.2122168
                        ]
                    ]
                ]
            }
        },
        {
            "type": "Feature",
            "id": "way/856062961",
            "properties": {
                "timestamp": "2023-11-13T15:12:22Z",
                "version": "2",
                "changeset": "143974926",
                "user": "desk77",
                "uid": "3417100",
                "addr:housenumber": "14",
                "addr:street": "Сибирская улица",
                "building": "yes",
                "source:addr": "ЕГРН",
                "id": "way/856062961"
            },
            "geometry": {
                "type": "Polygon",
                "coordinates": [
                    [
                        [
                            50.605988,
                            53.2110876
                        ],
                        [
                            50.6058336,
                            53.2110128
                        ],
                        [
                            50.6059158,
                            53.210952
                        ],
                        [
                            50.6060701,
                            53.2110268
                        ],
                        [
                            50.605988,
                            53.2110876
                        ]
                    ]
                ]
            }
        },
        {
            "type": "Feature",
            "id": "way/856062962",
            "properties": {
                "timestamp": "2020-10-06T17:32:54Z",
                "version": "1",
                "changeset": "92062912",
                "user": "Alasha",
                "uid": "11326940",
                "building": "yes",
                "id": "way/856062962"
            },
            "geometry": {
                "type": "Polygon",
                "coordinates": [
                    [
                        [
                            50.6054973,
                            53.2114056
                        ],
                        [
                            50.6053583,
                            53.2113406
                        ],
                        [
                            50.6054255,
                            53.2112891
                        ],
                        [
                            50.6055644,
                            53.2113541
                        ],
                        [
                            50.6054973,
                            53.2114056
                        ]
                    ]
                ]
            }
        },
        {
            "type": "Feature",
            "id": "way/856062963",
            "properties": {
                "timestamp": "2023-11-13T15:12:22Z",
                "version": "2",
                "changeset": "143974926",
                "user": "desk77",
                "uid": "3417100",
                "addr:housenumber": "1В",
                "addr:street": "Сибирская улица",
                "building": "yes",
                "source:addr": "ЕГРН",
                "id": "way/856062963"
            },
            "geometry": {
                "type": "Polygon",
                "coordinates": [
                    [
                        [
                            50.6078197,
                            53.2110199
                        ],
                        [
                            50.607691,
                            53.2109383
                        ],
                        [
                            50.6078287,
                            53.2108604
                        ],
                        [
                            50.6079574,
                            53.2109421
                        ],
                        [
                            50.6078197,
                            53.2110199
                        ]
                    ]
                ]
            }
        },
        {
            "type": "Feature",
            "id": "way/856062964",
            "properties": {
                "timestamp": "2020-10-06T17:32:54Z",
                "version": "1",
                "changeset": "92062912",
                "user": "Alasha",
                "uid": "11326940",
                "building": "yes",
                "id": "way/856062964"
            },
            "geometry": {
                "type": "Polygon",
                "coordinates": [
                    [
                        [
                            50.6076316,
                            53.2111253
                        ],
                        [
                            50.6074681,
                            53.2110366
                        ],
                        [
                            50.6075638,
                            53.2109734
                        ],
                        [
                            50.6077273,
                            53.2110621
                        ],
                        [
                            50.6076316,
                            53.2111253
                        ]
                    ]
                ]
            }
        },
        {
            "type": "Feature",
            "id": "way/856062965",
            "properties": {
                "timestamp": "2023-11-13T15:12:22Z",
                "version": "2",
                "changeset": "143974926",
                "user": "desk77",
                "uid": "3417100",
                "addr:housenumber": "1А",
                "addr:street": "Сибирская улица",
                "building": "yes",
                "source:addr": "ЕГРН",
                "id": "way/856062965"
            },
            "geometry": {
                "type": "Polygon",
                "coordinates": [
                    [
                        [
                            50.6073885,
                            53.2108004
                        ],
                        [
                            50.6072719,
                            53.2107334
                        ],
                        [
                            50.6074558,
                            53.2106187
                        ],
                        [
                            50.6075724,
                            53.2106857
                        ],
                        [
                            50.6073885,
                            53.2108004
                        ]
                    ]
                ]
            }
        },
        {
            "type": "Feature",
            "id": "way/856062966",
            "properties": {
                "timestamp": "2023-11-13T15:12:22Z",
                "version": "2",
                "changeset": "143974926",
                "user": "desk77",
                "uid": "3417100",
                "addr:housenumber": "1А",
                "addr:street": "Раздольная улица",
                "building": "yes",
                "source:addr": "ЕГРН",
                "id": "way/856062966"
            },
            "geometry": {
                "type": "Polygon",
                "coordinates": [
                    [
                        [
                            50.6065989,
                            53.2100734
                        ],
                        [
                            50.6063048,
                            53.2099257
                        ],
                        [
                            50.606426,
                            53.2098392
                        ],
                        [
                            50.6067201,
                            53.2099868
                        ],
                        [
                            50.6065989,
                            53.2100734
                        ]
                    ]
                ]
            }
        },
        {
            "type": "Feature",
            "id": "way/856062967",
            "properties": {
                "timestamp": "2023-11-13T15:12:22Z",
                "version": "2",
                "changeset": "143974926",
                "user": "desk77",
                "uid": "3417100",
                "addr:housenumber": "1А",
                "addr:street": "Ольховая улица",
                "building": "yes",
                "source:addr": "ЕГРН",
                "id": "way/856062967"
            },
            "geometry": {
                "type": "Polygon",
                "coordinates": [
                    [
                        [
                            50.6036609,
                            53.2111161
                        ],
                        [
                            50.6035683,
                            53.2110699
                        ],
                        [
                            50.603544,
                            53.2110874
                        ],
                        [
                            50.6034534,
                            53.2110423
                        ],
                        [
                            50.6034941,
                            53.211013
                        ],
                        [
                            50.6035497,
                            53.2110407
                        ],
                        [
                            50.6036075,
                            53.2109991
                        ],
                        [
                            50.6036364,
                            53.2110135
                        ],
                        [
                            50.6036711,
                            53.2109885
                        ],
                        [
                            50.603725,
                            53.2110153
                        ],
                        [
                            50.603707,
                            53.2110283
                        ],
                        [
                            50.6037519,
                            53.2110507
                        ],
                        [
                            50.6036609,
                            53.2111161
                        ]
                    ]
                ]
            }
        },
        {
            "type": "Feature",
            "id": "way/856062968",
            "properties": {
                "timestamp": "2023-11-13T15:12:22Z",
                "version": "2",
                "changeset": "143974926",
                "user": "desk77",
                "uid": "3417100",
                "addr:housenumber": "3",
                "addr:street": "Ольховая улица",
                "building": "yes",
                "source:addr": "ЕГРН",
                "id": "way/856062968"
            },
            "geometry": {
                "type": "Polygon",
                "coordinates": [
                    [
                        [
                            50.6031799,
                            53.2109334
                        ],
                        [
                            50.603264,
                            53.2108677
                        ],
                        [
                            50.6033135,
                            53.2108903
                        ],
                        [
                            50.6033047,
                            53.2108972
                        ],
                        [
                            50.6033612,
                            53.2109231
                        ],
                        [
                            50.6033883,
                            53.210902
                        ],
                        [
                            50.6034199,
                            53.2109165
                        ],
                        [
                            50.6033175,
                            53.2109965
                        ],
                        [
                            50.6031799,
                            53.2109334
                        ]
                    ]
                ]
            }
        },
        {
            "type": "Feature",
            "id": "way/856062969",
            "properties": {
                "timestamp": "2020-10-06T17:32:54Z",
                "version": "1",
                "changeset": "92062912",
                "user": "Alasha",
                "uid": "11326940",
                "building": "yes",
                "id": "way/856062969"
            },
            "geometry": {
                "type": "Polygon",
                "coordinates": [
                    [
                        [
                            50.6021913,
                            53.2125559
                        ],
                        [
                            50.6020573,
                            53.2124874
                        ],
                        [
                            50.6020848,
                            53.2124681
                        ],
                        [
                            50.6020523,
                            53.2124515
                        ],
                        [
                            50.6020831,
                            53.2124299
                        ],
                        [
                            50.6021041,
                            53.2124407
                        ],
                        [
                            50.6021456,
                            53.2124116
                        ],
                        [
                            50.6022911,
                            53.212486
                        ],
                        [
                            50.6021913,
                            53.2125559
                        ]
                    ]
                ]
            }
        },
        {
            "type": "Feature",
            "id": "way/856062970",
            "properties": {
                "timestamp": "2023-11-13T15:12:22Z",
                "version": "2",
                "changeset": "143974926",
                "user": "desk77",
                "uid": "3417100",
                "addr:housenumber": "41",
                "addr:street": "Загородная улица",
                "building": "yes",
                "source:addr": "ЕГРН",
                "id": "way/856062970"
            },
            "geometry": {
                "type": "Polygon",
                "coordinates": [
                    [
                        [
                            50.6019963,
                            53.2121962
                        ],
                        [
                            50.6019529,
                            53.2121756
                        ],
                        [
                            50.6019367,
                            53.2121878
                        ],
                        [
                            50.6017521,
                            53.2121002
                        ],
                        [
                            50.6018774,
                            53.2120054
                        ],
                        [
                            50.601936,
                            53.2120332
                        ],
                        [
                            50.6019617,
                            53.2120138
                        ],
                        [
                            50.6020216,
                            53.2120422
                        ],
                        [
                            50.6019882,
                            53.2120674
                        ],
                        [
                            50.6020979,
                            53.2121194
                        ],
                        [
                            50.6019963,
                            53.2121962
                        ]
                    ]
                ]
            }
        },
        {
            "type": "Feature",
            "id": "way/856062972",
            "properties": {
                "timestamp": "2023-11-13T15:12:22Z",
                "version": "2",
                "changeset": "143974926",
                "user": "desk77",
                "uid": "3417100",
                "addr:housenumber": "2",
                "addr:street": "Народная улица",
                "building": "yes",
                "source:addr": "ЕГРН",
                "id": "way/856062972"
            },
            "geometry": {
                "type": "Polygon",
                "coordinates": [
                    [
                        [
                            50.5963333,
                            53.2100566
                        ],
                        [
                            50.5964778,
                            53.2099464
                        ],
                        [
                            50.5966097,
                            53.2100085
                        ],
                        [
                            50.5964652,
                            53.2101186
                        ],
                        [
                            50.5963333,
                            53.2100566
                        ]
                    ]
                ]
            }
        },
        {
            "type": "Feature",
            "id": "way/856062973",
            "properties": {
                "timestamp": "2023-11-13T15:12:22Z",
                "version": "2",
                "changeset": "143974926",
                "user": "desk77",
                "uid": "3417100",
                "addr:housenumber": "11",
                "addr:street": "Загородная улица",
                "building": "yes",
                "source:addr": "ЕГРН",
                "id": "way/856062973"
            },
            "geometry": {
                "type": "Polygon",
                "coordinates": [
                    [
                        [
                            50.597514,
                            53.2102264
                        ],
                        [
                            50.5974053,
                            53.2101786
                        ],
                        [
                            50.5973856,
                            53.2101946
                        ],
                        [
                            50.597341,
                            53.210175
                        ],
                        [
                            50.5974533,
                            53.2100835
                        ],
                        [
                            50.5976066,
                            53.210151
                        ],
                        [
                            50.597514,
                            53.2102264
                        ]
                    ]
                ]
            }
        },
        {
            "type": "Feature",
            "id": "way/856062974",
            "properties": {
                "timestamp": "2023-11-13T15:12:22Z",
                "version": "2",
                "changeset": "143974926",
                "user": "desk77",
                "uid": "3417100",
                "addr:housenumber": "15",
                "addr:street": "Народная улица",
                "building": "yes",
                "source:addr": "ЕГРН",
                "id": "way/856062974"
            },
            "geometry": {
                "type": "Polygon",
                "coordinates": [
                    [
                        [
                            50.5963755,
                            53.2105353
                        ],
                        [
                            50.5964273,
                            53.2104623
                        ],
                        [
                            50.5965746,
                            53.2104998
                        ],
                        [
                            50.5965479,
                            53.2105375
                        ],
                        [
                            50.5965232,
                            53.2105312
                        ],
                        [
                            50.5964981,
                            53.2105666
                        ],
                        [
                            50.5963755,
                            53.2105353
                        ]
                    ]
                ]
            }
        },
        {
            "type": "Feature",
            "id": "way/856062975",
            "properties": {
                "timestamp": "2023-11-13T15:12:22Z",
                "version": "2",
                "changeset": "143974926",
                "user": "desk77",
                "uid": "3417100",
                "addr:housenumber": "1",
                "addr:street": "Народная улица",
                "building": "yes",
                "source:addr": "ЕГРН",
                "id": "way/856062975"
            },
            "geometry": {
                "type": "Polygon",
                "coordinates": [
                    [
                        [
                            50.5960765,
                            53.2111324
                        ],
                        [
                            50.5961034,
                            53.2110664
                        ],
                        [
                            50.596245,
                            53.2110871
                        ],
                        [
                            50.5962181,
                            53.2111531
                        ],
                        [
                            50.5960765,
                            53.2111324
                        ]
                    ]
                ]
            }
        },
        {
            "type": "Feature",
            "id": "way/856062976",
            "properties": {
                "timestamp": "2020-10-06T17:32:54Z",
                "version": "1",
                "changeset": "92062912",
                "user": "Alasha",
                "uid": "11326940",
                "building": "yes",
                "id": "way/856062976"
            },
            "geometry": {
                "type": "Polygon",
                "coordinates": [
                    [
                        [
                            50.5991417,
                            53.211781
                        ],
                        [
                            50.5990102,
                            53.2117208
                        ],
                        [
                            50.5991028,
                            53.2116482
                        ],
                        [
                            50.5992076,
                            53.2116962
                        ],
                        [
                            50.5991733,
                            53.2117231
                        ],
                        [
                            50.5991999,
                            53.2117354
                        ],
                        [
                            50.5991417,
                            53.211781
                        ]
                    ]
                ]
            }
        },
        {
            "type": "Feature",
            "id": "way/856062977",
            "properties": {
                "timestamp": "2023-11-13T15:12:22Z",
                "version": "2",
                "changeset": "143974926",
                "user": "desk77",
                "uid": "3417100",
                "addr:housenumber": "35",
                "addr:street": "Загородная улица",
                "building": "yes",
                "source:addr": "ЕГРН",
                "id": "way/856062977"
            },
            "geometry": {
                "type": "Polygon",
                "coordinates": [
                    [
                        [
                            50.6011592,
                            53.2117356
                        ],
                        [
                            50.6011299,
                            53.2117234
                        ],
                        [
                            50.6011091,
                            53.2117413
                        ],
                        [
                            50.6009828,
                            53.2116887
                        ],
                        [
                            50.6010489,
                            53.2116318
                        ],
                        [
                            50.6010975,
                            53.211652
                        ],
                        [
                            50.6011074,
                            53.2116435
                        ],
                        [
                            50.6011319,
                            53.2116538
                        ],
                        [
                            50.6011458,
                            53.2116418
                        ],
                        [
                            50.6012284,
                            53.2116762
                        ],
                        [
                            50.6011592,
                            53.2117356
                        ]
                    ]
                ]
            }
        },
        {
            "type": "Feature",
            "id": "way/856062978",
            "properties": {
                "timestamp": "2023-11-13T15:12:22Z",
                "version": "2",
                "changeset": "143974926",
                "user": "desk77",
                "uid": "3417100",
                "addr:housenumber": "33",
                "addr:street": "Загородная улица",
                "building": "yes",
                "source:addr": "ЕГРН",
                "id": "way/856062978"
            },
            "geometry": {
                "type": "Polygon",
                "coordinates": [
                    [
                        [
                            50.6008818,
                            53.2116341
                        ],
                        [
                            50.6007291,
                            53.2115631
                        ],
                        [
                            50.6007806,
                            53.2115234
                        ],
                        [
                            50.6008025,
                            53.2115336
                        ],
                        [
                            50.6008186,
                            53.2115211
                        ],
                        [
                            50.6008448,
                            53.2115333
                        ],
                        [
                            50.6008653,
                            53.2115174
                        ],
                        [
                            50.6009302,
                            53.2115476
                        ],
                        [
                            50.6009038,
                            53.211568
                        ],
                        [
                            50.6009435,
                            53.2115865
                        ],
                        [
                            50.6008818,
                            53.2116341
                        ]
                    ]
                ]
            }
        },
        {
            "type": "Feature",
            "id": "way/856062980",
            "properties": {
                "timestamp": "2023-11-13T15:12:22Z",
                "version": "2",
                "changeset": "143974926",
                "user": "desk77",
                "uid": "3417100",
                "addr:housenumber": "12",
                "addr:street": "Народная улица",
                "building": "yes",
                "source:addr": "ЕГРН",
                "id": "way/856062980"
            },
            "geometry": {
                "type": "Polygon",
                "coordinates": [
                    [
                        [
                            50.5979975,
                            53.210893
                        ],
                        [
                            50.5978907,
                            53.2108432
                        ],
                        [
                            50.597904,
                            53.2108329
                        ],
                        [
                            50.5978586,
                            53.2108118
                        ],
                        [
                            50.5979534,
                            53.2107388
                        ],
                        [
                            50.5981056,
                            53.2108097
                        ],
                        [
                            50.5979975,
                            53.210893
                        ]
                    ]
                ]
            }
        },
        {
            "type": "Feature",
            "id": "way/856062981",
            "properties": {
                "timestamp": "2020-10-06T17:32:54Z",
                "version": "1",
                "changeset": "92062912",
                "user": "Alasha",
                "uid": "11326940",
                "building": "yes",
                "id": "way/856062981"
            },
            "geometry": {
                "type": "Polygon",
                "coordinates": [
                    [
                        [
                            50.5979582,
                            53.2107113
                        ],
                        [
                            50.5980381,
                            53.2106497
                        ],
                        [
                            50.5981392,
                            53.2106968
                        ],
                        [
                            50.5980593,
                            53.2107584
                        ],
                        [
                            50.5979582,
                            53.2107113
                        ]
                    ]
                ]
            }
        },
        {
            "type": "Feature",
            "id": "way/856062983",
            "properties": {
                "timestamp": "2023-11-13T15:12:22Z",
                "version": "2",
                "changeset": "143974926",
                "user": "desk77",
                "uid": "3417100",
                "addr:housenumber": "28",
                "addr:street": "Свободная улица",
                "building": "yes",
                "source:addr": "ЕГРН",
                "id": "way/856062983"
            },
            "geometry": {
                "type": "Polygon",
                "coordinates": [
                    [
                        [
                            50.5988374,
                            53.2099223
                        ],
                        [
                            50.598915,
                            53.2098432
                        ],
                        [
                            50.5989894,
                            53.2098694
                        ],
                        [
                            50.5989983,
                            53.2098602
                        ],
                        [
                            50.5990409,
                            53.2098752
                        ],
                        [
                            50.5990339,
                            53.2098823
                        ],
                        [
                            50.5990835,
                            53.2098997
                        ],
                        [
                            50.5990039,
                            53.2099809
                        ],
                        [
                            50.5988374,
                            53.2099223
                        ]
                    ]
                ]
            }
        },
        {
            "type": "Feature",
            "id": "way/856062984",
            "properties": {
                "timestamp": "2023-11-13T15:12:22Z",
                "version": "2",
                "changeset": "143974926",
                "user": "desk77",
                "uid": "3417100",
                "addr:housenumber": "26",
                "addr:street": "Свободная улица",
                "building": "yes",
                "source:addr": "ЕГРН",
                "id": "way/856062984"
            },
            "geometry": {
                "type": "Polygon",
                "coordinates": [
                    [
                        [
                            50.5990427,
                            53.2100433
                        ],
                        [
                            50.5991718,
                            53.2099172
                        ],
                        [
                            50.5992328,
                            53.2099397
                        ],
                        [
                            50.5992208,
                            53.2099513
                        ],
                        [
                            50.5992454,
                            53.2099603
                        ],
                        [
                            50.5992576,
                            53.2099485
                        ],
                        [
                            50.5992837,
                            53.2099581
                        ],
                        [
                            50.5992915,
                            53.2099504
                        ],
                        [
                            50.5993344,
                            53.2099661
                        ],
                        [
                            50.5993099,
                            53.20999
                        ],
                        [
                            50.5993565,
                            53.2100071
                        ],
                        [
                            50.5992438,
                            53.2101171
                        ],
                        [
                            50.5990427,
                            53.2100433
                        ]
                    ]
                ]
            }
        },
        {
            "type": "Feature",
            "id": "way/856062985",
            "properties": {
                "timestamp": "2023-11-13T15:12:22Z",
                "version": "2",
                "changeset": "143974926",
                "user": "desk77",
                "uid": "3417100",
                "addr:housenumber": "24",
                "addr:street": "Свободная улица",
                "building": "yes",
                "source:addr": "ЕГРН",
                "id": "way/856062985"
            },
            "geometry": {
                "type": "Polygon",
                "coordinates": [
                    [
                        [
                            50.5993728,
                            53.2101456
                        ],
                        [
                            50.5993952,
                            53.2101257
                        ],
                        [
                            50.5993567,
                            53.2101101
                        ],
                        [
                            50.5994407,
                            53.2100357
                        ],
                        [
                            50.5995038,
                            53.2100613
                        ],
                        [
                            50.5995442,
                            53.2100255
                        ],
                        [
                            50.5996442,
                            53.2100661
                        ],
                        [
                            50.5996085,
                            53.2100976
                        ],
                        [
                            50.5996602,
                            53.2101186
                        ],
                        [
                            50.5995739,
                            53.210195
                        ],
                        [
                            50.5994444,
                            53.2101426
                        ],
                        [
                            50.5994196,
                            53.2101645
                        ],
                        [
                            50.5993728,
                            53.2101456
                        ]
                    ]
                ]
            }
        },
        {
            "type": "Feature",
            "id": "way/856062986",
            "properties": {
                "timestamp": "2023-11-13T15:12:22Z",
                "version": "2",
                "changeset": "143974926",
                "user": "desk77",
                "uid": "3417100",
                "addr:housenumber": "22",
                "addr:street": "Свободная улица",
                "building": "yes",
                "source:addr": "ЕГРН",
                "id": "way/856062986"
            },
            "geometry": {
                "type": "Polygon",
                "coordinates": [
                    [
                        [
                            50.5999297,
                            53.2103016
                        ],
                        [
                            50.5998089,
                            53.2102564
                        ],
                        [
                            50.59989,
                            53.2101788
                        ],
                        [
                            50.599924,
                            53.2101915
                        ],
                        [
                            50.599943,
                            53.2101733
                        ],
                        [
                            50.5999802,
                            53.2101872
                        ],
                        [
                            50.5999617,
                            53.210205
                        ],
                        [
                            50.6000112,
                            53.2102236
                        ],
                        [
                            50.5999297,
                            53.2103016
                        ]
                    ]
                ]
            }
        },
        {
            "type": "Feature",
            "id": "way/856062987",
            "properties": {
                "timestamp": "2023-11-13T15:12:22Z",
                "version": "2",
                "changeset": "143974926",
                "user": "desk77",
                "uid": "3417100",
                "addr:housenumber": "14А",
                "addr:street": "Загородная улица",
                "building": "yes",
                "source:addr": "ЕГРН",
                "id": "way/856062987"
            },
            "geometry": {
                "type": "Polygon",
                "coordinates": [
                    [
                        [
                            50.5993583,
                            53.2106813
                        ],
                        [
                            50.5994759,
                            53.2105706
                        ],
                        [
                            50.5996155,
                            53.2106239
                        ],
                        [
                            50.599498,
                            53.2107345
                        ],
                        [
                            50.5993583,
                            53.2106813
                        ]
                    ]
                ]
            }
        },
        {
            "type": "Feature",
            "id": "way/856062988",
            "properties": {
                "timestamp": "2023-11-13T15:12:22Z",
                "version": "2",
                "changeset": "143974926",
                "user": "desk77",
                "uid": "3417100",
                "addr:housenumber": "14Б",
                "addr:street": "Загородная улица",
                "building": "yes",
                "source:addr": "ЕГРН",
                "id": "way/856062988"
            },
            "geometry": {
                "type": "Polygon",
                "coordinates": [
                    [
                        [
                            50.5996556,
                            53.2107939
                        ],
                        [
                            50.5997101,
                            53.2107456
                        ],
                        [
                            50.5996344,
                            53.2107149
                        ],
                        [
                            50.5997298,
                            53.2106304
                        ],
                        [
                            50.5998664,
                            53.2106856
                        ],
                        [
                            50.5997165,
                            53.2108185
                        ],
                        [
                            50.5996556,
                            53.2107939
                        ]
                    ]
                ]
            }
        },
        {
            "type": "Feature",
            "id": "way/856062989",
            "properties": {
                "timestamp": "2023-11-13T15:12:22Z",
                "version": "2",
                "changeset": "143974926",
                "user": "desk77",
                "uid": "3417100",
                "addr:housenumber": "16",
                "addr:street": "Свободная улица",
                "building": "yes",
                "source:addr": "ЕГРН",
                "id": "way/856062989"
            },
            "geometry": {
                "type": "Polygon",
                "coordinates": [
                    [
                        [
                            50.6008573,
                            53.2106415
                        ],
                        [
                            50.6006628,
                            53.2105661
                        ],
                        [
                            50.600758,
                            53.210478
                        ],
                        [
                            50.6009526,
                            53.2105534
                        ],
                        [
                            50.6008573,
                            53.2106415
                        ]
                    ]
                ]
            }
        },
        {
            "type": "Feature",
            "id": "way/856062990",
            "properties": {
                "timestamp": "2023-11-13T15:12:22Z",
                "version": "2",
                "changeset": "143974926",
                "user": "desk77",
                "uid": "3417100",
                "addr:housenumber": "10А",
                "addr:street": "Свободная улица",
                "building": "yes",
                "source:addr": "ЕГРН",
                "id": "way/856062990"
            },
            "geometry": {
                "type": "Polygon",
                "coordinates": [
                    [
                        [
                            50.6014938,
                            53.2108777
                        ],
                        [
                            50.6015907,
                            53.2107842
                        ],
                        [
                            50.6016951,
                            53.2108229
                        ],
                        [
                            50.6016723,
                            53.2108448
                        ],
                        [
                            50.6016972,
                            53.2108541
                        ],
                        [
                            50.601676,
                            53.2108745
                        ],
                        [
                            50.6016577,
                            53.2108677
                        ],
                        [
                            50.6016047,
                            53.2109189
                        ],
                        [
                            50.6014938,
                            53.2108777
                        ]
                    ]
                ]
            }
        },
        {
            "type": "Feature",
            "id": "way/856062991",
            "properties": {
                "timestamp": "2023-11-13T15:12:22Z",
                "version": "2",
                "changeset": "143974926",
                "user": "desk77",
                "uid": "3417100",
                "addr:housenumber": "10",
                "addr:street": "Свободная улица",
                "building": "yes",
                "source:addr": "ЕГРН",
                "id": "way/856062991"
            },
            "geometry": {
                "type": "Polygon",
                "coordinates": [
                    [
                        [
                            50.6017867,
                            53.2110694
                        ],
                        [
                            50.6016429,
                            53.2110101
                        ],
                        [
                            50.601757,
                            53.2109108
                        ],
                        [
                            50.6019008,
                            53.2109701
                        ],
                        [
                            50.6017867,
                            53.2110694
                        ]
                    ]
                ]
            }
        },
        {
            "type": "Feature",
            "id": "way/856062992",
            "properties": {
                "timestamp": "2023-11-13T15:12:22Z",
                "version": "2",
                "changeset": "143974926",
                "user": "desk77",
                "uid": "3417100",
                "addr:housenumber": "8",
                "addr:street": "Свободная улица",
                "building": "yes",
                "source:addr": "ЕГРН",
                "id": "way/856062992"
            },
            "geometry": {
                "type": "Polygon",
                "coordinates": [
                    [
                        [
                            50.6021102,
                            53.211096
                        ],
                        [
                            50.6020761,
                            53.2110821
                        ],
                        [
                            50.602052,
                            53.2111034
                        ],
                        [
                            50.6018984,
                            53.211041
                        ],
                        [
                            50.6019906,
                            53.2109595
                        ],
                        [
                            50.6021784,
                            53.2110357
                        ],
                        [
                            50.6021102,
                            53.211096
                        ]
                    ]
                ]
            }
        },
        {
            "type": "Feature",
            "id": "way/856062993",
            "properties": {
                "timestamp": "2023-11-13T15:12:22Z",
                "version": "2",
                "changeset": "143974926",
                "user": "desk77",
                "uid": "3417100",
                "addr:housenumber": "9",
                "addr:street": "Свободная улица",
                "building": "yes",
                "source:addr": "ЕГРН",
                "id": "way/856062993"
            },
            "geometry": {
                "type": "Polygon",
                "coordinates": [
                    [
                        [
                            50.6014402,
                            53.2105508
                        ],
                        [
                            50.601533,
                            53.21046
                        ],
                        [
                            50.6016496,
                            53.2105027
                        ],
                        [
                            50.6015567,
                            53.2105936
                        ],
                        [
                            50.6014402,
                            53.2105508
                        ]
                    ]
                ]
            }
        },
        {
            "type": "Feature",
            "id": "way/856062994",
            "properties": {
                "timestamp": "2023-11-13T15:12:22Z",
                "version": "2",
                "changeset": "143974926",
                "user": "desk77",
                "uid": "3417100",
                "addr:housenumber": "17",
                "addr:street": "Свободная улица",
                "building": "yes",
                "source:addr": "ЕГРН",
                "id": "way/856062994"
            },
            "geometry": {
                "type": "Polygon",
                "coordinates": [
                    [
                        [
                            50.6001591,
                            53.2100794
                        ],
                        [
                            50.6002105,
                            53.2100294
                        ],
                        [
                            50.6002344,
                            53.2100382
                        ],
                        [
                            50.6002671,
                            53.2100064
                        ],
                        [
                            50.6004228,
                            53.210064
                        ],
                        [
                            50.6003385,
                            53.2101457
                        ],
                        [
                            50.6001591,
                            53.2100794
                        ]
                    ]
                ]
            }
        },
        {
            "type": "Feature",
            "id": "way/856062995",
            "properties": {
                "timestamp": "2023-11-13T15:12:22Z",
                "version": "2",
                "changeset": "143974926",
                "user": "desk77",
                "uid": "3417100",
                "addr:housenumber": "17А",
                "addr:street": "Свободная улица",
                "building": "yes",
                "source:addr": "ЕГРН",
                "id": "way/856062995"
            },
            "geometry": {
                "type": "Polygon",
                "coordinates": [
                    [
                        [
                            50.6001829,
                            53.2099334
                        ],
                        [
                            50.6002505,
                            53.2098611
                        ],
                        [
                            50.6003858,
                            53.2099065
                        ],
                        [
                            50.6003182,
                            53.2099788
                        ],
                        [
                            50.6001829,
                            53.2099334
                        ]
                    ]
                ]
            }
        },
        {
            "type": "Feature",
            "id": "way/856062996",
            "properties": {
                "timestamp": "2020-10-06T17:32:54Z",
                "version": "1",
                "changeset": "92062912",
                "user": "Alasha",
                "uid": "11326940",
                "building": "yes",
                "id": "way/856062996"
            },
            "geometry": {
                "type": "Polygon",
                "coordinates": [
                    [
                        [
                            50.6006631,
                            53.2097927
                        ],
                        [
                            50.6008042,
                            53.2096488
                        ],
                        [
                            50.6009338,
                            53.2096944
                        ],
                        [
                            50.6007928,
                            53.2098383
                        ],
                        [
                            50.6006631,
                            53.2097927
                        ]
                    ]
                ]
            }
        },
        {
            "type": "Feature",
            "id": "way/1354639884",
            "properties": {
                "timestamp": "2025-01-27T13:03:40Z",
                "version": "1",
                "changeset": "161817556",
                "user": "maxlax",
                "uid": "15972813",
                "landuse": "allotments",
                "name": "СДТ Локомотивного депо",
                "id": "way/1354639884"
            },
            "geometry": {
                "type": "Polygon",
                "coordinates": [
                    [
                        [
                            50.6075504,
                            53.2103002
                        ],
                        [
                            50.6081083,
                            53.2099147
                        ],
                        [
                            50.6081191,
                            53.2088096
                        ],
                        [
                            50.6079689,
                            53.2081349
                        ],
                        [
                            50.6111553,
                            53.20791
                        ],
                        [
                            50.6130114,
                            53.2073252
                        ],
                        [
                            50.6137839,
                            53.2071774
                        ],
                        [
                            50.6159082,
                            53.2085204
                        ],
                        [
                            50.6162301,
                            53.2102167
                        ],
                        [
                            50.6123033,
                            53.212941
                        ],
                        [
                            50.6097874,
                            53.2116206
                        ],
                        [
                            50.6080589,
                            53.2106615
                        ],
                        [
                            50.6075504,
                            53.2103002
                        ]
                    ]
                ]
            }
        },
        {
            "type": "Feature",
            "id": "way/1354642530",
            "properties": {
                "timestamp": "2025-01-27T13:16:21Z",
                "version": "1",
                "changeset": "161817963",
                "user": "maxlax",
                "uid": "15972813",
                "landuse": "allotments",
                "name": "СДТ Горпищекомбината",
                "id": "way/1354642530"
            },
            "geometry": {
                "type": "Polygon",
                "coordinates": [
                    [
                        [
                            50.5975225,
                            53.2057827
                        ],
                        [
                            50.597672,
                            53.2060791
                        ],
                        [
                            50.5973918,
                            53.2070077
                        ],
                        [
                            50.5970088,
                            53.2083279
                        ],
                        [
                            50.5983725,
                            53.2087307
                        ],
                        [
                            50.5973077,
                            53.2098606
                        ],
                        [
                            50.5960281,
                            53.2094019
                        ],
                        [
                            50.5956639,
                            53.2097263
                        ],
                        [
                            50.5942722,
                            53.2090831
                        ],
                        [
                            50.5952903,
                            53.2080762
                        ],
                        [
                            50.5964951,
                            53.2065882
                        ],
                        [
                            50.5969154,
                            53.2060735
                        ],
                        [
                            50.5975225,
                            53.2057827
                        ]
                    ]
                ]
            }
        },
        {
            "type": "Feature",
            "id": "way/1354642531",
            "properties": {
                "timestamp": "2026-04-21T04:29:45Z",
                "version": "2",
                "changeset": "181608189",
                "user": "Grass-snake",
                "uid": "11321493",
                "landuse": "allotments",
                "name": "СДТ Станции Кинель",
                "name:ru": "СДТ Станции Кинель",
                "place": "neighbourhood",
                "id": "way/1354642531"
            },
            "geometry": {
                "type": "Polygon",
                "coordinates": [
                    [
                        [
                            50.5921587,
                            53.213524
                        ],
                        [
                            50.5923859,
                            53.2129863
                        ],
                        [
                            50.5913666,
                            53.2125073
                        ],
                        [
                            50.5908075,
                            53.2124437
                        ],
                        [
                            50.5896961,
                            53.2131813
                        ],
                        [
                            50.5894059,
                            53.2131304
                        ],
                        [
                            50.589052,
                            53.2129439
                        ],
                        [
                            50.5889458,
                            53.2127489
                        ],
                        [
                            50.5890018,
                            53.2125508
                        ],
                        [
                            50.5891419,
                            53.2119635
                        ],
                        [
                            50.5890111,
                            53.2113258
                        ],
                        [
                            50.5889924,
                            53.2105148
                        ],
                        [
                            50.5891886,
                            53.2103694
                        ],
                        [
                            50.5898144,
                            53.2102351
                        ],
                        [
                            50.5909819,
                            53.210291
                        ],
                        [
                            50.5916263,
                            53.2101792
                        ],
                        [
                            50.592168,
                            53.2096758
                        ],
                        [
                            50.5924296,
                            53.2096869
                        ],
                        [
                            50.5936718,
                            53.2097485
                        ],
                        [
                            50.5941014,
                            53.2098939
                        ],
                        [
                            50.5951568,
                            53.2102463
                        ],
                        [
                            50.5952969,
                            53.2108001
                        ],
                        [
                            50.5956143,
                            53.2113266
                        ],
                        [
                            50.5958667,
                            53.2117453
                        ],
                        [
                            50.5959227,
                            53.2123382
                        ],
                        [
                            50.5953343,
                            53.2128081
                        ],
                        [
                            50.5942602,
                            53.2133003
                        ],
                        [
                            50.593102,
                            53.2137142
                        ],
                        [
                            50.5921587,
                            53.213524
                        ]
                    ]
                ]
            }
        },
        {
            "type": "Feature",
            "id": "way/1354642532",
            "properties": {
                "timestamp": "2025-01-27T13:16:21Z",
                "version": "1",
                "changeset": "161817963",
                "user": "maxlax",
                "uid": "15972813",
                "landuse": "allotments",
                "name": "СДТ НГЧ-5",
                "id": "way/1354642532"
            },
            "geometry": {
                "type": "Polygon",
                "coordinates": [
                    [
                        [
                            50.5956143,
                            53.2113266
                        ],
                        [
                            50.5960088,
                            53.2112495
                        ],
                        [
                            50.59691,
                            53.2113651
                        ],
                        [
                            50.5982296,
                            53.2117699
                        ],
                        [
                            50.593863,
                            53.214584
                        ],
                        [
                            50.593466,
                            53.2149181
                        ],
                        [
                            50.5920069,
                            53.2164921
                        ],
                        [
                            50.5901508,
                            53.2163379
                        ],
                        [
                            50.5909662,
                            53.2157725
                        ],
                        [
                            50.5910628,
                            53.2149695
                        ],
                        [
                            50.5914597,
                            53.2142242
                        ],
                        [
                            50.5915348,
                            53.2138965
                        ],
                        [
                            50.5921587,
                            53.213524
                        ],
                        [
                            50.593102,
                            53.2137142
                        ],
                        [
                            50.5942602,
                            53.2133003
                        ],
                        [
                            50.5953343,
                            53.2128081
                        ],
                        [
                            50.5959227,
                            53.2123382
                        ],
                        [
                            50.5958667,
                            53.2117453
                        ],
                        [
                            50.5956143,
                            53.2113266
                        ]
                    ]
                ]
            }
        },
        {
            "type": "Feature",
            "id": "way/1354642533",
            "properties": {
                "timestamp": "2025-09-25T06:44:21Z",
                "version": "2",
                "changeset": "172423641",
                "user": "Yurii_l",
                "uid": "21551524",
                "landuse": "allotments",
                "name": "СДТ «Хлебозавода»",
                "place": "neighbourhood",
                "id": "way/1354642533"
            },
            "geometry": {
                "type": "Polygon",
                "coordinates": [
                    [
                        [
                            50.6065659,
                            53.2096817
                        ],
                        [
                            50.6072848,
                            53.2103499
                        ],
                        [
                            50.5975218,
                            53.2168649
                        ],
                        [
                            50.5917001,
                            53.2203994
                        ],
                        [
                            50.5883826,
                            53.2212367
                        ],
                        [
                            50.5868865,
                            53.2207694
                        ],
                        [
                            50.5870654,
                            53.220672
                        ],
                        [
                            50.5866101,
                            53.2203897
                        ],
                        [
                            50.5898625,
                            53.2195718
                        ],
                        [
                            50.5944754,
                            53.2168407
                        ],
                        [
                            50.6011631,
                            53.2128809
                        ],
                        [
                            50.6065659,
                            53.2096817
                        ]
                    ]
                ]
            }
        },
        {
            "type": "Feature",
            "id": "way/1354642536",
            "properties": {
                "timestamp": "2025-01-27T13:16:21Z",
                "version": "1",
                "changeset": "161817963",
                "user": "maxlax",
                "uid": "15972813",
                "landuse": "allotments",
                "name": "СДТ Локомотивного депо",
                "id": "way/1354642536"
            },
            "geometry": {
                "type": "Polygon",
                "coordinates": [
                    [
                        [
                            50.5982296,
                            53.2117699
                        ],
                        [
                            50.5985985,
                            53.2118951
                        ],
                        [
                            50.6011631,
                            53.2128809
                        ],
                        [
                            50.5944754,
                            53.2168407
                        ],
                        [
                            50.5920069,
                            53.2164921
                        ],
                        [
                            50.593466,
                            53.2149181
                        ],
                        [
                            50.593863,
                            53.214584
                        ],
                        [
                            50.5982296,
                            53.2117699
                        ]
                    ]
                ]
            }
        },
        {
            "type": "Feature",
            "id": "way/1374036397",
            "properties": {
                "timestamp": "2025-04-02T07:19:31Z",
                "version": "1",
                "changeset": "164405567",
                "user": "maxlax",
                "uid": "15972813",
                "landuse": "residential",
                "id": "way/1374036397"
            },
            "geometry": {
                "type": "Polygon",
                "coordinates": [
                    [
                        [
                            50.6027077,
                            53.2132735
                        ],
                        [
                            50.6073667,
                            53.2104542
                        ],
                        [
                            50.610676,
                            53.2124506
                        ],
                        [
                            50.6065455,
                            53.2149923
                        ],
                        [
                            50.6045453,
                            53.2141499
                        ],
                        [
                            50.6027077,
                            53.2132735
                        ]
                    ]
                ]
            }
        },
        {
            "type": "Feature",
            "id": "way/1375765867",
            "properties": {
                "timestamp": "2025-04-08T04:22:43Z",
                "version": "1",
                "changeset": "164659647",
                "user": "maxlax",
                "uid": "15972813",
                "building": "yes",
                "id": "way/1375765867"
            },
            "geometry": {
                "type": "Polygon",
                "coordinates": [
                    [
                        [
                            50.6076433,
                            53.2098485
                        ],
                        [
                            50.6077413,
                            53.2097873
                        ],
                        [
                            50.6078902,
                            53.2098728
                        ],
                        [
                            50.6077921,
                            53.209934
                        ],
                        [
                            50.6076433,
                            53.2098485
                        ]
                    ]
                ]
            }
        },
        {
            "type": "Feature",
            "id": "way/1375765872",
            "properties": {
                "timestamp": "2026-05-24T20:52:21Z",
                "version": "2",
                "changeset": "183126912",
                "user": "neygenius",
                "uid": "24015564",
                "landuse": "residential",
                "id": "way/1375765872"
            },
            "geometry": {
                "type": "Polygon",
                "coordinates": [
                    [
                        [
                            50.5956645,
                            53.2111768
                        ],
                        [
                            50.5956676,
                            53.209852
                        ],
                        [
                            50.5960881,
                            53.2094765
                        ],
                        [
                            50.5973377,
                            53.2099598
                        ],
                        [
                            50.5984749,
                            53.2087615
                        ],
                        [
                            50.5970587,
                            53.2082956
                        ],
                        [
                            50.597343,
                            53.2073286
                        ],
                        [
                            50.5975522,
                            53.2069784
                        ],
                        [
                            50.5976112,
                            53.2064257
                        ],
                        [
                            50.597917,
                            53.2058538
                        ],
                        [
                            50.5985178,
                            53.205012
                        ],
                        [
                            50.5984695,
                            53.2048289
                        ],
                        [
                            50.5989631,
                            53.2046715
                        ],
                        [
                            50.600213,
                            53.2048932
                        ],
                        [
                            50.6006475,
                            53.2044305
                        ],
                        [
                            50.6010927,
                            53.2046136
                        ],
                        [
                            50.6010176,
                            53.2048835
                        ],
                        [
                            50.6033136,
                            53.2055968
                        ],
                        [
                            50.6056364,
                            53.2061526
                        ],
                        [
                            50.6087639,
                            53.2066571
                        ],
                        [
                            50.6102605,
                            53.2065896
                        ],
                        [
                            50.6115373,
                            53.2057285
                        ],
                        [
                            50.6146647,
                            53.2042634
                        ],
                        [
                            50.6152494,
                            53.2047486
                        ],
                        [
                            50.6160702,
                            53.2046265
                        ],
                        [
                            50.6173286,
                            53.2054023
                        ],
                        [
                            50.6190275,
                            53.2089761
                        ],
                        [
                            50.6181851,
                            53.2090821
                        ],
                        [
                            50.6161536,
                            53.2084378
                        ],
                        [
                            50.6158209,
                            53.2083445
                        ],
                        [
                            50.6137965,
                            53.2071363
                        ],
                        [
                            50.6111492,
                            53.2078697
                        ],
                        [
                            50.6078648,
                            53.2081029
                        ],
                        [
                            50.6080135,
                            53.2098028
                        ],
                        [
                            50.6076682,
                            53.2100471
                        ],
                        [
                            50.607426,
                            53.2102097
                        ],
                        [
                            50.6064492,
                            53.2095908
                        ],
                        [
                            50.6022517,
                            53.2120664
                        ],
                        [
                            50.6009492,
                            53.2127362
                        ],
                        [
                            50.5971198,
                            53.211261
                        ],
                        [
                            50.5956645,
                            53.2111768
                        ]
                    ]
                ]
            }
        },
        {
            "type": "Feature",
            "id": "way/1375765873",
            "properties": {
                "timestamp": "2025-04-08T04:22:43Z",
                "version": "1",
                "changeset": "164659647",
                "user": "maxlax",
                "uid": "15972813",
                "building": "yes",
                "id": "way/1375765873"
            },
            "geometry": {
                "type": "Polygon",
                "coordinates": [
                    [
                        [
                            50.597017,
                            53.2108676
                        ],
                        [
                            50.597127,
                            53.2107725
                        ],
                        [
                            50.5972194,
                            53.2108108
                        ],
                        [
                            50.5971093,
                            53.2109059
                        ],
                        [
                            50.597017,
                            53.2108676
                        ]
                    ]
                ]
            }
        },
        {
            "type": "Feature",
            "id": "way/1375765874",
            "properties": {
                "timestamp": "2025-04-08T04:22:43Z",
                "version": "1",
                "changeset": "164659647",
                "user": "maxlax",
                "uid": "15972813",
                "building": "yes",
                "id": "way/1375765874"
            },
            "geometry": {
                "type": "Polygon",
                "coordinates": [
                    [
                        [
                            50.5971749,
                            53.2109486
                        ],
                        [
                            50.5972418,
                            53.2108894
                        ],
                        [
                            50.5973429,
                            53.2109304
                        ],
                        [
                            50.597276,
                            53.2109896
                        ],
                        [
                            50.5971749,
                            53.2109486
                        ]
                    ]
                ]
            }
        },
        {
            "type": "Feature",
            "id": "way/1375765875",
            "properties": {
                "timestamp": "2025-04-08T04:22:43Z",
                "version": "1",
                "changeset": "164659647",
                "user": "maxlax",
                "uid": "15972813",
                "building": "yes",
                "id": "way/1375765875"
            },
            "geometry": {
                "type": "Polygon",
                "coordinates": [
                    [
                        [
                            50.5985248,
                            53.2115785
                        ],
                        [
                            50.5986315,
                            53.2114798
                        ],
                        [
                            50.5987637,
                            53.2115311
                        ],
                        [
                            50.5986569,
                            53.2116298
                        ],
                        [
                            50.5985248,
                            53.2115785
                        ]
                    ]
                ]
            }
        },
        {
            "type": "Feature",
            "id": "way/1375765876",
            "properties": {
                "timestamp": "2025-04-08T04:22:43Z",
                "version": "1",
                "changeset": "164659647",
                "user": "maxlax",
                "uid": "15972813",
                "building": "yes",
                "id": "way/1375765876"
            },
            "geometry": {
                "type": "Polygon",
                "coordinates": [
                    [
                        [
                            50.5992474,
                            53.2118705
                        ],
                        [
                            50.5993505,
                            53.2117818
                        ],
                        [
                            50.5995527,
                            53.2118661
                        ],
                        [
                            50.5994797,
                            53.2119289
                        ],
                        [
                            50.5994086,
                            53.2118993
                        ],
                        [
                            50.5993786,
                            53.2119252
                        ],
                        [
                            50.5992474,
                            53.2118705
                        ]
                    ]
                ]
            }
        },
        {
            "type": "Feature",
            "id": "way/1375765877",
            "properties": {
                "timestamp": "2025-04-08T04:22:43Z",
                "version": "1",
                "changeset": "164659647",
                "user": "maxlax",
                "uid": "15972813",
                "building": "yes",
                "id": "way/1375765877"
            },
            "geometry": {
                "type": "Polygon",
                "coordinates": [
                    [
                        [
                            50.5995057,
                            53.2119665
                        ],
                        [
                            50.5995978,
                            53.2118914
                        ],
                        [
                            50.5997155,
                            53.2119432
                        ],
                        [
                            50.5996234,
                            53.2120183
                        ],
                        [
                            50.5995057,
                            53.2119665
                        ]
                    ]
                ]
            }
        },
        {
            "type": "Feature",
            "id": "way/1375765878",
            "properties": {
                "timestamp": "2025-04-08T04:22:43Z",
                "version": "1",
                "changeset": "164659647",
                "user": "maxlax",
                "uid": "15972813",
                "building": "yes",
                "id": "way/1375765878"
            },
            "geometry": {
                "type": "Polygon",
                "coordinates": [
                    [
                        [
                            50.5996647,
                            53.2120512
                        ],
                        [
                            50.5997644,
                            53.2119698
                        ],
                        [
                            50.599895,
                            53.2120272
                        ],
                        [
                            50.5997952,
                            53.2121086
                        ],
                        [
                            50.5996647,
                            53.2120512
                        ]
                    ]
                ]
            }
        },
        {
            "type": "Feature",
            "id": "way/1375765879",
            "properties": {
                "timestamp": "2025-04-08T04:22:43Z",
                "version": "1",
                "changeset": "164659647",
                "user": "maxlax",
                "uid": "15972813",
                "building": "yes",
                "id": "way/1375765879"
            },
            "geometry": {
                "type": "Polygon",
                "coordinates": [
                    [
                        [
                            50.5998267,
                            53.2121411
                        ],
                        [
                            50.599934,
                            53.212044
                        ],
                        [
                            50.6000722,
                            53.2120988
                        ],
                        [
                            50.599965,
                            53.2121959
                        ],
                        [
                            50.5998267,
                            53.2121411
                        ]
                    ]
                ]
            }
        },
        {
            "type": "Feature",
            "id": "way/1375765880",
            "properties": {
                "timestamp": "2025-04-08T04:22:43Z",
                "version": "1",
                "changeset": "164659647",
                "user": "maxlax",
                "uid": "15972813",
                "building": "yes",
                "id": "way/1375765880"
            },
            "geometry": {
                "type": "Polygon",
                "coordinates": [
                    [
                        [
                            50.6000733,
                            53.2113554
                        ],
                        [
                            50.6001821,
                            53.2112713
                        ],
                        [
                            50.6003303,
                            53.2113401
                        ],
                        [
                            50.6002215,
                            53.2114241
                        ],
                        [
                            50.6000733,
                            53.2113554
                        ]
                    ]
                ]
            }
        },
        {
            "type": "Feature",
            "id": "way/1375765881",
            "properties": {
                "timestamp": "2025-04-08T04:22:43Z",
                "version": "1",
                "changeset": "164659647",
                "user": "maxlax",
                "uid": "15972813",
                "building": "yes",
                "id": "way/1375765881"
            },
            "geometry": {
                "type": "Polygon",
                "coordinates": [
                    [
                        [
                            50.5981706,
                            53.2106002
                        ],
                        [
                            50.5982909,
                            53.2104951
                        ],
                        [
                            50.5984007,
                            53.2105402
                        ],
                        [
                            50.5984755,
                            53.210475
                        ],
                        [
                            50.5986081,
                            53.2105295
                        ],
                        [
                            50.5984999,
                            53.210624
                        ],
                        [
                            50.5984718,
                            53.2106124
                        ],
                        [
                            50.5983849,
                            53.2106882
                        ],
                        [
                            50.5981706,
                            53.2106002
                        ]
                    ]
                ]
            }
        },
        {
            "type": "Feature",
            "id": "way/1375765882",
            "properties": {
                "timestamp": "2025-04-08T04:22:43Z",
                "version": "1",
                "changeset": "164659647",
                "user": "maxlax",
                "uid": "15972813",
                "addr:street": "Загородная улица",
                "building": "yes",
                "source:addr": "ЕГРН",
                "id": "way/1375765882"
            },
            "geometry": {
                "type": "Polygon",
                "coordinates": [
                    [
                        [
                            50.5974518,
                            53.2098619
                        ],
                        [
                            50.5975564,
                            53.2097535
                        ],
                        [
                            50.5976737,
                            53.2097942
                        ],
                        [
                            50.5975691,
                            53.2099025
                        ],
                        [
                            50.5974518,
                            53.2098619
                        ]
                    ]
                ]
            }
        },
        {
            "type": "Feature",
            "id": "way/1375765883",
            "properties": {
                "timestamp": "2025-04-08T04:22:43Z",
                "version": "1",
                "changeset": "164659647",
                "user": "maxlax",
                "uid": "15972813",
                "building": "yes",
                "id": "way/1375765883"
            },
            "geometry": {
                "type": "Polygon",
                "coordinates": [
                    [
                        [
                            50.60046,
                            53.2101583
                        ],
                        [
                            50.6005569,
                            53.2100627
                        ],
                        [
                            50.6006843,
                            53.2101091
                        ],
                        [
                            50.6005874,
                            53.2102047
                        ],
                        [
                            50.60046,
                            53.2101583
                        ]
                    ]
                ]
            }
        },
        {
            "type": "Feature",
            "id": "way/1375765884",
            "properties": {
                "timestamp": "2025-04-08T04:22:43Z",
                "version": "1",
                "changeset": "164659647",
                "user": "maxlax",
                "uid": "15972813",
                "building": "yes",
                "id": "way/1375765884"
            },
            "geometry": {
                "type": "Polygon",
                "coordinates": [
                    [
                        [
                            50.6018189,
                            53.2106584
                        ],
                        [
                            50.6019244,
                            53.2105547
                        ],
                        [
                            50.6020596,
                            53.2106039
                        ],
                        [
                            50.6019541,
                            53.2107077
                        ],
                        [
                            50.6018189,
                            53.2106584
                        ]
                    ]
                ]
            }
        },
        {
            "type": "Feature",
            "id": "way/1375765885",
            "properties": {
                "timestamp": "2025-04-08T04:22:43Z",
                "version": "1",
                "changeset": "164659647",
                "user": "maxlax",
                "uid": "15972813",
                "building": "yes",
                "id": "way/1375765885"
            },
            "geometry": {
                "type": "Polygon",
                "coordinates": [
                    [
                        [
                            50.6020969,
                            53.2106958
                        ],
                        [
                            50.6022083,
                            53.2105968
                        ],
                        [
                            50.6023634,
                            53.2106594
                        ],
                        [
                            50.6022521,
                            53.2107584
                        ],
                        [
                            50.6020969,
                            53.2106958
                        ]
                    ]
                ]
            }
        },
        {
            "type": "Feature",
            "id": "way/1375765886",
            "properties": {
                "timestamp": "2025-04-08T04:22:43Z",
                "version": "1",
                "changeset": "164659647",
                "user": "maxlax",
                "uid": "15972813",
                "landuse": "construction",
                "id": "way/1375765886"
            },
            "geometry": {
                "type": "Polygon",
                "coordinates": [
                    [
                        [
                            50.6022917,
                            53.2108208
                        ],
                        [
                            50.6024155,
                            53.2107191
                        ],
                        [
                            50.6025327,
                            53.2107703
                        ],
                        [
                            50.6024089,
                            53.2108719
                        ],
                        [
                            50.6022917,
                            53.2108208
                        ]
                    ]
                ]
            }
        },
        {
            "type": "Feature",
            "id": "way/1375765887",
            "properties": {
                "timestamp": "2025-04-08T04:22:43Z",
                "version": "1",
                "changeset": "164659647",
                "user": "maxlax",
                "uid": "15972813",
                "building": "yes",
                "id": "way/1375765887"
            },
            "geometry": {
                "type": "Polygon",
                "coordinates": [
                    [
                        [
                            50.6016719,
                            53.2115784
                        ],
                        [
                            50.6017509,
                            53.2115106
                        ],
                        [
                            50.6018531,
                            53.2115533
                        ],
                        [
                            50.6017741,
                            53.2116211
                        ],
                        [
                            50.6016719,
                            53.2115784
                        ]
                    ]
                ]
            }
        },
        {
            "type": "Feature",
            "id": "way/1375765888",
            "properties": {
                "timestamp": "2025-04-08T04:22:43Z",
                "version": "1",
                "changeset": "164659647",
                "user": "maxlax",
                "uid": "15972813",
                "building": "yes",
                "id": "way/1375765888"
            },
            "geometry": {
                "type": "Polygon",
                "coordinates": [
                    [
                        [
                            50.6019169,
                            53.2116679
                        ],
                        [
                            50.6020266,
                            53.2115781
                        ],
                        [
                            50.6021338,
                            53.211625
                        ],
                        [
                            50.6020241,
                            53.2117148
                        ],
                        [
                            50.6019169,
                            53.2116679
                        ]
                    ]
                ]
            }
        },
        {
            "type": "Feature",
            "id": "way/1375765889",
            "properties": {
                "timestamp": "2025-04-08T04:22:43Z",
                "version": "1",
                "changeset": "164659647",
                "user": "maxlax",
                "uid": "15972813",
                "building": "yes",
                "id": "way/1375765889"
            },
            "geometry": {
                "type": "Polygon",
                "coordinates": [
                    [
                        [
                            50.602352,
                            53.2113039
                        ],
                        [
                            50.6024616,
                            53.2112141
                        ],
                        [
                            50.6025688,
                            53.211261
                        ],
                        [
                            50.6024591,
                            53.2113508
                        ],
                        [
                            50.602352,
                            53.2113039
                        ]
                    ]
                ]
            }
        },
        {
            "type": "Feature",
            "id": "way/1375765907",
            "properties": {
                "timestamp": "2025-04-08T04:22:43Z",
                "version": "1",
                "changeset": "164659647",
                "user": "maxlax",
                "uid": "15972813",
                "landuse": "construction",
                "id": "way/1375765907"
            },
            "geometry": {
                "type": "Polygon",
                "coordinates": [
                    [
                        [
                            50.5997428,
                            53.2098951
                        ],
                        [
                            50.5998184,
                            53.2098176
                        ],
                        [
                            50.5999277,
                            53.2098559
                        ],
                        [
                            50.5998521,
                            53.2099333
                        ],
                        [
                            50.5997428,
                            53.2098951
                        ]
                    ]
                ]
            }
        },
        {
            "type": "Feature",
            "id": "way/1376373104",
            "properties": {
                "timestamp": "2025-04-10T04:44:19Z",
                "version": "1",
                "changeset": "164750150",
                "user": "maxlax",
                "uid": "15972813",
                "building": "yes",
                "id": "way/1376373104"
            },
            "geometry": {
                "type": "Polygon",
                "coordinates": [
                    [
                        [
                            50.6054639,
                            53.2104375
                        ],
                        [
                            50.6055613,
                            53.2103696
                        ],
                        [
                            50.6057129,
                            53.2104476
                        ],
                        [
                            50.6056156,
                            53.2105155
                        ],
                        [
                            50.6054639,
                            53.2104375
                        ]
                    ]
                ]
            }
        },
        {
            "type": "Feature",
            "id": "way/1376373105",
            "properties": {
                "timestamp": "2025-04-10T04:44:19Z",
                "version": "1",
                "changeset": "164750150",
                "user": "maxlax",
                "uid": "15972813",
                "building": "yes",
                "id": "way/1376373105"
            },
            "geometry": {
                "type": "Polygon",
                "coordinates": [
                    [
                        [
                            50.6029341,
                            53.2119343
                        ],
                        [
                            50.6030326,
                            53.2118632
                        ],
                        [
                            50.6031895,
                            53.2119412
                        ],
                        [
                            50.6030909,
                            53.2120123
                        ],
                        [
                            50.6029341,
                            53.2119343
                        ]
                    ]
                ]
            }
        },
        {
            "type": "Feature",
            "id": "way/1435078926",
            "properties": {
                "timestamp": "2026-01-07T10:09:40Z",
                "version": "2",
                "changeset": "176937339",
                "user": "Ozon OSM13",
                "uid": "22779724",
                "addr:housenumber": "7",
                "addr:place": "СДТ \"Локомотивного депо (Елшняги)\"",
                "building": "yes",
                "id": "way/1435078926"
            },
            "geometry": {
                "type": "Polygon",
                "coordinates": [
                    [
                        [
                            50.5996924,
                            53.2127597
                        ],
                        [
                            50.5998242,
                            53.2126666
                        ],
                        [
                            50.5999516,
                            53.2127313
                        ],
                        [
                            50.5998197,
                            53.2128244
                        ],
                        [
                            50.5996924,
                            53.2127597
                        ]
                    ]
                ]
            }
        },
        {
            "type": "Feature",
            "id": "way/1447110519",
            "properties": {
                "timestamp": "2026-03-04T09:09:58Z",
                "version": "2",
                "changeset": "179339136",
                "user": "Ozon OSM7",
                "uid": "22471995",
                "addr:housenumber": "65",
                "addr:place": "СДТ ''НГЧ-5''",
                "building": "yes",
                "id": "way/1447110519"
            },
            "geometry": {
                "type": "Polygon",
                "coordinates": [
                    [
                        [
                            50.5960964,
                            53.2128852
                        ],
                        [
                            50.5962345,
                            53.2127787
                        ],
                        [
                            50.5964272,
                            53.2128683
                        ],
                        [
                            50.5962891,
                            53.2129748
                        ],
                        [
                            50.5960964,
                            53.2128852
                        ]
                    ]
                ]
            }
        },
        {
            "type": "Feature",
            "id": "way/1447954894",
            "properties": {
                "timestamp": "2026-03-13T15:19:14Z",
                "version": "2",
                "changeset": "179816063",
                "user": "Ozon OSM4",
                "uid": "22440403",
                "addr:housenumber": "40",
                "addr:place": "СДТ «Локомотивного депо»",
                "building": "yes",
                "id": "way/1447954894"
            },
            "geometry": {
                "type": "Polygon",
                "coordinates": [
                    [
                        [
                            50.5972351,
                            53.212546
                        ],
                        [
                            50.5973684,
                            53.2124439
                        ],
                        [
                            50.5975049,
                            53.2125078
                        ],
                        [
                            50.5973716,
                            53.2126099
                        ],
                        [
                            50.5972351,
                            53.212546
                        ]
                    ]
                ]
            }
        },
        {
            "type": "Feature",
            "id": "way/1451976207",
            "properties": {
                "timestamp": "2025-11-30T13:45:05Z",
                "version": "2",
                "changeset": "175313497",
                "user": "Ozon OSM13",
                "uid": "22779724",
                "addr:housenumber": "38",
                "addr:street": "2-я линия",
                "building": "yes",
                "id": "way/1451976207"
            },
            "geometry": {
                "type": "Polygon",
                "coordinates": [
                    [
                        [
                            50.5928254,
                            53.2121318
                        ],
                        [
                            50.5929443,
                            53.2120401
                        ],
                        [
                            50.5931172,
                            53.2121205
                        ],
                        [
                            50.5929983,
                            53.2122122
                        ],
                        [
                            50.5928254,
                            53.2121318
                        ]
                    ]
                ]
            }
        },
        {
            "type": "Feature",
            "id": "way/1496671316",
            "properties": {
                "timestamp": "2026-04-21T04:29:45Z",
                "version": "2",
                "changeset": "181608189",
                "user": "Grass-snake",
                "uid": "11321493",
                "addr:housenumber": "32",
                "addr:street": "2-я линия",
                "building": "house",
                "building:levels": "1",
                "id": "way/1496671316"
            },
            "geometry": {
                "type": "Polygon",
                "coordinates": [
                    [
                        [
                            50.5915019,
                            53.2117266
                        ],
                        [
                            50.5915254,
                            53.2116687
                        ],
                        [
                            50.5916165,
                            53.211682
                        ],
                        [
                            50.591593,
                            53.2117399
                        ],
                        [
                            50.5915019,
                            53.2117266
                        ]
                    ]
                ]
            }
        },
        {
            "type": "Feature",
            "id": "way/1496671318",
            "properties": {
                "timestamp": "2026-04-21T04:29:45Z",
                "version": "2",
                "changeset": "181608189",
                "user": "Grass-snake",
                "uid": "11321493",
                "addr:housenumber": "40",
                "addr:street": "2-я линия",
                "building": "house",
                "building:levels": "1",
                "id": "way/1496671318"
            },
            "geometry": {
                "type": "Polygon",
                "coordinates": [
                    [
                        [
                            50.5919295,
                            53.2120064
                        ],
                        [
                            50.5919474,
                            53.2119463
                        ],
                        [
                            50.5921281,
                            53.2119656
                        ],
                        [
                            50.5921102,
                            53.2120257
                        ],
                        [
                            50.5919295,
                            53.2120064
                        ]
                    ]
                ]
            }
        },
        {
            "type": "Feature",
            "id": "way/1496671320",
            "properties": {
                "timestamp": "2026-04-21T04:29:45Z",
                "version": "2",
                "changeset": "181608189",
                "user": "Grass-snake",
                "uid": "11321493",
                "addr:housenumber": "45",
                "addr:street": "2-я линия",
                "building": "house",
                "building:levels": "1",
                "id": "way/1496671320"
            },
            "geometry": {
                "type": "Polygon",
                "coordinates": [
                    [
                        [
                            50.5921753,
                            53.2127362
                        ],
                        [
                            50.5921831,
                            53.2126816
                        ],
                        [
                            50.5922745,
                            53.2126863
                        ],
                        [
                            50.5922667,
                            53.2127409
                        ],
                        [
                            50.5921753,
                            53.2127362
                        ]
                    ]
                ]
            }
        },
        {
            "type": "Feature",
            "id": "way/1496671321",
            "properties": {
                "timestamp": "2026-04-21T04:29:45Z",
                "version": "2",
                "changeset": "181608189",
                "user": "Grass-snake",
                "uid": "11321493",
                "addr:housenumber": "44",
                "addr:street": "2-я линия",
                "building": "house",
                "building:levels": "1",
                "id": "way/1496671321"
            },
            "geometry": {
                "type": "Polygon",
                "coordinates": [
                    [
                        [
                            50.5922187,
                            53.2125537
                        ],
                        [
                            50.592232,
                            53.2124799
                        ],
                        [
                            50.5923954,
                            53.2124905
                        ],
                        [
                            50.5923821,
                            53.2125643
                        ],
                        [
                            50.5922187,
                            53.2125537
                        ]
                    ]
                ]
            }
        },
        {
            "type": "Feature",
            "id": "way/1496671322",
            "properties": {
                "timestamp": "2026-04-05T18:21:48Z",
                "version": "1",
                "changeset": "180910863",
                "user": "neygenius",
                "uid": "24015564",
                "addr:city": "Кинель",
                "addr:district": "городской округ Кинель",
                "addr:housenumber": "136",
                "addr:place": "СНТ Станции Кинель",
                "building": "house",
                "building:levels": "1",
                "id": "way/1496671322"
            },
            "geometry": {
                "type": "Polygon",
                "coordinates": [
                    [
                        [
                            50.5924314,
                            53.2127998
                        ],
                        [
                            50.5924782,
                            53.2127562
                        ],
                        [
                            50.5925995,
                            53.2128029
                        ],
                        [
                            50.5925527,
                            53.2128465
                        ],
                        [
                            50.5924314,
                            53.2127998
                        ]
                    ]
                ]
            }
        },
        {
            "type": "Feature",
            "id": "way/1496671323",
            "properties": {
                "timestamp": "2026-04-05T18:21:48Z",
                "version": "1",
                "changeset": "180910863",
                "user": "neygenius",
                "uid": "24015564",
                "addr:city": "Кинель",
                "addr:district": "городской округ Кинель",
                "addr:housenumber": "137",
                "addr:place": "СНТ Станции Кинель",
                "building": "house",
                "building:levels": "1",
                "id": "way/1496671323"
            },
            "geometry": {
                "type": "Polygon",
                "coordinates": [
                    [
                        [
                            50.5925208,
                            53.2127342
                        ],
                        [
                            50.5926138,
                            53.2126433
                        ],
                        [
                            50.592739,
                            53.2126893
                        ],
                        [
                            50.5926906,
                            53.2127366
                        ],
                        [
                            50.5926497,
                            53.2127216
                        ],
                        [
                            50.5926051,
                            53.2127651
                        ],
                        [
                            50.5925208,
                            53.2127342
                        ]
                    ]
                ]
            }
        },
        {
            "type": "Feature",
            "id": "way/1496671324",
            "properties": {
                "timestamp": "2026-04-05T18:21:48Z",
                "version": "1",
                "changeset": "180910863",
                "user": "neygenius",
                "uid": "24015564",
                "addr:city": "Кинель",
                "addr:district": "городской округ Кинель",
                "addr:housenumber": "141",
                "addr:place": "СНТ Станции Кинель",
                "building": "house",
                "building:levels": "1",
                "id": "way/1496671324"
            },
            "geometry": {
                "type": "Polygon",
                "coordinates": [
                    [
                        [
                            50.5931775,
                            53.2123223
                        ],
                        [
                            50.5932815,
                            53.2122531
                        ],
                        [
                            50.5934098,
                            53.2123223
                        ],
                        [
                            50.5933058,
                            53.2123915
                        ],
                        [
                            50.5931775,
                            53.2123223
                        ]
                    ]
                ]
            }
        },
        {
            "type": "Feature",
            "id": "way/1496671325",
            "properties": {
                "timestamp": "2026-04-21T04:29:45Z",
                "version": "2",
                "changeset": "181608189",
                "user": "Grass-snake",
                "uid": "11321493",
                "addr:housenumber": "29",
                "addr:street": "2-я линия",
                "building": "house",
                "building:levels": "1",
                "id": "way/1496671325"
            },
            "geometry": {
                "type": "Polygon",
                "coordinates": [
                    [
                        [
                            50.5904094,
                            53.2117085
                        ],
                        [
                            50.5903173,
                            53.211636
                        ],
                        [
                            50.5904229,
                            53.2115879
                        ],
                        [
                            50.5904779,
                            53.2116312
                        ],
                        [
                            50.5904487,
                            53.2116445
                        ],
                        [
                            50.5904858,
                            53.2116737
                        ],
                        [
                            50.5904094,
                            53.2117085
                        ]
                    ]
                ]
            }
        },
        {
            "type": "Feature",
            "id": "way/1496671326",
            "properties": {
                "timestamp": "2026-05-10T20:56:38Z",
                "version": "3",
                "changeset": "182484669",
                "user": "neygenius",
                "uid": "24015564",
                "addr:housenumber": "27",
                "addr:street": "2-я линия",
                "building": "house",
                "building:levels": "1",
                "id": "way/1496671326"
            },
            "geometry": {
                "type": "Polygon",
                "coordinates": [
                    [
                        [
                            50.5901487,
                            53.2118419
                        ],
                        [
                            50.5900842,
                            53.2118026
                        ],
                        [
                            50.5901291,
                            53.2117762
                        ],
                        [
                            50.5900999,
                            53.2117583
                        ],
                        [
                            50.5901286,
                            53.2117414
                        ],
                        [
                            50.5902224,
                            53.2117985
                        ],
                        [
                            50.5901487,
                            53.2118419
                        ]
                    ]
                ]
            }
        },
        {
            "type": "Feature",
            "id": "way/1496671327",
            "properties": {
                "timestamp": "2026-04-21T04:29:45Z",
                "version": "2",
                "changeset": "181608189",
                "user": "Grass-snake",
                "uid": "11321493",
                "addr:housenumber": "26",
                "addr:street": "2-я линия",
                "building": "house",
                "building:levels": "1",
                "id": "way/1496671327"
            },
            "geometry": {
                "type": "Polygon",
                "coordinates": [
                    [
                        [
                            50.5899321,
                            53.2119205
                        ],
                        [
                            50.5898741,
                            53.2118802
                        ],
                        [
                            50.5899234,
                            53.2118548
                        ],
                        [
                            50.5899167,
                            53.2118419
                        ],
                        [
                            50.5899519,
                            53.2118237
                        ],
                        [
                            50.5899749,
                            53.2118397
                        ],
                        [
                            50.5899953,
                            53.2118292
                        ],
                        [
                            50.5900438,
                            53.2118629
                        ],
                        [
                            50.5899321,
                            53.2119205
                        ]
                    ]
                ]
            }
        },
        {
            "type": "Feature",
            "id": "way/1496671328",
            "properties": {
                "timestamp": "2026-04-21T04:29:45Z",
                "version": "2",
                "changeset": "181608189",
                "user": "Grass-snake",
                "uid": "11321493",
                "addr:housenumber": "56",
                "addr:street": "2-я линия",
                "building": "house",
                "building:levels": "1",
                "id": "way/1496671328"
            },
            "geometry": {
                "type": "Polygon",
                "coordinates": [
                    [
                        [
                            50.5907238,
                            53.212217
                        ],
                        [
                            50.5908318,
                            53.2121995
                        ],
                        [
                            50.5908583,
                            53.2122583
                        ],
                        [
                            50.5907503,
                            53.2122758
                        ],
                        [
                            50.5907238,
                            53.212217
                        ]
                    ]
                ]
            }
        },
        {
            "type": "Feature",
            "id": "way/1496671330",
            "properties": {
                "timestamp": "2026-04-21T04:29:45Z",
                "version": "2",
                "changeset": "181608189",
                "user": "Grass-snake",
                "uid": "11321493",
                "addr:housenumber": "30",
                "addr:street": "2-я линия",
                "building": "house",
                "building:levels": "1",
                "id": "way/1496671330"
            },
            "geometry": {
                "type": "Polygon",
                "coordinates": [
                    [
                        [
                            50.5910861,
                            53.2117075
                        ],
                        [
                            50.5911116,
                            53.2116412
                        ],
                        [
                            50.5912149,
                            53.2116554
                        ],
                        [
                            50.5911894,
                            53.2117217
                        ],
                        [
                            50.5910861,
                            53.2117075
                        ]
                    ]
                ]
            }
        },
        {
            "type": "Feature",
            "id": "way/57869637",
            "properties": {
                "timestamp": "2023-11-13T15:12:22Z",
                "version": "5",
                "changeset": "143974926",
                "user": "desk77",
                "uid": "3417100",
                "highway": "residential",
                "id": "way/57869637"
            },
            "geometry": {
                "type": "LineString",
                "coordinates": [
                    [
                        50.5913597,
                        53.2103216
                    ],
                    [
                        50.5932978,
                        53.2106954
                    ],
                    [
                        50.5947582,
                        53.2110269
                    ],
                    [
                        50.5952819,
                        53.2111263
                    ],
                    [
                        50.5955609,
                        53.2112479
                    ],
                    [
                        50.5956083,
                        53.2111601
                    ],
                    [
                        50.5955912,
                        53.2110786
                    ],
                    [
                        50.595608,
                        53.211007
                    ],
                    [
                        50.5955192,
                        53.2106694
                    ],
                    [
                        50.5955188,
                        53.2103607
                    ],
                    [
                        50.5956264,
                        53.2099683
                    ],
                    [
                        50.5956306,
                        53.20991
                    ]
                ]
            }
        },
        {
            "type": "Feature",
            "id": "way/57869656",
            "properties": {
                "timestamp": "2020-12-18T05:00:27Z",
                "version": "2",
                "changeset": "96040480",
                "user": "SvM",
                "uid": "130270",
                "waterway": "stream",
                "id": "way/57869656"
            },
            "geometry": {
                "type": "LineString",
                "coordinates": [
                    [
                        50.6045793,
                        53.1982137
                    ],
                    [
                        50.6031659,
                        53.1988165
                    ],
                    [
                        50.6017074,
                        53.1996767
                    ],
                    [
                        50.6002278,
                        53.200716
                    ],
                    [
                        50.5997589,
                        53.2014157
                    ],
                    [
                        50.5982012,
                        53.2024145
                    ],
                    [
                        50.5968484,
                        53.2028053
                    ],
                    [
                        50.5950189,
                        53.2027476
                    ],
                    [
                        50.593774,
                        53.2027394
                    ],
                    [
                        50.5931962,
                        53.2032008
                    ],
                    [
                        50.5930793,
                        53.2036787
                    ],
                    [
                        50.594166,
                        53.2041113
                    ],
                    [
                        50.5947575,
                        53.204173
                    ],
                    [
                        50.5957858,
                        53.204054
                    ],
                    [
                        50.5970904,
                        53.2036823
                    ],
                    [
                        50.5975214,
                        53.203911
                    ],
                    [
                        50.5979123,
                        53.2044934
                    ],
                    [
                        50.5976539,
                        53.2052134
                    ],
                    [
                        50.5965012,
                        53.2059876
                    ],
                    [
                        50.595729,
                        53.2070659
                    ],
                    [
                        50.5937362,
                        53.2089967
                    ],
                    [
                        50.5939345,
                        53.2094633
                    ],
                    [
                        50.5937084,
                        53.2095027
                    ],
                    [
                        50.5933586,
                        53.2096373
                    ],
                    [
                        50.5928215,
                        53.2096373
                    ],
                    [
                        50.5925341,
                        53.2093979
                    ],
                    [
                        50.5921719,
                        53.2094952
                    ],
                    [
                        50.5920345,
                        53.2098019
                    ],
                    [
                        50.5918824,
                        53.2098009
                    ],
                    [
                        50.5915652,
                        53.2100785
                    ],
                    [
                        50.5910529,
                        53.21021
                    ],
                    [
                        50.5903697,
                        53.2100931
                    ],
                    [
                        50.5895645,
                        53.2100347
                    ],
                    [
                        50.5892474,
                        53.2101223
                    ],
                    [
                        50.5888814,
                        53.210473
                    ],
                    [
                        50.5888814,
                        53.2108675
                    ],
                    [
                        50.5888814,
                        53.2112182
                    ],
                    [
                        50.5890278,
                        53.2115835
                    ],
                    [
                        50.5890278,
                        53.211978
                    ],
                    [
                        50.5890278,
                        53.2122556
                    ],
                    [
                        50.588857,
                        53.2126355
                    ],
                    [
                        50.588857,
                        53.2127962
                    ],
                    [
                        50.5889546,
                        53.2129716
                    ],
                    [
                        50.589223,
                        53.2131177
                    ],
                    [
                        50.5896621,
                        53.2132784
                    ],
                    [
                        50.5899793,
                        53.2133368
                    ],
                    [
                        50.5903209,
                        53.2132492
                    ],
                    [
                        50.5905893,
                        53.2127524
                    ],
                    [
                        50.5910773,
                        53.2125478
                    ],
                    [
                        50.5917116,
                        53.2126793
                    ],
                    [
                        50.5920532,
                        53.2128401
                    ],
                    [
                        50.5923216,
                        53.2129862
                    ],
                    [
                        50.5922728,
                        53.213293
                    ],
                    [
                        50.5917116,
                        53.2137313
                    ],
                    [
                        50.5914432,
                        53.213892
                    ],
                    [
                        50.59137,
                        53.2142427
                    ],
                    [
                        50.5911992,
                        53.2145933
                    ],
                    [
                        50.5909553,
                        53.2150024
                    ],
                    [
                        50.5909309,
                        53.2157183
                    ],
                    [
                        50.5903453,
                        53.2160544
                    ],
                    [
                        50.5895401,
                        53.2163466
                    ],
                    [
                        50.5889058,
                        53.2163027
                    ],
                    [
                        50.5880274,
                        53.2162589
                    ],
                    [
                        50.5879786,
                        53.2160251
                    ],
                    [
                        50.5878322,
                        53.2157329
                    ],
                    [
                        50.5871735,
                        53.2157037
                    ],
                    [
                        50.5864171,
                        53.2157037
                    ],
                    [
                        50.5857339,
                        53.21547
                    ],
                    [
                        50.5848312,
                        53.2153531
                    ],
                    [
                        50.5840016,
                        53.2156307
                    ],
                    [
                        50.5835376,
                        53.2161777
                    ]
                ]
            }
        },
        {
            "type": "Feature",
            "id": "way/233860108",
            "properties": {
                "timestamp": "2020-06-26T16:57:49Z",
                "version": "7",
                "changeset": "87205115",
                "user": "EarlEBird",
                "uid": "10228237",
                "highway": "unclassified",
                "living_street": "yes",
                "id": "way/233860108"
            },
            "geometry": {
                "type": "LineString",
                "coordinates": [
                    [
                        50.5873686,
                        53.2186432
                    ],
                    [
                        50.5877352,
                        53.2184182
                    ],
                    [
                        50.5877603,
                        53.2184027
                    ],
                    [
                        50.5883009,
                        53.2181002
                    ],
                    [
                        50.5888053,
                        53.2178179
                    ],
                    [
                        50.5893234,
                        53.217528
                    ],
                    [
                        50.5896558,
                        53.2173802
                    ],
                    [
                        50.5899464,
                        53.2172861
                    ],
                    [
                        50.591336,
                        53.2168182
                    ],
                    [
                        50.5915221,
                        53.2167555
                    ],
                    [
                        50.5920517,
                        53.2165505
                    ],
                    [
                        50.5927412,
                        53.2158241
                    ],
                    [
                        50.5936694,
                        53.2148679
                    ],
                    [
                        50.5959331,
                        53.213373
                    ],
                    [
                        50.5968759,
                        53.2126496
                    ],
                    [
                        50.597694,
                        53.2121095
                    ],
                    [
                        50.5984001,
                        53.2117584
                    ]
                ]
            }
        },
        {
            "type": "Feature",
            "id": "way/233860111",
            "properties": {
                "timestamp": "2025-04-08T04:22:43Z",
                "version": "13",
                "changeset": "164659647",
                "user": "maxlax",
                "uid": "15972813",
                "highway": "tertiary",
                "name": "Светлая улица",
                "surface": "asphalt",
                "id": "way/233860111"
            },
            "geometry": {
                "type": "LineString",
                "coordinates": [
                    [
                        50.6048303,
                        53.2071636
                    ],
                    [
                        50.6047038,
                        53.2072737
                    ],
                    [
                        50.6046624,
                        53.2073915
                    ],
                    [
                        50.6050599,
                        53.2078183
                    ],
                    [
                        50.6055379,
                        53.2083008
                    ],
                    [
                        50.6060221,
                        53.2088382
                    ],
                    [
                        50.6063005,
                        53.2092667
                    ],
                    [
                        50.6064594,
                        53.209431
                    ],
                    [
                        50.6066151,
                        53.2095921
                    ],
                    [
                        50.6071388,
                        53.2100886
                    ],
                    [
                        50.6074101,
                        53.2102916
                    ],
                    [
                        50.60745,
                        53.2103215
                    ],
                    [
                        50.6080509,
                        53.2107464
                    ],
                    [
                        50.6083496,
                        53.2109171
                    ],
                    [
                        50.6086777,
                        53.2110951
                    ],
                    [
                        50.6093132,
                        53.2114295
                    ],
                    [
                        50.6099699,
                        53.211775
                    ],
                    [
                        50.6104775,
                        53.2120501
                    ],
                    [
                        50.6109669,
                        53.2122996
                    ],
                    [
                        50.6121321,
                        53.2129127
                    ],
                    [
                        50.6144218,
                        53.2141178
                    ]
                ]
            }
        },
        {
            "type": "Feature",
            "id": "way/233860114",
            "properties": {
                "timestamp": "2019-10-07T06:32:17Z",
                "version": "4",
                "changeset": "75358850",
                "user": "NetWormKido",
                "uid": "518505",
                "highway": "residential",
                "name": "Транзитная улица",
                "id": "way/233860114"
            },
            "geometry": {
                "type": "LineString",
                "coordinates": [
                    [
                        50.6035547,
                        53.2137666
                    ],
                    [
                        50.605436,
                        53.2126218
                    ],
                    [
                        50.6083496,
                        53.2109171
                    ]
                ]
            }
        },
        {
            "type": "Feature",
            "id": "way/233860116",
            "properties": {
                "timestamp": "2019-10-07T06:32:17Z",
                "version": "4",
                "changeset": "75358850",
                "user": "NetWormKido",
                "uid": "518505",
                "highway": "residential",
                "name": "Сибирская улица",
                "id": "way/233860116"
            },
            "geometry": {
                "type": "LineString",
                "coordinates": [
                    [
                        50.6025094,
                        53.2132873
                    ],
                    [
                        50.605039,
                        53.2117737
                    ],
                    [
                        50.6062406,
                        53.2110766
                    ],
                    [
                        50.60745,
                        53.2103215
                    ]
                ]
            }
        },
        {
            "type": "Feature",
            "id": "way/233860117",
            "properties": {
                "timestamp": "2026-04-05T18:21:48Z",
                "version": "6",
                "changeset": "180910863",
                "user": "neygenius",
                "uid": "24015564",
                "highway": "residential",
                "id": "way/233860117"
            },
            "geometry": {
                "type": "LineString",
                "coordinates": [
                    [
                        50.6066151,
                        53.2095921
                    ],
                    [
                        50.6055969,
                        53.2101225
                    ],
                    [
                        50.604286,
                        53.2109308
                    ],
                    [
                        50.6033906,
                        53.211466
                    ],
                    [
                        50.6024494,
                        53.2120286
                    ],
                    [
                        50.6017749,
                        53.2123968
                    ],
                    [
                        50.6011941,
                        53.2127618
                    ],
                    [
                        50.6009093,
                        53.2127829
                    ],
                    [
                        50.5998892,
                        53.2123488
                    ],
                    [
                        50.5984001,
                        53.2117584
                    ],
                    [
                        50.5973664,
                        53.2113984
                    ],
                    [
                        50.596692,
                        53.2112404
                    ],
                    [
                        50.5960028,
                        53.2111794
                    ],
                    [
                        50.5955609,
                        53.2112479
                    ],
                    [
                        50.5950627,
                        53.2113894
                    ],
                    [
                        50.5939307,
                        53.2115703
                    ]
                ]
            }
        },
        {
            "type": "Feature",
            "id": "way/233860120",
            "properties": {
                "timestamp": "2020-06-14T16:03:31Z",
                "version": "5",
                "changeset": "86628561",
                "user": "mavl",
                "uid": "564990",
                "highway": "residential",
                "name": "Загородная улица",
                "id": "way/233860120"
            },
            "geometry": {
                "type": "LineString",
                "coordinates": [
                    [
                        50.6024494,
                        53.2120286
                    ],
                    [
                        50.5968273,
                        53.2097072
                    ],
                    [
                        50.5960756,
                        53.2094594
                    ]
                ]
            }
        },
        {
            "type": "Feature",
            "id": "way/233860121",
            "properties": {
                "timestamp": "2020-06-26T18:57:19Z",
                "version": "6",
                "changeset": "87209096",
                "user": "EarlEBird",
                "uid": "10228237",
                "highway": "residential",
                "name": "Ольховая улица",
                "id": "way/233860121"
            },
            "geometry": {
                "type": "LineString",
                "coordinates": [
                    [
                        50.5969676,
                        53.2082311
                    ],
                    [
                        50.5984086,
                        53.2086832
                    ],
                    [
                        50.600536,
                        53.2094587
                    ],
                    [
                        50.6011661,
                        53.2096933
                    ],
                    [
                        50.6028352,
                        53.2103461
                    ],
                    [
                        50.604286,
                        53.2109308
                    ]
                ]
            }
        },
        {
            "type": "Feature",
            "id": "way/233860125",
            "properties": {
                "timestamp": "2025-04-08T06:09:41Z",
                "version": "6",
                "changeset": "164661910",
                "user": "maxlax",
                "uid": "15972813",
                "highway": "residential",
                "id": "way/233860125"
            },
            "geometry": {
                "type": "LineString",
                "coordinates": [
                    [
                        50.6011941,
                        53.2127618
                    ],
                    [
                        50.6012517,
                        53.2127953
                    ],
                    [
                        50.6016779,
                        53.2129647
                    ],
                    [
                        50.6025094,
                        53.2132873
                    ],
                    [
                        50.6028614,
                        53.2134339
                    ],
                    [
                        50.6035547,
                        53.2137666
                    ],
                    [
                        50.6038996,
                        53.2139413
                    ],
                    [
                        50.6045617,
                        53.2142268
                    ],
                    [
                        50.6049344,
                        53.2143778
                    ],
                    [
                        50.6059193,
                        53.2147835
                    ],
                    [
                        50.6063097,
                        53.2149443
                    ]
                ]
            }
        },
        {
            "type": "Feature",
            "id": "way/233860129",
            "properties": {
                "timestamp": "2019-10-07T06:32:17Z",
                "version": "5",
                "changeset": "75358850",
                "user": "NetWormKido",
                "uid": "518505",
                "highway": "residential",
                "name": "Народная улица",
                "id": "way/233860129"
            },
            "geometry": {
                "type": "LineString",
                "coordinates": [
                    [
                        50.6017749,
                        53.2123968
                    ],
                    [
                        50.6011582,
                        53.2124022
                    ],
                    [
                        50.6009234,
                        53.212323
                    ],
                    [
                        50.5985534,
                        53.2112629
                    ],
                    [
                        50.5969218,
                        53.2104754
                    ],
                    [
                        50.5965808,
                        53.2102591
                    ],
                    [
                        50.5962336,
                        53.2100744
                    ],
                    [
                        50.5960206,
                        53.2099986
                    ],
                    [
                        50.5956306,
                        53.20991
                    ]
                ]
            }
        },
        {
            "type": "Feature",
            "id": "way/233860130",
            "properties": {
                "timestamp": "2020-06-26T18:57:19Z",
                "version": "4",
                "changeset": "87209096",
                "user": "EarlEBird",
                "uid": "10228237",
                "highway": "residential",
                "name": "Раздольная улица",
                "id": "way/233860130"
            },
            "geometry": {
                "type": "LineString",
                "coordinates": [
                    [
                        50.5978288,
                        53.2167912
                    ],
                    [
                        50.5970296,
                        53.216761
                    ],
                    [
                        50.5957556,
                        53.2165971
                    ],
                    [
                        50.59559,
                        53.2165647
                    ],
                    [
                        50.5953804,
                        53.2163624
                    ],
                    [
                        50.5954278,
                        53.2162632
                    ],
                    [
                        50.5955853,
                        53.2161727
                    ],
                    [
                        50.5964791,
                        53.2156533
                    ],
                    [
                        50.5975792,
                        53.2150041
                    ],
                    [
                        50.5989474,
                        53.2142102
                    ],
                    [
                        50.6003685,
                        53.2133681
                    ],
                    [
                        50.6012517,
                        53.2127953
                    ]
                ]
            }
        },
        {
            "type": "Feature",
            "id": "way/680012885",
            "properties": {
                "timestamp": "2020-06-26T18:57:19Z",
                "version": "5",
                "changeset": "87209096",
                "user": "EarlEBird",
                "uid": "10228237",
                "highway": "residential",
                "name": "Свободная улица",
                "id": "way/680012885"
            },
            "geometry": {
                "type": "LineString",
                "coordinates": [
                    [
                        50.6033906,
                        53.211466
                    ],
                    [
                        50.6019538,
                        53.2108127
                    ],
                    [
                        50.6009405,
                        53.2104379
                    ],
                    [
                        50.5999392,
                        53.2100677
                    ],
                    [
                        50.5983816,
                        53.2095097
                    ],
                    [
                        50.5980707,
                        53.2094128
                    ]
                ]
            }
        },
        {
            "type": "Feature",
            "id": "way/819938630",
            "properties": {
                "timestamp": "2020-06-26T18:57:19Z",
                "version": "1",
                "changeset": "87209096",
                "user": "EarlEBird",
                "uid": "10228237",
                "highway": "residential",
                "id": "way/819938630"
            },
            "geometry": {
                "type": "LineString",
                "coordinates": [
                    [
                        50.5955609,
                        53.2112479
                    ],
                    [
                        50.5955091,
                        53.2115713
                    ],
                    [
                        50.5954548,
                        53.2119488
                    ],
                    [
                        50.5954957,
                        53.2121496
                    ],
                    [
                        50.5954421,
                        53.2122909
                    ],
                    [
                        50.5951899,
                        53.2124805
                    ],
                    [
                        50.5943316,
                        53.2130459
                    ]
                ]
            }
        },
        {
            "type": "Feature",
            "id": "way/819938631",
            "properties": {
                "timestamp": "2026-04-21T04:29:45Z",
                "version": "3",
                "changeset": "181608189",
                "user": "Grass-snake",
                "uid": "11321493",
                "highway": "residential",
                "name": "1-я линия",
                "name:ru": "1-я линия",
                "surface": "compacted",
                "id": "way/819938631"
            },
            "geometry": {
                "type": "LineString",
                "coordinates": [
                    [
                        50.5939307,
                        53.2115703
                    ],
                    [
                        50.5928324,
                        53.2113943
                    ],
                    [
                        50.5904229,
                        53.2110745
                    ],
                    [
                        50.5891252,
                        53.2108964
                    ]
                ]
            }
        },
        {
            "type": "Feature",
            "id": "way/819938632",
            "properties": {
                "timestamp": "2020-06-26T18:57:19Z",
                "version": "1",
                "changeset": "87209096",
                "user": "EarlEBird",
                "uid": "10228237",
                "highway": "residential",
                "id": "way/819938632"
            },
            "geometry": {
                "type": "LineString",
                "coordinates": [
                    [
                        50.6014566,
                        53.2083787
                    ],
                    [
                        50.6010208,
                        53.2088832
                    ],
                    [
                        50.600536,
                        53.2094587
                    ],
                    [
                        50.6001443,
                        53.2098795
                    ],
                    [
                        50.5999392,
                        53.2100677
                    ]
                ]
            }
        },
        {
            "type": "Feature",
            "id": "way/819938634",
            "properties": {
                "timestamp": "2020-10-06T17:32:54Z",
                "version": "2",
                "changeset": "92062912",
                "user": "Alasha",
                "uid": "11326940",
                "highway": "residential",
                "id": "way/819938634"
            },
            "geometry": {
                "type": "LineString",
                "coordinates": [
                    [
                        50.5989474,
                        53.2142102
                    ],
                    [
                        50.5992588,
                        53.2144561
                    ],
                    [
                        50.5993554,
                        53.2144031
                    ],
                    [
                        50.5994375,
                        53.2143594
                    ],
                    [
                        50.5999453,
                        53.214036
                    ],
                    [
                        50.6004562,
                        53.2137292
                    ],
                    [
                        50.6016089,
                        53.2130259
                    ],
                    [
                        50.6016779,
                        53.2129647
                    ]
                ]
            }
        },
        {
            "type": "Feature",
            "id": "way/819940510",
            "properties": {
                "timestamp": "2020-06-26T19:08:51Z",
                "version": "1",
                "changeset": "87209418",
                "user": "EarlEBird",
                "uid": "10228237",
                "highway": "residential",
                "id": "way/819940510"
            },
            "geometry": {
                "type": "LineString",
                "coordinates": [
                    [
                        50.6074101,
                        53.2102916
                    ],
                    [
                        50.6080058,
                        53.209927
                    ],
                    [
                        50.6081318,
                        53.2098004
                    ],
                    [
                        50.6081173,
                        53.2097358
                    ],
                    [
                        50.6081032,
                        53.2095402
                    ],
                    [
                        50.6081573,
                        53.2089232
                    ],
                    [
                        50.6082281,
                        53.2088727
                    ],
                    [
                        50.6087087,
                        53.2084974
                    ]
                ]
            }
        },
        {
            "type": "Feature",
            "id": "way/1223229260",
            "properties": {
                "timestamp": "2023-11-13T15:12:22Z",
                "version": "1",
                "changeset": "143974926",
                "user": "desk77",
                "uid": "3417100",
                "highway": "residential",
                "name": "улица Дубовая Роща",
                "id": "way/1223229260"
            },
            "geometry": {
                "type": "LineString",
                "coordinates": [
                    [
                        50.5956306,
                        53.20991
                    ],
                    [
                        50.5956401,
                        53.2098458
                    ],
                    [
                        50.5956871,
                        53.2097815
                    ],
                    [
                        50.5960756,
                        53.2094594
                    ],
                    [
                        50.596504,
                        53.2089155
                    ],
                    [
                        50.5967876,
                        53.2085236
                    ],
                    [
                        50.5969676,
                        53.2082311
                    ],
                    [
                        50.5971414,
                        53.2078786
                    ],
                    [
                        50.5972681,
                        53.2073498
                    ],
                    [
                        50.5974886,
                        53.2070205
                    ]
                ]
            }
        },
        {
            "type": "Feature",
            "id": "way/1496671317",
            "properties": {
                "timestamp": "2026-04-21T04:29:45Z",
                "version": "2",
                "changeset": "181608189",
                "user": "Grass-snake",
                "uid": "11321493",
                "highway": "residential",
                "name": "2-я линия",
                "name:ru": "2-я линия",
                "surface": "compacted",
                "id": "way/1496671317"
            },
            "geometry": {
                "type": "LineString",
                "coordinates": [
                    [
                        50.5939307,
                        53.2115703
                    ],
                    [
                        50.5934919,
                        53.211918
                    ],
                    [
                        50.5932005,
                        53.2119906
                    ],
                    [
                        50.5926619,
                        53.2119637
                    ],
                    [
                        50.5918691,
                        53.2118607
                    ],
                    [
                        50.5914996,
                        53.2118315
                    ],
                    [
                        50.5909491,
                        53.21178
                    ],
                    [
                        50.5905003,
                        53.2117666
                    ],
                    [
                        50.5902983,
                        53.2118203
                    ],
                    [
                        50.5901997,
                        53.2118667
                    ],
                    [
                        50.5898122,
                        53.2120488
                    ],
                    [
                        50.5892098,
                        53.2123217
                    ],
                    [
                        50.5896757,
                        53.2128251
                    ]
                ]
            }
        },
        {
            "type": "Feature",
            "id": "way/1496671319",
            "properties": {
                "timestamp": "2026-04-21T04:29:45Z",
                "version": "2",
                "changeset": "181608189",
                "user": "Grass-snake",
                "uid": "11321493",
                "highway": "residential",
                "name": "2-я линия",
                "name:ru": "2-я линия",
                "surface": "compacted",
                "id": "way/1496671319"
            },
            "geometry": {
                "type": "LineString",
                "coordinates": [
                    [
                        50.5914996,
                        53.2118315
                    ],
                    [
                        50.5921019,
                        53.2125257
                    ],
                    [
                        50.5921199,
                        53.212605
                    ],
                    [
                        50.592095,
                        53.2128347
                    ]
                ]
            }
        },
        {
            "type": "Feature",
            "id": "way/1496671329",
            "properties": {
                "timestamp": "2026-04-21T04:29:45Z",
                "version": "2",
                "changeset": "181608189",
                "user": "Grass-snake",
                "uid": "11321493",
                "highway": "residential",
                "name": "2-я линия",
                "name:ru": "2-я линия",
                "surface": "compacted",
                "id": "way/1496671329"
            },
            "geometry": {
                "type": "LineString",
                "coordinates": [
                    [
                        50.5901997,
                        53.2118667
                    ],
                    [
                        50.5906116,
                        53.2122882
                    ]
                ]
            }
        },
        {
            "type": "Feature",
            "id": "node/717862693",
            "properties": {
                "timestamp": "2025-12-23T17:56:54Z",
                "version": "5",
                "changeset": "176320133",
                "user": "Corsa5",
                "uid": "7731115",
                "highway": "traffic_signals",
                "traffic_signals": "signal",
                "id": "node/717862693"
            },
            "geometry": {
                "type": "Point",
                "coordinates": [
                    50.6144218,
                    53.2141178
                ]
            }
        },
        {
            "type": "Feature",
            "id": "node/13874186540",
            "properties": {
                "timestamp": "2026-05-24T20:52:21Z",
                "version": "1",
                "changeset": "183126912",
                "user": "neygenius",
                "uid": "24015564",
                "addr:city": "Кинель",
                "addr:district": "Елшняги",
                "addr:housenumber": "2Б",
                "addr:street": "Сибирская улица",
                "brand": "Орешек",
                "contact:phone": "+7 (927) 706-32-33",
                "name": "Орешек",
                "name:en": "Oreshek",
                "name:ru": "Орешек",
                "opening_hours": "08:00–21:00",
                "shop": "supermarket",
                "id": "node/13874186540"
            },
            "geometry": {
                "type": "Point",
                "coordinates": [
                    50.6074347,
                    53.2100615
                ]
            }
        }
    ]
}