CONFIG 2026-03-03 16:20:27,681 [main][Log4J2Logger.java:215] : Logging policy: Log4J2
CONFIG 2026-03-03 16:20:28,213 [main][Log4J2Logger.java:189] : Factory implementations for category GridCoverageFactory:
  org.geotools.coverage.grid.GridCoverageFactory
CONFIG 2026-03-03 16:20:29,116 [main][Log4J2Logger.java:189] : Factory implementations for category FilterFactory:
  org.geotools.filter.FilterFactoryImpl
CONFIG 2026-03-03 16:20:29,168 [main][Log4J2Logger.java:189] : Factory implementations for category StyleFactory:
  org.geotools.styling.StyleFactoryImpl
CONFIG 2026-03-03 16:20:29,188 [main][Log4J2Logger.java:189] : Factory implementations for category FeatureFactory:
  org.geotools.feature.LenientFeatureFactoryImpl
  org.geotools.feature.ValidatingFeatureFactoryImpl
DEBUG 2026-03-03 16:20:30,001 [main][Log4J2Logger.java:220] : Extension lookup 'XStreamPersisterInitializer', prior to bean geoserverExtensions initialisation.
DEBUG 2026-03-03 16:20:30,004 [main][Log4J2Logger.java:220] : Extension lookup 'ExtensionFilter', prior to bean geoserverExtensions initialisation.
DEBUG 2026-03-03 16:20:30,011 [main][Log4J2Logger.java:220] : Extension lookup 'ExtensionProvider', but provided ApplicationContext is unset.
DEBUG 2026-03-03 16:20:30,013 [main][Log4J2Logger.java:220] : Extension lookup 'ExtensionFilter', but provided ApplicationContext is unset.
DEBUG 2026-03-03 16:20:30,074 [main][Log4J2Logger.java:220] : CONFIGURING GEOSERVER LOGGING -------------------------
03 Mar 16:20:30 CONFIG [geoserver.logging] - Log4j 2 configuration set to DEFAULT_LOGGING.xml
03 Mar 16:20:36 CONFIG [gwc.config] - Will look for 'geowebcache.xml' in directory '/opt/geoserver/data_dir/gwc'.
03 Mar 16:20:36 CONFIG [gwc.config] - Create configuration file '/opt/geoserver/data_dir/gwc/geowebcache.xml' from template jar:file:/usr/local/tomcat/webapps/geoserver/WEB-INF/lib/gwc-core-1.24.2.jar!/geowebcache_empty.xml
03 Mar 16:20:37 WARN   [config.XMLConfiguration] - GWC configuration validation error: cvc-elt.1.a: Cannot find the declaration of element 'gwcConfiguration'.
03 Mar 16:20:37 WARN   [config.XMLConfiguration] - Will try to use configuration anyway. Please check the order of declared elements against the schema.
03 Mar 16:20:37 CONFIG [org.geoserver] - GeoServer configuration lock is enabled
03 Mar 16:20:37 CONFIG [org.geoserver] - Loading catalog /opt/geoserver/data_dir
03 Mar 16:20:37 WARN   [org.geoserver] - No 'workspaces' directory found, unable to load any stores.
03 Mar 16:20:37 CONFIG [org.geoserver] - Read catalog in 162.0 ms
03 Mar 16:20:38 CONFIG [config.XMLConfiguration] - Initializing GridSets from /opt/geoserver/data_dir/gwc
03 Mar 16:20:38 CONFIG [config.XMLConfiguration] - Initializing layers from /opt/geoserver/data_dir/gwc
03 Mar 16:20:38 CONFIG [gwc.layer] - Initializing GWC configuration based on GeoServer's Catalog
03 Mar 16:20:38 CONFIG [gwc.layer] - GeoServer TileLayer store base directory is: gwc-layers
03 Mar 16:20:38 CONFIG [gwc.layer] - Loading tile layers from gwc-layers
03 Mar 16:20:38 CONFIG [gwc.layer] - Loaded 0 tile layers in 8.208 ms
03 Mar 16:20:38 CONFIG [storage.BlobStoreAggregator] - BlobStoreConfiguration /opt/geoserver/data_dir/gwc contained no blob store infos.
03 Mar 16:20:38 CONFIG [storage.DefaultStorageFinder] - Found system environment variableGEOWEBCACHE_CACHE_DIR set to /opt/geoserver/data_dir/gwc, using it as the default prefix.
03 Mar 16:20:39 CONFIG [geowebcache.GeoWebCacheDispatcher] - Invoked setServletPrefix(gwc)
03 Mar 16:20:39 CONFIG [wms.WMSService] - Will NOT recombine tiles for non-tiling clients.
03 Mar 16:20:39 CONFIG [wms.WMSService] - Will proxy requests to backend that are not getmap or getcapabilities.
03 Mar 16:20:39 CONFIG [org.geoserver] - Loaded service 'WMTSInfoImpl-4fde5128:19cb4805fe1:-7ffb', enabled
03 Mar 16:20:39 CONFIG [org.geoserver] - Loaded service 'csw', enabled
03 Mar 16:20:39 CONFIG [org.geoserver] - Loaded service 'WCSInfoImpl-4fde5128:19cb4805fe1:-7ffa', enabled
03 Mar 16:20:39 CONFIG [org.geoserver] - Loaded service 'WPSInfoImpl-4fde5128:19cb4805fe1:-7ff9', enabled
03 Mar 16:20:39 CONFIG [org.geoserver] - Loaded service 'WFSInfoImpl-4fde5128:19cb4805fe1:-7ff8', enabled
03 Mar 16:20:39 CONFIG [org.geoserver] - Loaded service 'WMSInfoImpl-4fde5128:19cb4805fe1:-7ff7', enabled
03 Mar 16:20:39 CONFIG [gwc.config] - Initializing GeoServer specific GWC configuration from gwc-gs.xml
03 Mar 16:20:40 CONFIG [gwc.config] - Will look for 'geowebcache-diskquota.xml' in directory '/opt/geoserver/data_dir/gwc'.
03 Mar 16:20:40 CONFIG [gwc.config] - Will look for 'geowebcache-diskquota-jdbc.xml' in directory '/opt/geoserver/data_dir/gwc'.
03 Mar 16:20:40 CONFIG [diskquota.ConfigLoader] - Quota config is: /opt/geoserver/data_dir/gwc/geowebcache-diskquota.xml
03 Mar 16:20:40 CONFIG [diskquota.ConfigLoader] - Quota config is: /opt/geoserver/data_dir/gwc/geowebcache-diskquota.xml
03 Mar 16:20:41 INFO   [flow.config] - Loaded control-flow rule: ows.global=100
03 Mar 16:20:41 INFO   [flow.config] - Loaded control-flow rule: ows.wms.getmap=10
03 Mar 16:20:41 INFO   [flow.config] - Loaded control-flow rule: ows.wfs.getfeature.application/msexcel=4
03 Mar 16:20:41 INFO   [flow.config] - Loaded control-flow rule: user=6
03 Mar 16:20:41 INFO   [flow.config] - Loaded control-flow rule: ows.gwc=16
03 Mar 16:20:42 INFO   [flow.config] - Loaded control-flow rule: user.ows.wps.execute=1000/d;30s
03 Mar 16:20:42 CONFIG [geoserver.flow] - Control-flow active with 6 flow controllers
03 Mar 16:20:57 INFO   [geoserver.monitor] - Monitor extension enabled
03 Mar 16:20:59 CONFIG [geoserver.wps] - Found 5 bindable processes in GeoServer specific processes
03 Mar 16:20:59 CONFIG [geoserver.wps] - Found 89 bindable processes in Deprecated processes
03 Mar 16:20:59 CONFIG [geoserver.wps] - Blacklisting process vec:GroupCandidateSelection as the input groupingAttributes of type class java.lang.Object cannot be handled
03 Mar 16:20:59 CONFIG [geoserver.wps] - Found 31 bindable processes in Vector processes
03 Mar 16:20:59 CONFIG [geoserver.wps] - Blacklisting process ras:ConvolveCoverage as the input kernel of type class javax.media.jai.KernelJAI cannot be handled
03 Mar 16:21:00 CONFIG [geoserver.wps] - Blacklisting process ras:RasterZonalStatistics2 as the input zones of type class java.lang.Object cannot be handled
03 Mar 16:21:00 CONFIG [geoserver.wps] - Blacklisting process ras:RasterZonalStatistics2 as the input nodata of type class it.geosolutions.jaiext.range.Range cannot be handled
03 Mar 16:21:00 CONFIG [geoserver.wps] - Blacklisting process ras:RasterZonalStatistics2 as the input rangeData of type class java.lang.Object cannot be handled
03 Mar 16:21:00 CONFIG [geoserver.wps] - Blacklisting process ras:RasterZonalStatistics2 as the output zonal statistics of type interface java.util.List cannot be handled
03 Mar 16:21:00 CONFIG [geoserver.wps] - Found 18 bindable processes in Raster processes
03 Mar 16:21:00 CONFIG [geoserver.wps] - Found 48 bindable processes in Geometry processes
03 Mar 16:21:00 CONFIG [geoserver.wps] - Found 1 bindable processes in PolygonLabelProcess
03 Mar 16:21:00 CONFIG [geoserver.wps] - Found 1 bindable processes in geo
03 Mar 16:21:00 CONFIG [geoserver.wps] - Found 1 bindable processes in geo
03 Mar 16:21:04 WARN   [turbojpeg.TurboJPEGMapResponse] - The turbo jpeg encoder is available for usage
03 Mar 16:21:06 CONFIG [diskquota.ConfigLoader] - Quota config is: /opt/geoserver/data_dir/gwc/geowebcache-diskquota.xml
03 Mar 16:21:06 CONFIG [diskquota.DiskQuotaMonitor] - Setting up disk quota periodic enforcement task
03 Mar 16:21:06 CONFIG [diskquota.DiskQuotaMonitor] - 0 layers configured with their own quotas. 
03 Mar 16:21:06 CONFIG [diskquota.DiskQuotaMonitor] - 0 layers attached to global quota 20.0 GB
03 Mar 16:21:06 CONFIG [diskquota.DiskQuotaMonitor] - Disk quota periodic enforcement task set up every 5 SECONDS
03 Mar 16:21:07 CONFIG [geoserver.security] - AuthenticationCache Initialized with 1000 Max Entries, 300 seconds idle time, 600 seconds time to live and 3 concurrency level
03 Mar 16:21:07 CONFIG [geoserver.security] - AuthenticationCache Eviction Task created to run every 600 seconds
03 Mar 16:21:12 CONFIG [geoserver.security] - Start reloading user/groups for service named default
03 Mar 16:21:12 CONFIG [geoserver.security] - Reloading user/groups successful for service named default
03 Mar 16:21:13 INFO   [config.XMLConfiguration] - Wrote configuration to /opt/geoserver/data_dir/gwc
03 Mar 16:21:14 WARN   [servlet.PageNotFound] - No mapping for GET /geoserver/gis/wms
03 Mar 16:21:14 WARN   [servlet.PageNotFound] - No mapping for GET /geoserver/gis/wms
03 Mar 16:21:14 WARN   [servlet.PageNotFound] - No mapping for GET /geoserver/gis/wms
03 Mar 16:21:14 WARN   [servlet.PageNotFound] - No mapping for GET /geoserver/gis/wms
03 Mar 16:21:14 WARN   [servlet.PageNotFound] - No mapping for GET /geoserver/gis/wms
03 Mar 16:21:14 WARN   [servlet.PageNotFound] - No mapping for GET /geoserver/gis/wms
03 Mar 16:21:14 WARN   [servlet.PageNotFound] - No mapping for GET /geoserver/gis/wms
03 Mar 16:21:14 WARN   [servlet.PageNotFound] - No mapping for GET /geoserver/gis/wms
03 Mar 16:21:14 WARN   [servlet.PageNotFound] - No mapping for GET /geoserver/gis/wms
03 Mar 16:21:14 WARN   [servlet.PageNotFound] - No mapping for GET /geoserver/gis/wms
03 Mar 16:21:14 WARN   [servlet.PageNotFound] - No mapping for GET /geoserver/gis/wms
03 Mar 16:21:14 WARN   [servlet.PageNotFound] - No mapping for GET /geoserver/gis/wms
03 Mar 16:21:14 WARN   [servlet.PageNotFound] - No mapping for GET /geoserver/gis/wms
03 Mar 16:21:14 WARN   [servlet.PageNotFound] - No mapping for GET /geoserver/gis/wms
03 Mar 16:21:14 WARN   [servlet.PageNotFound] - No mapping for GET /geoserver/gis/wms
03 Mar 16:21:14 WARN   [servlet.PageNotFound] - No mapping for GET /geoserver/gis/wms
03 Mar 16:21:14 WARN   [servlet.PageNotFound] - No mapping for GET /geoserver/gis/wms
03 Mar 16:21:14 WARN   [servlet.PageNotFound] - No mapping for GET /geoserver/gis/wms
03 Mar 16:21:14 WARN   [servlet.PageNotFound] - No mapping for GET /geoserver/gis/wms
03 Mar 16:21:14 WARN   [servlet.PageNotFound] - No mapping for GET /geoserver/gis/wms
03 Mar 16:21:14 WARN   [servlet.PageNotFound] - No mapping for GET /geoserver/gis/wms
03 Mar 16:21:14 WARN   [servlet.PageNotFound] - No mapping for GET /geoserver/gis/wms
03 Mar 16:21:14 WARN   [servlet.PageNotFound] - No mapping for GET /geoserver/gis/wms
03 Mar 16:21:14 WARN   [servlet.PageNotFound] - No mapping for GET /geoserver/gis/wms
03 Mar 16:21:14 WARN   [servlet.PageNotFound] - No mapping for GET /geoserver/gis/wms
03 Mar 16:21:14 WARN   [servlet.PageNotFound] - No mapping for GET /geoserver/gis/wms
03 Mar 16:21:14 WARN   [servlet.PageNotFound] - No mapping for GET /geoserver/gis/wms
03 Mar 16:21:29 WARN   [servlet.PageNotFound] - No mapping for GET /geoserver/gis/wms
03 Mar 16:21:29 WARN   [servlet.PageNotFound] - No mapping for GET /geoserver/gis/wms
03 Mar 16:21:29 WARN   [servlet.PageNotFound] - No mapping for GET /geoserver/gis/wms
03 Mar 16:21:30 WARN   [servlet.PageNotFound] - No mapping for GET /geoserver/gis/wms
03 Mar 16:21:30 WARN   [servlet.PageNotFound] - No mapping for GET /geoserver/gis/wms
03 Mar 16:21:30 WARN   [servlet.PageNotFound] - No mapping for GET /geoserver/gis/wms
03 Mar 16:21:30 WARN   [servlet.PageNotFound] - No mapping for GET /geoserver/gis/wms
03 Mar 16:21:30 WARN   [servlet.PageNotFound] - No mapping for GET /geoserver/gis/wms
03 Mar 16:21:30 WARN   [servlet.PageNotFound] - No mapping for GET /geoserver/gis/wms
03 Mar 16:21:31 WARN   [servlet.PageNotFound] - No mapping for GET /geoserver/gis/wms
03 Mar 16:21:31 WARN   [servlet.PageNotFound] - No mapping for GET /geoserver/gis/wms
03 Mar 16:21:31 WARN   [servlet.PageNotFound] - No mapping for GET /geoserver/gis/wms
03 Mar 16:24:04 WARN   [servlet.PageNotFound] - No mapping for GET /geoserver/gis/wms
03 Mar 16:24:04 WARN   [servlet.PageNotFound] - No mapping for GET /geoserver/gis/wms
03 Mar 16:24:04 WARN   [servlet.PageNotFound] - No mapping for GET /geoserver/gis/wms
03 Mar 16:24:05 WARN   [servlet.PageNotFound] - No mapping for GET /geoserver/gis/wms
03 Mar 16:24:05 WARN   [servlet.PageNotFound] - No mapping for GET /geoserver/gis/wms
03 Mar 16:24:05 WARN   [servlet.PageNotFound] - No mapping for GET /geoserver/gis/wms
03 Mar 16:24:07 WARN   [servlet.PageNotFound] - No mapping for GET /geoserver/gis/wms
03 Mar 16:24:07 WARN   [servlet.PageNotFound] - No mapping for GET /geoserver/gis/wms
03 Mar 16:24:07 WARN   [servlet.PageNotFound] - No mapping for GET /geoserver/gis/wms
03 Mar 16:24:07 WARN   [servlet.PageNotFound] - No mapping for GET /geoserver/gis/wms
03 Mar 16:24:07 WARN   [servlet.PageNotFound] - No mapping for GET /geoserver/gis/wms
03 Mar 16:24:07 WARN   [servlet.PageNotFound] - No mapping for GET /geoserver/gis/wms
03 Mar 16:24:08 WARN   [servlet.PageNotFound] - No mapping for GET /geoserver/gis/wms
03 Mar 16:24:08 WARN   [servlet.PageNotFound] - No mapping for GET /geoserver/gis/wms
03 Mar 16:24:08 WARN   [servlet.PageNotFound] - No mapping for GET /geoserver/gis/wms
03 Mar 16:24:08 WARN   [servlet.PageNotFound] - No mapping for GET /geoserver/gis/wms
03 Mar 16:24:08 WARN   [servlet.PageNotFound] - No mapping for GET /geoserver/gis/wms
03 Mar 16:24:08 WARN   [servlet.PageNotFound] - No mapping for GET /geoserver/gis/wms
03 Mar 16:24:10 WARN   [servlet.PageNotFound] - No mapping for GET /geoserver/gis/wms
03 Mar 16:24:10 WARN   [servlet.PageNotFound] - No mapping for GET /geoserver/gis/wms
03 Mar 16:24:10 WARN   [servlet.PageNotFound] - No mapping for GET /geoserver/gis/wms
03 Mar 16:24:11 WARN   [servlet.PageNotFound] - No mapping for GET /geoserver/gis/wms
03 Mar 16:24:11 WARN   [servlet.PageNotFound] - No mapping for GET /geoserver/gis/wms
03 Mar 16:24:11 WARN   [servlet.PageNotFound] - No mapping for GET /geoserver/gis/wms
03 Mar 16:24:12 WARN   [servlet.PageNotFound] - No mapping for GET /geoserver/gis/wms
03 Mar 16:24:12 WARN   [servlet.PageNotFound] - No mapping for GET /geoserver/gis/wms
03 Mar 16:24:12 WARN   [servlet.PageNotFound] - No mapping for GET /geoserver/gis/wms
03 Mar 16:24:13 WARN   [servlet.PageNotFound] - No mapping for GET /geoserver/gis/wms
03 Mar 16:24:13 WARN   [servlet.PageNotFound] - No mapping for GET /geoserver/gis/wms
03 Mar 16:24:13 WARN   [servlet.PageNotFound] - No mapping for GET /geoserver/gis/wms
03 Mar 16:24:14 WARN   [servlet.PageNotFound] - No mapping for GET /geoserver/gis/wms
03 Mar 16:24:14 WARN   [servlet.PageNotFound] - No mapping for GET /geoserver/gis/wms
03 Mar 16:24:14 WARN   [servlet.PageNotFound] - No mapping for GET /geoserver/gis/wms
03 Mar 16:24:15 WARN   [servlet.PageNotFound] - No mapping for GET /geoserver/gis/wms
03 Mar 16:24:15 WARN   [servlet.PageNotFound] - No mapping for GET /geoserver/gis/wms
03 Mar 16:24:15 WARN   [servlet.PageNotFound] - No mapping for GET /geoserver/gis/wms
03 Mar 16:24:16 WARN   [servlet.PageNotFound] - No mapping for GET /geoserver/gis/wms
03 Mar 16:24:16 WARN   [servlet.PageNotFound] - No mapping for GET /geoserver/gis/wms
03 Mar 16:24:16 WARN   [servlet.PageNotFound] - No mapping for GET /geoserver/gis/wms
03 Mar 16:24:17 WARN   [servlet.PageNotFound] - No mapping for GET /geoserver/gis/wms
03 Mar 16:24:17 WARN   [servlet.PageNotFound] - No mapping for GET /geoserver/gis/wms
03 Mar 16:24:17 WARN   [servlet.PageNotFound] - No mapping for GET /geoserver/gis/wms
03 Mar 16:24:17 WARN   [servlet.PageNotFound] - No mapping for GET /geoserver/gis/wms
03 Mar 16:24:17 WARN   [servlet.PageNotFound] - No mapping for GET /geoserver/gis/wms
03 Mar 16:24:17 WARN   [servlet.PageNotFound] - No mapping for GET /geoserver/gis/wms
03 Mar 16:26:01 WARN   [geoserver.security] - Failed login, user admin from 172.18.0.1
03 Mar 16:26:01 INFO   [geoserver.security] - Brute force attack prevention, delaying login for 1088ms
03 Mar 16:26:21 INFO   [geoserver.security] - Strong cryptography is available
03 Mar 16:33:00 INFO   [geoserver.gwc] - Saving GeoSeverTileLayer gis:buildings
03 Mar 16:33:01 CONFIG [platform.resource] - Notifying ENTRY_CREATE change on /opt/geoserver/data_dir/gwc-layers. Created: 1, removed: 0, modified: 0
03 Mar 16:33:11 INFO   [geoserver.gwc] - Saving GeoSeverTileLayer gis:roads
03 Mar 16:33:11 CONFIG [platform.resource] - Notifying ENTRY_MODIFY change on /opt/geoserver/data_dir/gwc-layers. Created: 1, removed: 0, modified: 0
03 Mar 16:34:40 INFO   [geoserver.wms] - 
Request: getServiceInfo
03 Mar 16:34:40 INFO   [geoserver.wms] - 
Request: getServiceInfo
03 Mar 16:34:40 INFO   [geoserver.wms] - 
Request: getServiceInfo
03 Mar 16:34:41 ERROR  [geoserver.ows] - 
org.geoserver.platform.ServiceException: Could not find layer gis:poi
	at org.geoserver.wms.map.GetMapKvpRequestReader.parseLayers(GetMapKvpRequestReader.java:1546)
	at org.geoserver.wms.map.GetMapKvpRequestReader.read(GetMapKvpRequestReader.java:361)
	at org.geoserver.wms.map.GetMapKvpRequestReader.read(GetMapKvpRequestReader.java:107)
	at org.geoserver.ows.Dispatcher.parseRequestKVP(Dispatcher.java:1509)
	at org.geoserver.ows.Dispatcher.dispatch(Dispatcher.java:682)
	at org.geoserver.ows.Dispatcher.handleRequestInternal(Dispatcher.java:258)
	at org.springframework.web.servlet.mvc.AbstractController.handleRequest(AbstractController.java:177)
	at org.springframework.web.servlet.mvc.SimpleControllerHandlerAdapter.handle(SimpleControllerHandlerAdapter.java:51)
	at org.springframework.web.servlet.DispatcherServlet.doDispatch(DispatcherServlet.java:1072)
	at org.springframework.web.servlet.DispatcherServlet.doService(DispatcherServlet.java:965)
	at org.springframework.web.servlet.FrameworkServlet.processRequest(FrameworkServlet.java:1006)
	at org.springframework.web.servlet.FrameworkServlet.doGet(FrameworkServlet.java:898)
	at javax.servlet.http.HttpServlet.service(HttpServlet.java:502)
	at org.springframework.web.servlet.FrameworkServlet.service(FrameworkServlet.java:883)
	at javax.servlet.http.HttpServlet.service(HttpServlet.java:596)
	at org.apache.catalina.core.ApplicationFilterChain.internalDoFilter(ApplicationFilterChain.java:209)
	at org.apache.catalina.core.ApplicationFilterChain.doFilter(ApplicationFilterChain.java:153)
	at org.apache.tomcat.websocket.server.WsFilter.doFilter(WsFilter.java:53)
	at org.apache.catalina.core.ApplicationFilterChain.internalDoFilter(ApplicationFilterChain.java:178)
	at org.apache.catalina.core.ApplicationFilterChain.doFilter(ApplicationFilterChain.java:153)
	at org.apache.catalina.filters.CorsFilter.handleNonCORS(CorsFilter.java:328)
	at org.apache.catalina.filters.CorsFilter.doFilter(CorsFilter.java:158)
	at org.apache.catalina.core.ApplicationFilterChain.internalDoFilter(ApplicationFilterChain.java:178)
	at org.apache.catalina.core.ApplicationFilterChain.doFilter(ApplicationFilterChain.java:153)
	at org.apache.catalina.filters.HttpHeaderSecurityFilter.doFilter(HttpHeaderSecurityFilter.java:126)
	at org.apache.catalina.core.ApplicationFilterChain.internalDoFilter(ApplicationFilterChain.java:178)
	at org.apache.catalina.core.ApplicationFilterChain.doFilter(ApplicationFilterChain.java:153)
	at org.geoserver.filters.ThreadLocalsCleanupFilter.doFilter(ThreadLocalsCleanupFilter.java:28)
	at org.apache.catalina.core.ApplicationFilterChain.internalDoFilter(ApplicationFilterChain.java:178)
	at org.apache.catalina.core.ApplicationFilterChain.doFilter(ApplicationFilterChain.java:153)
	at org.geoserver.filters.SpringDelegatingFilter$Chain.doFilter(SpringDelegatingFilter.java:73)
	at org.geoserver.monitor.MonitorFilter.doFilter(MonitorFilter.java:159)
	at org.geoserver.filters.SpringDelegatingFilter$Chain.doFilter(SpringDelegatingFilter.java:70)
	at org.geoserver.ows.HTTPHeadersCollector.doFilter(HTTPHeadersCollector.java:48)
	at org.geoserver.filters.SpringDelegatingFilter$Chain.doFilter(SpringDelegatingFilter.java:70)
	at org.geoserver.filters.HTTPMethodFilter.doFilter(HTTPMethodFilter.java:36)
	at org.geoserver.filters.SpringDelegatingFilter$Chain.doFilter(SpringDelegatingFilter.java:70)
	at org.geoserver.filters.LoggingFilter.doFilter(LoggingFilter.java:194)
	at org.geoserver.filters.SpringDelegatingFilter$Chain.doFilter(SpringDelegatingFilter.java:70)
	at org.geoserver.flow.controller.IpBlacklistFilter.doFilter(IpBlacklistFilter.java:89)
	at org.geoserver.filters.SpringDelegatingFilter$Chain.doFilter(SpringDelegatingFilter.java:70)
	at org.geoserver.filters.SpringDelegatingFilter.doFilter(SpringDelegatingFilter.java:43)
	at org.apache.catalina.core.ApplicationFilterChain.internalDoFilter(ApplicationFilterChain.java:178)
	at org.apache.catalina.core.ApplicationFilterChain.doFilter(ApplicationFilterChain.java:153)
	at org.geoserver.platform.AdvancedDispatchFilter.doFilter(AdvancedDispatchFilter.java:39)
	at org.apache.catalina.core.ApplicationFilterChain.internalDoFilter(ApplicationFilterChain.java:178)
	at org.apache.catalina.core.ApplicationFilterChain.doFilter(ApplicationFilterChain.java:153)
	at org.springframework.security.web.FilterChainProxy$VirtualFilterChain.doFilter(FilterChainProxy.java:337)
	at org.geoserver.security.filter.GeoServerCompositeFilter$NestedFilterChain.doFilter(GeoServerCompositeFilter.java:71)
	at org.springframework.security.web.access.intercept.FilterSecurityInterceptor.invoke(FilterSecurityInterceptor.java:115)
	at org.springframework.security.web.access.intercept.FilterSecurityInterceptor.doFilter(FilterSecurityInterceptor.java:81)
	at org.geoserver.security.filter.GeoServerCompositeFilter$NestedFilterChain.doFilter(GeoServerCompositeFilter.java:75)
	at org.geoserver.security.filter.GeoServerCompositeFilter.doFilter(GeoServerCompositeFilter.java:92)
	at org.springframework.security.web.FilterChainProxy$VirtualFilterChain.doFilter(FilterChainProxy.java:346)
	at org.geoserver.security.filter.GeoServerCompositeFilter$NestedFilterChain.doFilter(GeoServerCompositeFilter.java:71)
	at org.springframework.security.web.access.ExceptionTranslationFilter.doFilter(ExceptionTranslationFilter.java:122)
	at org.springframework.security.web.access.ExceptionTranslationFilter.doFilter(ExceptionTranslationFilter.java:116)
	at org.geoserver.security.filter.GeoServerCompositeFilter$NestedFilterChain.doFilter(GeoServerCompositeFilter.java:75)
	at org.geoserver.security.filter.GeoServerCompositeFilter.doFilter(GeoServerCompositeFilter.java:92)
	at org.springframework.security.web.FilterChainProxy$VirtualFilterChain.doFilter(FilterChainProxy.java:346)
	at org.geoserver.security.filter.GeoServerAnonymousAuthenticationFilter.doFilter(GeoServerAnonymousAuthenticationFilter.java:53)
	at org.springframework.security.web.FilterChainProxy$VirtualFilterChain.doFilter(FilterChainProxy.java:346)
	at org.geoserver.security.filter.GeoServerCompositeFilter$NestedFilterChain.doFilter(GeoServerCompositeFilter.java:71)
	at org.springframework.security.web.authentication.www.BasicAuthenticationFilter.doFilterInternal(BasicAuthenticationFilter.java:164)
	at org.springframework.web.filter.OncePerRequestFilter.doFilter(OncePerRequestFilter.java:117)
	at org.geoserver.security.filter.GeoServerCompositeFilter$NestedFilterChain.doFilter(GeoServerCompositeFilter.java:75)
	at org.geoserver.security.filter.GeoServerCompositeFilter.doFilter(GeoServerCompositeFilter.java:92)
	at org.geoserver.security.filter.GeoServerBasicAuthenticationFilter.doFilter(GeoServerBasicAuthenticationFilter.java:81)
	at org.springframework.security.web.FilterChainProxy$VirtualFilterChain.doFilter(FilterChainProxy.java:346)
	at org.geoserver.security.filter.GeoServerCompositeFilter$NestedFilterChain.doFilter(GeoServerCompositeFilter.java:71)
	at org.geoserver.security.filter.GeoServerSecurityContextPersistenceFilter$1.doFilterInternal(GeoServerSecurityContextPersistenceFilter.java:72)
	at org.springframework.web.filter.OncePerRequestFilter.doFilter(OncePerRequestFilter.java:117)
	at org.geoserver.security.filter.GeoServerCompositeFilter$NestedFilterChain.doFilter(GeoServerCompositeFilter.java:75)
	at org.geoserver.security.filter.GeoServerCompositeFilter.doFilter(GeoServerCompositeFilter.java:92)
	at org.springframework.security.web.FilterChainProxy$VirtualFilterChain.doFilter(FilterChainProxy.java:346)
	at org.springframework.security.web.FilterChainProxy.doFilterInternal(FilterChainProxy.java:221)
	at org.springframework.security.web.FilterChainProxy.doFilter(FilterChainProxy.java:186)
	at org.geoserver.security.GeoServerSecurityFilterChainProxy.doFilter(GeoServerSecurityFilterChainProxy.java:142)
	at org.springframework.web.filter.DelegatingFilterProxy.invokeDelegate(DelegatingFilterProxy.java:354)
	at org.springframework.web.filter.DelegatingFilterProxy.doFilter(DelegatingFilterProxy.java:267)
	at org.apache.catalina.core.ApplicationFilterChain.internalDoFilter(ApplicationFilterChain.java:178)
	at org.apache.catalina.core.ApplicationFilterChain.doFilter(ApplicationFilterChain.java:153)
	at org.geoserver.filters.XFrameOptionsFilter.doFilter(XFrameOptionsFilter.java:100)
	at org.apache.catalina.core.ApplicationFilterChain.internalDoFilter(ApplicationFilterChain.java:178)
	at org.apache.catalina.core.ApplicationFilterChain.doFilter(ApplicationFilterChain.java:153)
	at org.geoserver.filters.GZIPFilter.doFilter(GZIPFilter.java:48)
	at org.apache.catalina.core.ApplicationFilterChain.internalDoFilter(ApplicationFilterChain.java:178)
	at org.apache.catalina.core.ApplicationFilterChain.doFilter(ApplicationFilterChain.java:153)
	at org.geoserver.filters.SessionDebugFilter.doFilter(SessionDebugFilter.java:49)
	at org.apache.catalina.core.ApplicationFilterChain.internalDoFilter(ApplicationFilterChain.java:178)
	at org.apache.catalina.core.ApplicationFilterChain.doFilter(ApplicationFilterChain.java:153)
	at org.geoserver.filters.FlushSafeFilter.doFilter(FlushSafeFilter.java:42)
	at org.apache.catalina.core.ApplicationFilterChain.internalDoFilter(ApplicationFilterChain.java:178)
	at org.apache.catalina.core.ApplicationFilterChain.doFilter(ApplicationFilterChain.java:153)
	at org.springframework.web.filter.CharacterEncodingFilter.doFilterInternal(CharacterEncodingFilter.java:201)
	at org.springframework.web.filter.OncePerRequestFilter.doFilter(OncePerRequestFilter.java:117)
	at org.apache.catalina.core.ApplicationFilterChain.internalDoFilter(ApplicationFilterChain.java:178)
	at org.apache.catalina.core.ApplicationFilterChain.doFilter(ApplicationFilterChain.java:153)
	at org.apache.catalina.core.StandardWrapperValve.invoke(StandardWrapperValve.java:167)
	at org.apache.catalina.core.StandardContextValve.invoke(StandardContextValve.java:90)
	at org.apache.catalina.authenticator.AuthenticatorBase.invoke(AuthenticatorBase.java:492)
	at org.apache.catalina.core.StandardHostValve.invoke(StandardHostValve.java:130)
	at org.apache.catalina.valves.ErrorReportValve.invoke(ErrorReportValve.java:93)
	at org.apache.catalina.valves.AbstractAccessLogValve.invoke(AbstractAccessLogValve.java:673)
	at org.apache.catalina.core.StandardEngineValve.invoke(StandardEngineValve.java:74)
	at org.apache.catalina.connector.CoyoteAdapter.service(CoyoteAdapter.java:343)
	at org.apache.coyote.http11.Http11Processor.service(Http11Processor.java:389)
	at org.apache.coyote.AbstractProcessorLight.process(AbstractProcessorLight.java:63)
	at org.apache.coyote.AbstractProtocol$ConnectionHandler.process(AbstractProtocol.java:926)
	at org.apache.tomcat.util.net.NioEndpoint$SocketProcessor.doRun(NioEndpoint.java:1791)
	at org.apache.tomcat.util.net.SocketProcessorBase.run(SocketProcessorBase.java:49)
	at org.apache.tomcat.util.threads.ThreadPoolExecutor.runWorker(ThreadPoolExecutor.java:1191)
	at org.apache.tomcat.util.threads.ThreadPoolExecutor$Worker.run(ThreadPoolExecutor.java:659)
	at org.apache.tomcat.util.threads.TaskThread$WrappingRunnable.run(TaskThread.java:61)
	at java.base/java.lang.Thread.run(Thread.java:829)
03 Mar 16:34:41 INFO   [geoserver.flow] - Request [WMS 1.3.0 GetMap] starting, processing through flow controllers
03 Mar 16:34:41 INFO   [geoserver.flow] - Request [WMS 1.3.0 GetMap] starting, processing through flow controllers
03 Mar 16:34:41 INFO   [geoserver.flow] - Request control-flow performed, running requests: 2, blocked requests: 0
03 Mar 16:34:41 INFO   [geoserver.flow] - Request control-flow performed, running requests: 2, blocked requests: 0
03 Mar 16:34:42 WARN   [operation.projection] - Possible use of "Popular Visualisation Pseudo Mercator" projection outside its valid area.
Longitude 2147483287°00.0'W is out of range (±180°).
03 Mar 16:34:42 WARN   [operation.projection] - Possible use of "Popular Visualisation Pseudo Mercator" projection outside its valid area.
Longitude 2147483287°00.0'W is out of range (±180°).
03 Mar 16:34:42 INFO   [geoserver.wms] - 
Request: getMap
	Angle = 0.0
	BaseUrl = http://localhost:8080/geoserver/
	Bbox = SRSEnvelope[5481146.074361689 : 5490280.299241768, 7092685.268873819 : 7097214.162799715]
	BgColor = java.awt.Color[r=255,g=255,b=255]
	Buffer = 0
	Clip = null
	CQLFilter = null
	Crs = PROJCS["WGS 84 / Pseudo-Mercator", 
  GEOGCS["WGS 84", 
    DATUM["World Geodetic System 1984", 
      SPHEROID["WGS 84", 6378137.0, 298.257223563, AUTHORITY["EPSG","7030"]], 
      AUTHORITY["EPSG","6326"]], 
    PRIMEM["Greenwich", 0.0, AUTHORITY["EPSG","8901"]], 
    UNIT["degree", 0.017453292519943295], 
    AXIS["Geodetic latitude", NORTH], 
    AXIS["Geodetic longitude", EAST], 
    AUTHORITY["EPSG","4326"]], 
  PROJECTION["Popular Visualisation Pseudo Mercator", AUTHORITY["EPSG","1024"]], 
  PARAMETER["semi_minor", 6378137.0], 
  PARAMETER["latitude_of_origin", 0.0], 
  PARAMETER["central_meridian", 0.0], 
  PARAMETER["scale_factor", 1.0], 
  PARAMETER["false_easting", 0.0], 
  PARAMETER["false_northing", 0.0], 
  UNIT["m", 1.0], 
  AXIS["Easting", EAST], 
  AXIS["Northing", NORTH], 
  AUTHORITY["EPSG","3857"]]
	Elevation = []
	Env = {}
	Exceptions = SE_XML
	FeatureId = null
	FeatureVersion = null
	Filter = null
	Format = image/png
	FormatOptions = {}
	Get = true
	Height = 948
	Interpolations = []
	Layers = [org.geoserver.wms.MapLayerInfo@e4804762]
	MaxFeatures = null
	Palette = null
	RawKvp = {TILED=true, REQUEST=GetMap, FORMAT=image/png, CRS=EPSG:3857, BBOX=5481146.074361689,7092685.268873819,5490280.299241768,7097214.162799715, VERSION=1.3.0, STYLES=, SERVICE=WMS, WIDTH=1912, HEIGHT=948, TRANSPARENT=TRUE, LAYERS=gis:buildings}
	RemoteOwsType = null
	RemoteOwsURL = null
	Request = GetMap
	RequestCharset = UTF-8
	ScaleMethod = null
	Sld = null
	SldBody = null
	SldVersion = null
	SortBy = null
	SortByArrays = null
	SRS = urn:ogc:def:crs:EPSG::3857
	StartIndex = null
	StyleBody = null
	StyleFormat = sld
	Styles = [StyleImpl[ name=polygon]]
	StyleUrl = null
	StyleVersion = null
	Tiled = true
	TilesOrigin = null
	Time = []
	Transparent = true
	ValidateSchema = false
	Version = 1.3.0
	ViewParams = null
	Width = 1912
03 Mar 16:34:42 INFO   [geoserver.wms] - 
Request: getMap
	Angle = 0.0
	BaseUrl = http://localhost:8080/geoserver/
	Bbox = SRSEnvelope[5481146.074361689 : 5490280.299241768, 7092685.268873819 : 7097214.162799715]
	BgColor = java.awt.Color[r=255,g=255,b=255]
	Buffer = 0
	Clip = null
	CQLFilter = null
	Crs = PROJCS["WGS 84 / Pseudo-Mercator", 
  GEOGCS["WGS 84", 
    DATUM["World Geodetic System 1984", 
      SPHEROID["WGS 84", 6378137.0, 298.257223563, AUTHORITY["EPSG","7030"]], 
      AUTHORITY["EPSG","6326"]], 
    PRIMEM["Greenwich", 0.0, AUTHORITY["EPSG","8901"]], 
    UNIT["degree", 0.017453292519943295], 
    AXIS["Geodetic latitude", NORTH], 
    AXIS["Geodetic longitude", EAST], 
    AUTHORITY["EPSG","4326"]], 
  PROJECTION["Popular Visualisation Pseudo Mercator", AUTHORITY["EPSG","1024"]], 
  PARAMETER["semi_minor", 6378137.0], 
  PARAMETER["latitude_of_origin", 0.0], 
  PARAMETER["central_meridian", 0.0], 
  PARAMETER["scale_factor", 1.0], 
  PARAMETER["false_easting", 0.0], 
  PARAMETER["false_northing", 0.0], 
  UNIT["m", 1.0], 
  AXIS["Easting", EAST], 
  AXIS["Northing", NORTH], 
  AUTHORITY["EPSG","3857"]]
	Elevation = []
	Env = {}
	Exceptions = SE_XML
	FeatureId = null
	FeatureVersion = null
	Filter = null
	Format = image/png
	FormatOptions = {}
	Get = true
	Height = 948
	Interpolations = []
	Layers = [org.geoserver.wms.MapLayerInfo@c8d248ce]
	MaxFeatures = null
	Palette = null
	RawKvp = {TILED=true, REQUEST=GetMap, FORMAT=image/png, CRS=EPSG:3857, BBOX=5481146.074361689,7092685.268873819,5490280.299241768,7097214.162799715, VERSION=1.3.0, STYLES=, SERVICE=WMS, WIDTH=1912, HEIGHT=948, TRANSPARENT=TRUE, LAYERS=gis:roads}
	RemoteOwsType = null
	RemoteOwsURL = null
	Request = GetMap
	RequestCharset = UTF-8
	ScaleMethod = null
	Sld = null
	SldBody = null
	SldVersion = null
	SortBy = null
	SortByArrays = null
	SRS = urn:ogc:def:crs:EPSG::3857
	StartIndex = null
	StyleBody = null
	StyleFormat = sld
	Styles = [StyleImpl[ name=line]]
	StyleUrl = null
	StyleVersion = null
	Tiled = true
	TilesOrigin = null
	Time = []
	Transparent = true
	ValidateSchema = false
	Version = 1.3.0
	ViewParams = null
	Width = 1912
03 Mar 16:34:42 INFO   [geoserver.flow] - releasing flow controllers for [WMS 1.3.0 GetMap]
03 Mar 16:34:42 INFO   [geoserver.flow] - Request completed, running requests: 1, blocked requests: 0
03 Mar 16:34:42 INFO   [geoserver.flow] - releasing flow controllers for [WMS 1.3.0 GetMap]
03 Mar 16:34:42 INFO   [geoserver.flow] - Request completed, running requests: 0, blocked requests: 0
03 Mar 16:35:13 INFO   [geoserver.wms] - 
Request: getServiceInfo
03 Mar 16:35:13 INFO   [geoserver.wms] - 
Request: getServiceInfo
03 Mar 16:35:13 INFO   [geoserver.flow] - Request [WMS 1.3.0 GetMap] starting, processing through flow controllers
03 Mar 16:35:13 INFO   [geoserver.flow] - Request control-flow performed, running requests: 1, blocked requests: 0
03 Mar 16:35:13 INFO   [geoserver.flow] - Request [WMS 1.3.0 GetMap] starting, processing through flow controllers
03 Mar 16:35:13 INFO   [geoserver.flow] - Request control-flow performed, running requests: 2, blocked requests: 0
03 Mar 16:35:13 INFO   [geoserver.wms] - 
Request: getMap
	Angle = 0.0
	BaseUrl = http://localhost:8080/geoserver/
	Bbox = SRSEnvelope[5484222.889205245 : 5487385.525705468, 7094098.747668405 : 7095666.833129813]
	BgColor = java.awt.Color[r=255,g=255,b=255]
	Buffer = 0
	Clip = null
	CQLFilter = null
	Crs = PROJCS["WGS 84 / Pseudo-Mercator", 
  GEOGCS["WGS 84", 
    DATUM["World Geodetic System 1984", 
      SPHEROID["WGS 84", 6378137.0, 298.257223563, AUTHORITY["EPSG","7030"]], 
      AUTHORITY["EPSG","6326"]], 
    PRIMEM["Greenwich", 0.0, AUTHORITY["EPSG","8901"]], 
    UNIT["degree", 0.017453292519943295], 
    AXIS["Geodetic latitude", NORTH], 
    AXIS["Geodetic longitude", EAST], 
    AUTHORITY["EPSG","4326"]], 
  PROJECTION["Popular Visualisation Pseudo Mercator", AUTHORITY["EPSG","1024"]], 
  PARAMETER["semi_minor", 6378137.0], 
  PARAMETER["latitude_of_origin", 0.0], 
  PARAMETER["central_meridian", 0.0], 
  PARAMETER["scale_factor", 1.0], 
  PARAMETER["false_easting", 0.0], 
  PARAMETER["false_northing", 0.0], 
  UNIT["m", 1.0], 
  AXIS["Easting", EAST], 
  AXIS["Northing", NORTH], 
  AUTHORITY["EPSG","3857"]]
	Elevation = []
	Env = {}
	Exceptions = SE_XML
	FeatureId = null
	FeatureVersion = null
	Filter = null
	Format = image/png
	FormatOptions = {}
	Get = true
	Height = 948
	Interpolations = []
	Layers = [org.geoserver.wms.MapLayerInfo@e4804762]
	MaxFeatures = null
	Palette = null
	RawKvp = {TILED=true, REQUEST=GetMap, FORMAT=image/png, CRS=EPSG:3857, BBOX=5484222.889205245,7094098.747668405,5487385.525705468,7095666.833129813, VERSION=1.3.0, STYLES=, SERVICE=WMS, WIDTH=1912, HEIGHT=948, TRANSPARENT=TRUE, LAYERS=gis:buildings}
	RemoteOwsType = null
	RemoteOwsURL = null
	Request = GetMap
	RequestCharset = UTF-8
	ScaleMethod = null
	Sld = null
	SldBody = null
	SldVersion = null
	SortBy = null
	SortByArrays = null
	SRS = urn:ogc:def:crs:EPSG::3857
	StartIndex = null
	StyleBody = null
	StyleFormat = sld
	Styles = [StyleImpl[ name=polygon]]
	StyleUrl = null
	StyleVersion = null
	Tiled = true
	TilesOrigin = null
	Time = []
	Transparent = true
	ValidateSchema = false
	Version = 1.3.0
	ViewParams = null
	Width = 1912
03 Mar 16:35:13 INFO   [geoserver.wms] - 
Request: getMap
	Angle = 0.0
	BaseUrl = http://localhost:8080/geoserver/
	Bbox = SRSEnvelope[5484222.889205245 : 5487385.525705468, 7094098.747668405 : 7095666.833129813]
	BgColor = java.awt.Color[r=255,g=255,b=255]
	Buffer = 0
	Clip = null
	CQLFilter = null
	Crs = PROJCS["WGS 84 / Pseudo-Mercator", 
  GEOGCS["WGS 84", 
    DATUM["World Geodetic System 1984", 
      SPHEROID["WGS 84", 6378137.0, 298.257223563, AUTHORITY["EPSG","7030"]], 
      AUTHORITY["EPSG","6326"]], 
    PRIMEM["Greenwich", 0.0, AUTHORITY["EPSG","8901"]], 
    UNIT["degree", 0.017453292519943295], 
    AXIS["Geodetic latitude", NORTH], 
    AXIS["Geodetic longitude", EAST], 
    AUTHORITY["EPSG","4326"]], 
  PROJECTION["Popular Visualisation Pseudo Mercator", AUTHORITY["EPSG","1024"]], 
  PARAMETER["semi_minor", 6378137.0], 
  PARAMETER["latitude_of_origin", 0.0], 
  PARAMETER["central_meridian", 0.0], 
  PARAMETER["scale_factor", 1.0], 
  PARAMETER["false_easting", 0.0], 
  PARAMETER["false_northing", 0.0], 
  UNIT["m", 1.0], 
  AXIS["Easting", EAST], 
  AXIS["Northing", NORTH], 
  AUTHORITY["EPSG","3857"]]
	Elevation = []
	Env = {}
	Exceptions = SE_XML
	FeatureId = null
	FeatureVersion = null
	Filter = null
	Format = image/png
	FormatOptions = {}
	Get = true
	Height = 948
	Interpolations = []
	Layers = [org.geoserver.wms.MapLayerInfo@c8d248ce]
	MaxFeatures = null
	Palette = null
	RawKvp = {TILED=true, REQUEST=GetMap, FORMAT=image/png, CRS=EPSG:3857, BBOX=5484222.889205245,7094098.747668405,5487385.525705468,7095666.833129813, VERSION=1.3.0, STYLES=, SERVICE=WMS, WIDTH=1912, HEIGHT=948, TRANSPARENT=TRUE, LAYERS=gis:roads}
	RemoteOwsType = null
	RemoteOwsURL = null
	Request = GetMap
	RequestCharset = UTF-8
	ScaleMethod = null
	Sld = null
	SldBody = null
	SldVersion = null
	SortBy = null
	SortByArrays = null
	SRS = urn:ogc:def:crs:EPSG::3857
	StartIndex = null
	StyleBody = null
	StyleFormat = sld
	Styles = [StyleImpl[ name=line]]
	StyleUrl = null
	StyleVersion = null
	Tiled = true
	TilesOrigin = null
	Time = []
	Transparent = true
	ValidateSchema = false
	Version = 1.3.0
	ViewParams = null
	Width = 1912
03 Mar 16:35:14 INFO   [geoserver.flow] - releasing flow controllers for [WMS 1.3.0 GetMap]
03 Mar 16:35:14 INFO   [geoserver.flow] - Request completed, running requests: 1, blocked requests: 0
03 Mar 16:35:14 INFO   [geoserver.flow] - releasing flow controllers for [WMS 1.3.0 GetMap]
03 Mar 16:35:14 INFO   [geoserver.flow] - Request completed, running requests: 0, blocked requests: 0
03 Mar 16:35:14 INFO   [geoserver.wms] - 
Request: getServiceInfo
03 Mar 16:35:14 INFO   [geoserver.flow] - Request [WMS 1.3.0 GetMap] starting, processing through flow controllers
03 Mar 16:35:14 INFO   [geoserver.wms] - 
Request: getServiceInfo
03 Mar 16:35:14 INFO   [geoserver.flow] - Request control-flow performed, running requests: 1, blocked requests: 0
03 Mar 16:35:14 INFO   [geoserver.flow] - Request [WMS 1.3.0 GetMap] starting, processing through flow controllers
03 Mar 16:35:14 INFO   [geoserver.flow] - Request control-flow performed, running requests: 2, blocked requests: 0
03 Mar 16:35:14 INFO   [geoserver.wms] - 
Request: getMap
	Angle = 0.0
	BaseUrl = http://localhost:8080/geoserver/
	Bbox = SRSEnvelope[5484985.409519428 : 5486559.877347846, 7094485.50364316 : 7095266.149825868]
	BgColor = java.awt.Color[r=255,g=255,b=255]
	Buffer = 0
	Clip = null
	CQLFilter = null
	Crs = PROJCS["WGS 84 / Pseudo-Mercator", 
  GEOGCS["WGS 84", 
    DATUM["World Geodetic System 1984", 
      SPHEROID["WGS 84", 6378137.0, 298.257223563, AUTHORITY["EPSG","7030"]], 
      AUTHORITY["EPSG","6326"]], 
    PRIMEM["Greenwich", 0.0, AUTHORITY["EPSG","8901"]], 
    UNIT["degree", 0.017453292519943295], 
    AXIS["Geodetic latitude", NORTH], 
    AXIS["Geodetic longitude", EAST], 
    AUTHORITY["EPSG","4326"]], 
  PROJECTION["Popular Visualisation Pseudo Mercator", AUTHORITY["EPSG","1024"]], 
  PARAMETER["semi_minor", 6378137.0], 
  PARAMETER["latitude_of_origin", 0.0], 
  PARAMETER["central_meridian", 0.0], 
  PARAMETER["scale_factor", 1.0], 
  PARAMETER["false_easting", 0.0], 
  PARAMETER["false_northing", 0.0], 
  UNIT["m", 1.0], 
  AXIS["Easting", EAST], 
  AXIS["Northing", NORTH], 
  AUTHORITY["EPSG","3857"]]
	Elevation = []
	Env = {}
	Exceptions = SE_XML
	FeatureId = null
	FeatureVersion = null
	Filter = null
	Format = image/png
	FormatOptions = {}
	Get = true
	Height = 948
	Interpolations = []
	Layers = [org.geoserver.wms.MapLayerInfo@c8d248ce]
	MaxFeatures = null
	Palette = null
	RawKvp = {TILED=true, REQUEST=GetMap, FORMAT=image/png, CRS=EPSG:3857, BBOX=5484985.409519428,7094485.50364316,5486559.877347846,7095266.149825868, VERSION=1.3.0, STYLES=, SERVICE=WMS, WIDTH=1912, HEIGHT=948, TRANSPARENT=TRUE, LAYERS=gis:roads}
	RemoteOwsType = null
	RemoteOwsURL = null
	Request = GetMap
	RequestCharset = UTF-8
	ScaleMethod = null
	Sld = null
	SldBody = null
	SldVersion = null
	SortBy = null
	SortByArrays = null
	SRS = urn:ogc:def:crs:EPSG::3857
	StartIndex = null
	StyleBody = null
	StyleFormat = sld
	Styles = [StyleImpl[ name=line]]
	StyleUrl = null
	StyleVersion = null
	Tiled = true
	TilesOrigin = null
	Time = []
	Transparent = true
	ValidateSchema = false
	Version = 1.3.0
	ViewParams = null
	Width = 1912
03 Mar 16:35:14 INFO   [geoserver.wms] - 
Request: getMap
	Angle = 0.0
	BaseUrl = http://localhost:8080/geoserver/
	Bbox = SRSEnvelope[5484985.409519428 : 5486559.877347846, 7094485.50364316 : 7095266.149825868]
	BgColor = java.awt.Color[r=255,g=255,b=255]
	Buffer = 0
	Clip = null
	CQLFilter = null
	Crs = PROJCS["WGS 84 / Pseudo-Mercator", 
  GEOGCS["WGS 84", 
    DATUM["World Geodetic System 1984", 
      SPHEROID["WGS 84", 6378137.0, 298.257223563, AUTHORITY["EPSG","7030"]], 
      AUTHORITY["EPSG","6326"]], 
    PRIMEM["Greenwich", 0.0, AUTHORITY["EPSG","8901"]], 
    UNIT["degree", 0.017453292519943295], 
    AXIS["Geodetic latitude", NORTH], 
    AXIS["Geodetic longitude", EAST], 
    AUTHORITY["EPSG","4326"]], 
  PROJECTION["Popular Visualisation Pseudo Mercator", AUTHORITY["EPSG","1024"]], 
  PARAMETER["semi_minor", 6378137.0], 
  PARAMETER["latitude_of_origin", 0.0], 
  PARAMETER["central_meridian", 0.0], 
  PARAMETER["scale_factor", 1.0], 
  PARAMETER["false_easting", 0.0], 
  PARAMETER["false_northing", 0.0], 
  UNIT["m", 1.0], 
  AXIS["Easting", EAST], 
  AXIS["Northing", NORTH], 
  AUTHORITY["EPSG","3857"]]
	Elevation = []
	Env = {}
	Exceptions = SE_XML
	FeatureId = null
	FeatureVersion = null
	Filter = null
	Format = image/png
	FormatOptions = {}
	Get = true
	Height = 948
	Interpolations = []
	Layers = [org.geoserver.wms.MapLayerInfo@e4804762]
	MaxFeatures = null
	Palette = null
	RawKvp = {TILED=true, REQUEST=GetMap, FORMAT=image/png, CRS=EPSG:3857, BBOX=5484985.409519428,7094485.50364316,5486559.877347846,7095266.149825868, VERSION=1.3.0, STYLES=, SERVICE=WMS, WIDTH=1912, HEIGHT=948, TRANSPARENT=TRUE, LAYERS=gis:buildings}
	RemoteOwsType = null
	RemoteOwsURL = null
	Request = GetMap
	RequestCharset = UTF-8
	ScaleMethod = null
	Sld = null
	SldBody = null
	SldVersion = null
	SortBy = null
	SortByArrays = null
	SRS = urn:ogc:def:crs:EPSG::3857
	StartIndex = null
	StyleBody = null
	StyleFormat = sld
	Styles = [StyleImpl[ name=polygon]]
	StyleUrl = null
	StyleVersion = null
	Tiled = true
	TilesOrigin = null
	Time = []
	Transparent = true
	ValidateSchema = false
	Version = 1.3.0
	ViewParams = null
	Width = 1912
03 Mar 16:35:14 INFO   [geoserver.flow] - releasing flow controllers for [WMS 1.3.0 GetMap]
03 Mar 16:35:14 INFO   [geoserver.flow] - Request completed, running requests: 1, blocked requests: 0
03 Mar 16:35:14 INFO   [geoserver.wms] - 
Request: getServiceInfo
03 Mar 16:35:14 INFO   [geoserver.wms] - 
Request: getServiceInfo
03 Mar 16:35:14 INFO   [geoserver.flow] - Request [WMS 1.3.0 GetMap] starting, processing through flow controllers
03 Mar 16:35:14 INFO   [geoserver.flow] - Request [WMS 1.3.0 GetMap] starting, processing through flow controllers
03 Mar 16:35:14 INFO   [geoserver.flow] - releasing flow controllers for [WMS 1.3.0 GetMap]
03 Mar 16:35:14 INFO   [geoserver.flow] - Request control-flow performed, running requests: 2, blocked requests: 0
03 Mar 16:35:14 INFO   [geoserver.flow] - Request control-flow performed, running requests: 2, blocked requests: 1
03 Mar 16:35:14 INFO   [geoserver.flow] - Request completed, running requests: 2, blocked requests: 0
03 Mar 16:35:14 INFO   [geoserver.wms] - 
Request: getMap
	Angle = 0.0
	BaseUrl = http://localhost:8080/geoserver/
	Bbox = SRSEnvelope[5485361.204962181 : 5486082.99938345, 7094707.145213952 : 7095065.022364248]
	BgColor = java.awt.Color[r=255,g=255,b=255]
	Buffer = 0
	Clip = null
	CQLFilter = null
	Crs = PROJCS["WGS 84 / Pseudo-Mercator", 
  GEOGCS["WGS 84", 
    DATUM["World Geodetic System 1984", 
      SPHEROID["WGS 84", 6378137.0, 298.257223563, AUTHORITY["EPSG","7030"]], 
      AUTHORITY["EPSG","6326"]], 
    PRIMEM["Greenwich", 0.0, AUTHORITY["EPSG","8901"]], 
    UNIT["degree", 0.017453292519943295], 
    AXIS["Geodetic latitude", NORTH], 
    AXIS["Geodetic longitude", EAST], 
    AUTHORITY["EPSG","4326"]], 
  PROJECTION["Popular Visualisation Pseudo Mercator", AUTHORITY["EPSG","1024"]], 
  PARAMETER["semi_minor", 6378137.0], 
  PARAMETER["latitude_of_origin", 0.0], 
  PARAMETER["central_meridian", 0.0], 
  PARAMETER["scale_factor", 1.0], 
  PARAMETER["false_easting", 0.0], 
  PARAMETER["false_northing", 0.0], 
  UNIT["m", 1.0], 
  AXIS["Easting", EAST], 
  AXIS["Northing", NORTH], 
  AUTHORITY["EPSG","3857"]]
	Elevation = []
	Env = {}
	Exceptions = SE_XML
	FeatureId = null
	FeatureVersion = null
	Filter = null
	Format = image/png
	FormatOptions = {}
	Get = true
	Height = 948
	Interpolations = []
	Layers = [org.geoserver.wms.MapLayerInfo@e4804762]
	MaxFeatures = null
	Palette = null
	RawKvp = {TILED=true, REQUEST=GetMap, FORMAT=image/png, CRS=EPSG:3857, BBOX=5485361.204962181,7094707.145213952,5486082.99938345,7095065.022364248, VERSION=1.3.0, STYLES=, SERVICE=WMS, WIDTH=1912, HEIGHT=948, TRANSPARENT=TRUE, LAYERS=gis:buildings}
	RemoteOwsType = null
	RemoteOwsURL = null
	Request = GetMap
	RequestCharset = UTF-8
	ScaleMethod = null
	Sld = null
	SldBody = null
	SldVersion = null
	SortBy = null
	SortByArrays = null
	SRS = urn:ogc:def:crs:EPSG::3857
	StartIndex = null
	StyleBody = null
	StyleFormat = sld
	Styles = [StyleImpl[ name=polygon]]
	StyleUrl = null
	StyleVersion = null
	Tiled = true
	TilesOrigin = null
	Time = []
	Transparent = true
	ValidateSchema = false
	Version = 1.3.0
	ViewParams = null
	Width = 1912
03 Mar 16:35:14 INFO   [geoserver.flow] - releasing flow controllers for [WMS 1.3.0 GetMap]
03 Mar 16:35:14 INFO   [geoserver.flow] - Request completed, running requests: 1, blocked requests: 0
03 Mar 16:35:14 INFO   [geoserver.wms] - 
Request: getMap
	Angle = 0.0
	BaseUrl = http://localhost:8080/geoserver/
	Bbox = SRSEnvelope[5485361.204962181 : 5486082.99938345, 7094707.145213952 : 7095065.022364248]
	BgColor = java.awt.Color[r=255,g=255,b=255]
	Buffer = 0
	Clip = null
	CQLFilter = null
	Crs = PROJCS["WGS 84 / Pseudo-Mercator", 
  GEOGCS["WGS 84", 
    DATUM["World Geodetic System 1984", 
      SPHEROID["WGS 84", 6378137.0, 298.257223563, AUTHORITY["EPSG","7030"]], 
      AUTHORITY["EPSG","6326"]], 
    PRIMEM["Greenwich", 0.0, AUTHORITY["EPSG","8901"]], 
    UNIT["degree", 0.017453292519943295], 
    AXIS["Geodetic latitude", NORTH], 
    AXIS["Geodetic longitude", EAST], 
    AUTHORITY["EPSG","4326"]], 
  PROJECTION["Popular Visualisation Pseudo Mercator", AUTHORITY["EPSG","1024"]], 
  PARAMETER["semi_minor", 6378137.0], 
  PARAMETER["latitude_of_origin", 0.0], 
  PARAMETER["central_meridian", 0.0], 
  PARAMETER["scale_factor", 1.0], 
  PARAMETER["false_easting", 0.0], 
  PARAMETER["false_northing", 0.0], 
  UNIT["m", 1.0], 
  AXIS["Easting", EAST], 
  AXIS["Northing", NORTH], 
  AUTHORITY["EPSG","3857"]]
	Elevation = []
	Env = {}
	Exceptions = SE_XML
	FeatureId = null
	FeatureVersion = null
	Filter = null
	Format = image/png
	FormatOptions = {}
	Get = true
	Height = 948
	Interpolations = []
	Layers = [org.geoserver.wms.MapLayerInfo@c8d248ce]
	MaxFeatures = null
	Palette = null
	RawKvp = {TILED=true, REQUEST=GetMap, FORMAT=image/png, CRS=EPSG:3857, BBOX=5485361.204962181,7094707.145213952,5486082.99938345,7095065.022364248, VERSION=1.3.0, STYLES=, SERVICE=WMS, WIDTH=1912, HEIGHT=948, TRANSPARENT=TRUE, LAYERS=gis:roads}
	RemoteOwsType = null
	RemoteOwsURL = null
	Request = GetMap
	RequestCharset = UTF-8
	ScaleMethod = null
	Sld = null
	SldBody = null
	SldVersion = null
	SortBy = null
	SortByArrays = null
	SRS = urn:ogc:def:crs:EPSG::3857
	StartIndex = null
	StyleBody = null
	StyleFormat = sld
	Styles = [StyleImpl[ name=line]]
	StyleUrl = null
	StyleVersion = null
	Tiled = true
	TilesOrigin = null
	Time = []
	Transparent = true
	ValidateSchema = false
	Version = 1.3.0
	ViewParams = null
	Width = 1912
03 Mar 16:35:15 INFO   [geoserver.flow] - releasing flow controllers for [WMS 1.3.0 GetMap]
03 Mar 16:35:15 INFO   [geoserver.flow] - Request completed, running requests: 0, blocked requests: 0
03 Mar 16:35:16 INFO   [geoserver.wms] - 
Request: getServiceInfo
03 Mar 16:35:16 INFO   [geoserver.wms] - 
Request: getServiceInfo
03 Mar 16:35:16 INFO   [geoserver.flow] - Request [WMS 1.3.0 GetMap] starting, processing through flow controllers
03 Mar 16:35:16 INFO   [geoserver.flow] - Request control-flow performed, running requests: 1, blocked requests: 1
03 Mar 16:35:16 INFO   [geoserver.flow] - Request [WMS 1.3.0 GetMap] starting, processing through flow controllers
03 Mar 16:35:16 INFO   [geoserver.flow] - Request control-flow performed, running requests: 2, blocked requests: 0
03 Mar 16:35:16 INFO   [geoserver.wms] - 
Request: getMap
	Angle = 0.0
	BaseUrl = http://localhost:8080/geoserver/
	Bbox = SRSEnvelope[5485447.682386159 : 5485978.105471029, 7094759.892438996 : 7095022.884637979]
	BgColor = java.awt.Color[r=255,g=255,b=255]
	Buffer = 0
	Clip = null
	CQLFilter = null
	Crs = PROJCS["WGS 84 / Pseudo-Mercator", 
  GEOGCS["WGS 84", 
    DATUM["World Geodetic System 1984", 
      SPHEROID["WGS 84", 6378137.0, 298.257223563, AUTHORITY["EPSG","7030"]], 
      AUTHORITY["EPSG","6326"]], 
    PRIMEM["Greenwich", 0.0, AUTHORITY["EPSG","8901"]], 
    UNIT["degree", 0.017453292519943295], 
    AXIS["Geodetic latitude", NORTH], 
    AXIS["Geodetic longitude", EAST], 
    AUTHORITY["EPSG","4326"]], 
  PROJECTION["Popular Visualisation Pseudo Mercator", AUTHORITY["EPSG","1024"]], 
  PARAMETER["semi_minor", 6378137.0], 
  PARAMETER["latitude_of_origin", 0.0], 
  PARAMETER["central_meridian", 0.0], 
  PARAMETER["scale_factor", 1.0], 
  PARAMETER["false_easting", 0.0], 
  PARAMETER["false_northing", 0.0], 
  UNIT["m", 1.0], 
  AXIS["Easting", EAST], 
  AXIS["Northing", NORTH], 
  AUTHORITY["EPSG","3857"]]
	Elevation = []
	Env = {}
	Exceptions = SE_XML
	FeatureId = null
	FeatureVersion = null
	Filter = null
	Format = image/png
	FormatOptions = {}
	Get = true
	Height = 948
	Interpolations = []
	Layers = [org.geoserver.wms.MapLayerInfo@c8d248ce]
	MaxFeatures = null
	Palette = null
	RawKvp = {TILED=true, REQUEST=GetMap, FORMAT=image/png, CRS=EPSG:3857, BBOX=5485447.682386159,7094759.892438996,5485978.105471029,7095022.884637979, VERSION=1.3.0, STYLES=, SERVICE=WMS, WIDTH=1912, HEIGHT=948, TRANSPARENT=TRUE, LAYERS=gis:roads}
	RemoteOwsType = null
	RemoteOwsURL = null
	Request = GetMap
	RequestCharset = UTF-8
	ScaleMethod = null
	Sld = null
	SldBody = null
	SldVersion = null
	SortBy = null
	SortByArrays = null
	SRS = urn:ogc:def:crs:EPSG::3857
	StartIndex = null
	StyleBody = null
	StyleFormat = sld
	Styles = [StyleImpl[ name=line]]
	StyleUrl = null
	StyleVersion = null
	Tiled = true
	TilesOrigin = null
	Time = []
	Transparent = true
	ValidateSchema = false
	Version = 1.3.0
	ViewParams = null
	Width = 1912
03 Mar 16:35:16 INFO   [geoserver.wms] - 
Request: getMap
	Angle = 0.0
	BaseUrl = http://localhost:8080/geoserver/
	Bbox = SRSEnvelope[5485447.682386159 : 5485978.105471029, 7094759.892438996 : 7095022.884637979]
	BgColor = java.awt.Color[r=255,g=255,b=255]
	Buffer = 0
	Clip = null
	CQLFilter = null
	Crs = PROJCS["WGS 84 / Pseudo-Mercator", 
  GEOGCS["WGS 84", 
    DATUM["World Geodetic System 1984", 
      SPHEROID["WGS 84", 6378137.0, 298.257223563, AUTHORITY["EPSG","7030"]], 
      AUTHORITY["EPSG","6326"]], 
    PRIMEM["Greenwich", 0.0, AUTHORITY["EPSG","8901"]], 
    UNIT["degree", 0.017453292519943295], 
    AXIS["Geodetic latitude", NORTH], 
    AXIS["Geodetic longitude", EAST], 
    AUTHORITY["EPSG","4326"]], 
  PROJECTION["Popular Visualisation Pseudo Mercator", AUTHORITY["EPSG","1024"]], 
  PARAMETER["semi_minor", 6378137.0], 
  PARAMETER["latitude_of_origin", 0.0], 
  PARAMETER["central_meridian", 0.0], 
  PARAMETER["scale_factor", 1.0], 
  PARAMETER["false_easting", 0.0], 
  PARAMETER["false_northing", 0.0], 
  UNIT["m", 1.0], 
  AXIS["Easting", EAST], 
  AXIS["Northing", NORTH], 
  AUTHORITY["EPSG","3857"]]
	Elevation = []
	Env = {}
	Exceptions = SE_XML
	FeatureId = null
	FeatureVersion = null
	Filter = null
	Format = image/png
	FormatOptions = {}
	Get = true
	Height = 948
	Interpolations = []
	Layers = [org.geoserver.wms.MapLayerInfo@e4804762]
	MaxFeatures = null
	Palette = null
	RawKvp = {TILED=true, REQUEST=GetMap, FORMAT=image/png, CRS=EPSG:3857, BBOX=5485447.682386159,7094759.892438996,5485978.105471029,7095022.884637979, VERSION=1.3.0, STYLES=, SERVICE=WMS, WIDTH=1912, HEIGHT=948, TRANSPARENT=TRUE, LAYERS=gis:buildings}
	RemoteOwsType = null
	RemoteOwsURL = null
	Request = GetMap
	RequestCharset = UTF-8
	ScaleMethod = null
	Sld = null
	SldBody = null
	SldVersion = null
	SortBy = null
	SortByArrays = null
	SRS = urn:ogc:def:crs:EPSG::3857
	StartIndex = null
	StyleBody = null
	StyleFormat = sld
	Styles = [StyleImpl[ name=polygon]]
	StyleUrl = null
	StyleVersion = null
	Tiled = true
	TilesOrigin = null
	Time = []
	Transparent = true
	ValidateSchema = false
	Version = 1.3.0
	ViewParams = null
	Width = 1912
03 Mar 16:35:16 INFO   [geoserver.flow] - releasing flow controllers for [WMS 1.3.0 GetMap]
03 Mar 16:35:16 INFO   [geoserver.flow] - Request completed, running requests: 1, blocked requests: 0
03 Mar 16:35:16 INFO   [geoserver.flow] - releasing flow controllers for [WMS 1.3.0 GetMap]
03 Mar 16:35:16 INFO   [geoserver.flow] - Request completed, running requests: 0, blocked requests: 0
03 Mar 16:35:18 INFO   [geoserver.wms] - 
Request: getServiceInfo
03 Mar 16:35:18 INFO   [geoserver.wms] - 
Request: getServiceInfo
03 Mar 16:35:18 INFO   [geoserver.flow] - Request [WMS 1.3.0 GetMap] starting, processing through flow controllers
03 Mar 16:35:18 INFO   [geoserver.flow] - Request control-flow performed, running requests: 1, blocked requests: 1
03 Mar 16:35:18 INFO   [geoserver.flow] - Request [WMS 1.3.0 GetMap] starting, processing through flow controllers
03 Mar 16:35:18 INFO   [geoserver.flow] - Request control-flow performed, running requests: 2, blocked requests: 0
03 Mar 16:35:18 INFO   [geoserver.wms] - 
Request: getMap
	Angle = 0.0
	BaseUrl = http://localhost:8080/geoserver/
	Bbox = SRSEnvelope[5485412.205577213 : 5485942.628662083, 7094785.97754731 : 7095048.9697462935]
	BgColor = java.awt.Color[r=255,g=255,b=255]
	Buffer = 0
	Clip = null
	CQLFilter = null
	Crs = PROJCS["WGS 84 / Pseudo-Mercator", 
  GEOGCS["WGS 84", 
    DATUM["World Geodetic System 1984", 
      SPHEROID["WGS 84", 6378137.0, 298.257223563, AUTHORITY["EPSG","7030"]], 
      AUTHORITY["EPSG","6326"]], 
    PRIMEM["Greenwich", 0.0, AUTHORITY["EPSG","8901"]], 
    UNIT["degree", 0.017453292519943295], 
    AXIS["Geodetic latitude", NORTH], 
    AXIS["Geodetic longitude", EAST], 
    AUTHORITY["EPSG","4326"]], 
  PROJECTION["Popular Visualisation Pseudo Mercator", AUTHORITY["EPSG","1024"]], 
  PARAMETER["semi_minor", 6378137.0], 
  PARAMETER["latitude_of_origin", 0.0], 
  PARAMETER["central_meridian", 0.0], 
  PARAMETER["scale_factor", 1.0], 
  PARAMETER["false_easting", 0.0], 
  PARAMETER["false_northing", 0.0], 
  UNIT["m", 1.0], 
  AXIS["Easting", EAST], 
  AXIS["Northing", NORTH], 
  AUTHORITY["EPSG","3857"]]
	Elevation = []
	Env = {}
	Exceptions = SE_XML
	FeatureId = null
	FeatureVersion = null
	Filter = null
	Format = image/png
	FormatOptions = {}
	Get = true
	Height = 948
	Interpolations = []
	Layers = [org.geoserver.wms.MapLayerInfo@e4804762]
	MaxFeatures = null
	Palette = null
	RawKvp = {TILED=true, REQUEST=GetMap, FORMAT=image/png, CRS=EPSG:3857, BBOX=5485412.205577213,7094785.97754731,5485942.628662083,7095048.9697462935, VERSION=1.3.0, STYLES=, SERVICE=WMS, WIDTH=1912, HEIGHT=948, TRANSPARENT=TRUE, LAYERS=gis:buildings}
	RemoteOwsType = null
	RemoteOwsURL = null
	Request = GetMap
	RequestCharset = UTF-8
	ScaleMethod = null
	Sld = null
	SldBody = null
	SldVersion = null
	SortBy = null
	SortByArrays = null
	SRS = urn:ogc:def:crs:EPSG::3857
	StartIndex = null
	StyleBody = null
	StyleFormat = sld
	Styles = [StyleImpl[ name=polygon]]
	StyleUrl = null
	StyleVersion = null
	Tiled = true
	TilesOrigin = null
	Time = []
	Transparent = true
	ValidateSchema = false
	Version = 1.3.0
	ViewParams = null
	Width = 1912
03 Mar 16:35:18 INFO   [geoserver.wms] - 
Request: getMap
	Angle = 0.0
	BaseUrl = http://localhost:8080/geoserver/
	Bbox = SRSEnvelope[5485412.205577213 : 5485942.628662083, 7094785.97754731 : 7095048.9697462935]
	BgColor = java.awt.Color[r=255,g=255,b=255]
	Buffer = 0
	Clip = null
	CQLFilter = null
	Crs = PROJCS["WGS 84 / Pseudo-Mercator", 
  GEOGCS["WGS 84", 
    DATUM["World Geodetic System 1984", 
      SPHEROID["WGS 84", 6378137.0, 298.257223563, AUTHORITY["EPSG","7030"]], 
      AUTHORITY["EPSG","6326"]], 
    PRIMEM["Greenwich", 0.0, AUTHORITY["EPSG","8901"]], 
    UNIT["degree", 0.017453292519943295], 
    AXIS["Geodetic latitude", NORTH], 
    AXIS["Geodetic longitude", EAST], 
    AUTHORITY["EPSG","4326"]], 
  PROJECTION["Popular Visualisation Pseudo Mercator", AUTHORITY["EPSG","1024"]], 
  PARAMETER["semi_minor", 6378137.0], 
  PARAMETER["latitude_of_origin", 0.0], 
  PARAMETER["central_meridian", 0.0], 
  PARAMETER["scale_factor", 1.0], 
  PARAMETER["false_easting", 0.0], 
  PARAMETER["false_northing", 0.0], 
  UNIT["m", 1.0], 
  AXIS["Easting", EAST], 
  AXIS["Northing", NORTH], 
  AUTHORITY["EPSG","3857"]]
	Elevation = []
	Env = {}
	Exceptions = SE_XML
	FeatureId = null
	FeatureVersion = null
	Filter = null
	Format = image/png
	FormatOptions = {}
	Get = true
	Height = 948
	Interpolations = []
	Layers = [org.geoserver.wms.MapLayerInfo@c8d248ce]
	MaxFeatures = null
	Palette = null
	RawKvp = {TILED=true, REQUEST=GetMap, FORMAT=image/png, CRS=EPSG:3857, BBOX=5485412.205577213,7094785.97754731,5485942.628662083,7095048.9697462935, VERSION=1.3.0, STYLES=, SERVICE=WMS, WIDTH=1912, HEIGHT=948, TRANSPARENT=TRUE, LAYERS=gis:roads}
	RemoteOwsType = null
	RemoteOwsURL = null
	Request = GetMap
	RequestCharset = UTF-8
	ScaleMethod = null
	Sld = null
	SldBody = null
	SldVersion = null
	SortBy = null
	SortByArrays = null
	SRS = urn:ogc:def:crs:EPSG::3857
	StartIndex = null
	StyleBody = null
	StyleFormat = sld
	Styles = [StyleImpl[ name=line]]
	StyleUrl = null
	StyleVersion = null
	Tiled = true
	TilesOrigin = null
	Time = []
	Transparent = true
	ValidateSchema = false
	Version = 1.3.0
	ViewParams = null
	Width = 1912
03 Mar 16:35:18 INFO   [geoserver.flow] - releasing flow controllers for [WMS 1.3.0 GetMap]
03 Mar 16:35:18 INFO   [geoserver.flow] - Request completed, running requests: 1, blocked requests: 0
03 Mar 16:35:18 INFO   [geoserver.flow] - releasing flow controllers for [WMS 1.3.0 GetMap]
03 Mar 16:35:18 INFO   [geoserver.flow] - Request completed, running requests: 0, blocked requests: 0
03 Mar 16:35:19 INFO   [geoserver.wms] - 
Request: getServiceInfo
03 Mar 16:35:19 ERROR  [geoserver.ows] - 
org.geoserver.platform.ServiceException: Could not find layer gis:poi
	at org.geoserver.wms.map.GetMapKvpRequestReader.parseLayers(GetMapKvpRequestReader.java:1546)
	at org.geoserver.wms.map.GetMapKvpRequestReader.read(GetMapKvpRequestReader.java:361)
	at org.geoserver.wms.map.GetMapKvpRequestReader.read(GetMapKvpRequestReader.java:107)
	at org.geoserver.ows.Dispatcher.parseRequestKVP(Dispatcher.java:1509)
	at org.geoserver.ows.Dispatcher.dispatch(Dispatcher.java:682)
	at org.geoserver.ows.Dispatcher.handleRequestInternal(Dispatcher.java:258)
	at org.springframework.web.servlet.mvc.AbstractController.handleRequest(AbstractController.java:177)
	at org.springframework.web.servlet.mvc.SimpleControllerHandlerAdapter.handle(SimpleControllerHandlerAdapter.java:51)
	at org.springframework.web.servlet.DispatcherServlet.doDispatch(DispatcherServlet.java:1072)
	at org.springframework.web.servlet.DispatcherServlet.doService(DispatcherServlet.java:965)
	at org.springframework.web.servlet.FrameworkServlet.processRequest(FrameworkServlet.java:1006)
	at org.springframework.web.servlet.FrameworkServlet.doGet(FrameworkServlet.java:898)
	at javax.servlet.http.HttpServlet.service(HttpServlet.java:502)
	at org.springframework.web.servlet.FrameworkServlet.service(FrameworkServlet.java:883)
	at javax.servlet.http.HttpServlet.service(HttpServlet.java:596)
	at org.apache.catalina.core.ApplicationFilterChain.internalDoFilter(ApplicationFilterChain.java:209)
	at org.apache.catalina.core.ApplicationFilterChain.doFilter(ApplicationFilterChain.java:153)
	at org.apache.tomcat.websocket.server.WsFilter.doFilter(WsFilter.java:53)
	at org.apache.catalina.core.ApplicationFilterChain.internalDoFilter(ApplicationFilterChain.java:178)
	at org.apache.catalina.core.ApplicationFilterChain.doFilter(ApplicationFilterChain.java:153)
	at org.apache.catalina.filters.CorsFilter.handleNonCORS(CorsFilter.java:328)
	at org.apache.catalina.filters.CorsFilter.doFilter(CorsFilter.java:158)
	at org.apache.catalina.core.ApplicationFilterChain.internalDoFilter(ApplicationFilterChain.java:178)
	at org.apache.catalina.core.ApplicationFilterChain.doFilter(ApplicationFilterChain.java:153)
	at org.apache.catalina.filters.HttpHeaderSecurityFilter.doFilter(HttpHeaderSecurityFilter.java:126)
	at org.apache.catalina.core.ApplicationFilterChain.internalDoFilter(ApplicationFilterChain.java:178)
	at org.apache.catalina.core.ApplicationFilterChain.doFilter(ApplicationFilterChain.java:153)
	at org.geoserver.filters.ThreadLocalsCleanupFilter.doFilter(ThreadLocalsCleanupFilter.java:28)
	at org.apache.catalina.core.ApplicationFilterChain.internalDoFilter(ApplicationFilterChain.java:178)
	at org.apache.catalina.core.ApplicationFilterChain.doFilter(ApplicationFilterChain.java:153)
	at org.geoserver.filters.SpringDelegatingFilter$Chain.doFilter(SpringDelegatingFilter.java:73)
	at org.geoserver.monitor.MonitorFilter.doFilter(MonitorFilter.java:159)
	at org.geoserver.filters.SpringDelegatingFilter$Chain.doFilter(SpringDelegatingFilter.java:70)
	at org.geoserver.ows.HTTPHeadersCollector.doFilter(HTTPHeadersCollector.java:48)
	at org.geoserver.filters.SpringDelegatingFilter$Chain.doFilter(SpringDelegatingFilter.java:70)
	at org.geoserver.filters.HTTPMethodFilter.doFilter(HTTPMethodFilter.java:36)
	at org.geoserver.filters.SpringDelegatingFilter$Chain.doFilter(SpringDelegatingFilter.java:70)
	at org.geoserver.filters.LoggingFilter.doFilter(LoggingFilter.java:194)
	at org.geoserver.filters.SpringDelegatingFilter$Chain.doFilter(SpringDelegatingFilter.java:70)
	at org.geoserver.flow.controller.IpBlacklistFilter.doFilter(IpBlacklistFilter.java:89)
	at org.geoserver.filters.SpringDelegatingFilter$Chain.doFilter(SpringDelegatingFilter.java:70)
	at org.geoserver.filters.SpringDelegatingFilter.doFilter(SpringDelegatingFilter.java:43)
	at org.apache.catalina.core.ApplicationFilterChain.internalDoFilter(ApplicationFilterChain.java:178)
	at org.apache.catalina.core.ApplicationFilterChain.doFilter(ApplicationFilterChain.java:153)
	at org.geoserver.platform.AdvancedDispatchFilter.doFilter(AdvancedDispatchFilter.java:39)
	at org.apache.catalina.core.ApplicationFilterChain.internalDoFilter(ApplicationFilterChain.java:178)
	at org.apache.catalina.core.ApplicationFilterChain.doFilter(ApplicationFilterChain.java:153)
	at org.springframework.security.web.FilterChainProxy$VirtualFilterChain.doFilter(FilterChainProxy.java:337)
	at org.geoserver.security.filter.GeoServerCompositeFilter$NestedFilterChain.doFilter(GeoServerCompositeFilter.java:71)
	at org.springframework.security.web.access.intercept.FilterSecurityInterceptor.invoke(FilterSecurityInterceptor.java:115)
	at org.springframework.security.web.access.intercept.FilterSecurityInterceptor.doFilter(FilterSecurityInterceptor.java:81)
	at org.geoserver.security.filter.GeoServerCompositeFilter$NestedFilterChain.doFilter(GeoServerCompositeFilter.java:75)
	at org.geoserver.security.filter.GeoServerCompositeFilter.doFilter(GeoServerCompositeFilter.java:92)
	at org.springframework.security.web.FilterChainProxy$VirtualFilterChain.doFilter(FilterChainProxy.java:346)
	at org.geoserver.security.filter.GeoServerCompositeFilter$NestedFilterChain.doFilter(GeoServerCompositeFilter.java:71)
	at org.springframework.security.web.access.ExceptionTranslationFilter.doFilter(ExceptionTranslationFilter.java:122)
	at org.springframework.security.web.access.ExceptionTranslationFilter.doFilter(ExceptionTranslationFilter.java:116)
	at org.geoserver.security.filter.GeoServerCompositeFilter$NestedFilterChain.doFilter(GeoServerCompositeFilter.java:75)
	at org.geoserver.security.filter.GeoServerCompositeFilter.doFilter(GeoServerCompositeFilter.java:92)
	at org.springframework.security.web.FilterChainProxy$VirtualFilterChain.doFilter(FilterChainProxy.java:346)
	at org.geoserver.security.filter.GeoServerAnonymousAuthenticationFilter.doFilter(GeoServerAnonymousAuthenticationFilter.java:53)
	at org.springframework.security.web.FilterChainProxy$VirtualFilterChain.doFilter(FilterChainProxy.java:346)
	at org.geoserver.security.filter.GeoServerCompositeFilter$NestedFilterChain.doFilter(GeoServerCompositeFilter.java:71)
	at org.springframework.security.web.authentication.www.BasicAuthenticationFilter.doFilterInternal(BasicAuthenticationFilter.java:164)
	at org.springframework.web.filter.OncePerRequestFilter.doFilter(OncePerRequestFilter.java:117)
	at org.geoserver.security.filter.GeoServerCompositeFilter$NestedFilterChain.doFilter(GeoServerCompositeFilter.java:75)
	at org.geoserver.security.filter.GeoServerCompositeFilter.doFilter(GeoServerCompositeFilter.java:92)
	at org.geoserver.security.filter.GeoServerBasicAuthenticationFilter.doFilter(GeoServerBasicAuthenticationFilter.java:81)
	at org.springframework.security.web.FilterChainProxy$VirtualFilterChain.doFilter(FilterChainProxy.java:346)
	at org.geoserver.security.filter.GeoServerCompositeFilter$NestedFilterChain.doFilter(GeoServerCompositeFilter.java:71)
	at org.geoserver.security.filter.GeoServerSecurityContextPersistenceFilter$1.doFilterInternal(GeoServerSecurityContextPersistenceFilter.java:72)
	at org.springframework.web.filter.OncePerRequestFilter.doFilter(OncePerRequestFilter.java:117)
	at org.geoserver.security.filter.GeoServerCompositeFilter$NestedFilterChain.doFilter(GeoServerCompositeFilter.java:75)
	at org.geoserver.security.filter.GeoServerCompositeFilter.doFilter(GeoServerCompositeFilter.java:92)
	at org.springframework.security.web.FilterChainProxy$VirtualFilterChain.doFilter(FilterChainProxy.java:346)
	at org.springframework.security.web.FilterChainProxy.doFilterInternal(FilterChainProxy.java:221)
	at org.springframework.security.web.FilterChainProxy.doFilter(FilterChainProxy.java:186)
	at org.geoserver.security.GeoServerSecurityFilterChainProxy.doFilter(GeoServerSecurityFilterChainProxy.java:142)
	at org.springframework.web.filter.DelegatingFilterProxy.invokeDelegate(DelegatingFilterProxy.java:354)
	at org.springframework.web.filter.DelegatingFilterProxy.doFilter(DelegatingFilterProxy.java:267)
	at org.apache.catalina.core.ApplicationFilterChain.internalDoFilter(ApplicationFilterChain.java:178)
	at org.apache.catalina.core.ApplicationFilterChain.doFilter(ApplicationFilterChain.java:153)
	at org.geoserver.filters.XFrameOptionsFilter.doFilter(XFrameOptionsFilter.java:100)
	at org.apache.catalina.core.ApplicationFilterChain.internalDoFilter(ApplicationFilterChain.java:178)
	at org.apache.catalina.core.ApplicationFilterChain.doFilter(ApplicationFilterChain.java:153)
	at org.geoserver.filters.GZIPFilter.doFilter(GZIPFilter.java:48)
	at org.apache.catalina.core.ApplicationFilterChain.internalDoFilter(ApplicationFilterChain.java:178)
	at org.apache.catalina.core.ApplicationFilterChain.doFilter(ApplicationFilterChain.java:153)
	at org.geoserver.filters.SessionDebugFilter.doFilter(SessionDebugFilter.java:49)
	at org.apache.catalina.core.ApplicationFilterChain.internalDoFilter(ApplicationFilterChain.java:178)
	at org.apache.catalina.core.ApplicationFilterChain.doFilter(ApplicationFilterChain.java:153)
	at org.geoserver.filters.FlushSafeFilter.doFilter(FlushSafeFilter.java:42)
	at org.apache.catalina.core.ApplicationFilterChain.internalDoFilter(ApplicationFilterChain.java:178)
	at org.apache.catalina.core.ApplicationFilterChain.doFilter(ApplicationFilterChain.java:153)
	at org.springframework.web.filter.CharacterEncodingFilter.doFilterInternal(CharacterEncodingFilter.java:201)
	at org.springframework.web.filter.OncePerRequestFilter.doFilter(OncePerRequestFilter.java:117)
	at org.apache.catalina.core.ApplicationFilterChain.internalDoFilter(ApplicationFilterChain.java:178)
	at org.apache.catalina.core.ApplicationFilterChain.doFilter(ApplicationFilterChain.java:153)
	at org.apache.catalina.core.StandardWrapperValve.invoke(StandardWrapperValve.java:167)
	at org.apache.catalina.core.StandardContextValve.invoke(StandardContextValve.java:90)
	at org.apache.catalina.authenticator.AuthenticatorBase.invoke(AuthenticatorBase.java:492)
	at org.apache.catalina.core.StandardHostValve.invoke(StandardHostValve.java:130)
	at org.apache.catalina.valves.ErrorReportValve.invoke(ErrorReportValve.java:93)
	at org.apache.catalina.valves.AbstractAccessLogValve.invoke(AbstractAccessLogValve.java:673)
	at org.apache.catalina.core.StandardEngineValve.invoke(StandardEngineValve.java:74)
	at org.apache.catalina.connector.CoyoteAdapter.service(CoyoteAdapter.java:343)
	at org.apache.coyote.http11.Http11Processor.service(Http11Processor.java:389)
	at org.apache.coyote.AbstractProcessorLight.process(AbstractProcessorLight.java:63)
	at org.apache.coyote.AbstractProtocol$ConnectionHandler.process(AbstractProtocol.java:926)
	at org.apache.tomcat.util.net.NioEndpoint$SocketProcessor.doRun(NioEndpoint.java:1791)
	at org.apache.tomcat.util.net.SocketProcessorBase.run(SocketProcessorBase.java:49)
	at org.apache.tomcat.util.threads.ThreadPoolExecutor.runWorker(ThreadPoolExecutor.java:1191)
	at org.apache.tomcat.util.threads.ThreadPoolExecutor$Worker.run(ThreadPoolExecutor.java:659)
	at org.apache.tomcat.util.threads.TaskThread$WrappingRunnable.run(TaskThread.java:61)
	at java.base/java.lang.Thread.run(Thread.java:829)
03 Mar 16:36:07 INFO   [geoserver.wms] - 
Request: getServiceInfo
03 Mar 16:36:07 INFO   [geoserver.wms] - 
Request: getServiceInfo
03 Mar 16:36:07 INFO   [geoserver.wms] - 
Request: getServiceInfo
03 Mar 16:36:07 ERROR  [geoserver.ows] - 
org.geoserver.platform.ServiceException: Could not find layer gis:poi
	at org.geoserver.wms.map.GetMapKvpRequestReader.parseLayers(GetMapKvpRequestReader.java:1546)
	at org.geoserver.wms.map.GetMapKvpRequestReader.read(GetMapKvpRequestReader.java:361)
	at org.geoserver.wms.map.GetMapKvpRequestReader.read(GetMapKvpRequestReader.java:107)
	at org.geoserver.ows.Dispatcher.parseRequestKVP(Dispatcher.java:1509)
	at org.geoserver.ows.Dispatcher.dispatch(Dispatcher.java:682)
	at org.geoserver.ows.Dispatcher.handleRequestInternal(Dispatcher.java:258)
	at org.springframework.web.servlet.mvc.AbstractController.handleRequest(AbstractController.java:177)
	at org.springframework.web.servlet.mvc.SimpleControllerHandlerAdapter.handle(SimpleControllerHandlerAdapter.java:51)
	at org.springframework.web.servlet.DispatcherServlet.doDispatch(DispatcherServlet.java:1072)
	at org.springframework.web.servlet.DispatcherServlet.doService(DispatcherServlet.java:965)
	at org.springframework.web.servlet.FrameworkServlet.processRequest(FrameworkServlet.java:1006)
	at org.springframework.web.servlet.FrameworkServlet.doGet(FrameworkServlet.java:898)
	at javax.servlet.http.HttpServlet.service(HttpServlet.java:502)
	at org.springframework.web.servlet.FrameworkServlet.service(FrameworkServlet.java:883)
	at javax.servlet.http.HttpServlet.service(HttpServlet.java:596)
	at org.apache.catalina.core.ApplicationFilterChain.internalDoFilter(ApplicationFilterChain.java:209)
	at org.apache.catalina.core.ApplicationFilterChain.doFilter(ApplicationFilterChain.java:153)
	at org.apache.tomcat.websocket.server.WsFilter.doFilter(WsFilter.java:53)
	at org.apache.catalina.core.ApplicationFilterChain.internalDoFilter(ApplicationFilterChain.java:178)
	at org.apache.catalina.core.ApplicationFilterChain.doFilter(ApplicationFilterChain.java:153)
	at org.apache.catalina.filters.CorsFilter.handleNonCORS(CorsFilter.java:328)
	at org.apache.catalina.filters.CorsFilter.doFilter(CorsFilter.java:158)
	at org.apache.catalina.core.ApplicationFilterChain.internalDoFilter(ApplicationFilterChain.java:178)
	at org.apache.catalina.core.ApplicationFilterChain.doFilter(ApplicationFilterChain.java:153)
	at org.apache.catalina.filters.HttpHeaderSecurityFilter.doFilter(HttpHeaderSecurityFilter.java:126)
	at org.apache.catalina.core.ApplicationFilterChain.internalDoFilter(ApplicationFilterChain.java:178)
	at org.apache.catalina.core.ApplicationFilterChain.doFilter(ApplicationFilterChain.java:153)
	at org.geoserver.filters.ThreadLocalsCleanupFilter.doFilter(ThreadLocalsCleanupFilter.java:28)
	at org.apache.catalina.core.ApplicationFilterChain.internalDoFilter(ApplicationFilterChain.java:178)
	at org.apache.catalina.core.ApplicationFilterChain.doFilter(ApplicationFilterChain.java:153)
	at org.geoserver.filters.SpringDelegatingFilter$Chain.doFilter(SpringDelegatingFilter.java:73)
	at org.geoserver.monitor.MonitorFilter.doFilter(MonitorFilter.java:159)
	at org.geoserver.filters.SpringDelegatingFilter$Chain.doFilter(SpringDelegatingFilter.java:70)
	at org.geoserver.ows.HTTPHeadersCollector.doFilter(HTTPHeadersCollector.java:48)
	at org.geoserver.filters.SpringDelegatingFilter$Chain.doFilter(SpringDelegatingFilter.java:70)
	at org.geoserver.filters.HTTPMethodFilter.doFilter(HTTPMethodFilter.java:36)
	at org.geoserver.filters.SpringDelegatingFilter$Chain.doFilter(SpringDelegatingFilter.java:70)
	at org.geoserver.filters.LoggingFilter.doFilter(LoggingFilter.java:194)
	at org.geoserver.filters.SpringDelegatingFilter$Chain.doFilter(SpringDelegatingFilter.java:70)
	at org.geoserver.flow.controller.IpBlacklistFilter.doFilter(IpBlacklistFilter.java:89)
	at org.geoserver.filters.SpringDelegatingFilter$Chain.doFilter(SpringDelegatingFilter.java:70)
	at org.geoserver.filters.SpringDelegatingFilter.doFilter(SpringDelegatingFilter.java:43)
	at org.apache.catalina.core.ApplicationFilterChain.internalDoFilter(ApplicationFilterChain.java:178)
	at org.apache.catalina.core.ApplicationFilterChain.doFilter(ApplicationFilterChain.java:153)
	at org.geoserver.platform.AdvancedDispatchFilter.doFilter(AdvancedDispatchFilter.java:39)
	at org.apache.catalina.core.ApplicationFilterChain.internalDoFilter(ApplicationFilterChain.java:178)
	at org.apache.catalina.core.ApplicationFilterChain.doFilter(ApplicationFilterChain.java:153)
	at org.springframework.security.web.FilterChainProxy$VirtualFilterChain.doFilter(FilterChainProxy.java:337)
	at org.geoserver.security.filter.GeoServerCompositeFilter$NestedFilterChain.doFilter(GeoServerCompositeFilter.java:71)
	at org.springframework.security.web.access.intercept.FilterSecurityInterceptor.invoke(FilterSecurityInterceptor.java:115)
	at org.springframework.security.web.access.intercept.FilterSecurityInterceptor.doFilter(FilterSecurityInterceptor.java:81)
	at org.geoserver.security.filter.GeoServerCompositeFilter$NestedFilterChain.doFilter(GeoServerCompositeFilter.java:75)
	at org.geoserver.security.filter.GeoServerCompositeFilter.doFilter(GeoServerCompositeFilter.java:92)
	at org.springframework.security.web.FilterChainProxy$VirtualFilterChain.doFilter(FilterChainProxy.java:346)
	at org.geoserver.security.filter.GeoServerCompositeFilter$NestedFilterChain.doFilter(GeoServerCompositeFilter.java:71)
	at org.springframework.security.web.access.ExceptionTranslationFilter.doFilter(ExceptionTranslationFilter.java:122)
	at org.springframework.security.web.access.ExceptionTranslationFilter.doFilter(ExceptionTranslationFilter.java:116)
	at org.geoserver.security.filter.GeoServerCompositeFilter$NestedFilterChain.doFilter(GeoServerCompositeFilter.java:75)
	at org.geoserver.security.filter.GeoServerCompositeFilter.doFilter(GeoServerCompositeFilter.java:92)
	at org.springframework.security.web.FilterChainProxy$VirtualFilterChain.doFilter(FilterChainProxy.java:346)
	at org.geoserver.security.filter.GeoServerAnonymousAuthenticationFilter.doFilter(GeoServerAnonymousAuthenticationFilter.java:53)
	at org.springframework.security.web.FilterChainProxy$VirtualFilterChain.doFilter(FilterChainProxy.java:346)
	at org.geoserver.security.filter.GeoServerCompositeFilter$NestedFilterChain.doFilter(GeoServerCompositeFilter.java:71)
	at org.springframework.security.web.authentication.www.BasicAuthenticationFilter.doFilterInternal(BasicAuthenticationFilter.java:164)
	at org.springframework.web.filter.OncePerRequestFilter.doFilter(OncePerRequestFilter.java:117)
	at org.geoserver.security.filter.GeoServerCompositeFilter$NestedFilterChain.doFilter(GeoServerCompositeFilter.java:75)
	at org.geoserver.security.filter.GeoServerCompositeFilter.doFilter(GeoServerCompositeFilter.java:92)
	at org.geoserver.security.filter.GeoServerBasicAuthenticationFilter.doFilter(GeoServerBasicAuthenticationFilter.java:81)
	at org.springframework.security.web.FilterChainProxy$VirtualFilterChain.doFilter(FilterChainProxy.java:346)
	at org.geoserver.security.filter.GeoServerCompositeFilter$NestedFilterChain.doFilter(GeoServerCompositeFilter.java:71)
	at org.geoserver.security.filter.GeoServerSecurityContextPersistenceFilter$1.doFilterInternal(GeoServerSecurityContextPersistenceFilter.java:72)
	at org.springframework.web.filter.OncePerRequestFilter.doFilter(OncePerRequestFilter.java:117)
	at org.geoserver.security.filter.GeoServerCompositeFilter$NestedFilterChain.doFilter(GeoServerCompositeFilter.java:75)
	at org.geoserver.security.filter.GeoServerCompositeFilter.doFilter(GeoServerCompositeFilter.java:92)
	at org.springframework.security.web.FilterChainProxy$VirtualFilterChain.doFilter(FilterChainProxy.java:346)
	at org.springframework.security.web.FilterChainProxy.doFilterInternal(FilterChainProxy.java:221)
	at org.springframework.security.web.FilterChainProxy.doFilter(FilterChainProxy.java:186)
	at org.geoserver.security.GeoServerSecurityFilterChainProxy.doFilter(GeoServerSecurityFilterChainProxy.java:142)
	at org.springframework.web.filter.DelegatingFilterProxy.invokeDelegate(DelegatingFilterProxy.java:354)
	at org.springframework.web.filter.DelegatingFilterProxy.doFilter(DelegatingFilterProxy.java:267)
	at org.apache.catalina.core.ApplicationFilterChain.internalDoFilter(ApplicationFilterChain.java:178)
	at org.apache.catalina.core.ApplicationFilterChain.doFilter(ApplicationFilterChain.java:153)
	at org.geoserver.filters.XFrameOptionsFilter.doFilter(XFrameOptionsFilter.java:100)
	at org.apache.catalina.core.ApplicationFilterChain.internalDoFilter(ApplicationFilterChain.java:178)
	at org.apache.catalina.core.ApplicationFilterChain.doFilter(ApplicationFilterChain.java:153)
	at org.geoserver.filters.GZIPFilter.doFilter(GZIPFilter.java:48)
	at org.apache.catalina.core.ApplicationFilterChain.internalDoFilter(ApplicationFilterChain.java:178)
	at org.apache.catalina.core.ApplicationFilterChain.doFilter(ApplicationFilterChain.java:153)
	at org.geoserver.filters.SessionDebugFilter.doFilter(SessionDebugFilter.java:49)
	at org.apache.catalina.core.ApplicationFilterChain.internalDoFilter(ApplicationFilterChain.java:178)
	at org.apache.catalina.core.ApplicationFilterChain.doFilter(ApplicationFilterChain.java:153)
	at org.geoserver.filters.FlushSafeFilter.doFilter(FlushSafeFilter.java:42)
	at org.apache.catalina.core.ApplicationFilterChain.internalDoFilter(ApplicationFilterChain.java:178)
	at org.apache.catalina.core.ApplicationFilterChain.doFilter(ApplicationFilterChain.java:153)
	at org.springframework.web.filter.CharacterEncodingFilter.doFilterInternal(CharacterEncodingFilter.java:201)
	at org.springframework.web.filter.OncePerRequestFilter.doFilter(OncePerRequestFilter.java:117)
	at org.apache.catalina.core.ApplicationFilterChain.internalDoFilter(ApplicationFilterChain.java:178)
	at org.apache.catalina.core.ApplicationFilterChain.doFilter(ApplicationFilterChain.java:153)
	at org.apache.catalina.core.StandardWrapperValve.invoke(StandardWrapperValve.java:167)
	at org.apache.catalina.core.StandardContextValve.invoke(StandardContextValve.java:90)
	at org.apache.catalina.authenticator.AuthenticatorBase.invoke(AuthenticatorBase.java:492)
	at org.apache.catalina.core.StandardHostValve.invoke(StandardHostValve.java:130)
	at org.apache.catalina.valves.ErrorReportValve.invoke(ErrorReportValve.java:93)
	at org.apache.catalina.valves.AbstractAccessLogValve.invoke(AbstractAccessLogValve.java:673)
	at org.apache.catalina.core.StandardEngineValve.invoke(StandardEngineValve.java:74)
	at org.apache.catalina.connector.CoyoteAdapter.service(CoyoteAdapter.java:343)
	at org.apache.coyote.http11.Http11Processor.service(Http11Processor.java:389)
	at org.apache.coyote.AbstractProcessorLight.process(AbstractProcessorLight.java:63)
	at org.apache.coyote.AbstractProtocol$ConnectionHandler.process(AbstractProtocol.java:926)
	at org.apache.tomcat.util.net.NioEndpoint$SocketProcessor.doRun(NioEndpoint.java:1791)
	at org.apache.tomcat.util.net.SocketProcessorBase.run(SocketProcessorBase.java:49)
	at org.apache.tomcat.util.threads.ThreadPoolExecutor.runWorker(ThreadPoolExecutor.java:1191)
	at org.apache.tomcat.util.threads.ThreadPoolExecutor$Worker.run(ThreadPoolExecutor.java:659)
	at org.apache.tomcat.util.threads.TaskThread$WrappingRunnable.run(TaskThread.java:61)
	at java.base/java.lang.Thread.run(Thread.java:829)
03 Mar 16:36:07 INFO   [geoserver.flow] - Request [WMS 1.3.0 GetMap] starting, processing through flow controllers
03 Mar 16:36:07 INFO   [geoserver.flow] - Request control-flow performed, running requests: 1, blocked requests: 1
03 Mar 16:36:07 INFO   [geoserver.flow] - Request [WMS 1.3.0 GetMap] starting, processing through flow controllers
03 Mar 16:36:07 INFO   [geoserver.flow] - Request control-flow performed, running requests: 2, blocked requests: 0
03 Mar 16:36:07 INFO   [geoserver.wms] - 
Request: getMap
	Angle = 0.0
	BaseUrl = http://localhost:8080/geoserver/
	Bbox = SRSEnvelope[5481146.074361689 : 5490280.299241768, 7092685.268873819 : 7097214.162799715]
	BgColor = java.awt.Color[r=255,g=255,b=255]
	Buffer = 0
	Clip = null
	CQLFilter = null
	Crs = PROJCS["WGS 84 / Pseudo-Mercator", 
  GEOGCS["WGS 84", 
    DATUM["World Geodetic System 1984", 
      SPHEROID["WGS 84", 6378137.0, 298.257223563, AUTHORITY["EPSG","7030"]], 
      AUTHORITY["EPSG","6326"]], 
    PRIMEM["Greenwich", 0.0, AUTHORITY["EPSG","8901"]], 
    UNIT["degree", 0.017453292519943295], 
    AXIS["Geodetic latitude", NORTH], 
    AXIS["Geodetic longitude", EAST], 
    AUTHORITY["EPSG","4326"]], 
  PROJECTION["Popular Visualisation Pseudo Mercator", AUTHORITY["EPSG","1024"]], 
  PARAMETER["semi_minor", 6378137.0], 
  PARAMETER["latitude_of_origin", 0.0], 
  PARAMETER["central_meridian", 0.0], 
  PARAMETER["scale_factor", 1.0], 
  PARAMETER["false_easting", 0.0], 
  PARAMETER["false_northing", 0.0], 
  UNIT["m", 1.0], 
  AXIS["Easting", EAST], 
  AXIS["Northing", NORTH], 
  AUTHORITY["EPSG","3857"]]
	Elevation = []
	Env = {}
	Exceptions = SE_XML
	FeatureId = null
	FeatureVersion = null
	Filter = null
	Format = image/png
	FormatOptions = {}
	Get = true
	Height = 948
	Interpolations = []
	Layers = [org.geoserver.wms.MapLayerInfo@e4804762]
	MaxFeatures = null
	Palette = null
	RawKvp = {TILED=true, REQUEST=GetMap, FORMAT=image/png, CRS=EPSG:3857, BBOX=5481146.074361689,7092685.268873819,5490280.299241768,7097214.162799715, VERSION=1.3.0, STYLES=, SERVICE=WMS, WIDTH=1912, HEIGHT=948, TRANSPARENT=TRUE, LAYERS=gis:buildings}
	RemoteOwsType = null
	RemoteOwsURL = null
	Request = GetMap
	RequestCharset = UTF-8
	ScaleMethod = null
	Sld = null
	SldBody = null
	SldVersion = null
	SortBy = null
	SortByArrays = null
	SRS = urn:ogc:def:crs:EPSG::3857
	StartIndex = null
	StyleBody = null
	StyleFormat = sld
	Styles = [StyleImpl[ name=polygon]]
	StyleUrl = null
	StyleVersion = null
	Tiled = true
	TilesOrigin = null
	Time = []
	Transparent = true
	ValidateSchema = false
	Version = 1.3.0
	ViewParams = null
	Width = 1912
03 Mar 16:36:07 INFO   [geoserver.wms] - 
Request: getMap
	Angle = 0.0
	BaseUrl = http://localhost:8080/geoserver/
	Bbox = SRSEnvelope[5481146.074361689 : 5490280.299241768, 7092685.268873819 : 7097214.162799715]
	BgColor = java.awt.Color[r=255,g=255,b=255]
	Buffer = 0
	Clip = null
	CQLFilter = null
	Crs = PROJCS["WGS 84 / Pseudo-Mercator", 
  GEOGCS["WGS 84", 
    DATUM["World Geodetic System 1984", 
      SPHEROID["WGS 84", 6378137.0, 298.257223563, AUTHORITY["EPSG","7030"]], 
      AUTHORITY["EPSG","6326"]], 
    PRIMEM["Greenwich", 0.0, AUTHORITY["EPSG","8901"]], 
    UNIT["degree", 0.017453292519943295], 
    AXIS["Geodetic latitude", NORTH], 
    AXIS["Geodetic longitude", EAST], 
    AUTHORITY["EPSG","4326"]], 
  PROJECTION["Popular Visualisation Pseudo Mercator", AUTHORITY["EPSG","1024"]], 
  PARAMETER["semi_minor", 6378137.0], 
  PARAMETER["latitude_of_origin", 0.0], 
  PARAMETER["central_meridian", 0.0], 
  PARAMETER["scale_factor", 1.0], 
  PARAMETER["false_easting", 0.0], 
  PARAMETER["false_northing", 0.0], 
  UNIT["m", 1.0], 
  AXIS["Easting", EAST], 
  AXIS["Northing", NORTH], 
  AUTHORITY["EPSG","3857"]]
	Elevation = []
	Env = {}
	Exceptions = SE_XML
	FeatureId = null
	FeatureVersion = null
	Filter = null
	Format = image/png
	FormatOptions = {}
	Get = true
	Height = 948
	Interpolations = []
	Layers = [org.geoserver.wms.MapLayerInfo@c8d248ce]
	MaxFeatures = null
	Palette = null
	RawKvp = {TILED=true, REQUEST=GetMap, FORMAT=image/png, CRS=EPSG:3857, BBOX=5481146.074361689,7092685.268873819,5490280.299241768,7097214.162799715, VERSION=1.3.0, STYLES=, SERVICE=WMS, WIDTH=1912, HEIGHT=948, TRANSPARENT=TRUE, LAYERS=gis:roads}
	RemoteOwsType = null
	RemoteOwsURL = null
	Request = GetMap
	RequestCharset = UTF-8
	ScaleMethod = null
	Sld = null
	SldBody = null
	SldVersion = null
	SortBy = null
	SortByArrays = null
	SRS = urn:ogc:def:crs:EPSG::3857
	StartIndex = null
	StyleBody = null
	StyleFormat = sld
	Styles = [StyleImpl[ name=line]]
	StyleUrl = null
	StyleVersion = null
	Tiled = true
	TilesOrigin = null
	Time = []
	Transparent = true
	ValidateSchema = false
	Version = 1.3.0
	ViewParams = null
	Width = 1912
03 Mar 16:36:07 INFO   [geoserver.flow] - releasing flow controllers for [WMS 1.3.0 GetMap]
03 Mar 16:36:07 INFO   [geoserver.flow] - Request completed, running requests: 1, blocked requests: 0
03 Mar 16:36:07 INFO   [geoserver.flow] - releasing flow controllers for [WMS 1.3.0 GetMap]
03 Mar 16:36:07 INFO   [geoserver.flow] - Request completed, running requests: 0, blocked requests: 0
03 Mar 16:36:09 INFO   [geoserver.wms] - 
Request: getServiceInfo
03 Mar 16:36:09 INFO   [geoserver.wms] - 
Request: getServiceInfo
03 Mar 16:36:09 INFO   [geoserver.flow] - Request [WMS 1.3.0 GetMap] starting, processing through flow controllers
03 Mar 16:36:09 INFO   [geoserver.wms] - 
Request: getServiceInfo
03 Mar 16:36:09 INFO   [geoserver.flow] - Request control-flow performed, running requests: 1, blocked requests: 0
03 Mar 16:36:09 INFO   [geoserver.flow] - Request [WMS 1.3.0 GetMap] starting, processing through flow controllers
03 Mar 16:36:09 ERROR  [geoserver.ows] - 
org.geoserver.platform.ServiceException: Could not find layer gis:poi
	at org.geoserver.wms.map.GetMapKvpRequestReader.parseLayers(GetMapKvpRequestReader.java:1546)
	at org.geoserver.wms.map.GetMapKvpRequestReader.read(GetMapKvpRequestReader.java:361)
	at org.geoserver.wms.map.GetMapKvpRequestReader.read(GetMapKvpRequestReader.java:107)
	at org.geoserver.ows.Dispatcher.parseRequestKVP(Dispatcher.java:1509)
	at org.geoserver.ows.Dispatcher.dispatch(Dispatcher.java:682)
	at org.geoserver.ows.Dispatcher.handleRequestInternal(Dispatcher.java:258)
	at org.springframework.web.servlet.mvc.AbstractController.handleRequest(AbstractController.java:177)
	at org.springframework.web.servlet.mvc.SimpleControllerHandlerAdapter.handle(SimpleControllerHandlerAdapter.java:51)
	at org.springframework.web.servlet.DispatcherServlet.doDispatch(DispatcherServlet.java:1072)
	at org.springframework.web.servlet.DispatcherServlet.doService(DispatcherServlet.java:965)
	at org.springframework.web.servlet.FrameworkServlet.processRequest(FrameworkServlet.java:1006)
	at org.springframework.web.servlet.FrameworkServlet.doGet(FrameworkServlet.java:898)
	at javax.servlet.http.HttpServlet.service(HttpServlet.java:502)
	at org.springframework.web.servlet.FrameworkServlet.service(FrameworkServlet.java:883)
	at javax.servlet.http.HttpServlet.service(HttpServlet.java:596)
	at org.apache.catalina.core.ApplicationFilterChain.internalDoFilter(ApplicationFilterChain.java:209)
	at org.apache.catalina.core.ApplicationFilterChain.doFilter(ApplicationFilterChain.java:153)
	at org.apache.tomcat.websocket.server.WsFilter.doFilter(WsFilter.java:53)
	at org.apache.catalina.core.ApplicationFilterChain.internalDoFilter(ApplicationFilterChain.java:178)
	at org.apache.catalina.core.ApplicationFilterChain.doFilter(ApplicationFilterChain.java:153)
	at org.apache.catalina.filters.CorsFilter.handleNonCORS(CorsFilter.java:328)
	at org.apache.catalina.filters.CorsFilter.doFilter(CorsFilter.java:158)
	at org.apache.catalina.core.ApplicationFilterChain.internalDoFilter(ApplicationFilterChain.java:178)
	at org.apache.catalina.core.ApplicationFilterChain.doFilter(ApplicationFilterChain.java:153)
	at org.apache.catalina.filters.HttpHeaderSecurityFilter.doFilter(HttpHeaderSecurityFilter.java:126)
	at org.apache.catalina.core.ApplicationFilterChain.internalDoFilter(ApplicationFilterChain.java:178)
	at org.apache.catalina.core.ApplicationFilterChain.doFilter(ApplicationFilterChain.java:153)
	at org.geoserver.filters.ThreadLocalsCleanupFilter.doFilter(ThreadLocalsCleanupFilter.java:28)
	at org.apache.catalina.core.ApplicationFilterChain.internalDoFilter(ApplicationFilterChain.java:178)
	at org.apache.catalina.core.ApplicationFilterChain.doFilter(ApplicationFilterChain.java:153)
	at org.geoserver.filters.SpringDelegatingFilter$Chain.doFilter(SpringDelegatingFilter.java:73)
	at org.geoserver.monitor.MonitorFilter.doFilter(MonitorFilter.java:159)
	at org.geoserver.filters.SpringDelegatingFilter$Chain.doFilter(SpringDelegatingFilter.java:70)
	at org.geoserver.ows.HTTPHeadersCollector.doFilter(HTTPHeadersCollector.java:48)
	at org.geoserver.filters.SpringDelegatingFilter$Chain.doFilter(SpringDelegatingFilter.java:70)
	at org.geoserver.filters.HTTPMethodFilter.doFilter(HTTPMethodFilter.java:36)
	at org.geoserver.filters.SpringDelegatingFilter$Chain.doFilter(SpringDelegatingFilter.java:70)
	at org.geoserver.filters.LoggingFilter.doFilter(LoggingFilter.java:194)
	at org.geoserver.filters.SpringDelegatingFilter$Chain.doFilter(SpringDelegatingFilter.java:70)
	at org.geoserver.flow.controller.IpBlacklistFilter.doFilter(IpBlacklistFilter.java:89)
	at org.geoserver.filters.SpringDelegatingFilter$Chain.doFilter(SpringDelegatingFilter.java:70)
	at org.geoserver.filters.SpringDelegatingFilter.doFilter(SpringDelegatingFilter.java:43)
	at org.apache.catalina.core.ApplicationFilterChain.internalDoFilter(ApplicationFilterChain.java:178)
	at org.apache.catalina.core.ApplicationFilterChain.doFilter(ApplicationFilterChain.java:153)
	at org.geoserver.platform.AdvancedDispatchFilter.doFilter(AdvancedDispatchFilter.java:39)
	at org.apache.catalina.core.ApplicationFilterChain.internalDoFilter(ApplicationFilterChain.java:178)
	at org.apache.catalina.core.ApplicationFilterChain.doFilter(ApplicationFilterChain.java:153)
	at org.springframework.security.web.FilterChainProxy$VirtualFilterChain.doFilter(FilterChainProxy.java:337)
	at org.geoserver.security.filter.GeoServerCompositeFilter$NestedFilterChain.doFilter(GeoServerCompositeFilter.java:71)
	at org.springframework.security.web.access.intercept.FilterSecurityInterceptor.invoke(FilterSecurityInterceptor.java:115)
	at org.springframework.security.web.access.intercept.FilterSecurityInterceptor.doFilter(FilterSecurityInterceptor.java:81)
	at org.geoserver.security.filter.GeoServerCompositeFilter$NestedFilterChain.doFilter(GeoServerCompositeFilter.java:75)
	at org.geoserver.security.filter.GeoServerCompositeFilter.doFilter(GeoServerCompositeFilter.java:92)
	at org.springframework.security.web.FilterChainProxy$VirtualFilterChain.doFilter(FilterChainProxy.java:346)
	at org.geoserver.security.filter.GeoServerCompositeFilter$NestedFilterChain.doFilter(GeoServerCompositeFilter.java:71)
	at org.springframework.security.web.access.ExceptionTranslationFilter.doFilter(ExceptionTranslationFilter.java:122)
	at org.springframework.security.web.access.ExceptionTranslationFilter.doFilter(ExceptionTranslationFilter.java:116)
	at org.geoserver.security.filter.GeoServerCompositeFilter$NestedFilterChain.doFilter(GeoServerCompositeFilter.java:75)
	at org.geoserver.security.filter.GeoServerCompositeFilter.doFilter(GeoServerCompositeFilter.java:92)
	at org.springframework.security.web.FilterChainProxy$VirtualFilterChain.doFilter(FilterChainProxy.java:346)
	at org.geoserver.security.filter.GeoServerAnonymousAuthenticationFilter.doFilter(GeoServerAnonymousAuthenticationFilter.java:53)
	at org.springframework.security.web.FilterChainProxy$VirtualFilterChain.doFilter(FilterChainProxy.java:346)
	at org.geoserver.security.filter.GeoServerCompositeFilter$NestedFilterChain.doFilter(GeoServerCompositeFilter.java:71)
	at org.springframework.security.web.authentication.www.BasicAuthenticationFilter.doFilterInternal(BasicAuthenticationFilter.java:164)
	at org.springframework.web.filter.OncePerRequestFilter.doFilter(OncePerRequestFilter.java:117)
	at org.geoserver.security.filter.GeoServerCompositeFilter$NestedFilterChain.doFilter(GeoServerCompositeFilter.java:75)
	at org.geoserver.security.filter.GeoServerCompositeFilter.doFilter(GeoServerCompositeFilter.java:92)
	at org.geoserver.security.filter.GeoServerBasicAuthenticationFilter.doFilter(GeoServerBasicAuthenticationFilter.java:81)
	at org.springframework.security.web.FilterChainProxy$VirtualFilterChain.doFilter(FilterChainProxy.java:346)
	at org.geoserver.security.filter.GeoServerCompositeFilter$NestedFilterChain.doFilter(GeoServerCompositeFilter.java:71)
	at org.geoserver.security.filter.GeoServerSecurityContextPersistenceFilter$1.doFilterInternal(GeoServerSecurityContextPersistenceFilter.java:72)
	at org.springframework.web.filter.OncePerRequestFilter.doFilter(OncePerRequestFilter.java:117)
	at org.geoserver.security.filter.GeoServerCompositeFilter$NestedFilterChain.doFilter(GeoServerCompositeFilter.java:75)
	at org.geoserver.security.filter.GeoServerCompositeFilter.doFilter(GeoServerCompositeFilter.java:92)
	at org.springframework.security.web.FilterChainProxy$VirtualFilterChain.doFilter(FilterChainProxy.java:346)
	at org.springframework.security.web.FilterChainProxy.doFilterInternal(FilterChainProxy.java:221)
	at org.springframework.security.web.FilterChainProxy.doFilter(FilterChainProxy.java:186)
	at org.geoserver.security.GeoServerSecurityFilterChainProxy.doFilter(GeoServerSecurityFilterChainProxy.java:142)
	at org.springframework.web.filter.DelegatingFilterProxy.invokeDelegate(DelegatingFilterProxy.java:354)
	at org.springframework.web.filter.DelegatingFilterProxy.doFilter(DelegatingFilterProxy.java:267)
	at org.apache.catalina.core.ApplicationFilterChain.internalDoFilter(ApplicationFilterChain.java:178)
	at org.apache.catalina.core.ApplicationFilterChain.doFilter(ApplicationFilterChain.java:153)
	at org.geoserver.filters.XFrameOptionsFilter.doFilter(XFrameOptionsFilter.java:100)
	at org.apache.catalina.core.ApplicationFilterChain.internalDoFilter(ApplicationFilterChain.java:178)
	at org.apache.catalina.core.ApplicationFilterChain.doFilter(ApplicationFilterChain.java:153)
	at org.geoserver.filters.GZIPFilter.doFilter(GZIPFilter.java:48)
	at org.apache.catalina.core.ApplicationFilterChain.internalDoFilter(ApplicationFilterChain.java:178)
	at org.apache.catalina.core.ApplicationFilterChain.doFilter(ApplicationFilterChain.java:153)
	at org.geoserver.filters.SessionDebugFilter.doFilter(SessionDebugFilter.java:49)
	at org.apache.catalina.core.ApplicationFilterChain.internalDoFilter(ApplicationFilterChain.java:178)
	at org.apache.catalina.core.ApplicationFilterChain.doFilter(ApplicationFilterChain.java:153)
	at org.geoserver.filters.FlushSafeFilter.doFilter(FlushSafeFilter.java:42)
	at org.apache.catalina.core.ApplicationFilterChain.internalDoFilter(ApplicationFilterChain.java:178)
	at org.apache.catalina.core.ApplicationFilterChain.doFilter(ApplicationFilterChain.java:153)
	at org.springframework.web.filter.CharacterEncodingFilter.doFilterInternal(CharacterEncodingFilter.java:201)
	at org.springframework.web.filter.OncePerRequestFilter.doFilter(OncePerRequestFilter.java:117)
	at org.apache.catalina.core.ApplicationFilterChain.internalDoFilter(ApplicationFilterChain.java:178)
	at org.apache.catalina.core.ApplicationFilterChain.doFilter(ApplicationFilterChain.java:153)
	at org.apache.catalina.core.StandardWrapperValve.invoke(StandardWrapperValve.java:167)
	at org.apache.catalina.core.StandardContextValve.invoke(StandardContextValve.java:90)
	at org.apache.catalina.authenticator.AuthenticatorBase.invoke(AuthenticatorBase.java:492)
	at org.apache.catalina.core.StandardHostValve.invoke(StandardHostValve.java:130)
	at org.apache.catalina.valves.ErrorReportValve.invoke(ErrorReportValve.java:93)
	at org.apache.catalina.valves.AbstractAccessLogValve.invoke(AbstractAccessLogValve.java:673)
	at org.apache.catalina.core.StandardEngineValve.invoke(StandardEngineValve.java:74)
	at org.apache.catalina.connector.CoyoteAdapter.service(CoyoteAdapter.java:343)
	at org.apache.coyote.http11.Http11Processor.service(Http11Processor.java:389)
	at org.apache.coyote.AbstractProcessorLight.process(AbstractProcessorLight.java:63)
	at org.apache.coyote.AbstractProtocol$ConnectionHandler.process(AbstractProtocol.java:926)
	at org.apache.tomcat.util.net.NioEndpoint$SocketProcessor.doRun(NioEndpoint.java:1791)
	at org.apache.tomcat.util.net.SocketProcessorBase.run(SocketProcessorBase.java:49)
	at org.apache.tomcat.util.threads.ThreadPoolExecutor.runWorker(ThreadPoolExecutor.java:1191)
	at org.apache.tomcat.util.threads.ThreadPoolExecutor$Worker.run(ThreadPoolExecutor.java:659)
	at org.apache.tomcat.util.threads.TaskThread$WrappingRunnable.run(TaskThread.java:61)
	at java.base/java.lang.Thread.run(Thread.java:829)
03 Mar 16:36:09 INFO   [geoserver.flow] - Request control-flow performed, running requests: 2, blocked requests: 0
03 Mar 16:36:09 INFO   [geoserver.wms] - 
Request: getMap
	Angle = 0.0
	BaseUrl = http://localhost:8080/geoserver/
	Bbox = SRSEnvelope[5481146.074361689 : 5490280.299241768, 7092685.268873819 : 7097214.162799715]
	BgColor = java.awt.Color[r=255,g=255,b=255]
	Buffer = 0
	Clip = null
	CQLFilter = null
	Crs = PROJCS["WGS 84 / Pseudo-Mercator", 
  GEOGCS["WGS 84", 
    DATUM["World Geodetic System 1984", 
      SPHEROID["WGS 84", 6378137.0, 298.257223563, AUTHORITY["EPSG","7030"]], 
      AUTHORITY["EPSG","6326"]], 
    PRIMEM["Greenwich", 0.0, AUTHORITY["EPSG","8901"]], 
    UNIT["degree", 0.017453292519943295], 
    AXIS["Geodetic latitude", NORTH], 
    AXIS["Geodetic longitude", EAST], 
    AUTHORITY["EPSG","4326"]], 
  PROJECTION["Popular Visualisation Pseudo Mercator", AUTHORITY["EPSG","1024"]], 
  PARAMETER["semi_minor", 6378137.0], 
  PARAMETER["latitude_of_origin", 0.0], 
  PARAMETER["central_meridian", 0.0], 
  PARAMETER["scale_factor", 1.0], 
  PARAMETER["false_easting", 0.0], 
  PARAMETER["false_northing", 0.0], 
  UNIT["m", 1.0], 
  AXIS["Easting", EAST], 
  AXIS["Northing", NORTH], 
  AUTHORITY["EPSG","3857"]]
	Elevation = []
	Env = {}
	Exceptions = SE_XML
	FeatureId = null
	FeatureVersion = null
	Filter = null
	Format = image/png
	FormatOptions = {}
	Get = true
	Height = 948
	Interpolations = []
	Layers = [org.geoserver.wms.MapLayerInfo@e4804762]
	MaxFeatures = null
	Palette = null
	RawKvp = {TILED=true, REQUEST=GetMap, FORMAT=image/png, CRS=EPSG:3857, BBOX=5481146.074361689,7092685.268873819,5490280.299241768,7097214.162799715, VERSION=1.3.0, STYLES=, SERVICE=WMS, WIDTH=1912, HEIGHT=948, TRANSPARENT=TRUE, LAYERS=gis:buildings}
	RemoteOwsType = null
	RemoteOwsURL = null
	Request = GetMap
	RequestCharset = UTF-8
	ScaleMethod = null
	Sld = null
	SldBody = null
	SldVersion = null
	SortBy = null
	SortByArrays = null
	SRS = urn:ogc:def:crs:EPSG::3857
	StartIndex = null
	StyleBody = null
	StyleFormat = sld
	Styles = [StyleImpl[ name=polygon]]
	StyleUrl = null
	StyleVersion = null
	Tiled = true
	TilesOrigin = null
	Time = []
	Transparent = true
	ValidateSchema = false
	Version = 1.3.0
	ViewParams = null
	Width = 1912
03 Mar 16:36:09 INFO   [geoserver.wms] - 
Request: getMap
	Angle = 0.0
	BaseUrl = http://localhost:8080/geoserver/
	Bbox = SRSEnvelope[5481146.074361689 : 5490280.299241768, 7092685.268873819 : 7097214.162799715]
	BgColor = java.awt.Color[r=255,g=255,b=255]
	Buffer = 0
	Clip = null
	CQLFilter = null
	Crs = PROJCS["WGS 84 / Pseudo-Mercator", 
  GEOGCS["WGS 84", 
    DATUM["World Geodetic System 1984", 
      SPHEROID["WGS 84", 6378137.0, 298.257223563, AUTHORITY["EPSG","7030"]], 
      AUTHORITY["EPSG","6326"]], 
    PRIMEM["Greenwich", 0.0, AUTHORITY["EPSG","8901"]], 
    UNIT["degree", 0.017453292519943295], 
    AXIS["Geodetic latitude", NORTH], 
    AXIS["Geodetic longitude", EAST], 
    AUTHORITY["EPSG","4326"]], 
  PROJECTION["Popular Visualisation Pseudo Mercator", AUTHORITY["EPSG","1024"]], 
  PARAMETER["semi_minor", 6378137.0], 
  PARAMETER["latitude_of_origin", 0.0], 
  PARAMETER["central_meridian", 0.0], 
  PARAMETER["scale_factor", 1.0], 
  PARAMETER["false_easting", 0.0], 
  PARAMETER["false_northing", 0.0], 
  UNIT["m", 1.0], 
  AXIS["Easting", EAST], 
  AXIS["Northing", NORTH], 
  AUTHORITY["EPSG","3857"]]
	Elevation = []
	Env = {}
	Exceptions = SE_XML
	FeatureId = null
	FeatureVersion = null
	Filter = null
	Format = image/png
	FormatOptions = {}
	Get = true
	Height = 948
	Interpolations = []
	Layers = [org.geoserver.wms.MapLayerInfo@c8d248ce]
	MaxFeatures = null
	Palette = null
	RawKvp = {TILED=true, REQUEST=GetMap, FORMAT=image/png, CRS=EPSG:3857, BBOX=5481146.074361689,7092685.268873819,5490280.299241768,7097214.162799715, VERSION=1.3.0, STYLES=, SERVICE=WMS, WIDTH=1912, HEIGHT=948, TRANSPARENT=TRUE, LAYERS=gis:roads}
	RemoteOwsType = null
	RemoteOwsURL = null
	Request = GetMap
	RequestCharset = UTF-8
	ScaleMethod = null
	Sld = null
	SldBody = null
	SldVersion = null
	SortBy = null
	SortByArrays = null
	SRS = urn:ogc:def:crs:EPSG::3857
	StartIndex = null
	StyleBody = null
	StyleFormat = sld
	Styles = [StyleImpl[ name=line]]
	StyleUrl = null
	StyleVersion = null
	Tiled = true
	TilesOrigin = null
	Time = []
	Transparent = true
	ValidateSchema = false
	Version = 1.3.0
	ViewParams = null
	Width = 1912
03 Mar 16:36:09 INFO   [geoserver.flow] - releasing flow controllers for [WMS 1.3.0 GetMap]
03 Mar 16:36:09 INFO   [geoserver.flow] - Request completed, running requests: 1, blocked requests: 0
03 Mar 16:36:09 INFO   [geoserver.flow] - releasing flow controllers for [WMS 1.3.0 GetMap]
03 Mar 16:36:09 INFO   [geoserver.flow] - Request completed, running requests: 0, blocked requests: 0
03 Mar 16:36:19 INFO   [geoserver.wms] - 
Request: getServiceInfo
03 Mar 16:36:19 INFO   [geoserver.wms] - 
Request: getServiceInfo
03 Mar 16:36:19 INFO   [geoserver.wms] - 
Request: getServiceInfo
03 Mar 16:36:19 INFO   [geoserver.flow] - Request [WMS 1.3.0 GetMap] starting, processing through flow controllers
03 Mar 16:36:19 INFO   [geoserver.flow] - Request control-flow performed, running requests: 1, blocked requests: 1
03 Mar 16:36:19 ERROR  [geoserver.ows] - 
org.geoserver.platform.ServiceException: Could not find layer gis:poi
	at org.geoserver.wms.map.GetMapKvpRequestReader.parseLayers(GetMapKvpRequestReader.java:1546)
	at org.geoserver.wms.map.GetMapKvpRequestReader.read(GetMapKvpRequestReader.java:361)
	at org.geoserver.wms.map.GetMapKvpRequestReader.read(GetMapKvpRequestReader.java:107)
	at org.geoserver.ows.Dispatcher.parseRequestKVP(Dispatcher.java:1509)
	at org.geoserver.ows.Dispatcher.dispatch(Dispatcher.java:682)
	at org.geoserver.ows.Dispatcher.handleRequestInternal(Dispatcher.java:258)
	at org.springframework.web.servlet.mvc.AbstractController.handleRequest(AbstractController.java:177)
	at org.springframework.web.servlet.mvc.SimpleControllerHandlerAdapter.handle(SimpleControllerHandlerAdapter.java:51)
	at org.springframework.web.servlet.DispatcherServlet.doDispatch(DispatcherServlet.java:1072)
	at org.springframework.web.servlet.DispatcherServlet.doService(DispatcherServlet.java:965)
	at org.springframework.web.servlet.FrameworkServlet.processRequest(FrameworkServlet.java:1006)
	at org.springframework.web.servlet.FrameworkServlet.doGet(FrameworkServlet.java:898)
	at javax.servlet.http.HttpServlet.service(HttpServlet.java:502)
	at org.springframework.web.servlet.FrameworkServlet.service(FrameworkServlet.java:883)
	at javax.servlet.http.HttpServlet.service(HttpServlet.java:596)
	at org.apache.catalina.core.ApplicationFilterChain.internalDoFilter(ApplicationFilterChain.java:209)
	at org.apache.catalina.core.ApplicationFilterChain.doFilter(ApplicationFilterChain.java:153)
	at org.apache.tomcat.websocket.server.WsFilter.doFilter(WsFilter.java:53)
	at org.apache.catalina.core.ApplicationFilterChain.internalDoFilter(ApplicationFilterChain.java:178)
	at org.apache.catalina.core.ApplicationFilterChain.doFilter(ApplicationFilterChain.java:153)
	at org.apache.catalina.filters.CorsFilter.handleNonCORS(CorsFilter.java:328)
	at org.apache.catalina.filters.CorsFilter.doFilter(CorsFilter.java:158)
	at org.apache.catalina.core.ApplicationFilterChain.internalDoFilter(ApplicationFilterChain.java:178)
	at org.apache.catalina.core.ApplicationFilterChain.doFilter(ApplicationFilterChain.java:153)
	at org.apache.catalina.filters.HttpHeaderSecurityFilter.doFilter(HttpHeaderSecurityFilter.java:126)
	at org.apache.catalina.core.ApplicationFilterChain.internalDoFilter(ApplicationFilterChain.java:178)
	at org.apache.catalina.core.ApplicationFilterChain.doFilter(ApplicationFilterChain.java:153)
	at org.geoserver.filters.ThreadLocalsCleanupFilter.doFilter(ThreadLocalsCleanupFilter.java:28)
	at org.apache.catalina.core.ApplicationFilterChain.internalDoFilter(ApplicationFilterChain.java:178)
	at org.apache.catalina.core.ApplicationFilterChain.doFilter(ApplicationFilterChain.java:153)
	at org.geoserver.filters.SpringDelegatingFilter$Chain.doFilter(SpringDelegatingFilter.java:73)
	at org.geoserver.monitor.MonitorFilter.doFilter(MonitorFilter.java:159)
	at org.geoserver.filters.SpringDelegatingFilter$Chain.doFilter(SpringDelegatingFilter.java:70)
	at org.geoserver.ows.HTTPHeadersCollector.doFilter(HTTPHeadersCollector.java:48)
	at org.geoserver.filters.SpringDelegatingFilter$Chain.doFilter(SpringDelegatingFilter.java:70)
	at org.geoserver.filters.HTTPMethodFilter.doFilter(HTTPMethodFilter.java:36)
	at org.geoserver.filters.SpringDelegatingFilter$Chain.doFilter(SpringDelegatingFilter.java:70)
	at org.geoserver.filters.LoggingFilter.doFilter(LoggingFilter.java:194)
	at org.geoserver.filters.SpringDelegatingFilter$Chain.doFilter(SpringDelegatingFilter.java:70)
	at org.geoserver.flow.controller.IpBlacklistFilter.doFilter(IpBlacklistFilter.java:89)
	at org.geoserver.filters.SpringDelegatingFilter$Chain.doFilter(SpringDelegatingFilter.java:70)
	at org.geoserver.filters.SpringDelegatingFilter.doFilter(SpringDelegatingFilter.java:43)
	at org.apache.catalina.core.ApplicationFilterChain.internalDoFilter(ApplicationFilterChain.java:178)
	at org.apache.catalina.core.ApplicationFilterChain.doFilter(ApplicationFilterChain.java:153)
	at org.geoserver.platform.AdvancedDispatchFilter.doFilter(AdvancedDispatchFilter.java:39)
	at org.apache.catalina.core.ApplicationFilterChain.internalDoFilter(ApplicationFilterChain.java:178)
	at org.apache.catalina.core.ApplicationFilterChain.doFilter(ApplicationFilterChain.java:153)
	at org.springframework.security.web.FilterChainProxy$VirtualFilterChain.doFilter(FilterChainProxy.java:337)
	at org.geoserver.security.filter.GeoServerCompositeFilter$NestedFilterChain.doFilter(GeoServerCompositeFilter.java:71)
	at org.springframework.security.web.access.intercept.FilterSecurityInterceptor.invoke(FilterSecurityInterceptor.java:115)
	at org.springframework.security.web.access.intercept.FilterSecurityInterceptor.doFilter(FilterSecurityInterceptor.java:81)
	at org.geoserver.security.filter.GeoServerCompositeFilter$NestedFilterChain.doFilter(GeoServerCompositeFilter.java:75)
	at org.geoserver.security.filter.GeoServerCompositeFilter.doFilter(GeoServerCompositeFilter.java:92)
	at org.springframework.security.web.FilterChainProxy$VirtualFilterChain.doFilter(FilterChainProxy.java:346)
	at org.geoserver.security.filter.GeoServerCompositeFilter$NestedFilterChain.doFilter(GeoServerCompositeFilter.java:71)
	at org.springframework.security.web.access.ExceptionTranslationFilter.doFilter(ExceptionTranslationFilter.java:122)
	at org.springframework.security.web.access.ExceptionTranslationFilter.doFilter(ExceptionTranslationFilter.java:116)
	at org.geoserver.security.filter.GeoServerCompositeFilter$NestedFilterChain.doFilter(GeoServerCompositeFilter.java:75)
	at org.geoserver.security.filter.GeoServerCompositeFilter.doFilter(GeoServerCompositeFilter.java:92)
	at org.springframework.security.web.FilterChainProxy$VirtualFilterChain.doFilter(FilterChainProxy.java:346)
	at org.geoserver.security.filter.GeoServerAnonymousAuthenticationFilter.doFilter(GeoServerAnonymousAuthenticationFilter.java:53)
	at org.springframework.security.web.FilterChainProxy$VirtualFilterChain.doFilter(FilterChainProxy.java:346)
	at org.geoserver.security.filter.GeoServerCompositeFilter$NestedFilterChain.doFilter(GeoServerCompositeFilter.java:71)
	at org.springframework.security.web.authentication.www.BasicAuthenticationFilter.doFilterInternal(BasicAuthenticationFilter.java:164)
	at org.springframework.web.filter.OncePerRequestFilter.doFilter(OncePerRequestFilter.java:117)
	at org.geoserver.security.filter.GeoServerCompositeFilter$NestedFilterChain.doFilter(GeoServerCompositeFilter.java:75)
	at org.geoserver.security.filter.GeoServerCompositeFilter.doFilter(GeoServerCompositeFilter.java:92)
	at org.geoserver.security.filter.GeoServerBasicAuthenticationFilter.doFilter(GeoServerBasicAuthenticationFilter.java:81)
	at org.springframework.security.web.FilterChainProxy$VirtualFilterChain.doFilter(FilterChainProxy.java:346)
	at org.geoserver.security.filter.GeoServerCompositeFilter$NestedFilterChain.doFilter(GeoServerCompositeFilter.java:71)
	at org.geoserver.security.filter.GeoServerSecurityContextPersistenceFilter$1.doFilterInternal(GeoServerSecurityContextPersistenceFilter.java:72)
	at org.springframework.web.filter.OncePerRequestFilter.doFilter(OncePerRequestFilter.java:117)
	at org.geoserver.security.filter.GeoServerCompositeFilter$NestedFilterChain.doFilter(GeoServerCompositeFilter.java:75)
	at org.geoserver.security.filter.GeoServerCompositeFilter.doFilter(GeoServerCompositeFilter.java:92)
	at org.springframework.security.web.FilterChainProxy$VirtualFilterChain.doFilter(FilterChainProxy.java:346)
	at org.springframework.security.web.FilterChainProxy.doFilterInternal(FilterChainProxy.java:221)
	at org.springframework.security.web.FilterChainProxy.doFilter(FilterChainProxy.java:186)
	at org.geoserver.security.GeoServerSecurityFilterChainProxy.doFilter(GeoServerSecurityFilterChainProxy.java:142)
	at org.springframework.web.filter.DelegatingFilterProxy.invokeDelegate(DelegatingFilterProxy.java:354)
	at org.springframework.web.filter.DelegatingFilterProxy.doFilter(DelegatingFilterProxy.java:267)
	at org.apache.catalina.core.ApplicationFilterChain.internalDoFilter(ApplicationFilterChain.java:178)
	at org.apache.catalina.core.ApplicationFilterChain.doFilter(ApplicationFilterChain.java:153)
	at org.geoserver.filters.XFrameOptionsFilter.doFilter(XFrameOptionsFilter.java:100)
	at org.apache.catalina.core.ApplicationFilterChain.internalDoFilter(ApplicationFilterChain.java:178)
	at org.apache.catalina.core.ApplicationFilterChain.doFilter(ApplicationFilterChain.java:153)
	at org.geoserver.filters.GZIPFilter.doFilter(GZIPFilter.java:48)
	at org.apache.catalina.core.ApplicationFilterChain.internalDoFilter(ApplicationFilterChain.java:178)
	at org.apache.catalina.core.ApplicationFilterChain.doFilter(ApplicationFilterChain.java:153)
	at org.geoserver.filters.SessionDebugFilter.doFilter(SessionDebugFilter.java:49)
	at org.apache.catalina.core.ApplicationFilterChain.internalDoFilter(ApplicationFilterChain.java:178)
	at org.apache.catalina.core.ApplicationFilterChain.doFilter(ApplicationFilterChain.java:153)
	at org.geoserver.filters.FlushSafeFilter.doFilter(FlushSafeFilter.java:42)
	at org.apache.catalina.core.ApplicationFilterChain.internalDoFilter(ApplicationFilterChain.java:178)
	at org.apache.catalina.core.ApplicationFilterChain.doFilter(ApplicationFilterChain.java:153)
	at org.springframework.web.filter.CharacterEncodingFilter.doFilterInternal(CharacterEncodingFilter.java:201)
	at org.springframework.web.filter.OncePerRequestFilter.doFilter(OncePerRequestFilter.java:117)
	at org.apache.catalina.core.ApplicationFilterChain.internalDoFilter(ApplicationFilterChain.java:178)
	at org.apache.catalina.core.ApplicationFilterChain.doFilter(ApplicationFilterChain.java:153)
	at org.apache.catalina.core.StandardWrapperValve.invoke(StandardWrapperValve.java:167)
	at org.apache.catalina.core.StandardContextValve.invoke(StandardContextValve.java:90)
	at org.apache.catalina.authenticator.AuthenticatorBase.invoke(AuthenticatorBase.java:492)
	at org.apache.catalina.core.StandardHostValve.invoke(StandardHostValve.java:130)
	at org.apache.catalina.valves.ErrorReportValve.invoke(ErrorReportValve.java:93)
	at org.apache.catalina.valves.AbstractAccessLogValve.invoke(AbstractAccessLogValve.java:673)
	at org.apache.catalina.core.StandardEngineValve.invoke(StandardEngineValve.java:74)
	at org.apache.catalina.connector.CoyoteAdapter.service(CoyoteAdapter.java:343)
	at org.apache.coyote.http11.Http11Processor.service(Http11Processor.java:389)
	at org.apache.coyote.AbstractProcessorLight.process(AbstractProcessorLight.java:63)
	at org.apache.coyote.AbstractProtocol$ConnectionHandler.process(AbstractProtocol.java:926)
	at org.apache.tomcat.util.net.NioEndpoint$SocketProcessor.doRun(NioEndpoint.java:1791)
	at org.apache.tomcat.util.net.SocketProcessorBase.run(SocketProcessorBase.java:49)
	at org.apache.tomcat.util.threads.ThreadPoolExecutor.runWorker(ThreadPoolExecutor.java:1191)
	at org.apache.tomcat.util.threads.ThreadPoolExecutor$Worker.run(ThreadPoolExecutor.java:659)
	at org.apache.tomcat.util.threads.TaskThread$WrappingRunnable.run(TaskThread.java:61)
	at java.base/java.lang.Thread.run(Thread.java:829)
03 Mar 16:36:19 INFO   [geoserver.flow] - Request [WMS 1.3.0 GetMap] starting, processing through flow controllers
03 Mar 16:36:19 INFO   [geoserver.flow] - Request control-flow performed, running requests: 2, blocked requests: 0
03 Mar 16:36:20 INFO   [geoserver.wms] - 
Request: getMap
	Angle = 0.0
	BaseUrl = http://localhost:8080/geoserver/
	Bbox = SRSEnvelope[5481146.074361689 : 5490280.299241768, 7092685.268873819 : 7097214.162799715]
	BgColor = java.awt.Color[r=255,g=255,b=255]
	Buffer = 0
	Clip = null
	CQLFilter = null
	Crs = PROJCS["WGS 84 / Pseudo-Mercator", 
  GEOGCS["WGS 84", 
    DATUM["World Geodetic System 1984", 
      SPHEROID["WGS 84", 6378137.0, 298.257223563, AUTHORITY["EPSG","7030"]], 
      AUTHORITY["EPSG","6326"]], 
    PRIMEM["Greenwich", 0.0, AUTHORITY["EPSG","8901"]], 
    UNIT["degree", 0.017453292519943295], 
    AXIS["Geodetic latitude", NORTH], 
    AXIS["Geodetic longitude", EAST], 
    AUTHORITY["EPSG","4326"]], 
  PROJECTION["Popular Visualisation Pseudo Mercator", AUTHORITY["EPSG","1024"]], 
  PARAMETER["semi_minor", 6378137.0], 
  PARAMETER["latitude_of_origin", 0.0], 
  PARAMETER["central_meridian", 0.0], 
  PARAMETER["scale_factor", 1.0], 
  PARAMETER["false_easting", 0.0], 
  PARAMETER["false_northing", 0.0], 
  UNIT["m", 1.0], 
  AXIS["Easting", EAST], 
  AXIS["Northing", NORTH], 
  AUTHORITY["EPSG","3857"]]
	Elevation = []
	Env = {}
	Exceptions = SE_XML
	FeatureId = null
	FeatureVersion = null
	Filter = null
	Format = image/png
	FormatOptions = {}
	Get = true
	Height = 948
	Interpolations = []
	Layers = [org.geoserver.wms.MapLayerInfo@c8d248ce]
	MaxFeatures = null
	Palette = null
	RawKvp = {TILED=true, REQUEST=GetMap, FORMAT=image/png, CRS=EPSG:3857, BBOX=5481146.074361689,7092685.268873819,5490280.299241768,7097214.162799715, VERSION=1.3.0, STYLES=, SERVICE=WMS, WIDTH=1912, HEIGHT=948, TRANSPARENT=TRUE, LAYERS=gis:roads}
	RemoteOwsType = null
	RemoteOwsURL = null
	Request = GetMap
	RequestCharset = UTF-8
	ScaleMethod = null
	Sld = null
	SldBody = null
	SldVersion = null
	SortBy = null
	SortByArrays = null
	SRS = urn:ogc:def:crs:EPSG::3857
	StartIndex = null
	StyleBody = null
	StyleFormat = sld
	Styles = [StyleImpl[ name=line]]
	StyleUrl = null
	StyleVersion = null
	Tiled = true
	TilesOrigin = null
	Time = []
	Transparent = true
	ValidateSchema = false
	Version = 1.3.0
	ViewParams = null
	Width = 1912
03 Mar 16:36:20 INFO   [geoserver.wms] - 
Request: getMap
	Angle = 0.0
	BaseUrl = http://localhost:8080/geoserver/
	Bbox = SRSEnvelope[5481146.074361689 : 5490280.299241768, 7092685.268873819 : 7097214.162799715]
	BgColor = java.awt.Color[r=255,g=255,b=255]
	Buffer = 0
	Clip = null
	CQLFilter = null
	Crs = PROJCS["WGS 84 / Pseudo-Mercator", 
  GEOGCS["WGS 84", 
    DATUM["World Geodetic System 1984", 
      SPHEROID["WGS 84", 6378137.0, 298.257223563, AUTHORITY["EPSG","7030"]], 
      AUTHORITY["EPSG","6326"]], 
    PRIMEM["Greenwich", 0.0, AUTHORITY["EPSG","8901"]], 
    UNIT["degree", 0.017453292519943295], 
    AXIS["Geodetic latitude", NORTH], 
    AXIS["Geodetic longitude", EAST], 
    AUTHORITY["EPSG","4326"]], 
  PROJECTION["Popular Visualisation Pseudo Mercator", AUTHORITY["EPSG","1024"]], 
  PARAMETER["semi_minor", 6378137.0], 
  PARAMETER["latitude_of_origin", 0.0], 
  PARAMETER["central_meridian", 0.0], 
  PARAMETER["scale_factor", 1.0], 
  PARAMETER["false_easting", 0.0], 
  PARAMETER["false_northing", 0.0], 
  UNIT["m", 1.0], 
  AXIS["Easting", EAST], 
  AXIS["Northing", NORTH], 
  AUTHORITY["EPSG","3857"]]
	Elevation = []
	Env = {}
	Exceptions = SE_XML
	FeatureId = null
	FeatureVersion = null
	Filter = null
	Format = image/png
	FormatOptions = {}
	Get = true
	Height = 948
	Interpolations = []
	Layers = [org.geoserver.wms.MapLayerInfo@e4804762]
	MaxFeatures = null
	Palette = null
	RawKvp = {TILED=true, REQUEST=GetMap, FORMAT=image/png, CRS=EPSG:3857, BBOX=5481146.074361689,7092685.268873819,5490280.299241768,7097214.162799715, VERSION=1.3.0, STYLES=, SERVICE=WMS, WIDTH=1912, HEIGHT=948, TRANSPARENT=TRUE, LAYERS=gis:buildings}
	RemoteOwsType = null
	RemoteOwsURL = null
	Request = GetMap
	RequestCharset = UTF-8
	ScaleMethod = null
	Sld = null
	SldBody = null
	SldVersion = null
	SortBy = null
	SortByArrays = null
	SRS = urn:ogc:def:crs:EPSG::3857
	StartIndex = null
	StyleBody = null
	StyleFormat = sld
	Styles = [StyleImpl[ name=polygon]]
	StyleUrl = null
	StyleVersion = null
	Tiled = true
	TilesOrigin = null
	Time = []
	Transparent = true
	ValidateSchema = false
	Version = 1.3.0
	ViewParams = null
	Width = 1912
03 Mar 16:36:20 INFO   [geoserver.flow] - releasing flow controllers for [WMS 1.3.0 GetMap]
03 Mar 16:36:20 INFO   [geoserver.flow] - Request completed, running requests: 1, blocked requests: 0
03 Mar 16:36:20 INFO   [geoserver.flow] - releasing flow controllers for [WMS 1.3.0 GetMap]
03 Mar 16:36:20 INFO   [geoserver.flow] - Request completed, running requests: 0, blocked requests: 0
03 Mar 16:36:20 INFO   [geoserver.wms] - 
Request: getServiceInfo
03 Mar 16:36:20 INFO   [geoserver.wms] - 
Request: getServiceInfo
03 Mar 16:36:20 INFO   [geoserver.flow] - Request [WMS 1.3.0 GetMap] starting, processing through flow controllers
03 Mar 16:36:20 INFO   [geoserver.flow] - Request control-flow performed, running requests: 1, blocked requests: 0
03 Mar 16:36:20 ERROR  [geoserver.ows] - 
org.geoserver.platform.ServiceException: Could not find layer gis:poi
	at org.geoserver.wms.map.GetMapKvpRequestReader.parseLayers(GetMapKvpRequestReader.java:1546)
	at org.geoserver.wms.map.GetMapKvpRequestReader.read(GetMapKvpRequestReader.java:361)
	at org.geoserver.wms.map.GetMapKvpRequestReader.read(GetMapKvpRequestReader.java:107)
	at org.geoserver.ows.Dispatcher.parseRequestKVP(Dispatcher.java:1509)
	at org.geoserver.ows.Dispatcher.dispatch(Dispatcher.java:682)
	at org.geoserver.ows.Dispatcher.handleRequestInternal(Dispatcher.java:258)
	at org.springframework.web.servlet.mvc.AbstractController.handleRequest(AbstractController.java:177)
	at org.springframework.web.servlet.mvc.SimpleControllerHandlerAdapter.handle(SimpleControllerHandlerAdapter.java:51)
	at org.springframework.web.servlet.DispatcherServlet.doDispatch(DispatcherServlet.java:1072)
	at org.springframework.web.servlet.DispatcherServlet.doService(DispatcherServlet.java:965)
	at org.springframework.web.servlet.FrameworkServlet.processRequest(FrameworkServlet.java:1006)
	at org.springframework.web.servlet.FrameworkServlet.doGet(FrameworkServlet.java:898)
	at javax.servlet.http.HttpServlet.service(HttpServlet.java:502)
	at org.springframework.web.servlet.FrameworkServlet.service(FrameworkServlet.java:883)
	at javax.servlet.http.HttpServlet.service(HttpServlet.java:596)
	at org.apache.catalina.core.ApplicationFilterChain.internalDoFilter(ApplicationFilterChain.java:209)
	at org.apache.catalina.core.ApplicationFilterChain.doFilter(ApplicationFilterChain.java:153)
	at org.apache.tomcat.websocket.server.WsFilter.doFilter(WsFilter.java:53)
	at org.apache.catalina.core.ApplicationFilterChain.internalDoFilter(ApplicationFilterChain.java:178)
	at org.apache.catalina.core.ApplicationFilterChain.doFilter(ApplicationFilterChain.java:153)
	at org.apache.catalina.filters.CorsFilter.handleNonCORS(CorsFilter.java:328)
	at org.apache.catalina.filters.CorsFilter.doFilter(CorsFilter.java:158)
	at org.apache.catalina.core.ApplicationFilterChain.internalDoFilter(ApplicationFilterChain.java:178)
	at org.apache.catalina.core.ApplicationFilterChain.doFilter(ApplicationFilterChain.java:153)
	at org.apache.catalina.filters.HttpHeaderSecurityFilter.doFilter(HttpHeaderSecurityFilter.java:126)
	at org.apache.catalina.core.ApplicationFilterChain.internalDoFilter(ApplicationFilterChain.java:178)
	at org.apache.catalina.core.ApplicationFilterChain.doFilter(ApplicationFilterChain.java:153)
	at org.geoserver.filters.ThreadLocalsCleanupFilter.doFilter(ThreadLocalsCleanupFilter.java:28)
	at org.apache.catalina.core.ApplicationFilterChain.internalDoFilter(ApplicationFilterChain.java:178)
	at org.apache.catalina.core.ApplicationFilterChain.doFilter(ApplicationFilterChain.java:153)
	at org.geoserver.filters.SpringDelegatingFilter$Chain.doFilter(SpringDelegatingFilter.java:73)
	at org.geoserver.monitor.MonitorFilter.doFilter(MonitorFilter.java:159)
	at org.geoserver.filters.SpringDelegatingFilter$Chain.doFilter(SpringDelegatingFilter.java:70)
	at org.geoserver.ows.HTTPHeadersCollector.doFilter(HTTPHeadersCollector.java:48)
	at org.geoserver.filters.SpringDelegatingFilter$Chain.doFilter(SpringDelegatingFilter.java:70)
	at org.geoserver.filters.HTTPMethodFilter.doFilter(HTTPMethodFilter.java:36)
	at org.geoserver.filters.SpringDelegatingFilter$Chain.doFilter(SpringDelegatingFilter.java:70)
	at org.geoserver.filters.LoggingFilter.doFilter(LoggingFilter.java:194)
	at org.geoserver.filters.SpringDelegatingFilter$Chain.doFilter(SpringDelegatingFilter.java:70)
	at org.geoserver.flow.controller.IpBlacklistFilter.doFilter(IpBlacklistFilter.java:89)
	at org.geoserver.filters.SpringDelegatingFilter$Chain.doFilter(SpringDelegatingFilter.java:70)
	at org.geoserver.filters.SpringDelegatingFilter.doFilter(SpringDelegatingFilter.java:43)
	at org.apache.catalina.core.ApplicationFilterChain.internalDoFilter(ApplicationFilterChain.java:178)
	at org.apache.catalina.core.ApplicationFilterChain.doFilter(ApplicationFilterChain.java:153)
	at org.geoserver.platform.AdvancedDispatchFilter.doFilter(AdvancedDispatchFilter.java:39)
	at org.apache.catalina.core.ApplicationFilterChain.internalDoFilter(ApplicationFilterChain.java:178)
	at org.apache.catalina.core.ApplicationFilterChain.doFilter(ApplicationFilterChain.java:153)
	at org.springframework.security.web.FilterChainProxy$VirtualFilterChain.doFilter(FilterChainProxy.java:337)
	at org.geoserver.security.filter.GeoServerCompositeFilter$NestedFilterChain.doFilter(GeoServerCompositeFilter.java:71)
	at org.springframework.security.web.access.intercept.FilterSecurityInterceptor.invoke(FilterSecurityInterceptor.java:115)
	at org.springframework.security.web.access.intercept.FilterSecurityInterceptor.doFilter(FilterSecurityInterceptor.java:81)
	at org.geoserver.security.filter.GeoServerCompositeFilter$NestedFilterChain.doFilter(GeoServerCompositeFilter.java:75)
	at org.geoserver.security.filter.GeoServerCompositeFilter.doFilter(GeoServerCompositeFilter.java:92)
	at org.springframework.security.web.FilterChainProxy$VirtualFilterChain.doFilter(FilterChainProxy.java:346)
	at org.geoserver.security.filter.GeoServerCompositeFilter$NestedFilterChain.doFilter(GeoServerCompositeFilter.java:71)
	at org.springframework.security.web.access.ExceptionTranslationFilter.doFilter(ExceptionTranslationFilter.java:122)
	at org.springframework.security.web.access.ExceptionTranslationFilter.doFilter(ExceptionTranslationFilter.java:116)
	at org.geoserver.security.filter.GeoServerCompositeFilter$NestedFilterChain.doFilter(GeoServerCompositeFilter.java:75)
	at org.geoserver.security.filter.GeoServerCompositeFilter.doFilter(GeoServerCompositeFilter.java:92)
	at org.springframework.security.web.FilterChainProxy$VirtualFilterChain.doFilter(FilterChainProxy.java:346)
	at org.geoserver.security.filter.GeoServerAnonymousAuthenticationFilter.doFilter(GeoServerAnonymousAuthenticationFilter.java:53)
	at org.springframework.security.web.FilterChainProxy$VirtualFilterChain.doFilter(FilterChainProxy.java:346)
	at org.geoserver.security.filter.GeoServerCompositeFilter$NestedFilterChain.doFilter(GeoServerCompositeFilter.java:71)
	at org.springframework.security.web.authentication.www.BasicAuthenticationFilter.doFilterInternal(BasicAuthenticationFilter.java:164)
	at org.springframework.web.filter.OncePerRequestFilter.doFilter(OncePerRequestFilter.java:117)
	at org.geoserver.security.filter.GeoServerCompositeFilter$NestedFilterChain.doFilter(GeoServerCompositeFilter.java:75)
	at org.geoserver.security.filter.GeoServerCompositeFilter.doFilter(GeoServerCompositeFilter.java:92)
	at org.geoserver.security.filter.GeoServerBasicAuthenticationFilter.doFilter(GeoServerBasicAuthenticationFilter.java:81)
	at org.springframework.security.web.FilterChainProxy$VirtualFilterChain.doFilter(FilterChainProxy.java:346)
	at org.geoserver.security.filter.GeoServerCompositeFilter$NestedFilterChain.doFilter(GeoServerCompositeFilter.java:71)
	at org.geoserver.security.filter.GeoServerSecurityContextPersistenceFilter$1.doFilterInternal(GeoServerSecurityContextPersistenceFilter.java:72)
	at org.springframework.web.filter.OncePerRequestFilter.doFilter(OncePerRequestFilter.java:117)
	at org.geoserver.security.filter.GeoServerCompositeFilter$NestedFilterChain.doFilter(GeoServerCompositeFilter.java:75)
	at org.geoserver.security.filter.GeoServerCompositeFilter.doFilter(GeoServerCompositeFilter.java:92)
	at org.springframework.security.web.FilterChainProxy$VirtualFilterChain.doFilter(FilterChainProxy.java:346)
	at org.springframework.security.web.FilterChainProxy.doFilterInternal(FilterChainProxy.java:221)
	at org.springframework.security.web.FilterChainProxy.doFilter(FilterChainProxy.java:186)
	at org.geoserver.security.GeoServerSecurityFilterChainProxy.doFilter(GeoServerSecurityFilterChainProxy.java:142)
	at org.springframework.web.filter.DelegatingFilterProxy.invokeDelegate(DelegatingFilterProxy.java:354)
	at org.springframework.web.filter.DelegatingFilterProxy.doFilter(DelegatingFilterProxy.java:267)
	at org.apache.catalina.core.ApplicationFilterChain.internalDoFilter(ApplicationFilterChain.java:178)
	at org.apache.catalina.core.ApplicationFilterChain.doFilter(ApplicationFilterChain.java:153)
	at org.geoserver.filters.XFrameOptionsFilter.doFilter(XFrameOptionsFilter.java:100)
	at org.apache.catalina.core.ApplicationFilterChain.internalDoFilter(ApplicationFilterChain.java:178)
	at org.apache.catalina.core.ApplicationFilterChain.doFilter(ApplicationFilterChain.java:153)
	at org.geoserver.filters.GZIPFilter.doFilter(GZIPFilter.java:48)
	at org.apache.catalina.core.ApplicationFilterChain.internalDoFilter(ApplicationFilterChain.java:178)
	at org.apache.catalina.core.ApplicationFilterChain.doFilter(ApplicationFilterChain.java:153)
	at org.geoserver.filters.SessionDebugFilter.doFilter(SessionDebugFilter.java:49)
	at org.apache.catalina.core.ApplicationFilterChain.internalDoFilter(ApplicationFilterChain.java:178)
	at org.apache.catalina.core.ApplicationFilterChain.doFilter(ApplicationFilterChain.java:153)
	at org.geoserver.filters.FlushSafeFilter.doFilter(FlushSafeFilter.java:42)
	at org.apache.catalina.core.ApplicationFilterChain.internalDoFilter(ApplicationFilterChain.java:178)
	at org.apache.catalina.core.ApplicationFilterChain.doFilter(ApplicationFilterChain.java:153)
	at org.springframework.web.filter.CharacterEncodingFilter.doFilterInternal(CharacterEncodingFilter.java:201)
	at org.springframework.web.filter.OncePerRequestFilter.doFilter(OncePerRequestFilter.java:117)
	at org.apache.catalina.core.ApplicationFilterChain.internalDoFilter(ApplicationFilterChain.java:178)
	at org.apache.catalina.core.ApplicationFilterChain.doFilter(ApplicationFilterChain.java:153)
	at org.apache.catalina.core.StandardWrapperValve.invoke(StandardWrapperValve.java:167)
	at org.apache.catalina.core.StandardContextValve.invoke(StandardContextValve.java:90)
	at org.apache.catalina.authenticator.AuthenticatorBase.invoke(AuthenticatorBase.java:492)
	at org.apache.catalina.core.StandardHostValve.invoke(StandardHostValve.java:130)
	at org.apache.catalina.valves.ErrorReportValve.invoke(ErrorReportValve.java:93)
	at org.apache.catalina.valves.AbstractAccessLogValve.invoke(AbstractAccessLogValve.java:673)
	at org.apache.catalina.core.StandardEngineValve.invoke(StandardEngineValve.java:74)
	at org.apache.catalina.connector.CoyoteAdapter.service(CoyoteAdapter.java:343)
	at org.apache.coyote.http11.Http11Processor.service(Http11Processor.java:389)
	at org.apache.coyote.AbstractProcessorLight.process(AbstractProcessorLight.java:63)
	at org.apache.coyote.AbstractProtocol$ConnectionHandler.process(AbstractProtocol.java:926)
	at org.apache.tomcat.util.net.NioEndpoint$SocketProcessor.doRun(NioEndpoint.java:1791)
	at org.apache.tomcat.util.net.SocketProcessorBase.run(SocketProcessorBase.java:49)
	at org.apache.tomcat.util.threads.ThreadPoolExecutor.runWorker(ThreadPoolExecutor.java:1191)
	at org.apache.tomcat.util.threads.ThreadPoolExecutor$Worker.run(ThreadPoolExecutor.java:659)
	at org.apache.tomcat.util.threads.TaskThread$WrappingRunnable.run(TaskThread.java:61)
	at java.base/java.lang.Thread.run(Thread.java:829)
03 Mar 16:36:20 INFO   [geoserver.wms] - 
Request: getServiceInfo
03 Mar 16:36:20 INFO   [geoserver.flow] - Request [WMS 1.3.0 GetMap] starting, processing through flow controllers
03 Mar 16:36:20 INFO   [geoserver.flow] - Request control-flow performed, running requests: 2, blocked requests: 0
03 Mar 16:36:20 INFO   [geoserver.wms] - 
Request: getMap
	Angle = 0.0
	BaseUrl = http://localhost:8080/geoserver/
	Bbox = SRSEnvelope[5481146.074361689 : 5490280.299241768, 7092685.268873819 : 7097214.162799715]
	BgColor = java.awt.Color[r=255,g=255,b=255]
	Buffer = 0
	Clip = null
	CQLFilter = null
	Crs = PROJCS["WGS 84 / Pseudo-Mercator", 
  GEOGCS["WGS 84", 
    DATUM["World Geodetic System 1984", 
      SPHEROID["WGS 84", 6378137.0, 298.257223563, AUTHORITY["EPSG","7030"]], 
      AUTHORITY["EPSG","6326"]], 
    PRIMEM["Greenwich", 0.0, AUTHORITY["EPSG","8901"]], 
    UNIT["degree", 0.017453292519943295], 
    AXIS["Geodetic latitude", NORTH], 
    AXIS["Geodetic longitude", EAST], 
    AUTHORITY["EPSG","4326"]], 
  PROJECTION["Popular Visualisation Pseudo Mercator", AUTHORITY["EPSG","1024"]], 
  PARAMETER["semi_minor", 6378137.0], 
  PARAMETER["latitude_of_origin", 0.0], 
  PARAMETER["central_meridian", 0.0], 
  PARAMETER["scale_factor", 1.0], 
  PARAMETER["false_easting", 0.0], 
  PARAMETER["false_northing", 0.0], 
  UNIT["m", 1.0], 
  AXIS["Easting", EAST], 
  AXIS["Northing", NORTH], 
  AUTHORITY["EPSG","3857"]]
	Elevation = []
	Env = {}
	Exceptions = SE_XML
	FeatureId = null
	FeatureVersion = null
	Filter = null
	Format = image/png
	FormatOptions = {}
	Get = true
	Height = 948
	Interpolations = []
	Layers = [org.geoserver.wms.MapLayerInfo@c8d248ce]
	MaxFeatures = null
	Palette = null
	RawKvp = {TILED=true, REQUEST=GetMap, FORMAT=image/png, CRS=EPSG:3857, BBOX=5481146.074361689,7092685.268873819,5490280.299241768,7097214.162799715, VERSION=1.3.0, STYLES=, SERVICE=WMS, WIDTH=1912, HEIGHT=948, TRANSPARENT=TRUE, LAYERS=gis:roads}
	RemoteOwsType = null
	RemoteOwsURL = null
	Request = GetMap
	RequestCharset = UTF-8
	ScaleMethod = null
	Sld = null
	SldBody = null
	SldVersion = null
	SortBy = null
	SortByArrays = null
	SRS = urn:ogc:def:crs:EPSG::3857
	StartIndex = null
	StyleBody = null
	StyleFormat = sld
	Styles = [StyleImpl[ name=line]]
	StyleUrl = null
	StyleVersion = null
	Tiled = true
	TilesOrigin = null
	Time = []
	Transparent = true
	ValidateSchema = false
	Version = 1.3.0
	ViewParams = null
	Width = 1912
03 Mar 16:36:21 INFO   [geoserver.wms] - 
Request: getMap
	Angle = 0.0
	BaseUrl = http://localhost:8080/geoserver/
	Bbox = SRSEnvelope[5481146.074361689 : 5490280.299241768, 7092685.268873819 : 7097214.162799715]
	BgColor = java.awt.Color[r=255,g=255,b=255]
	Buffer = 0
	Clip = null
	CQLFilter = null
	Crs = PROJCS["WGS 84 / Pseudo-Mercator", 
  GEOGCS["WGS 84", 
    DATUM["World Geodetic System 1984", 
      SPHEROID["WGS 84", 6378137.0, 298.257223563, AUTHORITY["EPSG","7030"]], 
      AUTHORITY["EPSG","6326"]], 
    PRIMEM["Greenwich", 0.0, AUTHORITY["EPSG","8901"]], 
    UNIT["degree", 0.017453292519943295], 
    AXIS["Geodetic latitude", NORTH], 
    AXIS["Geodetic longitude", EAST], 
    AUTHORITY["EPSG","4326"]], 
  PROJECTION["Popular Visualisation Pseudo Mercator", AUTHORITY["EPSG","1024"]], 
  PARAMETER["semi_minor", 6378137.0], 
  PARAMETER["latitude_of_origin", 0.0], 
  PARAMETER["central_meridian", 0.0], 
  PARAMETER["scale_factor", 1.0], 
  PARAMETER["false_easting", 0.0], 
  PARAMETER["false_northing", 0.0], 
  UNIT["m", 1.0], 
  AXIS["Easting", EAST], 
  AXIS["Northing", NORTH], 
  AUTHORITY["EPSG","3857"]]
	Elevation = []
	Env = {}
	Exceptions = SE_XML
	FeatureId = null
	FeatureVersion = null
	Filter = null
	Format = image/png
	FormatOptions = {}
	Get = true
	Height = 948
	Interpolations = []
	Layers = [org.geoserver.wms.MapLayerInfo@e4804762]
	MaxFeatures = null
	Palette = null
	RawKvp = {TILED=true, REQUEST=GetMap, FORMAT=image/png, CRS=EPSG:3857, BBOX=5481146.074361689,7092685.268873819,5490280.299241768,7097214.162799715, VERSION=1.3.0, STYLES=, SERVICE=WMS, WIDTH=1912, HEIGHT=948, TRANSPARENT=TRUE, LAYERS=gis:buildings}
	RemoteOwsType = null
	RemoteOwsURL = null
	Request = GetMap
	RequestCharset = UTF-8
	ScaleMethod = null
	Sld = null
	SldBody = null
	SldVersion = null
	SortBy = null
	SortByArrays = null
	SRS = urn:ogc:def:crs:EPSG::3857
	StartIndex = null
	StyleBody = null
	StyleFormat = sld
	Styles = [StyleImpl[ name=polygon]]
	StyleUrl = null
	StyleVersion = null
	Tiled = true
	TilesOrigin = null
	Time = []
	Transparent = true
	ValidateSchema = false
	Version = 1.3.0
	ViewParams = null
	Width = 1912
03 Mar 16:36:21 INFO   [geoserver.flow] - releasing flow controllers for [WMS 1.3.0 GetMap]
03 Mar 16:36:21 INFO   [geoserver.flow] - Request completed, running requests: 1, blocked requests: 0
03 Mar 16:36:21 INFO   [geoserver.flow] - releasing flow controllers for [WMS 1.3.0 GetMap]
03 Mar 16:36:21 INFO   [geoserver.flow] - Request completed, running requests: 0, blocked requests: 0
03 Mar 16:36:23 INFO   [geoserver.wms] - 
Request: getServiceInfo
03 Mar 16:36:23 INFO   [geoserver.wms] - 
Request: getServiceInfo
03 Mar 16:36:23 INFO   [geoserver.flow] - Request [WMS 1.3.0 GetMap] starting, processing through flow controllers
03 Mar 16:36:23 INFO   [geoserver.flow] - Request control-flow performed, running requests: 1, blocked requests: 1
03 Mar 16:36:23 INFO   [geoserver.wms] - 
Request: getServiceInfo
03 Mar 16:36:23 INFO   [geoserver.flow] - Request [WMS 1.3.0 GetMap] starting, processing through flow controllers
03 Mar 16:36:23 INFO   [geoserver.flow] - Request control-flow performed, running requests: 2, blocked requests: 0
03 Mar 16:36:23 ERROR  [geoserver.ows] - 
org.geoserver.platform.ServiceException: Could not find layer gis:poi
	at org.geoserver.wms.map.GetMapKvpRequestReader.parseLayers(GetMapKvpRequestReader.java:1546)
	at org.geoserver.wms.map.GetMapKvpRequestReader.read(GetMapKvpRequestReader.java:361)
	at org.geoserver.wms.map.GetMapKvpRequestReader.read(GetMapKvpRequestReader.java:107)
	at org.geoserver.ows.Dispatcher.parseRequestKVP(Dispatcher.java:1509)
	at org.geoserver.ows.Dispatcher.dispatch(Dispatcher.java:682)
	at org.geoserver.ows.Dispatcher.handleRequestInternal(Dispatcher.java:258)
	at org.springframework.web.servlet.mvc.AbstractController.handleRequest(AbstractController.java:177)
	at org.springframework.web.servlet.mvc.SimpleControllerHandlerAdapter.handle(SimpleControllerHandlerAdapter.java:51)
	at org.springframework.web.servlet.DispatcherServlet.doDispatch(DispatcherServlet.java:1072)
	at org.springframework.web.servlet.DispatcherServlet.doService(DispatcherServlet.java:965)
	at org.springframework.web.servlet.FrameworkServlet.processRequest(FrameworkServlet.java:1006)
	at org.springframework.web.servlet.FrameworkServlet.doGet(FrameworkServlet.java:898)
	at javax.servlet.http.HttpServlet.service(HttpServlet.java:502)
	at org.springframework.web.servlet.FrameworkServlet.service(FrameworkServlet.java:883)
	at javax.servlet.http.HttpServlet.service(HttpServlet.java:596)
	at org.apache.catalina.core.ApplicationFilterChain.internalDoFilter(ApplicationFilterChain.java:209)
	at org.apache.catalina.core.ApplicationFilterChain.doFilter(ApplicationFilterChain.java:153)
	at org.apache.tomcat.websocket.server.WsFilter.doFilter(WsFilter.java:53)
	at org.apache.catalina.core.ApplicationFilterChain.internalDoFilter(ApplicationFilterChain.java:178)
	at org.apache.catalina.core.ApplicationFilterChain.doFilter(ApplicationFilterChain.java:153)
	at org.apache.catalina.filters.CorsFilter.handleNonCORS(CorsFilter.java:328)
	at org.apache.catalina.filters.CorsFilter.doFilter(CorsFilter.java:158)
	at org.apache.catalina.core.ApplicationFilterChain.internalDoFilter(ApplicationFilterChain.java:178)
	at org.apache.catalina.core.ApplicationFilterChain.doFilter(ApplicationFilterChain.java:153)
	at org.apache.catalina.filters.HttpHeaderSecurityFilter.doFilter(HttpHeaderSecurityFilter.java:126)
	at org.apache.catalina.core.ApplicationFilterChain.internalDoFilter(ApplicationFilterChain.java:178)
	at org.apache.catalina.core.ApplicationFilterChain.doFilter(ApplicationFilterChain.java:153)
	at org.geoserver.filters.ThreadLocalsCleanupFilter.doFilter(ThreadLocalsCleanupFilter.java:28)
	at org.apache.catalina.core.ApplicationFilterChain.internalDoFilter(ApplicationFilterChain.java:178)
	at org.apache.catalina.core.ApplicationFilterChain.doFilter(ApplicationFilterChain.java:153)
	at org.geoserver.filters.SpringDelegatingFilter$Chain.doFilter(SpringDelegatingFilter.java:73)
	at org.geoserver.monitor.MonitorFilter.doFilter(MonitorFilter.java:159)
	at org.geoserver.filters.SpringDelegatingFilter$Chain.doFilter(SpringDelegatingFilter.java:70)
	at org.geoserver.ows.HTTPHeadersCollector.doFilter(HTTPHeadersCollector.java:48)
	at org.geoserver.filters.SpringDelegatingFilter$Chain.doFilter(SpringDelegatingFilter.java:70)
	at org.geoserver.filters.HTTPMethodFilter.doFilter(HTTPMethodFilter.java:36)
	at org.geoserver.filters.SpringDelegatingFilter$Chain.doFilter(SpringDelegatingFilter.java:70)
	at org.geoserver.filters.LoggingFilter.doFilter(LoggingFilter.java:194)
	at org.geoserver.filters.SpringDelegatingFilter$Chain.doFilter(SpringDelegatingFilter.java:70)
	at org.geoserver.flow.controller.IpBlacklistFilter.doFilter(IpBlacklistFilter.java:89)
	at org.geoserver.filters.SpringDelegatingFilter$Chain.doFilter(SpringDelegatingFilter.java:70)
	at org.geoserver.filters.SpringDelegatingFilter.doFilter(SpringDelegatingFilter.java:43)
	at org.apache.catalina.core.ApplicationFilterChain.internalDoFilter(ApplicationFilterChain.java:178)
	at org.apache.catalina.core.ApplicationFilterChain.doFilter(ApplicationFilterChain.java:153)
	at org.geoserver.platform.AdvancedDispatchFilter.doFilter(AdvancedDispatchFilter.java:39)
	at org.apache.catalina.core.ApplicationFilterChain.internalDoFilter(ApplicationFilterChain.java:178)
	at org.apache.catalina.core.ApplicationFilterChain.doFilter(ApplicationFilterChain.java:153)
	at org.springframework.security.web.FilterChainProxy$VirtualFilterChain.doFilter(FilterChainProxy.java:337)
	at org.geoserver.security.filter.GeoServerCompositeFilter$NestedFilterChain.doFilter(GeoServerCompositeFilter.java:71)
	at org.springframework.security.web.access.intercept.FilterSecurityInterceptor.invoke(FilterSecurityInterceptor.java:115)
	at org.springframework.security.web.access.intercept.FilterSecurityInterceptor.doFilter(FilterSecurityInterceptor.java:81)
	at org.geoserver.security.filter.GeoServerCompositeFilter$NestedFilterChain.doFilter(GeoServerCompositeFilter.java:75)
	at org.geoserver.security.filter.GeoServerCompositeFilter.doFilter(GeoServerCompositeFilter.java:92)
	at org.springframework.security.web.FilterChainProxy$VirtualFilterChain.doFilter(FilterChainProxy.java:346)
	at org.geoserver.security.filter.GeoServerCompositeFilter$NestedFilterChain.doFilter(GeoServerCompositeFilter.java:71)
	at org.springframework.security.web.access.ExceptionTranslationFilter.doFilter(ExceptionTranslationFilter.java:122)
	at org.springframework.security.web.access.ExceptionTranslationFilter.doFilter(ExceptionTranslationFilter.java:116)
	at org.geoserver.security.filter.GeoServerCompositeFilter$NestedFilterChain.doFilter(GeoServerCompositeFilter.java:75)
	at org.geoserver.security.filter.GeoServerCompositeFilter.doFilter(GeoServerCompositeFilter.java:92)
	at org.springframework.security.web.FilterChainProxy$VirtualFilterChain.doFilter(FilterChainProxy.java:346)
	at org.geoserver.security.filter.GeoServerAnonymousAuthenticationFilter.doFilter(GeoServerAnonymousAuthenticationFilter.java:53)
	at org.springframework.security.web.FilterChainProxy$VirtualFilterChain.doFilter(FilterChainProxy.java:346)
	at org.geoserver.security.filter.GeoServerCompositeFilter$NestedFilterChain.doFilter(GeoServerCompositeFilter.java:71)
	at org.springframework.security.web.authentication.www.BasicAuthenticationFilter.doFilterInternal(BasicAuthenticationFilter.java:164)
	at org.springframework.web.filter.OncePerRequestFilter.doFilter(OncePerRequestFilter.java:117)
	at org.geoserver.security.filter.GeoServerCompositeFilter$NestedFilterChain.doFilter(GeoServerCompositeFilter.java:75)
	at org.geoserver.security.filter.GeoServerCompositeFilter.doFilter(GeoServerCompositeFilter.java:92)
	at org.geoserver.security.filter.GeoServerBasicAuthenticationFilter.doFilter(GeoServerBasicAuthenticationFilter.java:81)
	at org.springframework.security.web.FilterChainProxy$VirtualFilterChain.doFilter(FilterChainProxy.java:346)
	at org.geoserver.security.filter.GeoServerCompositeFilter$NestedFilterChain.doFilter(GeoServerCompositeFilter.java:71)
	at org.geoserver.security.filter.GeoServerSecurityContextPersistenceFilter$1.doFilterInternal(GeoServerSecurityContextPersistenceFilter.java:72)
	at org.springframework.web.filter.OncePerRequestFilter.doFilter(OncePerRequestFilter.java:117)
	at org.geoserver.security.filter.GeoServerCompositeFilter$NestedFilterChain.doFilter(GeoServerCompositeFilter.java:75)
	at org.geoserver.security.filter.GeoServerCompositeFilter.doFilter(GeoServerCompositeFilter.java:92)
	at org.springframework.security.web.FilterChainProxy$VirtualFilterChain.doFilter(FilterChainProxy.java:346)
	at org.springframework.security.web.FilterChainProxy.doFilterInternal(FilterChainProxy.java:221)
	at org.springframework.security.web.FilterChainProxy.doFilter(FilterChainProxy.java:186)
	at org.geoserver.security.GeoServerSecurityFilterChainProxy.doFilter(GeoServerSecurityFilterChainProxy.java:142)
	at org.springframework.web.filter.DelegatingFilterProxy.invokeDelegate(DelegatingFilterProxy.java:354)
	at org.springframework.web.filter.DelegatingFilterProxy.doFilter(DelegatingFilterProxy.java:267)
	at org.apache.catalina.core.ApplicationFilterChain.internalDoFilter(ApplicationFilterChain.java:178)
	at org.apache.catalina.core.ApplicationFilterChain.doFilter(ApplicationFilterChain.java:153)
	at org.geoserver.filters.XFrameOptionsFilter.doFilter(XFrameOptionsFilter.java:100)
	at org.apache.catalina.core.ApplicationFilterChain.internalDoFilter(ApplicationFilterChain.java:178)
	at org.apache.catalina.core.ApplicationFilterChain.doFilter(ApplicationFilterChain.java:153)
	at org.geoserver.filters.GZIPFilter.doFilter(GZIPFilter.java:48)
	at org.apache.catalina.core.ApplicationFilterChain.internalDoFilter(ApplicationFilterChain.java:178)
	at org.apache.catalina.core.ApplicationFilterChain.doFilter(ApplicationFilterChain.java:153)
	at org.geoserver.filters.SessionDebugFilter.doFilter(SessionDebugFilter.java:49)
	at org.apache.catalina.core.ApplicationFilterChain.internalDoFilter(ApplicationFilterChain.java:178)
	at org.apache.catalina.core.ApplicationFilterChain.doFilter(ApplicationFilterChain.java:153)
	at org.geoserver.filters.FlushSafeFilter.doFilter(FlushSafeFilter.java:42)
	at org.apache.catalina.core.ApplicationFilterChain.internalDoFilter(ApplicationFilterChain.java:178)
	at org.apache.catalina.core.ApplicationFilterChain.doFilter(ApplicationFilterChain.java:153)
	at org.springframework.web.filter.CharacterEncodingFilter.doFilterInternal(CharacterEncodingFilter.java:201)
	at org.springframework.web.filter.OncePerRequestFilter.doFilter(OncePerRequestFilter.java:117)
	at org.apache.catalina.core.ApplicationFilterChain.internalDoFilter(ApplicationFilterChain.java:178)
	at org.apache.catalina.core.ApplicationFilterChain.doFilter(ApplicationFilterChain.java:153)
	at org.apache.catalina.core.StandardWrapperValve.invoke(StandardWrapperValve.java:167)
	at org.apache.catalina.core.StandardContextValve.invoke(StandardContextValve.java:90)
	at org.apache.catalina.authenticator.AuthenticatorBase.invoke(AuthenticatorBase.java:492)
	at org.apache.catalina.core.StandardHostValve.invoke(StandardHostValve.java:130)
	at org.apache.catalina.valves.ErrorReportValve.invoke(ErrorReportValve.java:93)
	at org.apache.catalina.valves.AbstractAccessLogValve.invoke(AbstractAccessLogValve.java:673)
	at org.apache.catalina.core.StandardEngineValve.invoke(StandardEngineValve.java:74)
	at org.apache.catalina.connector.CoyoteAdapter.service(CoyoteAdapter.java:343)
	at org.apache.coyote.http11.Http11Processor.service(Http11Processor.java:389)
	at org.apache.coyote.AbstractProcessorLight.process(AbstractProcessorLight.java:63)
	at org.apache.coyote.AbstractProtocol$ConnectionHandler.process(AbstractProtocol.java:926)
	at org.apache.tomcat.util.net.NioEndpoint$SocketProcessor.doRun(NioEndpoint.java:1791)
	at org.apache.tomcat.util.net.SocketProcessorBase.run(SocketProcessorBase.java:49)
	at org.apache.tomcat.util.threads.ThreadPoolExecutor.runWorker(ThreadPoolExecutor.java:1191)
	at org.apache.tomcat.util.threads.ThreadPoolExecutor$Worker.run(ThreadPoolExecutor.java:659)
	at org.apache.tomcat.util.threads.TaskThread$WrappingRunnable.run(TaskThread.java:61)
	at java.base/java.lang.Thread.run(Thread.java:829)
03 Mar 16:36:23 INFO   [geoserver.wms] - 
Request: getMap
	Angle = 0.0
	BaseUrl = http://localhost:8080/geoserver/
	Bbox = SRSEnvelope[5481146.074361689 : 5490280.299241768, 7092685.268873819 : 7097214.162799715]
	BgColor = java.awt.Color[r=255,g=255,b=255]
	Buffer = 0
	Clip = null
	CQLFilter = null
	Crs = PROJCS["WGS 84 / Pseudo-Mercator", 
  GEOGCS["WGS 84", 
    DATUM["World Geodetic System 1984", 
      SPHEROID["WGS 84", 6378137.0, 298.257223563, AUTHORITY["EPSG","7030"]], 
      AUTHORITY["EPSG","6326"]], 
    PRIMEM["Greenwich", 0.0, AUTHORITY["EPSG","8901"]], 
    UNIT["degree", 0.017453292519943295], 
    AXIS["Geodetic latitude", NORTH], 
    AXIS["Geodetic longitude", EAST], 
    AUTHORITY["EPSG","4326"]], 
  PROJECTION["Popular Visualisation Pseudo Mercator", AUTHORITY["EPSG","1024"]], 
  PARAMETER["semi_minor", 6378137.0], 
  PARAMETER["latitude_of_origin", 0.0], 
  PARAMETER["central_meridian", 0.0], 
  PARAMETER["scale_factor", 1.0], 
  PARAMETER["false_easting", 0.0], 
  PARAMETER["false_northing", 0.0], 
  UNIT["m", 1.0], 
  AXIS["Easting", EAST], 
  AXIS["Northing", NORTH], 
  AUTHORITY["EPSG","3857"]]
	Elevation = []
	Env = {}
	Exceptions = SE_XML
	FeatureId = null
	FeatureVersion = null
	Filter = null
	Format = image/png
	FormatOptions = {}
	Get = true
	Height = 948
	Interpolations = []
	Layers = [org.geoserver.wms.MapLayerInfo@c8d248ce]
	MaxFeatures = null
	Palette = null
	RawKvp = {TILED=true, REQUEST=GetMap, FORMAT=image/png, CRS=EPSG:3857, BBOX=5481146.074361689,7092685.268873819,5490280.299241768,7097214.162799715, VERSION=1.3.0, STYLES=, SERVICE=WMS, WIDTH=1912, HEIGHT=948, TRANSPARENT=TRUE, LAYERS=gis:roads}
	RemoteOwsType = null
	RemoteOwsURL = null
	Request = GetMap
	RequestCharset = UTF-8
	ScaleMethod = null
	Sld = null
	SldBody = null
	SldVersion = null
	SortBy = null
	SortByArrays = null
	SRS = urn:ogc:def:crs:EPSG::3857
	StartIndex = null
	StyleBody = null
	StyleFormat = sld
	Styles = [StyleImpl[ name=line]]
	StyleUrl = null
	StyleVersion = null
	Tiled = true
	TilesOrigin = null
	Time = []
	Transparent = true
	ValidateSchema = false
	Version = 1.3.0
	ViewParams = null
	Width = 1912
03 Mar 16:36:23 INFO   [geoserver.wms] - 
Request: getMap
	Angle = 0.0
	BaseUrl = http://localhost:8080/geoserver/
	Bbox = SRSEnvelope[5481146.074361689 : 5490280.299241768, 7092685.268873819 : 7097214.162799715]
	BgColor = java.awt.Color[r=255,g=255,b=255]
	Buffer = 0
	Clip = null
	CQLFilter = null
	Crs = PROJCS["WGS 84 / Pseudo-Mercator", 
  GEOGCS["WGS 84", 
    DATUM["World Geodetic System 1984", 
      SPHEROID["WGS 84", 6378137.0, 298.257223563, AUTHORITY["EPSG","7030"]], 
      AUTHORITY["EPSG","6326"]], 
    PRIMEM["Greenwich", 0.0, AUTHORITY["EPSG","8901"]], 
    UNIT["degree", 0.017453292519943295], 
    AXIS["Geodetic latitude", NORTH], 
    AXIS["Geodetic longitude", EAST], 
    AUTHORITY["EPSG","4326"]], 
  PROJECTION["Popular Visualisation Pseudo Mercator", AUTHORITY["EPSG","1024"]], 
  PARAMETER["semi_minor", 6378137.0], 
  PARAMETER["latitude_of_origin", 0.0], 
  PARAMETER["central_meridian", 0.0], 
  PARAMETER["scale_factor", 1.0], 
  PARAMETER["false_easting", 0.0], 
  PARAMETER["false_northing", 0.0], 
  UNIT["m", 1.0], 
  AXIS["Easting", EAST], 
  AXIS["Northing", NORTH], 
  AUTHORITY["EPSG","3857"]]
	Elevation = []
	Env = {}
	Exceptions = SE_XML
	FeatureId = null
	FeatureVersion = null
	Filter = null
	Format = image/png
	FormatOptions = {}
	Get = true
	Height = 948
	Interpolations = []
	Layers = [org.geoserver.wms.MapLayerInfo@e4804762]
	MaxFeatures = null
	Palette = null
	RawKvp = {TILED=true, REQUEST=GetMap, FORMAT=image/png, CRS=EPSG:3857, BBOX=5481146.074361689,7092685.268873819,5490280.299241768,7097214.162799715, VERSION=1.3.0, STYLES=, SERVICE=WMS, WIDTH=1912, HEIGHT=948, TRANSPARENT=TRUE, LAYERS=gis:buildings}
	RemoteOwsType = null
	RemoteOwsURL = null
	Request = GetMap
	RequestCharset = UTF-8
	ScaleMethod = null
	Sld = null
	SldBody = null
	SldVersion = null
	SortBy = null
	SortByArrays = null
	SRS = urn:ogc:def:crs:EPSG::3857
	StartIndex = null
	StyleBody = null
	StyleFormat = sld
	Styles = [StyleImpl[ name=polygon]]
	StyleUrl = null
	StyleVersion = null
	Tiled = true
	TilesOrigin = null
	Time = []
	Transparent = true
	ValidateSchema = false
	Version = 1.3.0
	ViewParams = null
	Width = 1912
03 Mar 16:36:23 INFO   [geoserver.flow] - releasing flow controllers for [WMS 1.3.0 GetMap]
03 Mar 16:36:23 INFO   [geoserver.flow] - Request completed, running requests: 1, blocked requests: 0
03 Mar 16:36:23 INFO   [geoserver.flow] - releasing flow controllers for [WMS 1.3.0 GetMap]
03 Mar 16:36:23 INFO   [geoserver.flow] - Request completed, running requests: 0, blocked requests: 0
03 Mar 16:36:25 INFO   [geoserver.wms] - 
Request: getServiceInfo
03 Mar 16:36:25 INFO   [geoserver.wms] - 
Request: getServiceInfo
03 Mar 16:36:25 INFO   [geoserver.wms] - 
Request: getServiceInfo
03 Mar 16:36:25 INFO   [geoserver.flow] - Request [WMS 1.3.0 GetMap] starting, processing through flow controllers
03 Mar 16:36:25 INFO   [geoserver.flow] - Request control-flow performed, running requests: 1, blocked requests: 1
03 Mar 16:36:25 ERROR  [geoserver.ows] - 
org.geoserver.platform.ServiceException: Could not find layer gis:poi
	at org.geoserver.wms.map.GetMapKvpRequestReader.parseLayers(GetMapKvpRequestReader.java:1546)
	at org.geoserver.wms.map.GetMapKvpRequestReader.read(GetMapKvpRequestReader.java:361)
	at org.geoserver.wms.map.GetMapKvpRequestReader.read(GetMapKvpRequestReader.java:107)
	at org.geoserver.ows.Dispatcher.parseRequestKVP(Dispatcher.java:1509)
	at org.geoserver.ows.Dispatcher.dispatch(Dispatcher.java:682)
	at org.geoserver.ows.Dispatcher.handleRequestInternal(Dispatcher.java:258)
	at org.springframework.web.servlet.mvc.AbstractController.handleRequest(AbstractController.java:177)
	at org.springframework.web.servlet.mvc.SimpleControllerHandlerAdapter.handle(SimpleControllerHandlerAdapter.java:51)
	at org.springframework.web.servlet.DispatcherServlet.doDispatch(DispatcherServlet.java:1072)
	at org.springframework.web.servlet.DispatcherServlet.doService(DispatcherServlet.java:965)
	at org.springframework.web.servlet.FrameworkServlet.processRequest(FrameworkServlet.java:1006)
	at org.springframework.web.servlet.FrameworkServlet.doGet(FrameworkServlet.java:898)
	at javax.servlet.http.HttpServlet.service(HttpServlet.java:502)
	at org.springframework.web.servlet.FrameworkServlet.service(FrameworkServlet.java:883)
	at javax.servlet.http.HttpServlet.service(HttpServlet.java:596)
	at org.apache.catalina.core.ApplicationFilterChain.internalDoFilter(ApplicationFilterChain.java:209)
	at org.apache.catalina.core.ApplicationFilterChain.doFilter(ApplicationFilterChain.java:153)
	at org.apache.tomcat.websocket.server.WsFilter.doFilter(WsFilter.java:53)
	at org.apache.catalina.core.ApplicationFilterChain.internalDoFilter(ApplicationFilterChain.java:178)
	at org.apache.catalina.core.ApplicationFilterChain.doFilter(ApplicationFilterChain.java:153)
	at org.apache.catalina.filters.CorsFilter.handleNonCORS(CorsFilter.java:328)
	at org.apache.catalina.filters.CorsFilter.doFilter(CorsFilter.java:158)
	at org.apache.catalina.core.ApplicationFilterChain.internalDoFilter(ApplicationFilterChain.java:178)
	at org.apache.catalina.core.ApplicationFilterChain.doFilter(ApplicationFilterChain.java:153)
	at org.apache.catalina.filters.HttpHeaderSecurityFilter.doFilter(HttpHeaderSecurityFilter.java:126)
	at org.apache.catalina.core.ApplicationFilterChain.internalDoFilter(ApplicationFilterChain.java:178)
	at org.apache.catalina.core.ApplicationFilterChain.doFilter(ApplicationFilterChain.java:153)
	at org.geoserver.filters.ThreadLocalsCleanupFilter.doFilter(ThreadLocalsCleanupFilter.java:28)
	at org.apache.catalina.core.ApplicationFilterChain.internalDoFilter(ApplicationFilterChain.java:178)
	at org.apache.catalina.core.ApplicationFilterChain.doFilter(ApplicationFilterChain.java:153)
	at org.geoserver.filters.SpringDelegatingFilter$Chain.doFilter(SpringDelegatingFilter.java:73)
	at org.geoserver.monitor.MonitorFilter.doFilter(MonitorFilter.java:159)
	at org.geoserver.filters.SpringDelegatingFilter$Chain.doFilter(SpringDelegatingFilter.java:70)
	at org.geoserver.ows.HTTPHeadersCollector.doFilter(HTTPHeadersCollector.java:48)
	at org.geoserver.filters.SpringDelegatingFilter$Chain.doFilter(SpringDelegatingFilter.java:70)
	at org.geoserver.filters.HTTPMethodFilter.doFilter(HTTPMethodFilter.java:36)
	at org.geoserver.filters.SpringDelegatingFilter$Chain.doFilter(SpringDelegatingFilter.java:70)
	at org.geoserver.filters.LoggingFilter.doFilter(LoggingFilter.java:194)
	at org.geoserver.filters.SpringDelegatingFilter$Chain.doFilter(SpringDelegatingFilter.java:70)
	at org.geoserver.flow.controller.IpBlacklistFilter.doFilter(IpBlacklistFilter.java:89)
	at org.geoserver.filters.SpringDelegatingFilter$Chain.doFilter(SpringDelegatingFilter.java:70)
	at org.geoserver.filters.SpringDelegatingFilter.doFilter(SpringDelegatingFilter.java:43)
	at org.apache.catalina.core.ApplicationFilterChain.internalDoFilter(ApplicationFilterChain.java:178)
	at org.apache.catalina.core.ApplicationFilterChain.doFilter(ApplicationFilterChain.java:153)
	at org.geoserver.platform.AdvancedDispatchFilter.doFilter(AdvancedDispatchFilter.java:39)
	at org.apache.catalina.core.ApplicationFilterChain.internalDoFilter(ApplicationFilterChain.java:178)
	at org.apache.catalina.core.ApplicationFilterChain.doFilter(ApplicationFilterChain.java:153)
	at org.springframework.security.web.FilterChainProxy$VirtualFilterChain.doFilter(FilterChainProxy.java:337)
	at org.geoserver.security.filter.GeoServerCompositeFilter$NestedFilterChain.doFilter(GeoServerCompositeFilter.java:71)
	at org.springframework.security.web.access.intercept.FilterSecurityInterceptor.invoke(FilterSecurityInterceptor.java:115)
	at org.springframework.security.web.access.intercept.FilterSecurityInterceptor.doFilter(FilterSecurityInterceptor.java:81)
	at org.geoserver.security.filter.GeoServerCompositeFilter$NestedFilterChain.doFilter(GeoServerCompositeFilter.java:75)
	at org.geoserver.security.filter.GeoServerCompositeFilter.doFilter(GeoServerCompositeFilter.java:92)
	at org.springframework.security.web.FilterChainProxy$VirtualFilterChain.doFilter(FilterChainProxy.java:346)
	at org.geoserver.security.filter.GeoServerCompositeFilter$NestedFilterChain.doFilter(GeoServerCompositeFilter.java:71)
	at org.springframework.security.web.access.ExceptionTranslationFilter.doFilter(ExceptionTranslationFilter.java:122)
	at org.springframework.security.web.access.ExceptionTranslationFilter.doFilter(ExceptionTranslationFilter.java:116)
	at org.geoserver.security.filter.GeoServerCompositeFilter$NestedFilterChain.doFilter(GeoServerCompositeFilter.java:75)
	at org.geoserver.security.filter.GeoServerCompositeFilter.doFilter(GeoServerCompositeFilter.java:92)
	at org.springframework.security.web.FilterChainProxy$VirtualFilterChain.doFilter(FilterChainProxy.java:346)
	at org.geoserver.security.filter.GeoServerAnonymousAuthenticationFilter.doFilter(GeoServerAnonymousAuthenticationFilter.java:53)
	at org.springframework.security.web.FilterChainProxy$VirtualFilterChain.doFilter(FilterChainProxy.java:346)
	at org.geoserver.security.filter.GeoServerCompositeFilter$NestedFilterChain.doFilter(GeoServerCompositeFilter.java:71)
	at org.springframework.security.web.authentication.www.BasicAuthenticationFilter.doFilterInternal(BasicAuthenticationFilter.java:164)
	at org.springframework.web.filter.OncePerRequestFilter.doFilter(OncePerRequestFilter.java:117)
	at org.geoserver.security.filter.GeoServerCompositeFilter$NestedFilterChain.doFilter(GeoServerCompositeFilter.java:75)
	at org.geoserver.security.filter.GeoServerCompositeFilter.doFilter(GeoServerCompositeFilter.java:92)
	at org.geoserver.security.filter.GeoServerBasicAuthenticationFilter.doFilter(GeoServerBasicAuthenticationFilter.java:81)
	at org.springframework.security.web.FilterChainProxy$VirtualFilterChain.doFilter(FilterChainProxy.java:346)
	at org.geoserver.security.filter.GeoServerCompositeFilter$NestedFilterChain.doFilter(GeoServerCompositeFilter.java:71)
	at org.geoserver.security.filter.GeoServerSecurityContextPersistenceFilter$1.doFilterInternal(GeoServerSecurityContextPersistenceFilter.java:72)
	at org.springframework.web.filter.OncePerRequestFilter.doFilter(OncePerRequestFilter.java:117)
	at org.geoserver.security.filter.GeoServerCompositeFilter$NestedFilterChain.doFilter(GeoServerCompositeFilter.java:75)
	at org.geoserver.security.filter.GeoServerCompositeFilter.doFilter(GeoServerCompositeFilter.java:92)
	at org.springframework.security.web.FilterChainProxy$VirtualFilterChain.doFilter(FilterChainProxy.java:346)
	at org.springframework.security.web.FilterChainProxy.doFilterInternal(FilterChainProxy.java:221)
	at org.springframework.security.web.FilterChainProxy.doFilter(FilterChainProxy.java:186)
	at org.geoserver.security.GeoServerSecurityFilterChainProxy.doFilter(GeoServerSecurityFilterChainProxy.java:142)
	at org.springframework.web.filter.DelegatingFilterProxy.invokeDelegate(DelegatingFilterProxy.java:354)
	at org.springframework.web.filter.DelegatingFilterProxy.doFilter(DelegatingFilterProxy.java:267)
	at org.apache.catalina.core.ApplicationFilterChain.internalDoFilter(ApplicationFilterChain.java:178)
	at org.apache.catalina.core.ApplicationFilterChain.doFilter(ApplicationFilterChain.java:153)
	at org.geoserver.filters.XFrameOptionsFilter.doFilter(XFrameOptionsFilter.java:100)
	at org.apache.catalina.core.ApplicationFilterChain.internalDoFilter(ApplicationFilterChain.java:178)
	at org.apache.catalina.core.ApplicationFilterChain.doFilter(ApplicationFilterChain.java:153)
	at org.geoserver.filters.GZIPFilter.doFilter(GZIPFilter.java:48)
	at org.apache.catalina.core.ApplicationFilterChain.internalDoFilter(ApplicationFilterChain.java:178)
	at org.apache.catalina.core.ApplicationFilterChain.doFilter(ApplicationFilterChain.java:153)
	at org.geoserver.filters.SessionDebugFilter.doFilter(SessionDebugFilter.java:49)
	at org.apache.catalina.core.ApplicationFilterChain.internalDoFilter(ApplicationFilterChain.java:178)
	at org.apache.catalina.core.ApplicationFilterChain.doFilter(ApplicationFilterChain.java:153)
	at org.geoserver.filters.FlushSafeFilter.doFilter(FlushSafeFilter.java:42)
	at org.apache.catalina.core.ApplicationFilterChain.internalDoFilter(ApplicationFilterChain.java:178)
	at org.apache.catalina.core.ApplicationFilterChain.doFilter(ApplicationFilterChain.java:153)
	at org.springframework.web.filter.CharacterEncodingFilter.doFilterInternal(CharacterEncodingFilter.java:201)
	at org.springframework.web.filter.OncePerRequestFilter.doFilter(OncePerRequestFilter.java:117)
	at org.apache.catalina.core.ApplicationFilterChain.internalDoFilter(ApplicationFilterChain.java:178)
	at org.apache.catalina.core.ApplicationFilterChain.doFilter(ApplicationFilterChain.java:153)
	at org.apache.catalina.core.StandardWrapperValve.invoke(StandardWrapperValve.java:167)
	at org.apache.catalina.core.StandardContextValve.invoke(StandardContextValve.java:90)
	at org.apache.catalina.authenticator.AuthenticatorBase.invoke(AuthenticatorBase.java:492)
	at org.apache.catalina.core.StandardHostValve.invoke(StandardHostValve.java:130)
	at org.apache.catalina.valves.ErrorReportValve.invoke(ErrorReportValve.java:93)
	at org.apache.catalina.valves.AbstractAccessLogValve.invoke(AbstractAccessLogValve.java:673)
	at org.apache.catalina.core.StandardEngineValve.invoke(StandardEngineValve.java:74)
	at org.apache.catalina.connector.CoyoteAdapter.service(CoyoteAdapter.java:343)
	at org.apache.coyote.http11.Http11Processor.service(Http11Processor.java:389)
	at org.apache.coyote.AbstractProcessorLight.process(AbstractProcessorLight.java:63)
	at org.apache.coyote.AbstractProtocol$ConnectionHandler.process(AbstractProtocol.java:926)
	at org.apache.tomcat.util.net.NioEndpoint$SocketProcessor.doRun(NioEndpoint.java:1791)
	at org.apache.tomcat.util.net.SocketProcessorBase.run(SocketProcessorBase.java:49)
	at org.apache.tomcat.util.threads.ThreadPoolExecutor.runWorker(ThreadPoolExecutor.java:1191)
	at org.apache.tomcat.util.threads.ThreadPoolExecutor$Worker.run(ThreadPoolExecutor.java:659)
	at org.apache.tomcat.util.threads.TaskThread$WrappingRunnable.run(TaskThread.java:61)
	at java.base/java.lang.Thread.run(Thread.java:829)
03 Mar 16:36:25 INFO   [geoserver.flow] - Request [WMS 1.3.0 GetMap] starting, processing through flow controllers
03 Mar 16:36:25 INFO   [geoserver.flow] - Request control-flow performed, running requests: 2, blocked requests: 0
03 Mar 16:36:25 INFO   [geoserver.wms] - 
Request: getMap
	Angle = 0.0
	BaseUrl = http://localhost:8080/geoserver/
	Bbox = SRSEnvelope[5481146.074361689 : 5490280.299241768, 7092685.268873819 : 7097214.162799715]
	BgColor = java.awt.Color[r=255,g=255,b=255]
	Buffer = 0
	Clip = null
	CQLFilter = null
	Crs = PROJCS["WGS 84 / Pseudo-Mercator", 
  GEOGCS["WGS 84", 
    DATUM["World Geodetic System 1984", 
      SPHEROID["WGS 84", 6378137.0, 298.257223563, AUTHORITY["EPSG","7030"]], 
      AUTHORITY["EPSG","6326"]], 
    PRIMEM["Greenwich", 0.0, AUTHORITY["EPSG","8901"]], 
    UNIT["degree", 0.017453292519943295], 
    AXIS["Geodetic latitude", NORTH], 
    AXIS["Geodetic longitude", EAST], 
    AUTHORITY["EPSG","4326"]], 
  PROJECTION["Popular Visualisation Pseudo Mercator", AUTHORITY["EPSG","1024"]], 
  PARAMETER["semi_minor", 6378137.0], 
  PARAMETER["latitude_of_origin", 0.0], 
  PARAMETER["central_meridian", 0.0], 
  PARAMETER["scale_factor", 1.0], 
  PARAMETER["false_easting", 0.0], 
  PARAMETER["false_northing", 0.0], 
  UNIT["m", 1.0], 
  AXIS["Easting", EAST], 
  AXIS["Northing", NORTH], 
  AUTHORITY["EPSG","3857"]]
	Elevation = []
	Env = {}
	Exceptions = SE_XML
	FeatureId = null
	FeatureVersion = null
	Filter = null
	Format = image/png
	FormatOptions = {}
	Get = true
	Height = 948
	Interpolations = []
	Layers = [org.geoserver.wms.MapLayerInfo@e4804762]
	MaxFeatures = null
	Palette = null
	RawKvp = {TILED=true, REQUEST=GetMap, FORMAT=image/png, CRS=EPSG:3857, BBOX=5481146.074361689,7092685.268873819,5490280.299241768,7097214.162799715, VERSION=1.3.0, STYLES=, SERVICE=WMS, WIDTH=1912, HEIGHT=948, TRANSPARENT=TRUE, LAYERS=gis:buildings}
	RemoteOwsType = null
	RemoteOwsURL = null
	Request = GetMap
	RequestCharset = UTF-8
	ScaleMethod = null
	Sld = null
	SldBody = null
	SldVersion = null
	SortBy = null
	SortByArrays = null
	SRS = urn:ogc:def:crs:EPSG::3857
	StartIndex = null
	StyleBody = null
	StyleFormat = sld
	Styles = [StyleImpl[ name=polygon]]
	StyleUrl = null
	StyleVersion = null
	Tiled = true
	TilesOrigin = null
	Time = []
	Transparent = true
	ValidateSchema = false
	Version = 1.3.0
	ViewParams = null
	Width = 1912
03 Mar 16:36:25 INFO   [geoserver.wms] - 
Request: getMap
	Angle = 0.0
	BaseUrl = http://localhost:8080/geoserver/
	Bbox = SRSEnvelope[5481146.074361689 : 5490280.299241768, 7092685.268873819 : 7097214.162799715]
	BgColor = java.awt.Color[r=255,g=255,b=255]
	Buffer = 0
	Clip = null
	CQLFilter = null
	Crs = PROJCS["WGS 84 / Pseudo-Mercator", 
  GEOGCS["WGS 84", 
    DATUM["World Geodetic System 1984", 
      SPHEROID["WGS 84", 6378137.0, 298.257223563, AUTHORITY["EPSG","7030"]], 
      AUTHORITY["EPSG","6326"]], 
    PRIMEM["Greenwich", 0.0, AUTHORITY["EPSG","8901"]], 
    UNIT["degree", 0.017453292519943295], 
    AXIS["Geodetic latitude", NORTH], 
    AXIS["Geodetic longitude", EAST], 
    AUTHORITY["EPSG","4326"]], 
  PROJECTION["Popular Visualisation Pseudo Mercator", AUTHORITY["EPSG","1024"]], 
  PARAMETER["semi_minor", 6378137.0], 
  PARAMETER["latitude_of_origin", 0.0], 
  PARAMETER["central_meridian", 0.0], 
  PARAMETER["scale_factor", 1.0], 
  PARAMETER["false_easting", 0.0], 
  PARAMETER["false_northing", 0.0], 
  UNIT["m", 1.0], 
  AXIS["Easting", EAST], 
  AXIS["Northing", NORTH], 
  AUTHORITY["EPSG","3857"]]
	Elevation = []
	Env = {}
	Exceptions = SE_XML
	FeatureId = null
	FeatureVersion = null
	Filter = null
	Format = image/png
	FormatOptions = {}
	Get = true
	Height = 948
	Interpolations = []
	Layers = [org.geoserver.wms.MapLayerInfo@c8d248ce]
	MaxFeatures = null
	Palette = null
	RawKvp = {TILED=true, REQUEST=GetMap, FORMAT=image/png, CRS=EPSG:3857, BBOX=5481146.074361689,7092685.268873819,5490280.299241768,7097214.162799715, VERSION=1.3.0, STYLES=, SERVICE=WMS, WIDTH=1912, HEIGHT=948, TRANSPARENT=TRUE, LAYERS=gis:roads}
	RemoteOwsType = null
	RemoteOwsURL = null
	Request = GetMap
	RequestCharset = UTF-8
	ScaleMethod = null
	Sld = null
	SldBody = null
	SldVersion = null
	SortBy = null
	SortByArrays = null
	SRS = urn:ogc:def:crs:EPSG::3857
	StartIndex = null
	StyleBody = null
	StyleFormat = sld
	Styles = [StyleImpl[ name=line]]
	StyleUrl = null
	StyleVersion = null
	Tiled = true
	TilesOrigin = null
	Time = []
	Transparent = true
	ValidateSchema = false
	Version = 1.3.0
	ViewParams = null
	Width = 1912
03 Mar 16:36:25 INFO   [geoserver.flow] - releasing flow controllers for [WMS 1.3.0 GetMap]
03 Mar 16:36:25 INFO   [geoserver.flow] - Request completed, running requests: 1, blocked requests: 0
03 Mar 16:36:25 INFO   [geoserver.flow] - releasing flow controllers for [WMS 1.3.0 GetMap]
03 Mar 16:36:25 INFO   [geoserver.flow] - Request completed, running requests: 0, blocked requests: 0
03 Mar 16:36:28 INFO   [geoserver.wms] - 
Request: getServiceInfo
03 Mar 16:36:28 INFO   [geoserver.wms] - 
Request: getServiceInfo
03 Mar 16:36:28 INFO   [geoserver.flow] - Request [WMS 1.3.0 GetMap] starting, processing through flow controllers
03 Mar 16:36:28 INFO   [geoserver.wms] - 
Request: getServiceInfo
03 Mar 16:36:28 ERROR  [geoserver.ows] - 
org.geoserver.platform.ServiceException: Could not find layer gis:poi
	at org.geoserver.wms.map.GetMapKvpRequestReader.parseLayers(GetMapKvpRequestReader.java:1546)
	at org.geoserver.wms.map.GetMapKvpRequestReader.read(GetMapKvpRequestReader.java:361)
	at org.geoserver.wms.map.GetMapKvpRequestReader.read(GetMapKvpRequestReader.java:107)
	at org.geoserver.ows.Dispatcher.parseRequestKVP(Dispatcher.java:1509)
	at org.geoserver.ows.Dispatcher.dispatch(Dispatcher.java:682)
	at org.geoserver.ows.Dispatcher.handleRequestInternal(Dispatcher.java:258)
	at org.springframework.web.servlet.mvc.AbstractController.handleRequest(AbstractController.java:177)
	at org.springframework.web.servlet.mvc.SimpleControllerHandlerAdapter.handle(SimpleControllerHandlerAdapter.java:51)
	at org.springframework.web.servlet.DispatcherServlet.doDispatch(DispatcherServlet.java:1072)
	at org.springframework.web.servlet.DispatcherServlet.doService(DispatcherServlet.java:965)
	at org.springframework.web.servlet.FrameworkServlet.processRequest(FrameworkServlet.java:1006)
	at org.springframework.web.servlet.FrameworkServlet.doGet(FrameworkServlet.java:898)
	at javax.servlet.http.HttpServlet.service(HttpServlet.java:502)
	at org.springframework.web.servlet.FrameworkServlet.service(FrameworkServlet.java:883)
	at javax.servlet.http.HttpServlet.service(HttpServlet.java:596)
	at org.apache.catalina.core.ApplicationFilterChain.internalDoFilter(ApplicationFilterChain.java:209)
	at org.apache.catalina.core.ApplicationFilterChain.doFilter(ApplicationFilterChain.java:153)
	at org.apache.tomcat.websocket.server.WsFilter.doFilter(WsFilter.java:53)
	at org.apache.catalina.core.ApplicationFilterChain.internalDoFilter(ApplicationFilterChain.java:178)
	at org.apache.catalina.core.ApplicationFilterChain.doFilter(ApplicationFilterChain.java:153)
	at org.apache.catalina.filters.CorsFilter.handleNonCORS(CorsFilter.java:328)
	at org.apache.catalina.filters.CorsFilter.doFilter(CorsFilter.java:158)
	at org.apache.catalina.core.ApplicationFilterChain.internalDoFilter(ApplicationFilterChain.java:178)
	at org.apache.catalina.core.ApplicationFilterChain.doFilter(ApplicationFilterChain.java:153)
	at org.apache.catalina.filters.HttpHeaderSecurityFilter.doFilter(HttpHeaderSecurityFilter.java:126)
	at org.apache.catalina.core.ApplicationFilterChain.internalDoFilter(ApplicationFilterChain.java:178)
	at org.apache.catalina.core.ApplicationFilterChain.doFilter(ApplicationFilterChain.java:153)
	at org.geoserver.filters.ThreadLocalsCleanupFilter.doFilter(ThreadLocalsCleanupFilter.java:28)
	at org.apache.catalina.core.ApplicationFilterChain.internalDoFilter(ApplicationFilterChain.java:178)
	at org.apache.catalina.core.ApplicationFilterChain.doFilter(ApplicationFilterChain.java:153)
	at org.geoserver.filters.SpringDelegatingFilter$Chain.doFilter(SpringDelegatingFilter.java:73)
	at org.geoserver.monitor.MonitorFilter.doFilter(MonitorFilter.java:159)
	at org.geoserver.filters.SpringDelegatingFilter$Chain.doFilter(SpringDelegatingFilter.java:70)
	at org.geoserver.ows.HTTPHeadersCollector.doFilter(HTTPHeadersCollector.java:48)
	at org.geoserver.filters.SpringDelegatingFilter$Chain.doFilter(SpringDelegatingFilter.java:70)
	at org.geoserver.filters.HTTPMethodFilter.doFilter(HTTPMethodFilter.java:36)
	at org.geoserver.filters.SpringDelegatingFilter$Chain.doFilter(SpringDelegatingFilter.java:70)
	at org.geoserver.filters.LoggingFilter.doFilter(LoggingFilter.java:194)
	at org.geoserver.filters.SpringDelegatingFilter$Chain.doFilter(SpringDelegatingFilter.java:70)
	at org.geoserver.flow.controller.IpBlacklistFilter.doFilter(IpBlacklistFilter.java:89)
	at org.geoserver.filters.SpringDelegatingFilter$Chain.doFilter(SpringDelegatingFilter.java:70)
	at org.geoserver.filters.SpringDelegatingFilter.doFilter(SpringDelegatingFilter.java:43)
	at org.apache.catalina.core.ApplicationFilterChain.internalDoFilter(ApplicationFilterChain.java:178)
	at org.apache.catalina.core.ApplicationFilterChain.doFilter(ApplicationFilterChain.java:153)
	at org.geoserver.platform.AdvancedDispatchFilter.doFilter(AdvancedDispatchFilter.java:39)
	at org.apache.catalina.core.ApplicationFilterChain.internalDoFilter(ApplicationFilterChain.java:178)
	at org.apache.catalina.core.ApplicationFilterChain.doFilter(ApplicationFilterChain.java:153)
	at org.springframework.security.web.FilterChainProxy$VirtualFilterChain.doFilter(FilterChainProxy.java:337)
	at org.geoserver.security.filter.GeoServerCompositeFilter$NestedFilterChain.doFilter(GeoServerCompositeFilter.java:71)
	at org.springframework.security.web.access.intercept.FilterSecurityInterceptor.invoke(FilterSecurityInterceptor.java:115)
	at org.springframework.security.web.access.intercept.FilterSecurityInterceptor.doFilter(FilterSecurityInterceptor.java:81)
	at org.geoserver.security.filter.GeoServerCompositeFilter$NestedFilterChain.doFilter(GeoServerCompositeFilter.java:75)
	at org.geoserver.security.filter.GeoServerCompositeFilter.doFilter(GeoServerCompositeFilter.java:92)
	at org.springframework.security.web.FilterChainProxy$VirtualFilterChain.doFilter(FilterChainProxy.java:346)
	at org.geoserver.security.filter.GeoServerCompositeFilter$NestedFilterChain.doFilter(GeoServerCompositeFilter.java:71)
	at org.springframework.security.web.access.ExceptionTranslationFilter.doFilter(ExceptionTranslationFilter.java:122)
	at org.springframework.security.web.access.ExceptionTranslationFilter.doFilter(ExceptionTranslationFilter.java:116)
	at org.geoserver.security.filter.GeoServerCompositeFilter$NestedFilterChain.doFilter(GeoServerCompositeFilter.java:75)
	at org.geoserver.security.filter.GeoServerCompositeFilter.doFilter(GeoServerCompositeFilter.java:92)
	at org.springframework.security.web.FilterChainProxy$VirtualFilterChain.doFilter(FilterChainProxy.java:346)
	at org.geoserver.security.filter.GeoServerAnonymousAuthenticationFilter.doFilter(GeoServerAnonymousAuthenticationFilter.java:53)
	at org.springframework.security.web.FilterChainProxy$VirtualFilterChain.doFilter(FilterChainProxy.java:346)
	at org.geoserver.security.filter.GeoServerCompositeFilter$NestedFilterChain.doFilter(GeoServerCompositeFilter.java:71)
	at org.springframework.security.web.authentication.www.BasicAuthenticationFilter.doFilterInternal(BasicAuthenticationFilter.java:164)
	at org.springframework.web.filter.OncePerRequestFilter.doFilter(OncePerRequestFilter.java:117)
	at org.geoserver.security.filter.GeoServerCompositeFilter$NestedFilterChain.doFilter(GeoServerCompositeFilter.java:75)
	at org.geoserver.security.filter.GeoServerCompositeFilter.doFilter(GeoServerCompositeFilter.java:92)
	at org.geoserver.security.filter.GeoServerBasicAuthenticationFilter.doFilter(GeoServerBasicAuthenticationFilter.java:81)
	at org.springframework.security.web.FilterChainProxy$VirtualFilterChain.doFilter(FilterChainProxy.java:346)
	at org.geoserver.security.filter.GeoServerCompositeFilter$NestedFilterChain.doFilter(GeoServerCompositeFilter.java:71)
	at org.geoserver.security.filter.GeoServerSecurityContextPersistenceFilter$1.doFilterInternal(GeoServerSecurityContextPersistenceFilter.java:72)
	at org.springframework.web.filter.OncePerRequestFilter.doFilter(OncePerRequestFilter.java:117)
	at org.geoserver.security.filter.GeoServerCompositeFilter$NestedFilterChain.doFilter(GeoServerCompositeFilter.java:75)
	at org.geoserver.security.filter.GeoServerCompositeFilter.doFilter(GeoServerCompositeFilter.java:92)
	at org.springframework.security.web.FilterChainProxy$VirtualFilterChain.doFilter(FilterChainProxy.java:346)
	at org.springframework.security.web.FilterChainProxy.doFilterInternal(FilterChainProxy.java:221)
	at org.springframework.security.web.FilterChainProxy.doFilter(FilterChainProxy.java:186)
	at org.geoserver.security.GeoServerSecurityFilterChainProxy.doFilter(GeoServerSecurityFilterChainProxy.java:142)
	at org.springframework.web.filter.DelegatingFilterProxy.invokeDelegate(DelegatingFilterProxy.java:354)
	at org.springframework.web.filter.DelegatingFilterProxy.doFilter(DelegatingFilterProxy.java:267)
	at org.apache.catalina.core.ApplicationFilterChain.internalDoFilter(ApplicationFilterChain.java:178)
	at org.apache.catalina.core.ApplicationFilterChain.doFilter(ApplicationFilterChain.java:153)
	at org.geoserver.filters.XFrameOptionsFilter.doFilter(XFrameOptionsFilter.java:100)
	at org.apache.catalina.core.ApplicationFilterChain.internalDoFilter(ApplicationFilterChain.java:178)
	at org.apache.catalina.core.ApplicationFilterChain.doFilter(ApplicationFilterChain.java:153)
	at org.geoserver.filters.GZIPFilter.doFilter(GZIPFilter.java:48)
	at org.apache.catalina.core.ApplicationFilterChain.internalDoFilter(ApplicationFilterChain.java:178)
	at org.apache.catalina.core.ApplicationFilterChain.doFilter(ApplicationFilterChain.java:153)
	at org.geoserver.filters.SessionDebugFilter.doFilter(SessionDebugFilter.java:49)
	at org.apache.catalina.core.ApplicationFilterChain.internalDoFilter(ApplicationFilterChain.java:178)
	at org.apache.catalina.core.ApplicationFilterChain.doFilter(ApplicationFilterChain.java:153)
	at org.geoserver.filters.FlushSafeFilter.doFilter(FlushSafeFilter.java:42)
	at org.apache.catalina.core.ApplicationFilterChain.internalDoFilter(ApplicationFilterChain.java:178)
	at org.apache.catalina.core.ApplicationFilterChain.doFilter(ApplicationFilterChain.java:153)
	at org.springframework.web.filter.CharacterEncodingFilter.doFilterInternal(CharacterEncodingFilter.java:201)
	at org.springframework.web.filter.OncePerRequestFilter.doFilter(OncePerRequestFilter.java:117)
	at org.apache.catalina.core.ApplicationFilterChain.internalDoFilter(ApplicationFilterChain.java:178)
	at org.apache.catalina.core.ApplicationFilterChain.doFilter(ApplicationFilterChain.java:153)
	at org.apache.catalina.core.StandardWrapperValve.invoke(StandardWrapperValve.java:167)
	at org.apache.catalina.core.StandardContextValve.invoke(StandardContextValve.java:90)
	at org.apache.catalina.authenticator.AuthenticatorBase.invoke(AuthenticatorBase.java:492)
	at org.apache.catalina.core.StandardHostValve.invoke(StandardHostValve.java:130)
	at org.apache.catalina.valves.ErrorReportValve.invoke(ErrorReportValve.java:93)
	at org.apache.catalina.valves.AbstractAccessLogValve.invoke(AbstractAccessLogValve.java:673)
	at org.apache.catalina.core.StandardEngineValve.invoke(StandardEngineValve.java:74)
	at org.apache.catalina.connector.CoyoteAdapter.service(CoyoteAdapter.java:343)
	at org.apache.coyote.http11.Http11Processor.service(Http11Processor.java:389)
	at org.apache.coyote.AbstractProcessorLight.process(AbstractProcessorLight.java:63)
	at org.apache.coyote.AbstractProtocol$ConnectionHandler.process(AbstractProtocol.java:926)
	at org.apache.tomcat.util.net.NioEndpoint$SocketProcessor.doRun(NioEndpoint.java:1791)
	at org.apache.tomcat.util.net.SocketProcessorBase.run(SocketProcessorBase.java:49)
	at org.apache.tomcat.util.threads.ThreadPoolExecutor.runWorker(ThreadPoolExecutor.java:1191)
	at org.apache.tomcat.util.threads.ThreadPoolExecutor$Worker.run(ThreadPoolExecutor.java:659)
	at org.apache.tomcat.util.threads.TaskThread$WrappingRunnable.run(TaskThread.java:61)
	at java.base/java.lang.Thread.run(Thread.java:829)
03 Mar 16:36:28 INFO   [geoserver.flow] - Request control-flow performed, running requests: 1, blocked requests: 0
03 Mar 16:36:28 INFO   [geoserver.flow] - Request [WMS 1.3.0 GetMap] starting, processing through flow controllers
03 Mar 16:36:28 INFO   [geoserver.flow] - Request control-flow performed, running requests: 2, blocked requests: 0
03 Mar 16:36:29 INFO   [geoserver.wms] - 
Request: getMap
	Angle = 0.0
	BaseUrl = http://localhost:8080/geoserver/
	Bbox = SRSEnvelope[5481146.074361689 : 5490280.299241768, 7092685.268873819 : 7097214.162799715]
	BgColor = java.awt.Color[r=255,g=255,b=255]
	Buffer = 0
	Clip = null
	CQLFilter = null
	Crs = PROJCS["WGS 84 / Pseudo-Mercator", 
  GEOGCS["WGS 84", 
    DATUM["World Geodetic System 1984", 
      SPHEROID["WGS 84", 6378137.0, 298.257223563, AUTHORITY["EPSG","7030"]], 
      AUTHORITY["EPSG","6326"]], 
    PRIMEM["Greenwich", 0.0, AUTHORITY["EPSG","8901"]], 
    UNIT["degree", 0.017453292519943295], 
    AXIS["Geodetic latitude", NORTH], 
    AXIS["Geodetic longitude", EAST], 
    AUTHORITY["EPSG","4326"]], 
  PROJECTION["Popular Visualisation Pseudo Mercator", AUTHORITY["EPSG","1024"]], 
  PARAMETER["semi_minor", 6378137.0], 
  PARAMETER["latitude_of_origin", 0.0], 
  PARAMETER["central_meridian", 0.0], 
  PARAMETER["scale_factor", 1.0], 
  PARAMETER["false_easting", 0.0], 
  PARAMETER["false_northing", 0.0], 
  UNIT["m", 1.0], 
  AXIS["Easting", EAST], 
  AXIS["Northing", NORTH], 
  AUTHORITY["EPSG","3857"]]
	Elevation = []
	Env = {}
	Exceptions = SE_XML
	FeatureId = null
	FeatureVersion = null
	Filter = null
	Format = image/png
	FormatOptions = {}
	Get = true
	Height = 948
	Interpolations = []
	Layers = [org.geoserver.wms.MapLayerInfo@c8d248ce]
	MaxFeatures = null
	Palette = null
	RawKvp = {TILED=true, REQUEST=GetMap, FORMAT=image/png, CRS=EPSG:3857, BBOX=5481146.074361689,7092685.268873819,5490280.299241768,7097214.162799715, VERSION=1.3.0, STYLES=, SERVICE=WMS, WIDTH=1912, HEIGHT=948, TRANSPARENT=TRUE, LAYERS=gis:roads}
	RemoteOwsType = null
	RemoteOwsURL = null
	Request = GetMap
	RequestCharset = UTF-8
	ScaleMethod = null
	Sld = null
	SldBody = null
	SldVersion = null
	SortBy = null
	SortByArrays = null
	SRS = urn:ogc:def:crs:EPSG::3857
	StartIndex = null
	StyleBody = null
	StyleFormat = sld
	Styles = [StyleImpl[ name=line]]
	StyleUrl = null
	StyleVersion = null
	Tiled = true
	TilesOrigin = null
	Time = []
	Transparent = true
	ValidateSchema = false
	Version = 1.3.0
	ViewParams = null
	Width = 1912
03 Mar 16:36:29 INFO   [geoserver.wms] - 
Request: getMap
	Angle = 0.0
	BaseUrl = http://localhost:8080/geoserver/
	Bbox = SRSEnvelope[5481146.074361689 : 5490280.299241768, 7092685.268873819 : 7097214.162799715]
	BgColor = java.awt.Color[r=255,g=255,b=255]
	Buffer = 0
	Clip = null
	CQLFilter = null
	Crs = PROJCS["WGS 84 / Pseudo-Mercator", 
  GEOGCS["WGS 84", 
    DATUM["World Geodetic System 1984", 
      SPHEROID["WGS 84", 6378137.0, 298.257223563, AUTHORITY["EPSG","7030"]], 
      AUTHORITY["EPSG","6326"]], 
    PRIMEM["Greenwich", 0.0, AUTHORITY["EPSG","8901"]], 
    UNIT["degree", 0.017453292519943295], 
    AXIS["Geodetic latitude", NORTH], 
    AXIS["Geodetic longitude", EAST], 
    AUTHORITY["EPSG","4326"]], 
  PROJECTION["Popular Visualisation Pseudo Mercator", AUTHORITY["EPSG","1024"]], 
  PARAMETER["semi_minor", 6378137.0], 
  PARAMETER["latitude_of_origin", 0.0], 
  PARAMETER["central_meridian", 0.0], 
  PARAMETER["scale_factor", 1.0], 
  PARAMETER["false_easting", 0.0], 
  PARAMETER["false_northing", 0.0], 
  UNIT["m", 1.0], 
  AXIS["Easting", EAST], 
  AXIS["Northing", NORTH], 
  AUTHORITY["EPSG","3857"]]
	Elevation = []
	Env = {}
	Exceptions = SE_XML
	FeatureId = null
	FeatureVersion = null
	Filter = null
	Format = image/png
	FormatOptions = {}
	Get = true
	Height = 948
	Interpolations = []
	Layers = [org.geoserver.wms.MapLayerInfo@e4804762]
	MaxFeatures = null
	Palette = null
	RawKvp = {TILED=true, REQUEST=GetMap, FORMAT=image/png, CRS=EPSG:3857, BBOX=5481146.074361689,7092685.268873819,5490280.299241768,7097214.162799715, VERSION=1.3.0, STYLES=, SERVICE=WMS, WIDTH=1912, HEIGHT=948, TRANSPARENT=TRUE, LAYERS=gis:buildings}
	RemoteOwsType = null
	RemoteOwsURL = null
	Request = GetMap
	RequestCharset = UTF-8
	ScaleMethod = null
	Sld = null
	SldBody = null
	SldVersion = null
	SortBy = null
	SortByArrays = null
	SRS = urn:ogc:def:crs:EPSG::3857
	StartIndex = null
	StyleBody = null
	StyleFormat = sld
	Styles = [StyleImpl[ name=polygon]]
	StyleUrl = null
	StyleVersion = null
	Tiled = true
	TilesOrigin = null
	Time = []
	Transparent = true
	ValidateSchema = false
	Version = 1.3.0
	ViewParams = null
	Width = 1912
03 Mar 16:36:29 INFO   [geoserver.flow] - releasing flow controllers for [WMS 1.3.0 GetMap]
03 Mar 16:36:29 INFO   [geoserver.flow] - Request completed, running requests: 1, blocked requests: 0
03 Mar 16:36:29 INFO   [geoserver.flow] - releasing flow controllers for [WMS 1.3.0 GetMap]
03 Mar 16:36:29 INFO   [geoserver.flow] - Request completed, running requests: 0, blocked requests: 0
03 Mar 16:36:47 INFO   [geoserver.wms] - 
Request: getServiceInfo
03 Mar 16:36:47 INFO   [geoserver.wms] - 
Request: getServiceInfo
03 Mar 16:36:47 INFO   [geoserver.wms] - 
Request: getServiceInfo
03 Mar 16:36:47 INFO   [geoserver.flow] - Request [WMS 1.3.0 GetMap] starting, processing through flow controllers
03 Mar 16:36:47 INFO   [geoserver.flow] - Request [WMS 1.3.0 GetMap] starting, processing through flow controllers
03 Mar 16:36:47 INFO   [geoserver.flow] - Request control-flow performed, running requests: 1, blocked requests: 1
03 Mar 16:36:47 ERROR  [geoserver.ows] - 
org.geoserver.platform.ServiceException: Could not find layer gis:poi
	at org.geoserver.wms.map.GetMapKvpRequestReader.parseLayers(GetMapKvpRequestReader.java:1546)
	at org.geoserver.wms.map.GetMapKvpRequestReader.read(GetMapKvpRequestReader.java:361)
	at org.geoserver.wms.map.GetMapKvpRequestReader.read(GetMapKvpRequestReader.java:107)
	at org.geoserver.ows.Dispatcher.parseRequestKVP(Dispatcher.java:1509)
	at org.geoserver.ows.Dispatcher.dispatch(Dispatcher.java:682)
	at org.geoserver.ows.Dispatcher.handleRequestInternal(Dispatcher.java:258)
	at org.springframework.web.servlet.mvc.AbstractController.handleRequest(AbstractController.java:177)
	at org.springframework.web.servlet.mvc.SimpleControllerHandlerAdapter.handle(SimpleControllerHandlerAdapter.java:51)
	at org.springframework.web.servlet.DispatcherServlet.doDispatch(DispatcherServlet.java:1072)
	at org.springframework.web.servlet.DispatcherServlet.doService(DispatcherServlet.java:965)
	at org.springframework.web.servlet.FrameworkServlet.processRequest(FrameworkServlet.java:1006)
	at org.springframework.web.servlet.FrameworkServlet.doGet(FrameworkServlet.java:898)
	at javax.servlet.http.HttpServlet.service(HttpServlet.java:502)
	at org.springframework.web.servlet.FrameworkServlet.service(FrameworkServlet.java:883)
	at javax.servlet.http.HttpServlet.service(HttpServlet.java:596)
	at org.apache.catalina.core.ApplicationFilterChain.internalDoFilter(ApplicationFilterChain.java:209)
	at org.apache.catalina.core.ApplicationFilterChain.doFilter(ApplicationFilterChain.java:153)
	at org.apache.tomcat.websocket.server.WsFilter.doFilter(WsFilter.java:53)
	at org.apache.catalina.core.ApplicationFilterChain.internalDoFilter(ApplicationFilterChain.java:178)
	at org.apache.catalina.core.ApplicationFilterChain.doFilter(ApplicationFilterChain.java:153)
	at org.apache.catalina.filters.CorsFilter.handleNonCORS(CorsFilter.java:328)
	at org.apache.catalina.filters.CorsFilter.doFilter(CorsFilter.java:158)
	at org.apache.catalina.core.ApplicationFilterChain.internalDoFilter(ApplicationFilterChain.java:178)
	at org.apache.catalina.core.ApplicationFilterChain.doFilter(ApplicationFilterChain.java:153)
	at org.apache.catalina.filters.HttpHeaderSecurityFilter.doFilter(HttpHeaderSecurityFilter.java:126)
	at org.apache.catalina.core.ApplicationFilterChain.internalDoFilter(ApplicationFilterChain.java:178)
	at org.apache.catalina.core.ApplicationFilterChain.doFilter(ApplicationFilterChain.java:153)
	at org.geoserver.filters.ThreadLocalsCleanupFilter.doFilter(ThreadLocalsCleanupFilter.java:28)
	at org.apache.catalina.core.ApplicationFilterChain.internalDoFilter(ApplicationFilterChain.java:178)
	at org.apache.catalina.core.ApplicationFilterChain.doFilter(ApplicationFilterChain.java:153)
	at org.geoserver.filters.SpringDelegatingFilter$Chain.doFilter(SpringDelegatingFilter.java:73)
	at org.geoserver.monitor.MonitorFilter.doFilter(MonitorFilter.java:159)
	at org.geoserver.filters.SpringDelegatingFilter$Chain.doFilter(SpringDelegatingFilter.java:70)
	at org.geoserver.ows.HTTPHeadersCollector.doFilter(HTTPHeadersCollector.java:48)
	at org.geoserver.filters.SpringDelegatingFilter$Chain.doFilter(SpringDelegatingFilter.java:70)
	at org.geoserver.filters.HTTPMethodFilter.doFilter(HTTPMethodFilter.java:36)
	at org.geoserver.filters.SpringDelegatingFilter$Chain.doFilter(SpringDelegatingFilter.java:70)
	at org.geoserver.filters.LoggingFilter.doFilter(LoggingFilter.java:194)
	at org.geoserver.filters.SpringDelegatingFilter$Chain.doFilter(SpringDelegatingFilter.java:70)
	at org.geoserver.flow.controller.IpBlacklistFilter.doFilter(IpBlacklistFilter.java:89)
	at org.geoserver.filters.SpringDelegatingFilter$Chain.doFilter(SpringDelegatingFilter.java:70)
	at org.geoserver.filters.SpringDelegatingFilter.doFilter(SpringDelegatingFilter.java:43)
	at org.apache.catalina.core.ApplicationFilterChain.internalDoFilter(ApplicationFilterChain.java:178)
	at org.apache.catalina.core.ApplicationFilterChain.doFilter(ApplicationFilterChain.java:153)
	at org.geoserver.platform.AdvancedDispatchFilter.doFilter(AdvancedDispatchFilter.java:39)
	at org.apache.catalina.core.ApplicationFilterChain.internalDoFilter(ApplicationFilterChain.java:178)
	at org.apache.catalina.core.ApplicationFilterChain.doFilter(ApplicationFilterChain.java:153)
	at org.springframework.security.web.FilterChainProxy$VirtualFilterChain.doFilter(FilterChainProxy.java:337)
	at org.geoserver.security.filter.GeoServerCompositeFilter$NestedFilterChain.doFilter(GeoServerCompositeFilter.java:71)
	at org.springframework.security.web.access.intercept.FilterSecurityInterceptor.invoke(FilterSecurityInterceptor.java:115)
	at org.springframework.security.web.access.intercept.FilterSecurityInterceptor.doFilter(FilterSecurityInterceptor.java:81)
	at org.geoserver.security.filter.GeoServerCompositeFilter$NestedFilterChain.doFilter(GeoServerCompositeFilter.java:75)
	at org.geoserver.security.filter.GeoServerCompositeFilter.doFilter(GeoServerCompositeFilter.java:92)
	at org.springframework.security.web.FilterChainProxy$VirtualFilterChain.doFilter(FilterChainProxy.java:346)
	at org.geoserver.security.filter.GeoServerCompositeFilter$NestedFilterChain.doFilter(GeoServerCompositeFilter.java:71)
	at org.springframework.security.web.access.ExceptionTranslationFilter.doFilter(ExceptionTranslationFilter.java:122)
	at org.springframework.security.web.access.ExceptionTranslationFilter.doFilter(ExceptionTranslationFilter.java:116)
	at org.geoserver.security.filter.GeoServerCompositeFilter$NestedFilterChain.doFilter(GeoServerCompositeFilter.java:75)
	at org.geoserver.security.filter.GeoServerCompositeFilter.doFilter(GeoServerCompositeFilter.java:92)
	at org.springframework.security.web.FilterChainProxy$VirtualFilterChain.doFilter(FilterChainProxy.java:346)
	at org.geoserver.security.filter.GeoServerAnonymousAuthenticationFilter.doFilter(GeoServerAnonymousAuthenticationFilter.java:53)
	at org.springframework.security.web.FilterChainProxy$VirtualFilterChain.doFilter(FilterChainProxy.java:346)
	at org.geoserver.security.filter.GeoServerCompositeFilter$NestedFilterChain.doFilter(GeoServerCompositeFilter.java:71)
	at org.springframework.security.web.authentication.www.BasicAuthenticationFilter.doFilterInternal(BasicAuthenticationFilter.java:164)
	at org.springframework.web.filter.OncePerRequestFilter.doFilter(OncePerRequestFilter.java:117)
	at org.geoserver.security.filter.GeoServerCompositeFilter$NestedFilterChain.doFilter(GeoServerCompositeFilter.java:75)
	at org.geoserver.security.filter.GeoServerCompositeFilter.doFilter(GeoServerCompositeFilter.java:92)
	at org.geoserver.security.filter.GeoServerBasicAuthenticationFilter.doFilter(GeoServerBasicAuthenticationFilter.java:81)
	at org.springframework.security.web.FilterChainProxy$VirtualFilterChain.doFilter(FilterChainProxy.java:346)
	at org.geoserver.security.filter.GeoServerCompositeFilter$NestedFilterChain.doFilter(GeoServerCompositeFilter.java:71)
	at org.geoserver.security.filter.GeoServerSecurityContextPersistenceFilter$1.doFilterInternal(GeoServerSecurityContextPersistenceFilter.java:72)
	at org.springframework.web.filter.OncePerRequestFilter.doFilter(OncePerRequestFilter.java:117)
	at org.geoserver.security.filter.GeoServerCompositeFilter$NestedFilterChain.doFilter(GeoServerCompositeFilter.java:75)
	at org.geoserver.security.filter.GeoServerCompositeFilter.doFilter(GeoServerCompositeFilter.java:92)
	at org.springframework.security.web.FilterChainProxy$VirtualFilterChain.doFilter(FilterChainProxy.java:346)
	at org.springframework.security.web.FilterChainProxy.doFilterInternal(FilterChainProxy.java:221)
	at org.springframework.security.web.FilterChainProxy.doFilter(FilterChainProxy.java:186)
	at org.geoserver.security.GeoServerSecurityFilterChainProxy.doFilter(GeoServerSecurityFilterChainProxy.java:142)
	at org.springframework.web.filter.DelegatingFilterProxy.invokeDelegate(DelegatingFilterProxy.java:354)
	at org.springframework.web.filter.DelegatingFilterProxy.doFilter(DelegatingFilterProxy.java:267)
	at org.apache.catalina.core.ApplicationFilterChain.internalDoFilter(ApplicationFilterChain.java:178)
	at org.apache.catalina.core.ApplicationFilterChain.doFilter(ApplicationFilterChain.java:153)
	at org.geoserver.filters.XFrameOptionsFilter.doFilter(XFrameOptionsFilter.java:100)
	at org.apache.catalina.core.ApplicationFilterChain.internalDoFilter(ApplicationFilterChain.java:178)
	at org.apache.catalina.core.ApplicationFilterChain.doFilter(ApplicationFilterChain.java:153)
	at org.geoserver.filters.GZIPFilter.doFilter(GZIPFilter.java:48)
	at org.apache.catalina.core.ApplicationFilterChain.internalDoFilter(ApplicationFilterChain.java:178)
	at org.apache.catalina.core.ApplicationFilterChain.doFilter(ApplicationFilterChain.java:153)
	at org.geoserver.filters.SessionDebugFilter.doFilter(SessionDebugFilter.java:49)
	at org.apache.catalina.core.ApplicationFilterChain.internalDoFilter(ApplicationFilterChain.java:178)
	at org.apache.catalina.core.ApplicationFilterChain.doFilter(ApplicationFilterChain.java:153)
	at org.geoserver.filters.FlushSafeFilter.doFilter(FlushSafeFilter.java:42)
	at org.apache.catalina.core.ApplicationFilterChain.internalDoFilter(ApplicationFilterChain.java:178)
	at org.apache.catalina.core.ApplicationFilterChain.doFilter(ApplicationFilterChain.java:153)
	at org.springframework.web.filter.CharacterEncodingFilter.doFilterInternal(CharacterEncodingFilter.java:201)
	at org.springframework.web.filter.OncePerRequestFilter.doFilter(OncePerRequestFilter.java:117)
	at org.apache.catalina.core.ApplicationFilterChain.internalDoFilter(ApplicationFilterChain.java:178)
	at org.apache.catalina.core.ApplicationFilterChain.doFilter(ApplicationFilterChain.java:153)
	at org.apache.catalina.core.StandardWrapperValve.invoke(StandardWrapperValve.java:167)
	at org.apache.catalina.core.StandardContextValve.invoke(StandardContextValve.java:90)
	at org.apache.catalina.authenticator.AuthenticatorBase.invoke(AuthenticatorBase.java:492)
	at org.apache.catalina.core.StandardHostValve.invoke(StandardHostValve.java:130)
	at org.apache.catalina.valves.ErrorReportValve.invoke(ErrorReportValve.java:93)
	at org.apache.catalina.valves.AbstractAccessLogValve.invoke(AbstractAccessLogValve.java:673)
	at org.apache.catalina.core.StandardEngineValve.invoke(StandardEngineValve.java:74)
	at org.apache.catalina.connector.CoyoteAdapter.service(CoyoteAdapter.java:343)
	at org.apache.coyote.http11.Http11Processor.service(Http11Processor.java:389)
	at org.apache.coyote.AbstractProcessorLight.process(AbstractProcessorLight.java:63)
	at org.apache.coyote.AbstractProtocol$ConnectionHandler.process(AbstractProtocol.java:926)
	at org.apache.tomcat.util.net.NioEndpoint$SocketProcessor.doRun(NioEndpoint.java:1791)
	at org.apache.tomcat.util.net.SocketProcessorBase.run(SocketProcessorBase.java:49)
	at org.apache.tomcat.util.threads.ThreadPoolExecutor.runWorker(ThreadPoolExecutor.java:1191)
	at org.apache.tomcat.util.threads.ThreadPoolExecutor$Worker.run(ThreadPoolExecutor.java:659)
	at org.apache.tomcat.util.threads.TaskThread$WrappingRunnable.run(TaskThread.java:61)
	at java.base/java.lang.Thread.run(Thread.java:829)
03 Mar 16:36:47 INFO   [geoserver.flow] - Request control-flow performed, running requests: 2, blocked requests: 0
03 Mar 16:36:47 INFO   [geoserver.wms] - 
Request: getMap
	Angle = 0.0
	BaseUrl = http://localhost:8080/geoserver/
	Bbox = SRSEnvelope[5481146.074361689 : 5490280.299241768, 7092685.268873819 : 7097214.162799715]
	BgColor = java.awt.Color[r=255,g=255,b=255]
	Buffer = 0
	Clip = null
	CQLFilter = null
	Crs = PROJCS["WGS 84 / Pseudo-Mercator", 
  GEOGCS["WGS 84", 
    DATUM["World Geodetic System 1984", 
      SPHEROID["WGS 84", 6378137.0, 298.257223563, AUTHORITY["EPSG","7030"]], 
      AUTHORITY["EPSG","6326"]], 
    PRIMEM["Greenwich", 0.0, AUTHORITY["EPSG","8901"]], 
    UNIT["degree", 0.017453292519943295], 
    AXIS["Geodetic latitude", NORTH], 
    AXIS["Geodetic longitude", EAST], 
    AUTHORITY["EPSG","4326"]], 
  PROJECTION["Popular Visualisation Pseudo Mercator", AUTHORITY["EPSG","1024"]], 
  PARAMETER["semi_minor", 6378137.0], 
  PARAMETER["latitude_of_origin", 0.0], 
  PARAMETER["central_meridian", 0.0], 
  PARAMETER["scale_factor", 1.0], 
  PARAMETER["false_easting", 0.0], 
  PARAMETER["false_northing", 0.0], 
  UNIT["m", 1.0], 
  AXIS["Easting", EAST], 
  AXIS["Northing", NORTH], 
  AUTHORITY["EPSG","3857"]]
	Elevation = []
	Env = {}
	Exceptions = SE_XML
	FeatureId = null
	FeatureVersion = null
	Filter = null
	Format = image/png
	FormatOptions = {}
	Get = true
	Height = 948
	Interpolations = []
	Layers = [org.geoserver.wms.MapLayerInfo@c8d248ce]
	MaxFeatures = null
	Palette = null
	RawKvp = {TILED=true, REQUEST=GetMap, FORMAT=image/png, CRS=EPSG:3857, BBOX=5481146.074361689,7092685.268873819,5490280.299241768,7097214.162799715, VERSION=1.3.0, STYLES=, SERVICE=WMS, WIDTH=1912, HEIGHT=948, TRANSPARENT=TRUE, LAYERS=gis:roads}
	RemoteOwsType = null
	RemoteOwsURL = null
	Request = GetMap
	RequestCharset = UTF-8
	ScaleMethod = null
	Sld = null
	SldBody = null
	SldVersion = null
	SortBy = null
	SortByArrays = null
	SRS = urn:ogc:def:crs:EPSG::3857
	StartIndex = null
	StyleBody = null
	StyleFormat = sld
	Styles = [StyleImpl[ name=line]]
	StyleUrl = null
	StyleVersion = null
	Tiled = true
	TilesOrigin = null
	Time = []
	Transparent = true
	ValidateSchema = false
	Version = 1.3.0
	ViewParams = null
	Width = 1912
03 Mar 16:36:47 INFO   [geoserver.wms] - 
Request: getMap
	Angle = 0.0
	BaseUrl = http://localhost:8080/geoserver/
	Bbox = SRSEnvelope[5481146.074361689 : 5490280.299241768, 7092685.268873819 : 7097214.162799715]
	BgColor = java.awt.Color[r=255,g=255,b=255]
	Buffer = 0
	Clip = null
	CQLFilter = null
	Crs = PROJCS["WGS 84 / Pseudo-Mercator", 
  GEOGCS["WGS 84", 
    DATUM["World Geodetic System 1984", 
      SPHEROID["WGS 84", 6378137.0, 298.257223563, AUTHORITY["EPSG","7030"]], 
      AUTHORITY["EPSG","6326"]], 
    PRIMEM["Greenwich", 0.0, AUTHORITY["EPSG","8901"]], 
    UNIT["degree", 0.017453292519943295], 
    AXIS["Geodetic latitude", NORTH], 
    AXIS["Geodetic longitude", EAST], 
    AUTHORITY["EPSG","4326"]], 
  PROJECTION["Popular Visualisation Pseudo Mercator", AUTHORITY["EPSG","1024"]], 
  PARAMETER["semi_minor", 6378137.0], 
  PARAMETER["latitude_of_origin", 0.0], 
  PARAMETER["central_meridian", 0.0], 
  PARAMETER["scale_factor", 1.0], 
  PARAMETER["false_easting", 0.0], 
  PARAMETER["false_northing", 0.0], 
  UNIT["m", 1.0], 
  AXIS["Easting", EAST], 
  AXIS["Northing", NORTH], 
  AUTHORITY["EPSG","3857"]]
	Elevation = []
	Env = {}
	Exceptions = SE_XML
	FeatureId = null
	FeatureVersion = null
	Filter = null
	Format = image/png
	FormatOptions = {}
	Get = true
	Height = 948
	Interpolations = []
	Layers = [org.geoserver.wms.MapLayerInfo@e4804762]
	MaxFeatures = null
	Palette = null
	RawKvp = {TILED=true, REQUEST=GetMap, FORMAT=image/png, CRS=EPSG:3857, BBOX=5481146.074361689,7092685.268873819,5490280.299241768,7097214.162799715, VERSION=1.3.0, STYLES=, SERVICE=WMS, WIDTH=1912, HEIGHT=948, TRANSPARENT=TRUE, LAYERS=gis:buildings}
	RemoteOwsType = null
	RemoteOwsURL = null
	Request = GetMap
	RequestCharset = UTF-8
	ScaleMethod = null
	Sld = null
	SldBody = null
	SldVersion = null
	SortBy = null
	SortByArrays = null
	SRS = urn:ogc:def:crs:EPSG::3857
	StartIndex = null
	StyleBody = null
	StyleFormat = sld
	Styles = [StyleImpl[ name=polygon]]
	StyleUrl = null
	StyleVersion = null
	Tiled = true
	TilesOrigin = null
	Time = []
	Transparent = true
	ValidateSchema = false
	Version = 1.3.0
	ViewParams = null
	Width = 1912
03 Mar 16:36:47 INFO   [geoserver.flow] - releasing flow controllers for [WMS 1.3.0 GetMap]
03 Mar 16:36:47 INFO   [geoserver.flow] - Request completed, running requests: 1, blocked requests: 0
03 Mar 16:36:47 INFO   [geoserver.flow] - releasing flow controllers for [WMS 1.3.0 GetMap]
03 Mar 16:36:47 INFO   [geoserver.flow] - Request completed, running requests: 0, blocked requests: 0
03 Mar 16:36:48 INFO   [geoserver.wms] - 
Request: getServiceInfo
03 Mar 16:36:48 INFO   [geoserver.wms] - 
Request: getServiceInfo
03 Mar 16:36:48 ERROR  [geoserver.ows] - 
org.geoserver.platform.ServiceException: Could not find layer gis:poi
	at org.geoserver.wms.map.GetMapKvpRequestReader.parseLayers(GetMapKvpRequestReader.java:1546)
	at org.geoserver.wms.map.GetMapKvpRequestReader.read(GetMapKvpRequestReader.java:361)
	at org.geoserver.wms.map.GetMapKvpRequestReader.read(GetMapKvpRequestReader.java:107)
	at org.geoserver.ows.Dispatcher.parseRequestKVP(Dispatcher.java:1509)
	at org.geoserver.ows.Dispatcher.dispatch(Dispatcher.java:682)
	at org.geoserver.ows.Dispatcher.handleRequestInternal(Dispatcher.java:258)
	at org.springframework.web.servlet.mvc.AbstractController.handleRequest(AbstractController.java:177)
	at org.springframework.web.servlet.mvc.SimpleControllerHandlerAdapter.handle(SimpleControllerHandlerAdapter.java:51)
	at org.springframework.web.servlet.DispatcherServlet.doDispatch(DispatcherServlet.java:1072)
	at org.springframework.web.servlet.DispatcherServlet.doService(DispatcherServlet.java:965)
	at org.springframework.web.servlet.FrameworkServlet.processRequest(FrameworkServlet.java:1006)
	at org.springframework.web.servlet.FrameworkServlet.doGet(FrameworkServlet.java:898)
	at javax.servlet.http.HttpServlet.service(HttpServlet.java:502)
	at org.springframework.web.servlet.FrameworkServlet.service(FrameworkServlet.java:883)
	at javax.servlet.http.HttpServlet.service(HttpServlet.java:596)
	at org.apache.catalina.core.ApplicationFilterChain.internalDoFilter(ApplicationFilterChain.java:209)
	at org.apache.catalina.core.ApplicationFilterChain.doFilter(ApplicationFilterChain.java:153)
	at org.apache.tomcat.websocket.server.WsFilter.doFilter(WsFilter.java:53)
	at org.apache.catalina.core.ApplicationFilterChain.internalDoFilter(ApplicationFilterChain.java:178)
	at org.apache.catalina.core.ApplicationFilterChain.doFilter(ApplicationFilterChain.java:153)
	at org.apache.catalina.filters.CorsFilter.handleNonCORS(CorsFilter.java:328)
	at org.apache.catalina.filters.CorsFilter.doFilter(CorsFilter.java:158)
	at org.apache.catalina.core.ApplicationFilterChain.internalDoFilter(ApplicationFilterChain.java:178)
	at org.apache.catalina.core.ApplicationFilterChain.doFilter(ApplicationFilterChain.java:153)
	at org.apache.catalina.filters.HttpHeaderSecurityFilter.doFilter(HttpHeaderSecurityFilter.java:126)
	at org.apache.catalina.core.ApplicationFilterChain.internalDoFilter(ApplicationFilterChain.java:178)
	at org.apache.catalina.core.ApplicationFilterChain.doFilter(ApplicationFilterChain.java:153)
	at org.geoserver.filters.ThreadLocalsCleanupFilter.doFilter(ThreadLocalsCleanupFilter.java:28)
	at org.apache.catalina.core.ApplicationFilterChain.internalDoFilter(ApplicationFilterChain.java:178)
	at org.apache.catalina.core.ApplicationFilterChain.doFilter(ApplicationFilterChain.java:153)
	at org.geoserver.filters.SpringDelegatingFilter$Chain.doFilter(SpringDelegatingFilter.java:73)
	at org.geoserver.monitor.MonitorFilter.doFilter(MonitorFilter.java:159)
	at org.geoserver.filters.SpringDelegatingFilter$Chain.doFilter(SpringDelegatingFilter.java:70)
	at org.geoserver.ows.HTTPHeadersCollector.doFilter(HTTPHeadersCollector.java:48)
	at org.geoserver.filters.SpringDelegatingFilter$Chain.doFilter(SpringDelegatingFilter.java:70)
	at org.geoserver.filters.HTTPMethodFilter.doFilter(HTTPMethodFilter.java:36)
	at org.geoserver.filters.SpringDelegatingFilter$Chain.doFilter(SpringDelegatingFilter.java:70)
	at org.geoserver.filters.LoggingFilter.doFilter(LoggingFilter.java:194)
	at org.geoserver.filters.SpringDelegatingFilter$Chain.doFilter(SpringDelegatingFilter.java:70)
	at org.geoserver.flow.controller.IpBlacklistFilter.doFilter(IpBlacklistFilter.java:89)
	at org.geoserver.filters.SpringDelegatingFilter$Chain.doFilter(SpringDelegatingFilter.java:70)
	at org.geoserver.filters.SpringDelegatingFilter.doFilter(SpringDelegatingFilter.java:43)
	at org.apache.catalina.core.ApplicationFilterChain.internalDoFilter(ApplicationFilterChain.java:178)
	at org.apache.catalina.core.ApplicationFilterChain.doFilter(ApplicationFilterChain.java:153)
	at org.geoserver.platform.AdvancedDispatchFilter.doFilter(AdvancedDispatchFilter.java:39)
	at org.apache.catalina.core.ApplicationFilterChain.internalDoFilter(ApplicationFilterChain.java:178)
	at org.apache.catalina.core.ApplicationFilterChain.doFilter(ApplicationFilterChain.java:153)
	at org.springframework.security.web.FilterChainProxy$VirtualFilterChain.doFilter(FilterChainProxy.java:337)
	at org.geoserver.security.filter.GeoServerCompositeFilter$NestedFilterChain.doFilter(GeoServerCompositeFilter.java:71)
	at org.springframework.security.web.access.intercept.FilterSecurityInterceptor.invoke(FilterSecurityInterceptor.java:115)
	at org.springframework.security.web.access.intercept.FilterSecurityInterceptor.doFilter(FilterSecurityInterceptor.java:81)
	at org.geoserver.security.filter.GeoServerCompositeFilter$NestedFilterChain.doFilter(GeoServerCompositeFilter.java:75)
	at org.geoserver.security.filter.GeoServerCompositeFilter.doFilter(GeoServerCompositeFilter.java:92)
	at org.springframework.security.web.FilterChainProxy$VirtualFilterChain.doFilter(FilterChainProxy.java:346)
	at org.geoserver.security.filter.GeoServerCompositeFilter$NestedFilterChain.doFilter(GeoServerCompositeFilter.java:71)
	at org.springframework.security.web.access.ExceptionTranslationFilter.doFilter(ExceptionTranslationFilter.java:122)
	at org.springframework.security.web.access.ExceptionTranslationFilter.doFilter(ExceptionTranslationFilter.java:116)
	at org.geoserver.security.filter.GeoServerCompositeFilter$NestedFilterChain.doFilter(GeoServerCompositeFilter.java:75)
	at org.geoserver.security.filter.GeoServerCompositeFilter.doFilter(GeoServerCompositeFilter.java:92)
	at org.springframework.security.web.FilterChainProxy$VirtualFilterChain.doFilter(FilterChainProxy.java:346)
	at org.geoserver.security.filter.GeoServerAnonymousAuthenticationFilter.doFilter(GeoServerAnonymousAuthenticationFilter.java:53)
	at org.springframework.security.web.FilterChainProxy$VirtualFilterChain.doFilter(FilterChainProxy.java:346)
	at org.geoserver.security.filter.GeoServerCompositeFilter$NestedFilterChain.doFilter(GeoServerCompositeFilter.java:71)
	at org.springframework.security.web.authentication.www.BasicAuthenticationFilter.doFilterInternal(BasicAuthenticationFilter.java:164)
	at org.springframework.web.filter.OncePerRequestFilter.doFilter(OncePerRequestFilter.java:117)
	at org.geoserver.security.filter.GeoServerCompositeFilter$NestedFilterChain.doFilter(GeoServerCompositeFilter.java:75)
	at org.geoserver.security.filter.GeoServerCompositeFilter.doFilter(GeoServerCompositeFilter.java:92)
	at org.geoserver.security.filter.GeoServerBasicAuthenticationFilter.doFilter(GeoServerBasicAuthenticationFilter.java:81)
	at org.springframework.security.web.FilterChainProxy$VirtualFilterChain.doFilter(FilterChainProxy.java:346)
	at org.geoserver.security.filter.GeoServerCompositeFilter$NestedFilterChain.doFilter(GeoServerCompositeFilter.java:71)
	at org.geoserver.security.filter.GeoServerSecurityContextPersistenceFilter$1.doFilterInternal(GeoServerSecurityContextPersistenceFilter.java:72)
	at org.springframework.web.filter.OncePerRequestFilter.doFilter(OncePerRequestFilter.java:117)
	at org.geoserver.security.filter.GeoServerCompositeFilter$NestedFilterChain.doFilter(GeoServerCompositeFilter.java:75)
	at org.geoserver.security.filter.GeoServerCompositeFilter.doFilter(GeoServerCompositeFilter.java:92)
	at org.springframework.security.web.FilterChainProxy$VirtualFilterChain.doFilter(FilterChainProxy.java:346)
	at org.springframework.security.web.FilterChainProxy.doFilterInternal(FilterChainProxy.java:221)
	at org.springframework.security.web.FilterChainProxy.doFilter(FilterChainProxy.java:186)
	at org.geoserver.security.GeoServerSecurityFilterChainProxy.doFilter(GeoServerSecurityFilterChainProxy.java:142)
	at org.springframework.web.filter.DelegatingFilterProxy.invokeDelegate(DelegatingFilterProxy.java:354)
	at org.springframework.web.filter.DelegatingFilterProxy.doFilter(DelegatingFilterProxy.java:267)
	at org.apache.catalina.core.ApplicationFilterChain.internalDoFilter(ApplicationFilterChain.java:178)
	at org.apache.catalina.core.ApplicationFilterChain.doFilter(ApplicationFilterChain.java:153)
	at org.geoserver.filters.XFrameOptionsFilter.doFilter(XFrameOptionsFilter.java:100)
	at org.apache.catalina.core.ApplicationFilterChain.internalDoFilter(ApplicationFilterChain.java:178)
	at org.apache.catalina.core.ApplicationFilterChain.doFilter(ApplicationFilterChain.java:153)
	at org.geoserver.filters.GZIPFilter.doFilter(GZIPFilter.java:48)
	at org.apache.catalina.core.ApplicationFilterChain.internalDoFilter(ApplicationFilterChain.java:178)
	at org.apache.catalina.core.ApplicationFilterChain.doFilter(ApplicationFilterChain.java:153)
	at org.geoserver.filters.SessionDebugFilter.doFilter(SessionDebugFilter.java:49)
	at org.apache.catalina.core.ApplicationFilterChain.internalDoFilter(ApplicationFilterChain.java:178)
	at org.apache.catalina.core.ApplicationFilterChain.doFilter(ApplicationFilterChain.java:153)
	at org.geoserver.filters.FlushSafeFilter.doFilter(FlushSafeFilter.java:42)
	at org.apache.catalina.core.ApplicationFilterChain.internalDoFilter(ApplicationFilterChain.java:178)
	at org.apache.catalina.core.ApplicationFilterChain.doFilter(ApplicationFilterChain.java:153)
	at org.springframework.web.filter.CharacterEncodingFilter.doFilterInternal(CharacterEncodingFilter.java:201)
	at org.springframework.web.filter.OncePerRequestFilter.doFilter(OncePerRequestFilter.java:117)
	at org.apache.catalina.core.ApplicationFilterChain.internalDoFilter(ApplicationFilterChain.java:178)
	at org.apache.catalina.core.ApplicationFilterChain.doFilter(ApplicationFilterChain.java:153)
	at org.apache.catalina.core.StandardWrapperValve.invoke(StandardWrapperValve.java:167)
	at org.apache.catalina.core.StandardContextValve.invoke(StandardContextValve.java:90)
	at org.apache.catalina.authenticator.AuthenticatorBase.invoke(AuthenticatorBase.java:492)
	at org.apache.catalina.core.StandardHostValve.invoke(StandardHostValve.java:130)
	at org.apache.catalina.valves.ErrorReportValve.invoke(ErrorReportValve.java:93)
	at org.apache.catalina.valves.AbstractAccessLogValve.invoke(AbstractAccessLogValve.java:673)
	at org.apache.catalina.core.StandardEngineValve.invoke(StandardEngineValve.java:74)
	at org.apache.catalina.connector.CoyoteAdapter.service(CoyoteAdapter.java:343)
	at org.apache.coyote.http11.Http11Processor.service(Http11Processor.java:389)
	at org.apache.coyote.AbstractProcessorLight.process(AbstractProcessorLight.java:63)
	at org.apache.coyote.AbstractProtocol$ConnectionHandler.process(AbstractProtocol.java:926)
	at org.apache.tomcat.util.net.NioEndpoint$SocketProcessor.doRun(NioEndpoint.java:1791)
	at org.apache.tomcat.util.net.SocketProcessorBase.run(SocketProcessorBase.java:49)
	at org.apache.tomcat.util.threads.ThreadPoolExecutor.runWorker(ThreadPoolExecutor.java:1191)
	at org.apache.tomcat.util.threads.ThreadPoolExecutor$Worker.run(ThreadPoolExecutor.java:659)
	at org.apache.tomcat.util.threads.TaskThread$WrappingRunnable.run(TaskThread.java:61)
	at java.base/java.lang.Thread.run(Thread.java:829)
03 Mar 16:36:48 INFO   [geoserver.wms] - 
Request: getServiceInfo
03 Mar 16:36:48 INFO   [geoserver.flow] - Request [WMS 1.3.0 GetMap] starting, processing through flow controllers
03 Mar 16:36:48 INFO   [geoserver.flow] - Request [WMS 1.3.0 GetMap] starting, processing through flow controllers
03 Mar 16:36:49 INFO   [geoserver.flow] - Request control-flow performed, running requests: 1, blocked requests: 1
03 Mar 16:36:49 INFO   [geoserver.flow] - Request control-flow performed, running requests: 2, blocked requests: 0
03 Mar 16:36:49 INFO   [geoserver.wms] - 
Request: getMap
	Angle = 0.0
	BaseUrl = http://localhost:8080/geoserver/
	Bbox = SRSEnvelope[5483427.2419245755 : 5487994.354364614, 7093724.334727068 : 7095988.781690017]
	BgColor = java.awt.Color[r=255,g=255,b=255]
	Buffer = 0
	Clip = null
	CQLFilter = null
	Crs = PROJCS["WGS 84 / Pseudo-Mercator", 
  GEOGCS["WGS 84", 
    DATUM["World Geodetic System 1984", 
      SPHEROID["WGS 84", 6378137.0, 298.257223563, AUTHORITY["EPSG","7030"]], 
      AUTHORITY["EPSG","6326"]], 
    PRIMEM["Greenwich", 0.0, AUTHORITY["EPSG","8901"]], 
    UNIT["degree", 0.017453292519943295], 
    AXIS["Geodetic latitude", NORTH], 
    AXIS["Geodetic longitude", EAST], 
    AUTHORITY["EPSG","4326"]], 
  PROJECTION["Popular Visualisation Pseudo Mercator", AUTHORITY["EPSG","1024"]], 
  PARAMETER["semi_minor", 6378137.0], 
  PARAMETER["latitude_of_origin", 0.0], 
  PARAMETER["central_meridian", 0.0], 
  PARAMETER["scale_factor", 1.0], 
  PARAMETER["false_easting", 0.0], 
  PARAMETER["false_northing", 0.0], 
  UNIT["m", 1.0], 
  AXIS["Easting", EAST], 
  AXIS["Northing", NORTH], 
  AUTHORITY["EPSG","3857"]]
	Elevation = []
	Env = {}
	Exceptions = SE_XML
	FeatureId = null
	FeatureVersion = null
	Filter = null
	Format = image/png
	FormatOptions = {}
	Get = true
	Height = 948
	Interpolations = []
	Layers = [org.geoserver.wms.MapLayerInfo@e4804762]
	MaxFeatures = null
	Palette = null
	RawKvp = {TILED=true, REQUEST=GetMap, FORMAT=image/png, CRS=EPSG:3857, BBOX=5483427.2419245755,7093724.334727068,5487994.354364614,7095988.781690017, VERSION=1.3.0, STYLES=, SERVICE=WMS, WIDTH=1912, HEIGHT=948, TRANSPARENT=TRUE, LAYERS=gis:buildings}
	RemoteOwsType = null
	RemoteOwsURL = null
	Request = GetMap
	RequestCharset = UTF-8
	ScaleMethod = null
	Sld = null
	SldBody = null
	SldVersion = null
	SortBy = null
	SortByArrays = null
	SRS = urn:ogc:def:crs:EPSG::3857
	StartIndex = null
	StyleBody = null
	StyleFormat = sld
	Styles = [StyleImpl[ name=polygon]]
	StyleUrl = null
	StyleVersion = null
	Tiled = true
	TilesOrigin = null
	Time = []
	Transparent = true
	ValidateSchema = false
	Version = 1.3.0
	ViewParams = null
	Width = 1912
03 Mar 16:36:49 INFO   [geoserver.wms] - 
Request: getMap
	Angle = 0.0
	BaseUrl = http://localhost:8080/geoserver/
	Bbox = SRSEnvelope[5483427.2419245755 : 5487994.354364614, 7093724.334727068 : 7095988.781690017]
	BgColor = java.awt.Color[r=255,g=255,b=255]
	Buffer = 0
	Clip = null
	CQLFilter = null
	Crs = PROJCS["WGS 84 / Pseudo-Mercator", 
  GEOGCS["WGS 84", 
    DATUM["World Geodetic System 1984", 
      SPHEROID["WGS 84", 6378137.0, 298.257223563, AUTHORITY["EPSG","7030"]], 
      AUTHORITY["EPSG","6326"]], 
    PRIMEM["Greenwich", 0.0, AUTHORITY["EPSG","8901"]], 
    UNIT["degree", 0.017453292519943295], 
    AXIS["Geodetic latitude", NORTH], 
    AXIS["Geodetic longitude", EAST], 
    AUTHORITY["EPSG","4326"]], 
  PROJECTION["Popular Visualisation Pseudo Mercator", AUTHORITY["EPSG","1024"]], 
  PARAMETER["semi_minor", 6378137.0], 
  PARAMETER["latitude_of_origin", 0.0], 
  PARAMETER["central_meridian", 0.0], 
  PARAMETER["scale_factor", 1.0], 
  PARAMETER["false_easting", 0.0], 
  PARAMETER["false_northing", 0.0], 
  UNIT["m", 1.0], 
  AXIS["Easting", EAST], 
  AXIS["Northing", NORTH], 
  AUTHORITY["EPSG","3857"]]
	Elevation = []
	Env = {}
	Exceptions = SE_XML
	FeatureId = null
	FeatureVersion = null
	Filter = null
	Format = image/png
	FormatOptions = {}
	Get = true
	Height = 948
	Interpolations = []
	Layers = [org.geoserver.wms.MapLayerInfo@c8d248ce]
	MaxFeatures = null
	Palette = null
	RawKvp = {TILED=true, REQUEST=GetMap, FORMAT=image/png, CRS=EPSG:3857, BBOX=5483427.2419245755,7093724.334727068,5487994.354364614,7095988.781690017, VERSION=1.3.0, STYLES=, SERVICE=WMS, WIDTH=1912, HEIGHT=948, TRANSPARENT=TRUE, LAYERS=gis:roads}
	RemoteOwsType = null
	RemoteOwsURL = null
	Request = GetMap
	RequestCharset = UTF-8
	ScaleMethod = null
	Sld = null
	SldBody = null
	SldVersion = null
	SortBy = null
	SortByArrays = null
	SRS = urn:ogc:def:crs:EPSG::3857
	StartIndex = null
	StyleBody = null
	StyleFormat = sld
	Styles = [StyleImpl[ name=line]]
	StyleUrl = null
	StyleVersion = null
	Tiled = true
	TilesOrigin = null
	Time = []
	Transparent = true
	ValidateSchema = false
	Version = 1.3.0
	ViewParams = null
	Width = 1912
03 Mar 16:36:49 INFO   [geoserver.flow] - releasing flow controllers for [WMS 1.3.0 GetMap]
03 Mar 16:36:49 INFO   [geoserver.flow] - Request completed, running requests: 1, blocked requests: 0
03 Mar 16:36:49 INFO   [geoserver.flow] - releasing flow controllers for [WMS 1.3.0 GetMap]
03 Mar 16:36:49 INFO   [geoserver.flow] - Request completed, running requests: 0, blocked requests: 0
03 Mar 16:36:49 INFO   [geoserver.wms] - 
Request: getServiceInfo
03 Mar 16:36:49 INFO   [geoserver.wms] - 
Request: getServiceInfo
03 Mar 16:36:49 INFO   [geoserver.wms] - 
Request: getServiceInfo
03 Mar 16:36:49 INFO   [geoserver.flow] - Request [WMS 1.3.0 GetMap] starting, processing through flow controllers
03 Mar 16:36:49 INFO   [geoserver.flow] - Request [WMS 1.3.0 GetMap] starting, processing through flow controllers
03 Mar 16:36:49 INFO   [geoserver.flow] - Request control-flow performed, running requests: 1, blocked requests: 1
03 Mar 16:36:49 ERROR  [geoserver.ows] - 
org.geoserver.platform.ServiceException: Could not find layer gis:poi
	at org.geoserver.wms.map.GetMapKvpRequestReader.parseLayers(GetMapKvpRequestReader.java:1546)
	at org.geoserver.wms.map.GetMapKvpRequestReader.read(GetMapKvpRequestReader.java:361)
	at org.geoserver.wms.map.GetMapKvpRequestReader.read(GetMapKvpRequestReader.java:107)
	at org.geoserver.ows.Dispatcher.parseRequestKVP(Dispatcher.java:1509)
	at org.geoserver.ows.Dispatcher.dispatch(Dispatcher.java:682)
	at org.geoserver.ows.Dispatcher.handleRequestInternal(Dispatcher.java:258)
	at org.springframework.web.servlet.mvc.AbstractController.handleRequest(AbstractController.java:177)
	at org.springframework.web.servlet.mvc.SimpleControllerHandlerAdapter.handle(SimpleControllerHandlerAdapter.java:51)
	at org.springframework.web.servlet.DispatcherServlet.doDispatch(DispatcherServlet.java:1072)
	at org.springframework.web.servlet.DispatcherServlet.doService(DispatcherServlet.java:965)
	at org.springframework.web.servlet.FrameworkServlet.processRequest(FrameworkServlet.java:1006)
	at org.springframework.web.servlet.FrameworkServlet.doGet(FrameworkServlet.java:898)
	at javax.servlet.http.HttpServlet.service(HttpServlet.java:502)
	at org.springframework.web.servlet.FrameworkServlet.service(FrameworkServlet.java:883)
	at javax.servlet.http.HttpServlet.service(HttpServlet.java:596)
	at org.apache.catalina.core.ApplicationFilterChain.internalDoFilter(ApplicationFilterChain.java:209)
	at org.apache.catalina.core.ApplicationFilterChain.doFilter(ApplicationFilterChain.java:153)
	at org.apache.tomcat.websocket.server.WsFilter.doFilter(WsFilter.java:53)
	at org.apache.catalina.core.ApplicationFilterChain.internalDoFilter(ApplicationFilterChain.java:178)
	at org.apache.catalina.core.ApplicationFilterChain.doFilter(ApplicationFilterChain.java:153)
	at org.apache.catalina.filters.CorsFilter.handleNonCORS(CorsFilter.java:328)
	at org.apache.catalina.filters.CorsFilter.doFilter(CorsFilter.java:158)
	at org.apache.catalina.core.ApplicationFilterChain.internalDoFilter(ApplicationFilterChain.java:178)
	at org.apache.catalina.core.ApplicationFilterChain.doFilter(ApplicationFilterChain.java:153)
	at org.apache.catalina.filters.HttpHeaderSecurityFilter.doFilter(HttpHeaderSecurityFilter.java:126)
	at org.apache.catalina.core.ApplicationFilterChain.internalDoFilter(ApplicationFilterChain.java:178)
	at org.apache.catalina.core.ApplicationFilterChain.doFilter(ApplicationFilterChain.java:153)
	at org.geoserver.filters.ThreadLocalsCleanupFilter.doFilter(ThreadLocalsCleanupFilter.java:28)
	at org.apache.catalina.core.ApplicationFilterChain.internalDoFilter(ApplicationFilterChain.java:178)
	at org.apache.catalina.core.ApplicationFilterChain.doFilter(ApplicationFilterChain.java:153)
	at org.geoserver.filters.SpringDelegatingFilter$Chain.doFilter(SpringDelegatingFilter.java:73)
	at org.geoserver.monitor.MonitorFilter.doFilter(MonitorFilter.java:159)
	at org.geoserver.filters.SpringDelegatingFilter$Chain.doFilter(SpringDelegatingFilter.java:70)
	at org.geoserver.ows.HTTPHeadersCollector.doFilter(HTTPHeadersCollector.java:48)
	at org.geoserver.filters.SpringDelegatingFilter$Chain.doFilter(SpringDelegatingFilter.java:70)
	at org.geoserver.filters.HTTPMethodFilter.doFilter(HTTPMethodFilter.java:36)
	at org.geoserver.filters.SpringDelegatingFilter$Chain.doFilter(SpringDelegatingFilter.java:70)
	at org.geoserver.filters.LoggingFilter.doFilter(LoggingFilter.java:194)
	at org.geoserver.filters.SpringDelegatingFilter$Chain.doFilter(SpringDelegatingFilter.java:70)
	at org.geoserver.flow.controller.IpBlacklistFilter.doFilter(IpBlacklistFilter.java:89)
	at org.geoserver.filters.SpringDelegatingFilter$Chain.doFilter(SpringDelegatingFilter.java:70)
	at org.geoserver.filters.SpringDelegatingFilter.doFilter(SpringDelegatingFilter.java:43)
	at org.apache.catalina.core.ApplicationFilterChain.internalDoFilter(ApplicationFilterChain.java:178)
	at org.apache.catalina.core.ApplicationFilterChain.doFilter(ApplicationFilterChain.java:153)
	at org.geoserver.platform.AdvancedDispatchFilter.doFilter(AdvancedDispatchFilter.java:39)
	at org.apache.catalina.core.ApplicationFilterChain.internalDoFilter(ApplicationFilterChain.java:178)
	at org.apache.catalina.core.ApplicationFilterChain.doFilter(ApplicationFilterChain.java:153)
	at org.springframework.security.web.FilterChainProxy$VirtualFilterChain.doFilter(FilterChainProxy.java:337)
	at org.geoserver.security.filter.GeoServerCompositeFilter$NestedFilterChain.doFilter(GeoServerCompositeFilter.java:71)
	at org.springframework.security.web.access.intercept.FilterSecurityInterceptor.invoke(FilterSecurityInterceptor.java:115)
	at org.springframework.security.web.access.intercept.FilterSecurityInterceptor.doFilter(FilterSecurityInterceptor.java:81)
	at org.geoserver.security.filter.GeoServerCompositeFilter$NestedFilterChain.doFilter(GeoServerCompositeFilter.java:75)
	at org.geoserver.security.filter.GeoServerCompositeFilter.doFilter(GeoServerCompositeFilter.java:92)
	at org.springframework.security.web.FilterChainProxy$VirtualFilterChain.doFilter(FilterChainProxy.java:346)
	at org.geoserver.security.filter.GeoServerCompositeFilter$NestedFilterChain.doFilter(GeoServerCompositeFilter.java:71)
	at org.springframework.security.web.access.ExceptionTranslationFilter.doFilter(ExceptionTranslationFilter.java:122)
	at org.springframework.security.web.access.ExceptionTranslationFilter.doFilter(ExceptionTranslationFilter.java:116)
	at org.geoserver.security.filter.GeoServerCompositeFilter$NestedFilterChain.doFilter(GeoServerCompositeFilter.java:75)
	at org.geoserver.security.filter.GeoServerCompositeFilter.doFilter(GeoServerCompositeFilter.java:92)
	at org.springframework.security.web.FilterChainProxy$VirtualFilterChain.doFilter(FilterChainProxy.java:346)
	at org.geoserver.security.filter.GeoServerAnonymousAuthenticationFilter.doFilter(GeoServerAnonymousAuthenticationFilter.java:53)
	at org.springframework.security.web.FilterChainProxy$VirtualFilterChain.doFilter(FilterChainProxy.java:346)
	at org.geoserver.security.filter.GeoServerCompositeFilter$NestedFilterChain.doFilter(GeoServerCompositeFilter.java:71)
	at org.springframework.security.web.authentication.www.BasicAuthenticationFilter.doFilterInternal(BasicAuthenticationFilter.java:164)
	at org.springframework.web.filter.OncePerRequestFilter.doFilter(OncePerRequestFilter.java:117)
	at org.geoserver.security.filter.GeoServerCompositeFilter$NestedFilterChain.doFilter(GeoServerCompositeFilter.java:75)
	at org.geoserver.security.filter.GeoServerCompositeFilter.doFilter(GeoServerCompositeFilter.java:92)
	at org.geoserver.security.filter.GeoServerBasicAuthenticationFilter.doFilter(GeoServerBasicAuthenticationFilter.java:81)
	at org.springframework.security.web.FilterChainProxy$VirtualFilterChain.doFilter(FilterChainProxy.java:346)
	at org.geoserver.security.filter.GeoServerCompositeFilter$NestedFilterChain.doFilter(GeoServerCompositeFilter.java:71)
	at org.geoserver.security.filter.GeoServerSecurityContextPersistenceFilter$1.doFilterInternal(GeoServerSecurityContextPersistenceFilter.java:72)
	at org.springframework.web.filter.OncePerRequestFilter.doFilter(OncePerRequestFilter.java:117)
	at org.geoserver.security.filter.GeoServerCompositeFilter$NestedFilterChain.doFilter(GeoServerCompositeFilter.java:75)
	at org.geoserver.security.filter.GeoServerCompositeFilter.doFilter(GeoServerCompositeFilter.java:92)
	at org.springframework.security.web.FilterChainProxy$VirtualFilterChain.doFilter(FilterChainProxy.java:346)
	at org.springframework.security.web.FilterChainProxy.doFilterInternal(FilterChainProxy.java:221)
	at org.springframework.security.web.FilterChainProxy.doFilter(FilterChainProxy.java:186)
	at org.geoserver.security.GeoServerSecurityFilterChainProxy.doFilter(GeoServerSecurityFilterChainProxy.java:142)
	at org.springframework.web.filter.DelegatingFilterProxy.invokeDelegate(DelegatingFilterProxy.java:354)
	at org.springframework.web.filter.DelegatingFilterProxy.doFilter(DelegatingFilterProxy.java:267)
	at org.apache.catalina.core.ApplicationFilterChain.internalDoFilter(ApplicationFilterChain.java:178)
	at org.apache.catalina.core.ApplicationFilterChain.doFilter(ApplicationFilterChain.java:153)
	at org.geoserver.filters.XFrameOptionsFilter.doFilter(XFrameOptionsFilter.java:100)
	at org.apache.catalina.core.ApplicationFilterChain.internalDoFilter(ApplicationFilterChain.java:178)
	at org.apache.catalina.core.ApplicationFilterChain.doFilter(ApplicationFilterChain.java:153)
	at org.geoserver.filters.GZIPFilter.doFilter(GZIPFilter.java:48)
	at org.apache.catalina.core.ApplicationFilterChain.internalDoFilter(ApplicationFilterChain.java:178)
	at org.apache.catalina.core.ApplicationFilterChain.doFilter(ApplicationFilterChain.java:153)
	at org.geoserver.filters.SessionDebugFilter.doFilter(SessionDebugFilter.java:49)
	at org.apache.catalina.core.ApplicationFilterChain.internalDoFilter(ApplicationFilterChain.java:178)
	at org.apache.catalina.core.ApplicationFilterChain.doFilter(ApplicationFilterChain.java:153)
	at org.geoserver.filters.FlushSafeFilter.doFilter(FlushSafeFilter.java:42)
	at org.apache.catalina.core.ApplicationFilterChain.internalDoFilter(ApplicationFilterChain.java:178)
	at org.apache.catalina.core.ApplicationFilterChain.doFilter(ApplicationFilterChain.java:153)
	at org.springframework.web.filter.CharacterEncodingFilter.doFilterInternal(CharacterEncodingFilter.java:201)
	at org.springframework.web.filter.OncePerRequestFilter.doFilter(OncePerRequestFilter.java:117)
	at org.apache.catalina.core.ApplicationFilterChain.internalDoFilter(ApplicationFilterChain.java:178)
	at org.apache.catalina.core.ApplicationFilterChain.doFilter(ApplicationFilterChain.java:153)
	at org.apache.catalina.core.StandardWrapperValve.invoke(StandardWrapperValve.java:167)
	at org.apache.catalina.core.StandardContextValve.invoke(StandardContextValve.java:90)
	at org.apache.catalina.authenticator.AuthenticatorBase.invoke(AuthenticatorBase.java:492)
	at org.apache.catalina.core.StandardHostValve.invoke(StandardHostValve.java:130)
	at org.apache.catalina.valves.ErrorReportValve.invoke(ErrorReportValve.java:93)
	at org.apache.catalina.valves.AbstractAccessLogValve.invoke(AbstractAccessLogValve.java:673)
	at org.apache.catalina.core.StandardEngineValve.invoke(StandardEngineValve.java:74)
	at org.apache.catalina.connector.CoyoteAdapter.service(CoyoteAdapter.java:343)
	at org.apache.coyote.http11.Http11Processor.service(Http11Processor.java:389)
	at org.apache.coyote.AbstractProcessorLight.process(AbstractProcessorLight.java:63)
	at org.apache.coyote.AbstractProtocol$ConnectionHandler.process(AbstractProtocol.java:926)
	at org.apache.tomcat.util.net.NioEndpoint$SocketProcessor.doRun(NioEndpoint.java:1791)
	at org.apache.tomcat.util.net.SocketProcessorBase.run(SocketProcessorBase.java:49)
	at org.apache.tomcat.util.threads.ThreadPoolExecutor.runWorker(ThreadPoolExecutor.java:1191)
	at org.apache.tomcat.util.threads.ThreadPoolExecutor$Worker.run(ThreadPoolExecutor.java:659)
	at org.apache.tomcat.util.threads.TaskThread$WrappingRunnable.run(TaskThread.java:61)
	at java.base/java.lang.Thread.run(Thread.java:829)
03 Mar 16:36:49 INFO   [geoserver.flow] - Request control-flow performed, running requests: 2, blocked requests: 0
03 Mar 16:36:49 INFO   [geoserver.wms] - 
Request: getMap
	Angle = 0.0
	BaseUrl = http://localhost:8080/geoserver/
	Bbox = SRSEnvelope[5484564.370306311 : 5486838.033942679, 7094288.361912637 : 7095415.680493849]
	BgColor = java.awt.Color[r=255,g=255,b=255]
	Buffer = 0
	Clip = null
	CQLFilter = null
	Crs = PROJCS["WGS 84 / Pseudo-Mercator", 
  GEOGCS["WGS 84", 
    DATUM["World Geodetic System 1984", 
      SPHEROID["WGS 84", 6378137.0, 298.257223563, AUTHORITY["EPSG","7030"]], 
      AUTHORITY["EPSG","6326"]], 
    PRIMEM["Greenwich", 0.0, AUTHORITY["EPSG","8901"]], 
    UNIT["degree", 0.017453292519943295], 
    AXIS["Geodetic latitude", NORTH], 
    AXIS["Geodetic longitude", EAST], 
    AUTHORITY["EPSG","4326"]], 
  PROJECTION["Popular Visualisation Pseudo Mercator", AUTHORITY["EPSG","1024"]], 
  PARAMETER["semi_minor", 6378137.0], 
  PARAMETER["latitude_of_origin", 0.0], 
  PARAMETER["central_meridian", 0.0], 
  PARAMETER["scale_factor", 1.0], 
  PARAMETER["false_easting", 0.0], 
  PARAMETER["false_northing", 0.0], 
  UNIT["m", 1.0], 
  AXIS["Easting", EAST], 
  AXIS["Northing", NORTH], 
  AUTHORITY["EPSG","3857"]]
	Elevation = []
	Env = {}
	Exceptions = SE_XML
	FeatureId = null
	FeatureVersion = null
	Filter = null
	Format = image/png
	FormatOptions = {}
	Get = true
	Height = 948
	Interpolations = []
	Layers = [org.geoserver.wms.MapLayerInfo@e4804762]
	MaxFeatures = null
	Palette = null
	RawKvp = {TILED=true, REQUEST=GetMap, FORMAT=image/png, CRS=EPSG:3857, BBOX=5484564.370306311,7094288.361912637,5486838.033942679,7095415.680493849, VERSION=1.3.0, STYLES=, SERVICE=WMS, WIDTH=1912, HEIGHT=948, TRANSPARENT=TRUE, LAYERS=gis:buildings}
	RemoteOwsType = null
	RemoteOwsURL = null
	Request = GetMap
	RequestCharset = UTF-8
	ScaleMethod = null
	Sld = null
	SldBody = null
	SldVersion = null
	SortBy = null
	SortByArrays = null
	SRS = urn:ogc:def:crs:EPSG::3857
	StartIndex = null
	StyleBody = null
	StyleFormat = sld
	Styles = [StyleImpl[ name=polygon]]
	StyleUrl = null
	StyleVersion = null
	Tiled = true
	TilesOrigin = null
	Time = []
	Transparent = true
	ValidateSchema = false
	Version = 1.3.0
	ViewParams = null
	Width = 1912
03 Mar 16:36:49 INFO   [geoserver.wms] - 
Request: getMap
	Angle = 0.0
	BaseUrl = http://localhost:8080/geoserver/
	Bbox = SRSEnvelope[5484564.370306311 : 5486838.033942679, 7094288.361912637 : 7095415.680493849]
	BgColor = java.awt.Color[r=255,g=255,b=255]
	Buffer = 0
	Clip = null
	CQLFilter = null
	Crs = PROJCS["WGS 84 / Pseudo-Mercator", 
  GEOGCS["WGS 84", 
    DATUM["World Geodetic System 1984", 
      SPHEROID["WGS 84", 6378137.0, 298.257223563, AUTHORITY["EPSG","7030"]], 
      AUTHORITY["EPSG","6326"]], 
    PRIMEM["Greenwich", 0.0, AUTHORITY["EPSG","8901"]], 
    UNIT["degree", 0.017453292519943295], 
    AXIS["Geodetic latitude", NORTH], 
    AXIS["Geodetic longitude", EAST], 
    AUTHORITY["EPSG","4326"]], 
  PROJECTION["Popular Visualisation Pseudo Mercator", AUTHORITY["EPSG","1024"]], 
  PARAMETER["semi_minor", 6378137.0], 
  PARAMETER["latitude_of_origin", 0.0], 
  PARAMETER["central_meridian", 0.0], 
  PARAMETER["scale_factor", 1.0], 
  PARAMETER["false_easting", 0.0], 
  PARAMETER["false_northing", 0.0], 
  UNIT["m", 1.0], 
  AXIS["Easting", EAST], 
  AXIS["Northing", NORTH], 
  AUTHORITY["EPSG","3857"]]
	Elevation = []
	Env = {}
	Exceptions = SE_XML
	FeatureId = null
	FeatureVersion = null
	Filter = null
	Format = image/png
	FormatOptions = {}
	Get = true
	Height = 948
	Interpolations = []
	Layers = [org.geoserver.wms.MapLayerInfo@c8d248ce]
	MaxFeatures = null
	Palette = null
	RawKvp = {TILED=true, REQUEST=GetMap, FORMAT=image/png, CRS=EPSG:3857, BBOX=5484564.370306311,7094288.361912637,5486838.033942679,7095415.680493849, VERSION=1.3.0, STYLES=, SERVICE=WMS, WIDTH=1912, HEIGHT=948, TRANSPARENT=TRUE, LAYERS=gis:roads}
	RemoteOwsType = null
	RemoteOwsURL = null
	Request = GetMap
	RequestCharset = UTF-8
	ScaleMethod = null
	Sld = null
	SldBody = null
	SldVersion = null
	SortBy = null
	SortByArrays = null
	SRS = urn:ogc:def:crs:EPSG::3857
	StartIndex = null
	StyleBody = null
	StyleFormat = sld
	Styles = [StyleImpl[ name=line]]
	StyleUrl = null
	StyleVersion = null
	Tiled = true
	TilesOrigin = null
	Time = []
	Transparent = true
	ValidateSchema = false
	Version = 1.3.0
	ViewParams = null
	Width = 1912
03 Mar 16:36:49 INFO   [geoserver.flow] - releasing flow controllers for [WMS 1.3.0 GetMap]
03 Mar 16:36:49 INFO   [geoserver.flow] - Request completed, running requests: 1, blocked requests: 0
03 Mar 16:36:49 INFO   [geoserver.flow] - releasing flow controllers for [WMS 1.3.0 GetMap]
03 Mar 16:36:49 INFO   [geoserver.flow] - Request completed, running requests: 0, blocked requests: 0
03 Mar 16:36:50 INFO   [geoserver.wms] - 
Request: getServiceInfo
03 Mar 16:36:50 INFO   [geoserver.wms] - 
Request: getServiceInfo
03 Mar 16:36:50 INFO   [geoserver.wms] - 
Request: getServiceInfo
03 Mar 16:36:50 ERROR  [geoserver.ows] - 
org.geoserver.platform.ServiceException: Could not find layer gis:poi
	at org.geoserver.wms.map.GetMapKvpRequestReader.parseLayers(GetMapKvpRequestReader.java:1546)
	at org.geoserver.wms.map.GetMapKvpRequestReader.read(GetMapKvpRequestReader.java:361)
	at org.geoserver.wms.map.GetMapKvpRequestReader.read(GetMapKvpRequestReader.java:107)
	at org.geoserver.ows.Dispatcher.parseRequestKVP(Dispatcher.java:1509)
	at org.geoserver.ows.Dispatcher.dispatch(Dispatcher.java:682)
	at org.geoserver.ows.Dispatcher.handleRequestInternal(Dispatcher.java:258)
	at org.springframework.web.servlet.mvc.AbstractController.handleRequest(AbstractController.java:177)
	at org.springframework.web.servlet.mvc.SimpleControllerHandlerAdapter.handle(SimpleControllerHandlerAdapter.java:51)
	at org.springframework.web.servlet.DispatcherServlet.doDispatch(DispatcherServlet.java:1072)
	at org.springframework.web.servlet.DispatcherServlet.doService(DispatcherServlet.java:965)
	at org.springframework.web.servlet.FrameworkServlet.processRequest(FrameworkServlet.java:1006)
	at org.springframework.web.servlet.FrameworkServlet.doGet(FrameworkServlet.java:898)
	at javax.servlet.http.HttpServlet.service(HttpServlet.java:502)
	at org.springframework.web.servlet.FrameworkServlet.service(FrameworkServlet.java:883)
	at javax.servlet.http.HttpServlet.service(HttpServlet.java:596)
	at org.apache.catalina.core.ApplicationFilterChain.internalDoFilter(ApplicationFilterChain.java:209)
	at org.apache.catalina.core.ApplicationFilterChain.doFilter(ApplicationFilterChain.java:153)
	at org.apache.tomcat.websocket.server.WsFilter.doFilter(WsFilter.java:53)
	at org.apache.catalina.core.ApplicationFilterChain.internalDoFilter(ApplicationFilterChain.java:178)
	at org.apache.catalina.core.ApplicationFilterChain.doFilter(ApplicationFilterChain.java:153)
	at org.apache.catalina.filters.CorsFilter.handleNonCORS(CorsFilter.java:328)
	at org.apache.catalina.filters.CorsFilter.doFilter(CorsFilter.java:158)
	at org.apache.catalina.core.ApplicationFilterChain.internalDoFilter(ApplicationFilterChain.java:178)
	at org.apache.catalina.core.ApplicationFilterChain.doFilter(ApplicationFilterChain.java:153)
	at org.apache.catalina.filters.HttpHeaderSecurityFilter.doFilter(HttpHeaderSecurityFilter.java:126)
	at org.apache.catalina.core.ApplicationFilterChain.internalDoFilter(ApplicationFilterChain.java:178)
	at org.apache.catalina.core.ApplicationFilterChain.doFilter(ApplicationFilterChain.java:153)
	at org.geoserver.filters.ThreadLocalsCleanupFilter.doFilter(ThreadLocalsCleanupFilter.java:28)
	at org.apache.catalina.core.ApplicationFilterChain.internalDoFilter(ApplicationFilterChain.java:178)
	at org.apache.catalina.core.ApplicationFilterChain.doFilter(ApplicationFilterChain.java:153)
	at org.geoserver.filters.SpringDelegatingFilter$Chain.doFilter(SpringDelegatingFilter.java:73)
	at org.geoserver.monitor.MonitorFilter.doFilter(MonitorFilter.java:159)
	at org.geoserver.filters.SpringDelegatingFilter$Chain.doFilter(SpringDelegatingFilter.java:70)
	at org.geoserver.ows.HTTPHeadersCollector.doFilter(HTTPHeadersCollector.java:48)
	at org.geoserver.filters.SpringDelegatingFilter$Chain.doFilter(SpringDelegatingFilter.java:70)
	at org.geoserver.filters.HTTPMethodFilter.doFilter(HTTPMethodFilter.java:36)
	at org.geoserver.filters.SpringDelegatingFilter$Chain.doFilter(SpringDelegatingFilter.java:70)
	at org.geoserver.filters.LoggingFilter.doFilter(LoggingFilter.java:194)
	at org.geoserver.filters.SpringDelegatingFilter$Chain.doFilter(SpringDelegatingFilter.java:70)
	at org.geoserver.flow.controller.IpBlacklistFilter.doFilter(IpBlacklistFilter.java:89)
	at org.geoserver.filters.SpringDelegatingFilter$Chain.doFilter(SpringDelegatingFilter.java:70)
	at org.geoserver.filters.SpringDelegatingFilter.doFilter(SpringDelegatingFilter.java:43)
	at org.apache.catalina.core.ApplicationFilterChain.internalDoFilter(ApplicationFilterChain.java:178)
	at org.apache.catalina.core.ApplicationFilterChain.doFilter(ApplicationFilterChain.java:153)
	at org.geoserver.platform.AdvancedDispatchFilter.doFilter(AdvancedDispatchFilter.java:39)
	at org.apache.catalina.core.ApplicationFilterChain.internalDoFilter(ApplicationFilterChain.java:178)
	at org.apache.catalina.core.ApplicationFilterChain.doFilter(ApplicationFilterChain.java:153)
	at org.springframework.security.web.FilterChainProxy$VirtualFilterChain.doFilter(FilterChainProxy.java:337)
	at org.geoserver.security.filter.GeoServerCompositeFilter$NestedFilterChain.doFilter(GeoServerCompositeFilter.java:71)
	at org.springframework.security.web.access.intercept.FilterSecurityInterceptor.invoke(FilterSecurityInterceptor.java:115)
	at org.springframework.security.web.access.intercept.FilterSecurityInterceptor.doFilter(FilterSecurityInterceptor.java:81)
	at org.geoserver.security.filter.GeoServerCompositeFilter$NestedFilterChain.doFilter(GeoServerCompositeFilter.java:75)
	at org.geoserver.security.filter.GeoServerCompositeFilter.doFilter(GeoServerCompositeFilter.java:92)
	at org.springframework.security.web.FilterChainProxy$VirtualFilterChain.doFilter(FilterChainProxy.java:346)
	at org.geoserver.security.filter.GeoServerCompositeFilter$NestedFilterChain.doFilter(GeoServerCompositeFilter.java:71)
	at org.springframework.security.web.access.ExceptionTranslationFilter.doFilter(ExceptionTranslationFilter.java:122)
	at org.springframework.security.web.access.ExceptionTranslationFilter.doFilter(ExceptionTranslationFilter.java:116)
	at org.geoserver.security.filter.GeoServerCompositeFilter$NestedFilterChain.doFilter(GeoServerCompositeFilter.java:75)
	at org.geoserver.security.filter.GeoServerCompositeFilter.doFilter(GeoServerCompositeFilter.java:92)
	at org.springframework.security.web.FilterChainProxy$VirtualFilterChain.doFilter(FilterChainProxy.java:346)
	at org.geoserver.security.filter.GeoServerAnonymousAuthenticationFilter.doFilter(GeoServerAnonymousAuthenticationFilter.java:53)
	at org.springframework.security.web.FilterChainProxy$VirtualFilterChain.doFilter(FilterChainProxy.java:346)
	at org.geoserver.security.filter.GeoServerCompositeFilter$NestedFilterChain.doFilter(GeoServerCompositeFilter.java:71)
	at org.springframework.security.web.authentication.www.BasicAuthenticationFilter.doFilterInternal(BasicAuthenticationFilter.java:164)
	at org.springframework.web.filter.OncePerRequestFilter.doFilter(OncePerRequestFilter.java:117)
	at org.geoserver.security.filter.GeoServerCompositeFilter$NestedFilterChain.doFilter(GeoServerCompositeFilter.java:75)
	at org.geoserver.security.filter.GeoServerCompositeFilter.doFilter(GeoServerCompositeFilter.java:92)
	at org.geoserver.security.filter.GeoServerBasicAuthenticationFilter.doFilter(GeoServerBasicAuthenticationFilter.java:81)
	at org.springframework.security.web.FilterChainProxy$VirtualFilterChain.doFilter(FilterChainProxy.java:346)
	at org.geoserver.security.filter.GeoServerCompositeFilter$NestedFilterChain.doFilter(GeoServerCompositeFilter.java:71)
	at org.geoserver.security.filter.GeoServerSecurityContextPersistenceFilter$1.doFilterInternal(GeoServerSecurityContextPersistenceFilter.java:72)
	at org.springframework.web.filter.OncePerRequestFilter.doFilter(OncePerRequestFilter.java:117)
	at org.geoserver.security.filter.GeoServerCompositeFilter$NestedFilterChain.doFilter(GeoServerCompositeFilter.java:75)
	at org.geoserver.security.filter.GeoServerCompositeFilter.doFilter(GeoServerCompositeFilter.java:92)
	at org.springframework.security.web.FilterChainProxy$VirtualFilterChain.doFilter(FilterChainProxy.java:346)
	at org.springframework.security.web.FilterChainProxy.doFilterInternal(FilterChainProxy.java:221)
	at org.springframework.security.web.FilterChainProxy.doFilter(FilterChainProxy.java:186)
	at org.geoserver.security.GeoServerSecurityFilterChainProxy.doFilter(GeoServerSecurityFilterChainProxy.java:142)
	at org.springframework.web.filter.DelegatingFilterProxy.invokeDelegate(DelegatingFilterProxy.java:354)
	at org.springframework.web.filter.DelegatingFilterProxy.doFilter(DelegatingFilterProxy.java:267)
	at org.apache.catalina.core.ApplicationFilterChain.internalDoFilter(ApplicationFilterChain.java:178)
	at org.apache.catalina.core.ApplicationFilterChain.doFilter(ApplicationFilterChain.java:153)
	at org.geoserver.filters.XFrameOptionsFilter.doFilter(XFrameOptionsFilter.java:100)
	at org.apache.catalina.core.ApplicationFilterChain.internalDoFilter(ApplicationFilterChain.java:178)
	at org.apache.catalina.core.ApplicationFilterChain.doFilter(ApplicationFilterChain.java:153)
	at org.geoserver.filters.GZIPFilter.doFilter(GZIPFilter.java:48)
	at org.apache.catalina.core.ApplicationFilterChain.internalDoFilter(ApplicationFilterChain.java:178)
	at org.apache.catalina.core.ApplicationFilterChain.doFilter(ApplicationFilterChain.java:153)
	at org.geoserver.filters.SessionDebugFilter.doFilter(SessionDebugFilter.java:49)
	at org.apache.catalina.core.ApplicationFilterChain.internalDoFilter(ApplicationFilterChain.java:178)
	at org.apache.catalina.core.ApplicationFilterChain.doFilter(ApplicationFilterChain.java:153)
	at org.geoserver.filters.FlushSafeFilter.doFilter(FlushSafeFilter.java:42)
	at org.apache.catalina.core.ApplicationFilterChain.internalDoFilter(ApplicationFilterChain.java:178)
	at org.apache.catalina.core.ApplicationFilterChain.doFilter(ApplicationFilterChain.java:153)
	at org.springframework.web.filter.CharacterEncodingFilter.doFilterInternal(CharacterEncodingFilter.java:201)
	at org.springframework.web.filter.OncePerRequestFilter.doFilter(OncePerRequestFilter.java:117)
	at org.apache.catalina.core.ApplicationFilterChain.internalDoFilter(ApplicationFilterChain.java:178)
	at org.apache.catalina.core.ApplicationFilterChain.doFilter(ApplicationFilterChain.java:153)
	at org.apache.catalina.core.StandardWrapperValve.invoke(StandardWrapperValve.java:167)
	at org.apache.catalina.core.StandardContextValve.invoke(StandardContextValve.java:90)
	at org.apache.catalina.authenticator.AuthenticatorBase.invoke(AuthenticatorBase.java:492)
	at org.apache.catalina.core.StandardHostValve.invoke(StandardHostValve.java:130)
	at org.apache.catalina.valves.ErrorReportValve.invoke(ErrorReportValve.java:93)
	at org.apache.catalina.valves.AbstractAccessLogValve.invoke(AbstractAccessLogValve.java:673)
	at org.apache.catalina.core.StandardEngineValve.invoke(StandardEngineValve.java:74)
	at org.apache.catalina.connector.CoyoteAdapter.service(CoyoteAdapter.java:343)
	at org.apache.coyote.http11.Http11Processor.service(Http11Processor.java:389)
	at org.apache.coyote.AbstractProcessorLight.process(AbstractProcessorLight.java:63)
	at org.apache.coyote.AbstractProtocol$ConnectionHandler.process(AbstractProtocol.java:926)
	at org.apache.tomcat.util.net.NioEndpoint$SocketProcessor.doRun(NioEndpoint.java:1791)
	at org.apache.tomcat.util.net.SocketProcessorBase.run(SocketProcessorBase.java:49)
	at org.apache.tomcat.util.threads.ThreadPoolExecutor.runWorker(ThreadPoolExecutor.java:1191)
	at org.apache.tomcat.util.threads.ThreadPoolExecutor$Worker.run(ThreadPoolExecutor.java:659)
	at org.apache.tomcat.util.threads.TaskThread$WrappingRunnable.run(TaskThread.java:61)
	at java.base/java.lang.Thread.run(Thread.java:829)
03 Mar 16:36:50 INFO   [geoserver.flow] - Request [WMS 1.3.0 GetMap] starting, processing through flow controllers
03 Mar 16:36:50 INFO   [geoserver.flow] - Request [WMS 1.3.0 GetMap] starting, processing through flow controllers
03 Mar 16:36:50 INFO   [geoserver.flow] - Request control-flow performed, running requests: 1, blocked requests: 1
03 Mar 16:36:50 INFO   [geoserver.flow] - Request control-flow performed, running requests: 2, blocked requests: 0
03 Mar 16:36:50 INFO   [geoserver.wms] - 
Request: getMap
	Angle = 0.0
	BaseUrl = http://localhost:8080/geoserver/
	Bbox = SRSEnvelope[5483235.206479851 : 5488189.630913885, 7093633.594500236 : 7096090.076907905]
	BgColor = java.awt.Color[r=255,g=255,b=255]
	Buffer = 0
	Clip = null
	CQLFilter = null
	Crs = PROJCS["WGS 84 / Pseudo-Mercator", 
  GEOGCS["WGS 84", 
    DATUM["World Geodetic System 1984", 
      SPHEROID["WGS 84", 6378137.0, 298.257223563, AUTHORITY["EPSG","7030"]], 
      AUTHORITY["EPSG","6326"]], 
    PRIMEM["Greenwich", 0.0, AUTHORITY["EPSG","8901"]], 
    UNIT["degree", 0.017453292519943295], 
    AXIS["Geodetic latitude", NORTH], 
    AXIS["Geodetic longitude", EAST], 
    AUTHORITY["EPSG","4326"]], 
  PROJECTION["Popular Visualisation Pseudo Mercator", AUTHORITY["EPSG","1024"]], 
  PARAMETER["semi_minor", 6378137.0], 
  PARAMETER["latitude_of_origin", 0.0], 
  PARAMETER["central_meridian", 0.0], 
  PARAMETER["scale_factor", 1.0], 
  PARAMETER["false_easting", 0.0], 
  PARAMETER["false_northing", 0.0], 
  UNIT["m", 1.0], 
  AXIS["Easting", EAST], 
  AXIS["Northing", NORTH], 
  AUTHORITY["EPSG","3857"]]
	Elevation = []
	Env = {}
	Exceptions = SE_XML
	FeatureId = null
	FeatureVersion = null
	Filter = null
	Format = image/png
	FormatOptions = {}
	Get = true
	Height = 948
	Interpolations = []
	Layers = [org.geoserver.wms.MapLayerInfo@e4804762]
	MaxFeatures = null
	Palette = null
	RawKvp = {TILED=true, REQUEST=GetMap, FORMAT=image/png, CRS=EPSG:3857, BBOX=5483235.206479851,7093633.594500236,5488189.630913885,7096090.076907905, VERSION=1.3.0, STYLES=, SERVICE=WMS, WIDTH=1912, HEIGHT=948, TRANSPARENT=TRUE, LAYERS=gis:buildings}
	RemoteOwsType = null
	RemoteOwsURL = null
	Request = GetMap
	RequestCharset = UTF-8
	ScaleMethod = null
	Sld = null
	SldBody = null
	SldVersion = null
	SortBy = null
	SortByArrays = null
	SRS = urn:ogc:def:crs:EPSG::3857
	StartIndex = null
	StyleBody = null
	StyleFormat = sld
	Styles = [StyleImpl[ name=polygon]]
	StyleUrl = null
	StyleVersion = null
	Tiled = true
	TilesOrigin = null
	Time = []
	Transparent = true
	ValidateSchema = false
	Version = 1.3.0
	ViewParams = null
	Width = 1912
03 Mar 16:36:50 INFO   [geoserver.wms] - 
Request: getMap
	Angle = 0.0
	BaseUrl = http://localhost:8080/geoserver/
	Bbox = SRSEnvelope[5483235.206479851 : 5488189.630913885, 7093633.594500236 : 7096090.076907905]
	BgColor = java.awt.Color[r=255,g=255,b=255]
	Buffer = 0
	Clip = null
	CQLFilter = null
	Crs = PROJCS["WGS 84 / Pseudo-Mercator", 
  GEOGCS["WGS 84", 
    DATUM["World Geodetic System 1984", 
      SPHEROID["WGS 84", 6378137.0, 298.257223563, AUTHORITY["EPSG","7030"]], 
      AUTHORITY["EPSG","6326"]], 
    PRIMEM["Greenwich", 0.0, AUTHORITY["EPSG","8901"]], 
    UNIT["degree", 0.017453292519943295], 
    AXIS["Geodetic latitude", NORTH], 
    AXIS["Geodetic longitude", EAST], 
    AUTHORITY["EPSG","4326"]], 
  PROJECTION["Popular Visualisation Pseudo Mercator", AUTHORITY["EPSG","1024"]], 
  PARAMETER["semi_minor", 6378137.0], 
  PARAMETER["latitude_of_origin", 0.0], 
  PARAMETER["central_meridian", 0.0], 
  PARAMETER["scale_factor", 1.0], 
  PARAMETER["false_easting", 0.0], 
  PARAMETER["false_northing", 0.0], 
  UNIT["m", 1.0], 
  AXIS["Easting", EAST], 
  AXIS["Northing", NORTH], 
  AUTHORITY["EPSG","3857"]]
	Elevation = []
	Env = {}
	Exceptions = SE_XML
	FeatureId = null
	FeatureVersion = null
	Filter = null
	Format = image/png
	FormatOptions = {}
	Get = true
	Height = 948
	Interpolations = []
	Layers = [org.geoserver.wms.MapLayerInfo@c8d248ce]
	MaxFeatures = null
	Palette = null
	RawKvp = {TILED=true, REQUEST=GetMap, FORMAT=image/png, CRS=EPSG:3857, BBOX=5483235.206479851,7093633.594500236,5488189.630913885,7096090.076907905, VERSION=1.3.0, STYLES=, SERVICE=WMS, WIDTH=1912, HEIGHT=948, TRANSPARENT=TRUE, LAYERS=gis:roads}
	RemoteOwsType = null
	RemoteOwsURL = null
	Request = GetMap
	RequestCharset = UTF-8
	ScaleMethod = null
	Sld = null
	SldBody = null
	SldVersion = null
	SortBy = null
	SortByArrays = null
	SRS = urn:ogc:def:crs:EPSG::3857
	StartIndex = null
	StyleBody = null
	StyleFormat = sld
	Styles = [StyleImpl[ name=line]]
	StyleUrl = null
	StyleVersion = null
	Tiled = true
	TilesOrigin = null
	Time = []
	Transparent = true
	ValidateSchema = false
	Version = 1.3.0
	ViewParams = null
	Width = 1912
03 Mar 16:36:50 INFO   [geoserver.flow] - releasing flow controllers for [WMS 1.3.0 GetMap]
03 Mar 16:36:50 INFO   [geoserver.flow] - Request completed, running requests: 1, blocked requests: 0
03 Mar 16:36:50 INFO   [geoserver.flow] - releasing flow controllers for [WMS 1.3.0 GetMap]
03 Mar 16:36:50 INFO   [geoserver.flow] - Request completed, running requests: 0, blocked requests: 0
03 Mar 16:36:50 INFO   [geoserver.wms] - 
Request: getServiceInfo
03 Mar 16:36:50 INFO   [geoserver.wms] - 
Request: getServiceInfo
03 Mar 16:36:50 INFO   [geoserver.flow] - Request [WMS 1.3.0 GetMap] starting, processing through flow controllers
03 Mar 16:36:50 INFO   [geoserver.flow] - Request [WMS 1.3.0 GetMap] starting, processing through flow controllers
03 Mar 16:36:50 INFO   [geoserver.flow] - Request control-flow performed, running requests: 1, blocked requests: 1
03 Mar 16:36:50 INFO   [geoserver.flow] - Request control-flow performed, running requests: 2, blocked requests: 0
03 Mar 16:36:50 INFO   [geoserver.wms] - 
Request: getServiceInfo
03 Mar 16:36:50 ERROR  [geoserver.ows] - 
org.geoserver.platform.ServiceException: Could not find layer gis:poi
	at org.geoserver.wms.map.GetMapKvpRequestReader.parseLayers(GetMapKvpRequestReader.java:1546)
	at org.geoserver.wms.map.GetMapKvpRequestReader.read(GetMapKvpRequestReader.java:361)
	at org.geoserver.wms.map.GetMapKvpRequestReader.read(GetMapKvpRequestReader.java:107)
	at org.geoserver.ows.Dispatcher.parseRequestKVP(Dispatcher.java:1509)
	at org.geoserver.ows.Dispatcher.dispatch(Dispatcher.java:682)
	at org.geoserver.ows.Dispatcher.handleRequestInternal(Dispatcher.java:258)
	at org.springframework.web.servlet.mvc.AbstractController.handleRequest(AbstractController.java:177)
	at org.springframework.web.servlet.mvc.SimpleControllerHandlerAdapter.handle(SimpleControllerHandlerAdapter.java:51)
	at org.springframework.web.servlet.DispatcherServlet.doDispatch(DispatcherServlet.java:1072)
	at org.springframework.web.servlet.DispatcherServlet.doService(DispatcherServlet.java:965)
	at org.springframework.web.servlet.FrameworkServlet.processRequest(FrameworkServlet.java:1006)
	at org.springframework.web.servlet.FrameworkServlet.doGet(FrameworkServlet.java:898)
	at javax.servlet.http.HttpServlet.service(HttpServlet.java:502)
	at org.springframework.web.servlet.FrameworkServlet.service(FrameworkServlet.java:883)
	at javax.servlet.http.HttpServlet.service(HttpServlet.java:596)
	at org.apache.catalina.core.ApplicationFilterChain.internalDoFilter(ApplicationFilterChain.java:209)
	at org.apache.catalina.core.ApplicationFilterChain.doFilter(ApplicationFilterChain.java:153)
	at org.apache.tomcat.websocket.server.WsFilter.doFilter(WsFilter.java:53)
	at org.apache.catalina.core.ApplicationFilterChain.internalDoFilter(ApplicationFilterChain.java:178)
	at org.apache.catalina.core.ApplicationFilterChain.doFilter(ApplicationFilterChain.java:153)
	at org.apache.catalina.filters.CorsFilter.handleNonCORS(CorsFilter.java:328)
	at org.apache.catalina.filters.CorsFilter.doFilter(CorsFilter.java:158)
	at org.apache.catalina.core.ApplicationFilterChain.internalDoFilter(ApplicationFilterChain.java:178)
	at org.apache.catalina.core.ApplicationFilterChain.doFilter(ApplicationFilterChain.java:153)
	at org.apache.catalina.filters.HttpHeaderSecurityFilter.doFilter(HttpHeaderSecurityFilter.java:126)
	at org.apache.catalina.core.ApplicationFilterChain.internalDoFilter(ApplicationFilterChain.java:178)
	at org.apache.catalina.core.ApplicationFilterChain.doFilter(ApplicationFilterChain.java:153)
	at org.geoserver.filters.ThreadLocalsCleanupFilter.doFilter(ThreadLocalsCleanupFilter.java:28)
	at org.apache.catalina.core.ApplicationFilterChain.internalDoFilter(ApplicationFilterChain.java:178)
	at org.apache.catalina.core.ApplicationFilterChain.doFilter(ApplicationFilterChain.java:153)
	at org.geoserver.filters.SpringDelegatingFilter$Chain.doFilter(SpringDelegatingFilter.java:73)
	at org.geoserver.monitor.MonitorFilter.doFilter(MonitorFilter.java:159)
	at org.geoserver.filters.SpringDelegatingFilter$Chain.doFilter(SpringDelegatingFilter.java:70)
	at org.geoserver.ows.HTTPHeadersCollector.doFilter(HTTPHeadersCollector.java:48)
	at org.geoserver.filters.SpringDelegatingFilter$Chain.doFilter(SpringDelegatingFilter.java:70)
	at org.geoserver.filters.HTTPMethodFilter.doFilter(HTTPMethodFilter.java:36)
	at org.geoserver.filters.SpringDelegatingFilter$Chain.doFilter(SpringDelegatingFilter.java:70)
	at org.geoserver.filters.LoggingFilter.doFilter(LoggingFilter.java:194)
	at org.geoserver.filters.SpringDelegatingFilter$Chain.doFilter(SpringDelegatingFilter.java:70)
	at org.geoserver.flow.controller.IpBlacklistFilter.doFilter(IpBlacklistFilter.java:89)
	at org.geoserver.filters.SpringDelegatingFilter$Chain.doFilter(SpringDelegatingFilter.java:70)
	at org.geoserver.filters.SpringDelegatingFilter.doFilter(SpringDelegatingFilter.java:43)
	at org.apache.catalina.core.ApplicationFilterChain.internalDoFilter(ApplicationFilterChain.java:178)
	at org.apache.catalina.core.ApplicationFilterChain.doFilter(ApplicationFilterChain.java:153)
	at org.geoserver.platform.AdvancedDispatchFilter.doFilter(AdvancedDispatchFilter.java:39)
	at org.apache.catalina.core.ApplicationFilterChain.internalDoFilter(ApplicationFilterChain.java:178)
	at org.apache.catalina.core.ApplicationFilterChain.doFilter(ApplicationFilterChain.java:153)
	at org.springframework.security.web.FilterChainProxy$VirtualFilterChain.doFilter(FilterChainProxy.java:337)
	at org.geoserver.security.filter.GeoServerCompositeFilter$NestedFilterChain.doFilter(GeoServerCompositeFilter.java:71)
	at org.springframework.security.web.access.intercept.FilterSecurityInterceptor.invoke(FilterSecurityInterceptor.java:115)
	at org.springframework.security.web.access.intercept.FilterSecurityInterceptor.doFilter(FilterSecurityInterceptor.java:81)
	at org.geoserver.security.filter.GeoServerCompositeFilter$NestedFilterChain.doFilter(GeoServerCompositeFilter.java:75)
	at org.geoserver.security.filter.GeoServerCompositeFilter.doFilter(GeoServerCompositeFilter.java:92)
	at org.springframework.security.web.FilterChainProxy$VirtualFilterChain.doFilter(FilterChainProxy.java:346)
	at org.geoserver.security.filter.GeoServerCompositeFilter$NestedFilterChain.doFilter(GeoServerCompositeFilter.java:71)
	at org.springframework.security.web.access.ExceptionTranslationFilter.doFilter(ExceptionTranslationFilter.java:122)
	at org.springframework.security.web.access.ExceptionTranslationFilter.doFilter(ExceptionTranslationFilter.java:116)
	at org.geoserver.security.filter.GeoServerCompositeFilter$NestedFilterChain.doFilter(GeoServerCompositeFilter.java:75)
	at org.geoserver.security.filter.GeoServerCompositeFilter.doFilter(GeoServerCompositeFilter.java:92)
	at org.springframework.security.web.FilterChainProxy$VirtualFilterChain.doFilter(FilterChainProxy.java:346)
	at org.geoserver.security.filter.GeoServerAnonymousAuthenticationFilter.doFilter(GeoServerAnonymousAuthenticationFilter.java:53)
	at org.springframework.security.web.FilterChainProxy$VirtualFilterChain.doFilter(FilterChainProxy.java:346)
	at org.geoserver.security.filter.GeoServerCompositeFilter$NestedFilterChain.doFilter(GeoServerCompositeFilter.java:71)
	at org.springframework.security.web.authentication.www.BasicAuthenticationFilter.doFilterInternal(BasicAuthenticationFilter.java:164)
	at org.springframework.web.filter.OncePerRequestFilter.doFilter(OncePerRequestFilter.java:117)
	at org.geoserver.security.filter.GeoServerCompositeFilter$NestedFilterChain.doFilter(GeoServerCompositeFilter.java:75)
	at org.geoserver.security.filter.GeoServerCompositeFilter.doFilter(GeoServerCompositeFilter.java:92)
	at org.geoserver.security.filter.GeoServerBasicAuthenticationFilter.doFilter(GeoServerBasicAuthenticationFilter.java:81)
	at org.springframework.security.web.FilterChainProxy$VirtualFilterChain.doFilter(FilterChainProxy.java:346)
	at org.geoserver.security.filter.GeoServerCompositeFilter$NestedFilterChain.doFilter(GeoServerCompositeFilter.java:71)
	at org.geoserver.security.filter.GeoServerSecurityContextPersistenceFilter$1.doFilterInternal(GeoServerSecurityContextPersistenceFilter.java:72)
	at org.springframework.web.filter.OncePerRequestFilter.doFilter(OncePerRequestFilter.java:117)
	at org.geoserver.security.filter.GeoServerCompositeFilter$NestedFilterChain.doFilter(GeoServerCompositeFilter.java:75)
	at org.geoserver.security.filter.GeoServerCompositeFilter.doFilter(GeoServerCompositeFilter.java:92)
	at org.springframework.security.web.FilterChainProxy$VirtualFilterChain.doFilter(FilterChainProxy.java:346)
	at org.springframework.security.web.FilterChainProxy.doFilterInternal(FilterChainProxy.java:221)
	at org.springframework.security.web.FilterChainProxy.doFilter(FilterChainProxy.java:186)
	at org.geoserver.security.GeoServerSecurityFilterChainProxy.doFilter(GeoServerSecurityFilterChainProxy.java:142)
	at org.springframework.web.filter.DelegatingFilterProxy.invokeDelegate(DelegatingFilterProxy.java:354)
	at org.springframework.web.filter.DelegatingFilterProxy.doFilter(DelegatingFilterProxy.java:267)
	at org.apache.catalina.core.ApplicationFilterChain.internalDoFilter(ApplicationFilterChain.java:178)
	at org.apache.catalina.core.ApplicationFilterChain.doFilter(ApplicationFilterChain.java:153)
	at org.geoserver.filters.XFrameOptionsFilter.doFilter(XFrameOptionsFilter.java:100)
	at org.apache.catalina.core.ApplicationFilterChain.internalDoFilter(ApplicationFilterChain.java:178)
	at org.apache.catalina.core.ApplicationFilterChain.doFilter(ApplicationFilterChain.java:153)
	at org.geoserver.filters.GZIPFilter.doFilter(GZIPFilter.java:48)
	at org.apache.catalina.core.ApplicationFilterChain.internalDoFilter(ApplicationFilterChain.java:178)
	at org.apache.catalina.core.ApplicationFilterChain.doFilter(ApplicationFilterChain.java:153)
	at org.geoserver.filters.SessionDebugFilter.doFilter(SessionDebugFilter.java:49)
	at org.apache.catalina.core.ApplicationFilterChain.internalDoFilter(ApplicationFilterChain.java:178)
	at org.apache.catalina.core.ApplicationFilterChain.doFilter(ApplicationFilterChain.java:153)
	at org.geoserver.filters.FlushSafeFilter.doFilter(FlushSafeFilter.java:42)
	at org.apache.catalina.core.ApplicationFilterChain.internalDoFilter(ApplicationFilterChain.java:178)
	at org.apache.catalina.core.ApplicationFilterChain.doFilter(ApplicationFilterChain.java:153)
	at org.springframework.web.filter.CharacterEncodingFilter.doFilterInternal(CharacterEncodingFilter.java:201)
	at org.springframework.web.filter.OncePerRequestFilter.doFilter(OncePerRequestFilter.java:117)
	at org.apache.catalina.core.ApplicationFilterChain.internalDoFilter(ApplicationFilterChain.java:178)
	at org.apache.catalina.core.ApplicationFilterChain.doFilter(ApplicationFilterChain.java:153)
	at org.apache.catalina.core.StandardWrapperValve.invoke(StandardWrapperValve.java:167)
	at org.apache.catalina.core.StandardContextValve.invoke(StandardContextValve.java:90)
	at org.apache.catalina.authenticator.AuthenticatorBase.invoke(AuthenticatorBase.java:492)
	at org.apache.catalina.core.StandardHostValve.invoke(StandardHostValve.java:130)
	at org.apache.catalina.valves.ErrorReportValve.invoke(ErrorReportValve.java:93)
	at org.apache.catalina.valves.AbstractAccessLogValve.invoke(AbstractAccessLogValve.java:673)
	at org.apache.catalina.core.StandardEngineValve.invoke(StandardEngineValve.java:74)
	at org.apache.catalina.connector.CoyoteAdapter.service(CoyoteAdapter.java:343)
	at org.apache.coyote.http11.Http11Processor.service(Http11Processor.java:389)
	at org.apache.coyote.AbstractProcessorLight.process(AbstractProcessorLight.java:63)
	at org.apache.coyote.AbstractProtocol$ConnectionHandler.process(AbstractProtocol.java:926)
	at org.apache.tomcat.util.net.NioEndpoint$SocketProcessor.doRun(NioEndpoint.java:1791)
	at org.apache.tomcat.util.net.SocketProcessorBase.run(SocketProcessorBase.java:49)
	at org.apache.tomcat.util.threads.ThreadPoolExecutor.runWorker(ThreadPoolExecutor.java:1191)
	at org.apache.tomcat.util.threads.ThreadPoolExecutor$Worker.run(ThreadPoolExecutor.java:659)
	at org.apache.tomcat.util.threads.TaskThread$WrappingRunnable.run(TaskThread.java:61)
	at java.base/java.lang.Thread.run(Thread.java:829)
03 Mar 16:36:50 INFO   [geoserver.wms] - 
Request: getMap
	Angle = 0.0
	BaseUrl = http://localhost:8080/geoserver/
	Bbox = SRSEnvelope[5482348.932230844 : 5489090.8633780675, 7093197.0015948685 : 7096539.758251547]
	BgColor = java.awt.Color[r=255,g=255,b=255]
	Buffer = 0
	Clip = null
	CQLFilter = null
	Crs = PROJCS["WGS 84 / Pseudo-Mercator", 
  GEOGCS["WGS 84", 
    DATUM["World Geodetic System 1984", 
      SPHEROID["WGS 84", 6378137.0, 298.257223563, AUTHORITY["EPSG","7030"]], 
      AUTHORITY["EPSG","6326"]], 
    PRIMEM["Greenwich", 0.0, AUTHORITY["EPSG","8901"]], 
    UNIT["degree", 0.017453292519943295], 
    AXIS["Geodetic latitude", NORTH], 
    AXIS["Geodetic longitude", EAST], 
    AUTHORITY["EPSG","4326"]], 
  PROJECTION["Popular Visualisation Pseudo Mercator", AUTHORITY["EPSG","1024"]], 
  PARAMETER["semi_minor", 6378137.0], 
  PARAMETER["latitude_of_origin", 0.0], 
  PARAMETER["central_meridian", 0.0], 
  PARAMETER["scale_factor", 1.0], 
  PARAMETER["false_easting", 0.0], 
  PARAMETER["false_northing", 0.0], 
  UNIT["m", 1.0], 
  AXIS["Easting", EAST], 
  AXIS["Northing", NORTH], 
  AUTHORITY["EPSG","3857"]]
	Elevation = []
	Env = {}
	Exceptions = SE_XML
	FeatureId = null
	FeatureVersion = null
	Filter = null
	Format = image/png
	FormatOptions = {}
	Get = true
	Height = 948
	Interpolations = []
	Layers = [org.geoserver.wms.MapLayerInfo@c8d248ce]
	MaxFeatures = null
	Palette = null
	RawKvp = {TILED=true, REQUEST=GetMap, FORMAT=image/png, CRS=EPSG:3857, BBOX=5482348.932230844,7093197.0015948685,5489090.8633780675,7096539.758251547, VERSION=1.3.0, STYLES=, SERVICE=WMS, WIDTH=1912, HEIGHT=948, TRANSPARENT=TRUE, LAYERS=gis:roads}
	RemoteOwsType = null
	RemoteOwsURL = null
	Request = GetMap
	RequestCharset = UTF-8
	ScaleMethod = null
	Sld = null
	SldBody = null
	SldVersion = null
	SortBy = null
	SortByArrays = null
	SRS = urn:ogc:def:crs:EPSG::3857
	StartIndex = null
	StyleBody = null
	StyleFormat = sld
	Styles = [StyleImpl[ name=line]]
	StyleUrl = null
	StyleVersion = null
	Tiled = true
	TilesOrigin = null
	Time = []
	Transparent = true
	ValidateSchema = false
	Version = 1.3.0
	ViewParams = null
	Width = 1912
03 Mar 16:36:50 INFO   [geoserver.wms] - 
Request: getMap
	Angle = 0.0
	BaseUrl = http://localhost:8080/geoserver/
	Bbox = SRSEnvelope[5482348.932230844 : 5489090.8633780675, 7093197.0015948685 : 7096539.758251547]
	BgColor = java.awt.Color[r=255,g=255,b=255]
	Buffer = 0
	Clip = null
	CQLFilter = null
	Crs = PROJCS["WGS 84 / Pseudo-Mercator", 
  GEOGCS["WGS 84", 
    DATUM["World Geodetic System 1984", 
      SPHEROID["WGS 84", 6378137.0, 298.257223563, AUTHORITY["EPSG","7030"]], 
      AUTHORITY["EPSG","6326"]], 
    PRIMEM["Greenwich", 0.0, AUTHORITY["EPSG","8901"]], 
    UNIT["degree", 0.017453292519943295], 
    AXIS["Geodetic latitude", NORTH], 
    AXIS["Geodetic longitude", EAST], 
    AUTHORITY["EPSG","4326"]], 
  PROJECTION["Popular Visualisation Pseudo Mercator", AUTHORITY["EPSG","1024"]], 
  PARAMETER["semi_minor", 6378137.0], 
  PARAMETER["latitude_of_origin", 0.0], 
  PARAMETER["central_meridian", 0.0], 
  PARAMETER["scale_factor", 1.0], 
  PARAMETER["false_easting", 0.0], 
  PARAMETER["false_northing", 0.0], 
  UNIT["m", 1.0], 
  AXIS["Easting", EAST], 
  AXIS["Northing", NORTH], 
  AUTHORITY["EPSG","3857"]]
	Elevation = []
	Env = {}
	Exceptions = SE_XML
	FeatureId = null
	FeatureVersion = null
	Filter = null
	Format = image/png
	FormatOptions = {}
	Get = true
	Height = 948
	Interpolations = []
	Layers = [org.geoserver.wms.MapLayerInfo@e4804762]
	MaxFeatures = null
	Palette = null
	RawKvp = {TILED=true, REQUEST=GetMap, FORMAT=image/png, CRS=EPSG:3857, BBOX=5482348.932230844,7093197.0015948685,5489090.8633780675,7096539.758251547, VERSION=1.3.0, STYLES=, SERVICE=WMS, WIDTH=1912, HEIGHT=948, TRANSPARENT=TRUE, LAYERS=gis:buildings}
	RemoteOwsType = null
	RemoteOwsURL = null
	Request = GetMap
	RequestCharset = UTF-8
	ScaleMethod = null
	Sld = null
	SldBody = null
	SldVersion = null
	SortBy = null
	SortByArrays = null
	SRS = urn:ogc:def:crs:EPSG::3857
	StartIndex = null
	StyleBody = null
	StyleFormat = sld
	Styles = [StyleImpl[ name=polygon]]
	StyleUrl = null
	StyleVersion = null
	Tiled = true
	TilesOrigin = null
	Time = []
	Transparent = true
	ValidateSchema = false
	Version = 1.3.0
	ViewParams = null
	Width = 1912
03 Mar 16:36:50 INFO   [geoserver.flow] - releasing flow controllers for [WMS 1.3.0 GetMap]
03 Mar 16:36:50 INFO   [geoserver.flow] - Request completed, running requests: 1, blocked requests: 0
03 Mar 16:36:50 INFO   [geoserver.flow] - releasing flow controllers for [WMS 1.3.0 GetMap]
03 Mar 16:36:50 INFO   [geoserver.flow] - Request completed, running requests: 0, blocked requests: 0
03 Mar 16:36:51 INFO   [geoserver.wms] - 
Request: getServiceInfo
03 Mar 16:36:51 INFO   [geoserver.wms] - 
Request: getServiceInfo
03 Mar 16:36:51 INFO   [geoserver.wms] - 
Request: getServiceInfo
03 Mar 16:36:51 INFO   [geoserver.flow] - Request [WMS 1.3.0 GetMap] starting, processing through flow controllers
03 Mar 16:36:51 ERROR  [geoserver.ows] - 
org.geoserver.platform.ServiceException: Could not find layer gis:poi
	at org.geoserver.wms.map.GetMapKvpRequestReader.parseLayers(GetMapKvpRequestReader.java:1546)
	at org.geoserver.wms.map.GetMapKvpRequestReader.read(GetMapKvpRequestReader.java:361)
	at org.geoserver.wms.map.GetMapKvpRequestReader.read(GetMapKvpRequestReader.java:107)
	at org.geoserver.ows.Dispatcher.parseRequestKVP(Dispatcher.java:1509)
	at org.geoserver.ows.Dispatcher.dispatch(Dispatcher.java:682)
	at org.geoserver.ows.Dispatcher.handleRequestInternal(Dispatcher.java:258)
	at org.springframework.web.servlet.mvc.AbstractController.handleRequest(AbstractController.java:177)
	at org.springframework.web.servlet.mvc.SimpleControllerHandlerAdapter.handle(SimpleControllerHandlerAdapter.java:51)
	at org.springframework.web.servlet.DispatcherServlet.doDispatch(DispatcherServlet.java:1072)
	at org.springframework.web.servlet.DispatcherServlet.doService(DispatcherServlet.java:965)
	at org.springframework.web.servlet.FrameworkServlet.processRequest(FrameworkServlet.java:1006)
	at org.springframework.web.servlet.FrameworkServlet.doGet(FrameworkServlet.java:898)
	at javax.servlet.http.HttpServlet.service(HttpServlet.java:502)
	at org.springframework.web.servlet.FrameworkServlet.service(FrameworkServlet.java:883)
	at javax.servlet.http.HttpServlet.service(HttpServlet.java:596)
	at org.apache.catalina.core.ApplicationFilterChain.internalDoFilter(ApplicationFilterChain.java:209)
	at org.apache.catalina.core.ApplicationFilterChain.doFilter(ApplicationFilterChain.java:153)
	at org.apache.tomcat.websocket.server.WsFilter.doFilter(WsFilter.java:53)
	at org.apache.catalina.core.ApplicationFilterChain.internalDoFilter(ApplicationFilterChain.java:178)
	at org.apache.catalina.core.ApplicationFilterChain.doFilter(ApplicationFilterChain.java:153)
	at org.apache.catalina.filters.CorsFilter.handleNonCORS(CorsFilter.java:328)
	at org.apache.catalina.filters.CorsFilter.doFilter(CorsFilter.java:158)
	at org.apache.catalina.core.ApplicationFilterChain.internalDoFilter(ApplicationFilterChain.java:178)
	at org.apache.catalina.core.ApplicationFilterChain.doFilter(ApplicationFilterChain.java:153)
	at org.apache.catalina.filters.HttpHeaderSecurityFilter.doFilter(HttpHeaderSecurityFilter.java:126)
	at org.apache.catalina.core.ApplicationFilterChain.internalDoFilter(ApplicationFilterChain.java:178)
	at org.apache.catalina.core.ApplicationFilterChain.doFilter(ApplicationFilterChain.java:153)
	at org.geoserver.filters.ThreadLocalsCleanupFilter.doFilter(ThreadLocalsCleanupFilter.java:28)
	at org.apache.catalina.core.ApplicationFilterChain.internalDoFilter(ApplicationFilterChain.java:178)
	at org.apache.catalina.core.ApplicationFilterChain.doFilter(ApplicationFilterChain.java:153)
	at org.geoserver.filters.SpringDelegatingFilter$Chain.doFilter(SpringDelegatingFilter.java:73)
	at org.geoserver.monitor.MonitorFilter.doFilter(MonitorFilter.java:159)
	at org.geoserver.filters.SpringDelegatingFilter$Chain.doFilter(SpringDelegatingFilter.java:70)
	at org.geoserver.ows.HTTPHeadersCollector.doFilter(HTTPHeadersCollector.java:48)
	at org.geoserver.filters.SpringDelegatingFilter$Chain.doFilter(SpringDelegatingFilter.java:70)
	at org.geoserver.filters.HTTPMethodFilter.doFilter(HTTPMethodFilter.java:36)
	at org.geoserver.filters.SpringDelegatingFilter$Chain.doFilter(SpringDelegatingFilter.java:70)
	at org.geoserver.filters.LoggingFilter.doFilter(LoggingFilter.java:194)
	at org.geoserver.filters.SpringDelegatingFilter$Chain.doFilter(SpringDelegatingFilter.java:70)
	at org.geoserver.flow.controller.IpBlacklistFilter.doFilter(IpBlacklistFilter.java:89)
	at org.geoserver.filters.SpringDelegatingFilter$Chain.doFilter(SpringDelegatingFilter.java:70)
	at org.geoserver.filters.SpringDelegatingFilter.doFilter(SpringDelegatingFilter.java:43)
	at org.apache.catalina.core.ApplicationFilterChain.internalDoFilter(ApplicationFilterChain.java:178)
	at org.apache.catalina.core.ApplicationFilterChain.doFilter(ApplicationFilterChain.java:153)
	at org.geoserver.platform.AdvancedDispatchFilter.doFilter(AdvancedDispatchFilter.java:39)
	at org.apache.catalina.core.ApplicationFilterChain.internalDoFilter(ApplicationFilterChain.java:178)
	at org.apache.catalina.core.ApplicationFilterChain.doFilter(ApplicationFilterChain.java:153)
	at org.springframework.security.web.FilterChainProxy$VirtualFilterChain.doFilter(FilterChainProxy.java:337)
	at org.geoserver.security.filter.GeoServerCompositeFilter$NestedFilterChain.doFilter(GeoServerCompositeFilter.java:71)
	at org.springframework.security.web.access.intercept.FilterSecurityInterceptor.invoke(FilterSecurityInterceptor.java:115)
	at org.springframework.security.web.access.intercept.FilterSecurityInterceptor.doFilter(FilterSecurityInterceptor.java:81)
	at org.geoserver.security.filter.GeoServerCompositeFilter$NestedFilterChain.doFilter(GeoServerCompositeFilter.java:75)
	at org.geoserver.security.filter.GeoServerCompositeFilter.doFilter(GeoServerCompositeFilter.java:92)
	at org.springframework.security.web.FilterChainProxy$VirtualFilterChain.doFilter(FilterChainProxy.java:346)
	at org.geoserver.security.filter.GeoServerCompositeFilter$NestedFilterChain.doFilter(GeoServerCompositeFilter.java:71)
	at org.springframework.security.web.access.ExceptionTranslationFilter.doFilter(ExceptionTranslationFilter.java:122)
	at org.springframework.security.web.access.ExceptionTranslationFilter.doFilter(ExceptionTranslationFilter.java:116)
	at org.geoserver.security.filter.GeoServerCompositeFilter$NestedFilterChain.doFilter(GeoServerCompositeFilter.java:75)
	at org.geoserver.security.filter.GeoServerCompositeFilter.doFilter(GeoServerCompositeFilter.java:92)
	at org.springframework.security.web.FilterChainProxy$VirtualFilterChain.doFilter(FilterChainProxy.java:346)
	at org.geoserver.security.filter.GeoServerAnonymousAuthenticationFilter.doFilter(GeoServerAnonymousAuthenticationFilter.java:53)
	at org.springframework.security.web.FilterChainProxy$VirtualFilterChain.doFilter(FilterChainProxy.java:346)
	at org.geoserver.security.filter.GeoServerCompositeFilter$NestedFilterChain.doFilter(GeoServerCompositeFilter.java:71)
	at org.springframework.security.web.authentication.www.BasicAuthenticationFilter.doFilterInternal(BasicAuthenticationFilter.java:164)
	at org.springframework.web.filter.OncePerRequestFilter.doFilter(OncePerRequestFilter.java:117)
	at org.geoserver.security.filter.GeoServerCompositeFilter$NestedFilterChain.doFilter(GeoServerCompositeFilter.java:75)
	at org.geoserver.security.filter.GeoServerCompositeFilter.doFilter(GeoServerCompositeFilter.java:92)
	at org.geoserver.security.filter.GeoServerBasicAuthenticationFilter.doFilter(GeoServerBasicAuthenticationFilter.java:81)
	at org.springframework.security.web.FilterChainProxy$VirtualFilterChain.doFilter(FilterChainProxy.java:346)
	at org.geoserver.security.filter.GeoServerCompositeFilter$NestedFilterChain.doFilter(GeoServerCompositeFilter.java:71)
	at org.geoserver.security.filter.GeoServerSecurityContextPersistenceFilter$1.doFilterInternal(GeoServerSecurityContextPersistenceFilter.java:72)
	at org.springframework.web.filter.OncePerRequestFilter.doFilter(OncePerRequestFilter.java:117)
	at org.geoserver.security.filter.GeoServerCompositeFilter$NestedFilterChain.doFilter(GeoServerCompositeFilter.java:75)
	at org.geoserver.security.filter.GeoServerCompositeFilter.doFilter(GeoServerCompositeFilter.java:92)
	at org.springframework.security.web.FilterChainProxy$VirtualFilterChain.doFilter(FilterChainProxy.java:346)
	at org.springframework.security.web.FilterChainProxy.doFilterInternal(FilterChainProxy.java:221)
	at org.springframework.security.web.FilterChainProxy.doFilter(FilterChainProxy.java:186)
	at org.geoserver.security.GeoServerSecurityFilterChainProxy.doFilter(GeoServerSecurityFilterChainProxy.java:142)
	at org.springframework.web.filter.DelegatingFilterProxy.invokeDelegate(DelegatingFilterProxy.java:354)
	at org.springframework.web.filter.DelegatingFilterProxy.doFilter(DelegatingFilterProxy.java:267)
	at org.apache.catalina.core.ApplicationFilterChain.internalDoFilter(ApplicationFilterChain.java:178)
	at org.apache.catalina.core.ApplicationFilterChain.doFilter(ApplicationFilterChain.java:153)
	at org.geoserver.filters.XFrameOptionsFilter.doFilter(XFrameOptionsFilter.java:100)
	at org.apache.catalina.core.ApplicationFilterChain.internalDoFilter(ApplicationFilterChain.java:178)
	at org.apache.catalina.core.ApplicationFilterChain.doFilter(ApplicationFilterChain.java:153)
	at org.geoserver.filters.GZIPFilter.doFilter(GZIPFilter.java:48)
	at org.apache.catalina.core.ApplicationFilterChain.internalDoFilter(ApplicationFilterChain.java:178)
	at org.apache.catalina.core.ApplicationFilterChain.doFilter(ApplicationFilterChain.java:153)
	at org.geoserver.filters.SessionDebugFilter.doFilter(SessionDebugFilter.java:49)
	at org.apache.catalina.core.ApplicationFilterChain.internalDoFilter(ApplicationFilterChain.java:178)
	at org.apache.catalina.core.ApplicationFilterChain.doFilter(ApplicationFilterChain.java:153)
	at org.geoserver.filters.FlushSafeFilter.doFilter(FlushSafeFilter.java:42)
	at org.apache.catalina.core.ApplicationFilterChain.internalDoFilter(ApplicationFilterChain.java:178)
	at org.apache.catalina.core.ApplicationFilterChain.doFilter(ApplicationFilterChain.java:153)
	at org.springframework.web.filter.CharacterEncodingFilter.doFilterInternal(CharacterEncodingFilter.java:201)
	at org.springframework.web.filter.OncePerRequestFilter.doFilter(OncePerRequestFilter.java:117)
	at org.apache.catalina.core.ApplicationFilterChain.internalDoFilter(ApplicationFilterChain.java:178)
	at org.apache.catalina.core.ApplicationFilterChain.doFilter(ApplicationFilterChain.java:153)
	at org.apache.catalina.core.StandardWrapperValve.invoke(StandardWrapperValve.java:167)
	at org.apache.catalina.core.StandardContextValve.invoke(StandardContextValve.java:90)
	at org.apache.catalina.authenticator.AuthenticatorBase.invoke(AuthenticatorBase.java:492)
	at org.apache.catalina.core.StandardHostValve.invoke(StandardHostValve.java:130)
	at org.apache.catalina.valves.ErrorReportValve.invoke(ErrorReportValve.java:93)
	at org.apache.catalina.valves.AbstractAccessLogValve.invoke(AbstractAccessLogValve.java:673)
	at org.apache.catalina.core.StandardEngineValve.invoke(StandardEngineValve.java:74)
	at org.apache.catalina.connector.CoyoteAdapter.service(CoyoteAdapter.java:343)
	at org.apache.coyote.http11.Http11Processor.service(Http11Processor.java:389)
	at org.apache.coyote.AbstractProcessorLight.process(AbstractProcessorLight.java:63)
	at org.apache.coyote.AbstractProtocol$ConnectionHandler.process(AbstractProtocol.java:926)
	at org.apache.tomcat.util.net.NioEndpoint$SocketProcessor.doRun(NioEndpoint.java:1791)
	at org.apache.tomcat.util.net.SocketProcessorBase.run(SocketProcessorBase.java:49)
	at org.apache.tomcat.util.threads.ThreadPoolExecutor.runWorker(ThreadPoolExecutor.java:1191)
	at org.apache.tomcat.util.threads.ThreadPoolExecutor$Worker.run(ThreadPoolExecutor.java:659)
	at org.apache.tomcat.util.threads.TaskThread$WrappingRunnable.run(TaskThread.java:61)
	at java.base/java.lang.Thread.run(Thread.java:829)
03 Mar 16:36:51 INFO   [geoserver.flow] - Request control-flow performed, running requests: 1, blocked requests: 1
03 Mar 16:36:51 INFO   [geoserver.flow] - Request [WMS 1.3.0 GetMap] starting, processing through flow controllers
03 Mar 16:36:51 INFO   [geoserver.flow] - Request control-flow performed, running requests: 2, blocked requests: 0
03 Mar 16:36:51 INFO   [geoserver.wms] - 
Request: getMap
	Angle = 0.0
	BaseUrl = http://localhost:8080/geoserver/
	Bbox = SRSEnvelope[5480552.919397329 : 5493037.286226294, 7091641.258036742 : 7097831.205606751]
	BgColor = java.awt.Color[r=255,g=255,b=255]
	Buffer = 0
	Clip = null
	CQLFilter = null
	Crs = PROJCS["WGS 84 / Pseudo-Mercator", 
  GEOGCS["WGS 84", 
    DATUM["World Geodetic System 1984", 
      SPHEROID["WGS 84", 6378137.0, 298.257223563, AUTHORITY["EPSG","7030"]], 
      AUTHORITY["EPSG","6326"]], 
    PRIMEM["Greenwich", 0.0, AUTHORITY["EPSG","8901"]], 
    UNIT["degree", 0.017453292519943295], 
    AXIS["Geodetic latitude", NORTH], 
    AXIS["Geodetic longitude", EAST], 
    AUTHORITY["EPSG","4326"]], 
  PROJECTION["Popular Visualisation Pseudo Mercator", AUTHORITY["EPSG","1024"]], 
  PARAMETER["semi_minor", 6378137.0], 
  PARAMETER["latitude_of_origin", 0.0], 
  PARAMETER["central_meridian", 0.0], 
  PARAMETER["scale_factor", 1.0], 
  PARAMETER["false_easting", 0.0], 
  PARAMETER["false_northing", 0.0], 
  UNIT["m", 1.0], 
  AXIS["Easting", EAST], 
  AXIS["Northing", NORTH], 
  AUTHORITY["EPSG","3857"]]
	Elevation = []
	Env = {}
	Exceptions = SE_XML
	FeatureId = null
	FeatureVersion = null
	Filter = null
	Format = image/png
	FormatOptions = {}
	Get = true
	Height = 948
	Interpolations = []
	Layers = [org.geoserver.wms.MapLayerInfo@c8d248ce]
	MaxFeatures = null
	Palette = null
	RawKvp = {TILED=true, REQUEST=GetMap, FORMAT=image/png, CRS=EPSG:3857, BBOX=5480552.919397329,7091641.258036742,5493037.286226294,7097831.205606751, VERSION=1.3.0, STYLES=, SERVICE=WMS, WIDTH=1912, HEIGHT=948, TRANSPARENT=TRUE, LAYERS=gis:roads}
	RemoteOwsType = null
	RemoteOwsURL = null
	Request = GetMap
	RequestCharset = UTF-8
	ScaleMethod = null
	Sld = null
	SldBody = null
	SldVersion = null
	SortBy = null
	SortByArrays = null
	SRS = urn:ogc:def:crs:EPSG::3857
	StartIndex = null
	StyleBody = null
	StyleFormat = sld
	Styles = [StyleImpl[ name=line]]
	StyleUrl = null
	StyleVersion = null
	Tiled = true
	TilesOrigin = null
	Time = []
	Transparent = true
	ValidateSchema = false
	Version = 1.3.0
	ViewParams = null
	Width = 1912
03 Mar 16:36:51 INFO   [geoserver.wms] - 
Request: getMap
	Angle = 0.0
	BaseUrl = http://localhost:8080/geoserver/
	Bbox = SRSEnvelope[5480552.919397329 : 5493037.286226294, 7091641.258036742 : 7097831.205606751]
	BgColor = java.awt.Color[r=255,g=255,b=255]
	Buffer = 0
	Clip = null
	CQLFilter = null
	Crs = PROJCS["WGS 84 / Pseudo-Mercator", 
  GEOGCS["WGS 84", 
    DATUM["World Geodetic System 1984", 
      SPHEROID["WGS 84", 6378137.0, 298.257223563, AUTHORITY["EPSG","7030"]], 
      AUTHORITY["EPSG","6326"]], 
    PRIMEM["Greenwich", 0.0, AUTHORITY["EPSG","8901"]], 
    UNIT["degree", 0.017453292519943295], 
    AXIS["Geodetic latitude", NORTH], 
    AXIS["Geodetic longitude", EAST], 
    AUTHORITY["EPSG","4326"]], 
  PROJECTION["Popular Visualisation Pseudo Mercator", AUTHORITY["EPSG","1024"]], 
  PARAMETER["semi_minor", 6378137.0], 
  PARAMETER["latitude_of_origin", 0.0], 
  PARAMETER["central_meridian", 0.0], 
  PARAMETER["scale_factor", 1.0], 
  PARAMETER["false_easting", 0.0], 
  PARAMETER["false_northing", 0.0], 
  UNIT["m", 1.0], 
  AXIS["Easting", EAST], 
  AXIS["Northing", NORTH], 
  AUTHORITY["EPSG","3857"]]
	Elevation = []
	Env = {}
	Exceptions = SE_XML
	FeatureId = null
	FeatureVersion = null
	Filter = null
	Format = image/png
	FormatOptions = {}
	Get = true
	Height = 948
	Interpolations = []
	Layers = [org.geoserver.wms.MapLayerInfo@e4804762]
	MaxFeatures = null
	Palette = null
	RawKvp = {TILED=true, REQUEST=GetMap, FORMAT=image/png, CRS=EPSG:3857, BBOX=5480552.919397329,7091641.258036742,5493037.286226294,7097831.205606751, VERSION=1.3.0, STYLES=, SERVICE=WMS, WIDTH=1912, HEIGHT=948, TRANSPARENT=TRUE, LAYERS=gis:buildings}
	RemoteOwsType = null
	RemoteOwsURL = null
	Request = GetMap
	RequestCharset = UTF-8
	ScaleMethod = null
	Sld = null
	SldBody = null
	SldVersion = null
	SortBy = null
	SortByArrays = null
	SRS = urn:ogc:def:crs:EPSG::3857
	StartIndex = null
	StyleBody = null
	StyleFormat = sld
	Styles = [StyleImpl[ name=polygon]]
	StyleUrl = null
	StyleVersion = null
	Tiled = true
	TilesOrigin = null
	Time = []
	Transparent = true
	ValidateSchema = false
	Version = 1.3.0
	ViewParams = null
	Width = 1912
03 Mar 16:36:52 INFO   [geoserver.flow] - releasing flow controllers for [WMS 1.3.0 GetMap]
03 Mar 16:36:52 INFO   [geoserver.flow] - Request completed, running requests: 1, blocked requests: 0
03 Mar 16:36:52 INFO   [geoserver.flow] - releasing flow controllers for [WMS 1.3.0 GetMap]
03 Mar 16:36:52 INFO   [geoserver.flow] - Request completed, running requests: 0, blocked requests: 0
03 Mar 16:36:53 INFO   [geoserver.wms] - 
Request: getServiceInfo
03 Mar 16:36:53 INFO   [geoserver.wms] - 
Request: getServiceInfo
03 Mar 16:36:53 INFO   [geoserver.flow] - Request [WMS 1.3.0 GetMap] starting, processing through flow controllers
03 Mar 16:36:53 INFO   [geoserver.wms] - 
Request: getServiceInfo
03 Mar 16:36:53 INFO   [geoserver.flow] - Request control-flow performed, running requests: 1, blocked requests: 1
03 Mar 16:36:53 INFO   [geoserver.flow] - Request [WMS 1.3.0 GetMap] starting, processing through flow controllers
03 Mar 16:36:53 INFO   [geoserver.flow] - Request control-flow performed, running requests: 2, blocked requests: 0
03 Mar 16:36:53 ERROR  [geoserver.ows] - 
org.geoserver.platform.ServiceException: Could not find layer gis:poi
	at org.geoserver.wms.map.GetMapKvpRequestReader.parseLayers(GetMapKvpRequestReader.java:1546)
	at org.geoserver.wms.map.GetMapKvpRequestReader.read(GetMapKvpRequestReader.java:361)
	at org.geoserver.wms.map.GetMapKvpRequestReader.read(GetMapKvpRequestReader.java:107)
	at org.geoserver.ows.Dispatcher.parseRequestKVP(Dispatcher.java:1509)
	at org.geoserver.ows.Dispatcher.dispatch(Dispatcher.java:682)
	at org.geoserver.ows.Dispatcher.handleRequestInternal(Dispatcher.java:258)
	at org.springframework.web.servlet.mvc.AbstractController.handleRequest(AbstractController.java:177)
	at org.springframework.web.servlet.mvc.SimpleControllerHandlerAdapter.handle(SimpleControllerHandlerAdapter.java:51)
	at org.springframework.web.servlet.DispatcherServlet.doDispatch(DispatcherServlet.java:1072)
	at org.springframework.web.servlet.DispatcherServlet.doService(DispatcherServlet.java:965)
	at org.springframework.web.servlet.FrameworkServlet.processRequest(FrameworkServlet.java:1006)
	at org.springframework.web.servlet.FrameworkServlet.doGet(FrameworkServlet.java:898)
	at javax.servlet.http.HttpServlet.service(HttpServlet.java:502)
	at org.springframework.web.servlet.FrameworkServlet.service(FrameworkServlet.java:883)
	at javax.servlet.http.HttpServlet.service(HttpServlet.java:596)
	at org.apache.catalina.core.ApplicationFilterChain.internalDoFilter(ApplicationFilterChain.java:209)
	at org.apache.catalina.core.ApplicationFilterChain.doFilter(ApplicationFilterChain.java:153)
	at org.apache.tomcat.websocket.server.WsFilter.doFilter(WsFilter.java:53)
	at org.apache.catalina.core.ApplicationFilterChain.internalDoFilter(ApplicationFilterChain.java:178)
	at org.apache.catalina.core.ApplicationFilterChain.doFilter(ApplicationFilterChain.java:153)
	at org.apache.catalina.filters.CorsFilter.handleNonCORS(CorsFilter.java:328)
	at org.apache.catalina.filters.CorsFilter.doFilter(CorsFilter.java:158)
	at org.apache.catalina.core.ApplicationFilterChain.internalDoFilter(ApplicationFilterChain.java:178)
	at org.apache.catalina.core.ApplicationFilterChain.doFilter(ApplicationFilterChain.java:153)
	at org.apache.catalina.filters.HttpHeaderSecurityFilter.doFilter(HttpHeaderSecurityFilter.java:126)
	at org.apache.catalina.core.ApplicationFilterChain.internalDoFilter(ApplicationFilterChain.java:178)
	at org.apache.catalina.core.ApplicationFilterChain.doFilter(ApplicationFilterChain.java:153)
	at org.geoserver.filters.ThreadLocalsCleanupFilter.doFilter(ThreadLocalsCleanupFilter.java:28)
	at org.apache.catalina.core.ApplicationFilterChain.internalDoFilter(ApplicationFilterChain.java:178)
	at org.apache.catalina.core.ApplicationFilterChain.doFilter(ApplicationFilterChain.java:153)
	at org.geoserver.filters.SpringDelegatingFilter$Chain.doFilter(SpringDelegatingFilter.java:73)
	at org.geoserver.monitor.MonitorFilter.doFilter(MonitorFilter.java:159)
	at org.geoserver.filters.SpringDelegatingFilter$Chain.doFilter(SpringDelegatingFilter.java:70)
	at org.geoserver.ows.HTTPHeadersCollector.doFilter(HTTPHeadersCollector.java:48)
	at org.geoserver.filters.SpringDelegatingFilter$Chain.doFilter(SpringDelegatingFilter.java:70)
	at org.geoserver.filters.HTTPMethodFilter.doFilter(HTTPMethodFilter.java:36)
	at org.geoserver.filters.SpringDelegatingFilter$Chain.doFilter(SpringDelegatingFilter.java:70)
	at org.geoserver.filters.LoggingFilter.doFilter(LoggingFilter.java:194)
	at org.geoserver.filters.SpringDelegatingFilter$Chain.doFilter(SpringDelegatingFilter.java:70)
	at org.geoserver.flow.controller.IpBlacklistFilter.doFilter(IpBlacklistFilter.java:89)
	at org.geoserver.filters.SpringDelegatingFilter$Chain.doFilter(SpringDelegatingFilter.java:70)
	at org.geoserver.filters.SpringDelegatingFilter.doFilter(SpringDelegatingFilter.java:43)
	at org.apache.catalina.core.ApplicationFilterChain.internalDoFilter(ApplicationFilterChain.java:178)
	at org.apache.catalina.core.ApplicationFilterChain.doFilter(ApplicationFilterChain.java:153)
	at org.geoserver.platform.AdvancedDispatchFilter.doFilter(AdvancedDispatchFilter.java:39)
	at org.apache.catalina.core.ApplicationFilterChain.internalDoFilter(ApplicationFilterChain.java:178)
	at org.apache.catalina.core.ApplicationFilterChain.doFilter(ApplicationFilterChain.java:153)
	at org.springframework.security.web.FilterChainProxy$VirtualFilterChain.doFilter(FilterChainProxy.java:337)
	at org.geoserver.security.filter.GeoServerCompositeFilter$NestedFilterChain.doFilter(GeoServerCompositeFilter.java:71)
	at org.springframework.security.web.access.intercept.FilterSecurityInterceptor.invoke(FilterSecurityInterceptor.java:115)
	at org.springframework.security.web.access.intercept.FilterSecurityInterceptor.doFilter(FilterSecurityInterceptor.java:81)
	at org.geoserver.security.filter.GeoServerCompositeFilter$NestedFilterChain.doFilter(GeoServerCompositeFilter.java:75)
	at org.geoserver.security.filter.GeoServerCompositeFilter.doFilter(GeoServerCompositeFilter.java:92)
	at org.springframework.security.web.FilterChainProxy$VirtualFilterChain.doFilter(FilterChainProxy.java:346)
	at org.geoserver.security.filter.GeoServerCompositeFilter$NestedFilterChain.doFilter(GeoServerCompositeFilter.java:71)
	at org.springframework.security.web.access.ExceptionTranslationFilter.doFilter(ExceptionTranslationFilter.java:122)
	at org.springframework.security.web.access.ExceptionTranslationFilter.doFilter(ExceptionTranslationFilter.java:116)
	at org.geoserver.security.filter.GeoServerCompositeFilter$NestedFilterChain.doFilter(GeoServerCompositeFilter.java:75)
	at org.geoserver.security.filter.GeoServerCompositeFilter.doFilter(GeoServerCompositeFilter.java:92)
	at org.springframework.security.web.FilterChainProxy$VirtualFilterChain.doFilter(FilterChainProxy.java:346)
	at org.geoserver.security.filter.GeoServerAnonymousAuthenticationFilter.doFilter(GeoServerAnonymousAuthenticationFilter.java:53)
	at org.springframework.security.web.FilterChainProxy$VirtualFilterChain.doFilter(FilterChainProxy.java:346)
	at org.geoserver.security.filter.GeoServerCompositeFilter$NestedFilterChain.doFilter(GeoServerCompositeFilter.java:71)
	at org.springframework.security.web.authentication.www.BasicAuthenticationFilter.doFilterInternal(BasicAuthenticationFilter.java:164)
	at org.springframework.web.filter.OncePerRequestFilter.doFilter(OncePerRequestFilter.java:117)
	at org.geoserver.security.filter.GeoServerCompositeFilter$NestedFilterChain.doFilter(GeoServerCompositeFilter.java:75)
	at org.geoserver.security.filter.GeoServerCompositeFilter.doFilter(GeoServerCompositeFilter.java:92)
	at org.geoserver.security.filter.GeoServerBasicAuthenticationFilter.doFilter(GeoServerBasicAuthenticationFilter.java:81)
	at org.springframework.security.web.FilterChainProxy$VirtualFilterChain.doFilter(FilterChainProxy.java:346)
	at org.geoserver.security.filter.GeoServerCompositeFilter$NestedFilterChain.doFilter(GeoServerCompositeFilter.java:71)
	at org.geoserver.security.filter.GeoServerSecurityContextPersistenceFilter$1.doFilterInternal(GeoServerSecurityContextPersistenceFilter.java:72)
	at org.springframework.web.filter.OncePerRequestFilter.doFilter(OncePerRequestFilter.java:117)
	at org.geoserver.security.filter.GeoServerCompositeFilter$NestedFilterChain.doFilter(GeoServerCompositeFilter.java:75)
	at org.geoserver.security.filter.GeoServerCompositeFilter.doFilter(GeoServerCompositeFilter.java:92)
	at org.springframework.security.web.FilterChainProxy$VirtualFilterChain.doFilter(FilterChainProxy.java:346)
	at org.springframework.security.web.FilterChainProxy.doFilterInternal(FilterChainProxy.java:221)
	at org.springframework.security.web.FilterChainProxy.doFilter(FilterChainProxy.java:186)
	at org.geoserver.security.GeoServerSecurityFilterChainProxy.doFilter(GeoServerSecurityFilterChainProxy.java:142)
	at org.springframework.web.filter.DelegatingFilterProxy.invokeDelegate(DelegatingFilterProxy.java:354)
	at org.springframework.web.filter.DelegatingFilterProxy.doFilter(DelegatingFilterProxy.java:267)
	at org.apache.catalina.core.ApplicationFilterChain.internalDoFilter(ApplicationFilterChain.java:178)
	at org.apache.catalina.core.ApplicationFilterChain.doFilter(ApplicationFilterChain.java:153)
	at org.geoserver.filters.XFrameOptionsFilter.doFilter(XFrameOptionsFilter.java:100)
	at org.apache.catalina.core.ApplicationFilterChain.internalDoFilter(ApplicationFilterChain.java:178)
	at org.apache.catalina.core.ApplicationFilterChain.doFilter(ApplicationFilterChain.java:153)
	at org.geoserver.filters.GZIPFilter.doFilter(GZIPFilter.java:48)
	at org.apache.catalina.core.ApplicationFilterChain.internalDoFilter(ApplicationFilterChain.java:178)
	at org.apache.catalina.core.ApplicationFilterChain.doFilter(ApplicationFilterChain.java:153)
	at org.geoserver.filters.SessionDebugFilter.doFilter(SessionDebugFilter.java:49)
	at org.apache.catalina.core.ApplicationFilterChain.internalDoFilter(ApplicationFilterChain.java:178)
	at org.apache.catalina.core.ApplicationFilterChain.doFilter(ApplicationFilterChain.java:153)
	at org.geoserver.filters.FlushSafeFilter.doFilter(FlushSafeFilter.java:42)
	at org.apache.catalina.core.ApplicationFilterChain.internalDoFilter(ApplicationFilterChain.java:178)
	at org.apache.catalina.core.ApplicationFilterChain.doFilter(ApplicationFilterChain.java:153)
	at org.springframework.web.filter.CharacterEncodingFilter.doFilterInternal(CharacterEncodingFilter.java:201)
	at org.springframework.web.filter.OncePerRequestFilter.doFilter(OncePerRequestFilter.java:117)
	at org.apache.catalina.core.ApplicationFilterChain.internalDoFilter(ApplicationFilterChain.java:178)
	at org.apache.catalina.core.ApplicationFilterChain.doFilter(ApplicationFilterChain.java:153)
	at org.apache.catalina.core.StandardWrapperValve.invoke(StandardWrapperValve.java:167)
	at org.apache.catalina.core.StandardContextValve.invoke(StandardContextValve.java:90)
	at org.apache.catalina.authenticator.AuthenticatorBase.invoke(AuthenticatorBase.java:492)
	at org.apache.catalina.core.StandardHostValve.invoke(StandardHostValve.java:130)
	at org.apache.catalina.valves.ErrorReportValve.invoke(ErrorReportValve.java:93)
	at org.apache.catalina.valves.AbstractAccessLogValve.invoke(AbstractAccessLogValve.java:673)
	at org.apache.catalina.core.StandardEngineValve.invoke(StandardEngineValve.java:74)
	at org.apache.catalina.connector.CoyoteAdapter.service(CoyoteAdapter.java:343)
	at org.apache.coyote.http11.Http11Processor.service(Http11Processor.java:389)
	at org.apache.coyote.AbstractProcessorLight.process(AbstractProcessorLight.java:63)
	at org.apache.coyote.AbstractProtocol$ConnectionHandler.process(AbstractProtocol.java:926)
	at org.apache.tomcat.util.net.NioEndpoint$SocketProcessor.doRun(NioEndpoint.java:1791)
	at org.apache.tomcat.util.net.SocketProcessorBase.run(SocketProcessorBase.java:49)
	at org.apache.tomcat.util.threads.ThreadPoolExecutor.runWorker(ThreadPoolExecutor.java:1191)
	at org.apache.tomcat.util.threads.ThreadPoolExecutor$Worker.run(ThreadPoolExecutor.java:659)
	at org.apache.tomcat.util.threads.TaskThread$WrappingRunnable.run(TaskThread.java:61)
	at java.base/java.lang.Thread.run(Thread.java:829)
03 Mar 16:36:53 INFO   [geoserver.wms] - 
Request: getMap
	Angle = 0.0
	BaseUrl = http://localhost:8080/geoserver/
	Bbox = SRSEnvelope[5475928.492300222 : 5488412.859129187, 7092188.628932753 : 7098378.576502762]
	BgColor = java.awt.Color[r=255,g=255,b=255]
	Buffer = 0
	Clip = null
	CQLFilter = null
	Crs = PROJCS["WGS 84 / Pseudo-Mercator", 
  GEOGCS["WGS 84", 
    DATUM["World Geodetic System 1984", 
      SPHEROID["WGS 84", 6378137.0, 298.257223563, AUTHORITY["EPSG","7030"]], 
      AUTHORITY["EPSG","6326"]], 
    PRIMEM["Greenwich", 0.0, AUTHORITY["EPSG","8901"]], 
    UNIT["degree", 0.017453292519943295], 
    AXIS["Geodetic latitude", NORTH], 
    AXIS["Geodetic longitude", EAST], 
    AUTHORITY["EPSG","4326"]], 
  PROJECTION["Popular Visualisation Pseudo Mercator", AUTHORITY["EPSG","1024"]], 
  PARAMETER["semi_minor", 6378137.0], 
  PARAMETER["latitude_of_origin", 0.0], 
  PARAMETER["central_meridian", 0.0], 
  PARAMETER["scale_factor", 1.0], 
  PARAMETER["false_easting", 0.0], 
  PARAMETER["false_northing", 0.0], 
  UNIT["m", 1.0], 
  AXIS["Easting", EAST], 
  AXIS["Northing", NORTH], 
  AUTHORITY["EPSG","3857"]]
	Elevation = []
	Env = {}
	Exceptions = SE_XML
	FeatureId = null
	FeatureVersion = null
	Filter = null
	Format = image/png
	FormatOptions = {}
	Get = true
	Height = 948
	Interpolations = []
	Layers = [org.geoserver.wms.MapLayerInfo@e4804762]
	MaxFeatures = null
	Palette = null
	RawKvp = {TILED=true, REQUEST=GetMap, FORMAT=image/png, CRS=EPSG:3857, BBOX=5475928.492300222,7092188.628932753,5488412.859129187,7098378.576502762, VERSION=1.3.0, STYLES=, SERVICE=WMS, WIDTH=1912, HEIGHT=948, TRANSPARENT=TRUE, LAYERS=gis:buildings}
	RemoteOwsType = null
	RemoteOwsURL = null
	Request = GetMap
	RequestCharset = UTF-8
	ScaleMethod = null
	Sld = null
	SldBody = null
	SldVersion = null
	SortBy = null
	SortByArrays = null
	SRS = urn:ogc:def:crs:EPSG::3857
	StartIndex = null
	StyleBody = null
	StyleFormat = sld
	Styles = [StyleImpl[ name=polygon]]
	StyleUrl = null
	StyleVersion = null
	Tiled = true
	TilesOrigin = null
	Time = []
	Transparent = true
	ValidateSchema = false
	Version = 1.3.0
	ViewParams = null
	Width = 1912
03 Mar 16:36:53 INFO   [geoserver.wms] - 
Request: getMap
	Angle = 0.0
	BaseUrl = http://localhost:8080/geoserver/
	Bbox = SRSEnvelope[5475928.492300222 : 5488412.859129187, 7092188.628932753 : 7098378.576502762]
	BgColor = java.awt.Color[r=255,g=255,b=255]
	Buffer = 0
	Clip = null
	CQLFilter = null
	Crs = PROJCS["WGS 84 / Pseudo-Mercator", 
  GEOGCS["WGS 84", 
    DATUM["World Geodetic System 1984", 
      SPHEROID["WGS 84", 6378137.0, 298.257223563, AUTHORITY["EPSG","7030"]], 
      AUTHORITY["EPSG","6326"]], 
    PRIMEM["Greenwich", 0.0, AUTHORITY["EPSG","8901"]], 
    UNIT["degree", 0.017453292519943295], 
    AXIS["Geodetic latitude", NORTH], 
    AXIS["Geodetic longitude", EAST], 
    AUTHORITY["EPSG","4326"]], 
  PROJECTION["Popular Visualisation Pseudo Mercator", AUTHORITY["EPSG","1024"]], 
  PARAMETER["semi_minor", 6378137.0], 
  PARAMETER["latitude_of_origin", 0.0], 
  PARAMETER["central_meridian", 0.0], 
  PARAMETER["scale_factor", 1.0], 
  PARAMETER["false_easting", 0.0], 
  PARAMETER["false_northing", 0.0], 
  UNIT["m", 1.0], 
  AXIS["Easting", EAST], 
  AXIS["Northing", NORTH], 
  AUTHORITY["EPSG","3857"]]
	Elevation = []
	Env = {}
	Exceptions = SE_XML
	FeatureId = null
	FeatureVersion = null
	Filter = null
	Format = image/png
	FormatOptions = {}
	Get = true
	Height = 948
	Interpolations = []
	Layers = [org.geoserver.wms.MapLayerInfo@c8d248ce]
	MaxFeatures = null
	Palette = null
	RawKvp = {TILED=true, REQUEST=GetMap, FORMAT=image/png, CRS=EPSG:3857, BBOX=5475928.492300222,7092188.628932753,5488412.859129187,7098378.576502762, VERSION=1.3.0, STYLES=, SERVICE=WMS, WIDTH=1912, HEIGHT=948, TRANSPARENT=TRUE, LAYERS=gis:roads}
	RemoteOwsType = null
	RemoteOwsURL = null
	Request = GetMap
	RequestCharset = UTF-8
	ScaleMethod = null
	Sld = null
	SldBody = null
	SldVersion = null
	SortBy = null
	SortByArrays = null
	SRS = urn:ogc:def:crs:EPSG::3857
	StartIndex = null
	StyleBody = null
	StyleFormat = sld
	Styles = [StyleImpl[ name=line]]
	StyleUrl = null
	StyleVersion = null
	Tiled = true
	TilesOrigin = null
	Time = []
	Transparent = true
	ValidateSchema = false
	Version = 1.3.0
	ViewParams = null
	Width = 1912
03 Mar 16:36:53 INFO   [geoserver.flow] - releasing flow controllers for [WMS 1.3.0 GetMap]
03 Mar 16:36:53 INFO   [geoserver.flow] - Request completed, running requests: 1, blocked requests: 0
03 Mar 16:36:53 INFO   [geoserver.flow] - releasing flow controllers for [WMS 1.3.0 GetMap]
03 Mar 16:36:53 INFO   [geoserver.flow] - Request completed, running requests: 0, blocked requests: 0
03 Mar 16:36:54 INFO   [geoserver.wms] - 
Request: getServiceInfo
03 Mar 16:36:54 INFO   [geoserver.wms] - 
Request: getServiceInfo
03 Mar 16:36:54 INFO   [geoserver.wms] - 
Request: getServiceInfo
03 Mar 16:36:54 INFO   [geoserver.flow] - Request [WMS 1.3.0 GetMap] starting, processing through flow controllers
03 Mar 16:36:54 INFO   [geoserver.flow] - Request control-flow performed, running requests: 1, blocked requests: 0
03 Mar 16:36:54 INFO   [geoserver.flow] - Request [WMS 1.3.0 GetMap] starting, processing through flow controllers
03 Mar 16:36:54 INFO   [geoserver.flow] - Request control-flow performed, running requests: 2, blocked requests: 0
03 Mar 16:36:54 ERROR  [geoserver.ows] - 
org.geoserver.platform.ServiceException: Could not find layer gis:poi
	at org.geoserver.wms.map.GetMapKvpRequestReader.parseLayers(GetMapKvpRequestReader.java:1546)
	at org.geoserver.wms.map.GetMapKvpRequestReader.read(GetMapKvpRequestReader.java:361)
	at org.geoserver.wms.map.GetMapKvpRequestReader.read(GetMapKvpRequestReader.java:107)
	at org.geoserver.ows.Dispatcher.parseRequestKVP(Dispatcher.java:1509)
	at org.geoserver.ows.Dispatcher.dispatch(Dispatcher.java:682)
	at org.geoserver.ows.Dispatcher.handleRequestInternal(Dispatcher.java:258)
	at org.springframework.web.servlet.mvc.AbstractController.handleRequest(AbstractController.java:177)
	at org.springframework.web.servlet.mvc.SimpleControllerHandlerAdapter.handle(SimpleControllerHandlerAdapter.java:51)
	at org.springframework.web.servlet.DispatcherServlet.doDispatch(DispatcherServlet.java:1072)
	at org.springframework.web.servlet.DispatcherServlet.doService(DispatcherServlet.java:965)
	at org.springframework.web.servlet.FrameworkServlet.processRequest(FrameworkServlet.java:1006)
	at org.springframework.web.servlet.FrameworkServlet.doGet(FrameworkServlet.java:898)
	at javax.servlet.http.HttpServlet.service(HttpServlet.java:502)
	at org.springframework.web.servlet.FrameworkServlet.service(FrameworkServlet.java:883)
	at javax.servlet.http.HttpServlet.service(HttpServlet.java:596)
	at org.apache.catalina.core.ApplicationFilterChain.internalDoFilter(ApplicationFilterChain.java:209)
	at org.apache.catalina.core.ApplicationFilterChain.doFilter(ApplicationFilterChain.java:153)
	at org.apache.tomcat.websocket.server.WsFilter.doFilter(WsFilter.java:53)
	at org.apache.catalina.core.ApplicationFilterChain.internalDoFilter(ApplicationFilterChain.java:178)
	at org.apache.catalina.core.ApplicationFilterChain.doFilter(ApplicationFilterChain.java:153)
	at org.apache.catalina.filters.CorsFilter.handleNonCORS(CorsFilter.java:328)
	at org.apache.catalina.filters.CorsFilter.doFilter(CorsFilter.java:158)
	at org.apache.catalina.core.ApplicationFilterChain.internalDoFilter(ApplicationFilterChain.java:178)
	at org.apache.catalina.core.ApplicationFilterChain.doFilter(ApplicationFilterChain.java:153)
	at org.apache.catalina.filters.HttpHeaderSecurityFilter.doFilter(HttpHeaderSecurityFilter.java:126)
	at org.apache.catalina.core.ApplicationFilterChain.internalDoFilter(ApplicationFilterChain.java:178)
	at org.apache.catalina.core.ApplicationFilterChain.doFilter(ApplicationFilterChain.java:153)
	at org.geoserver.filters.ThreadLocalsCleanupFilter.doFilter(ThreadLocalsCleanupFilter.java:28)
	at org.apache.catalina.core.ApplicationFilterChain.internalDoFilter(ApplicationFilterChain.java:178)
	at org.apache.catalina.core.ApplicationFilterChain.doFilter(ApplicationFilterChain.java:153)
	at org.geoserver.filters.SpringDelegatingFilter$Chain.doFilter(SpringDelegatingFilter.java:73)
	at org.geoserver.monitor.MonitorFilter.doFilter(MonitorFilter.java:159)
	at org.geoserver.filters.SpringDelegatingFilter$Chain.doFilter(SpringDelegatingFilter.java:70)
	at org.geoserver.ows.HTTPHeadersCollector.doFilter(HTTPHeadersCollector.java:48)
	at org.geoserver.filters.SpringDelegatingFilter$Chain.doFilter(SpringDelegatingFilter.java:70)
	at org.geoserver.filters.HTTPMethodFilter.doFilter(HTTPMethodFilter.java:36)
	at org.geoserver.filters.SpringDelegatingFilter$Chain.doFilter(SpringDelegatingFilter.java:70)
	at org.geoserver.filters.LoggingFilter.doFilter(LoggingFilter.java:194)
	at org.geoserver.filters.SpringDelegatingFilter$Chain.doFilter(SpringDelegatingFilter.java:70)
	at org.geoserver.flow.controller.IpBlacklistFilter.doFilter(IpBlacklistFilter.java:89)
	at org.geoserver.filters.SpringDelegatingFilter$Chain.doFilter(SpringDelegatingFilter.java:70)
	at org.geoserver.filters.SpringDelegatingFilter.doFilter(SpringDelegatingFilter.java:43)
	at org.apache.catalina.core.ApplicationFilterChain.internalDoFilter(ApplicationFilterChain.java:178)
	at org.apache.catalina.core.ApplicationFilterChain.doFilter(ApplicationFilterChain.java:153)
	at org.geoserver.platform.AdvancedDispatchFilter.doFilter(AdvancedDispatchFilter.java:39)
	at org.apache.catalina.core.ApplicationFilterChain.internalDoFilter(ApplicationFilterChain.java:178)
	at org.apache.catalina.core.ApplicationFilterChain.doFilter(ApplicationFilterChain.java:153)
	at org.springframework.security.web.FilterChainProxy$VirtualFilterChain.doFilter(FilterChainProxy.java:337)
	at org.geoserver.security.filter.GeoServerCompositeFilter$NestedFilterChain.doFilter(GeoServerCompositeFilter.java:71)
	at org.springframework.security.web.access.intercept.FilterSecurityInterceptor.invoke(FilterSecurityInterceptor.java:115)
	at org.springframework.security.web.access.intercept.FilterSecurityInterceptor.doFilter(FilterSecurityInterceptor.java:81)
	at org.geoserver.security.filter.GeoServerCompositeFilter$NestedFilterChain.doFilter(GeoServerCompositeFilter.java:75)
	at org.geoserver.security.filter.GeoServerCompositeFilter.doFilter(GeoServerCompositeFilter.java:92)
	at org.springframework.security.web.FilterChainProxy$VirtualFilterChain.doFilter(FilterChainProxy.java:346)
	at org.geoserver.security.filter.GeoServerCompositeFilter$NestedFilterChain.doFilter(GeoServerCompositeFilter.java:71)
	at org.springframework.security.web.access.ExceptionTranslationFilter.doFilter(ExceptionTranslationFilter.java:122)
	at org.springframework.security.web.access.ExceptionTranslationFilter.doFilter(ExceptionTranslationFilter.java:116)
	at org.geoserver.security.filter.GeoServerCompositeFilter$NestedFilterChain.doFilter(GeoServerCompositeFilter.java:75)
	at org.geoserver.security.filter.GeoServerCompositeFilter.doFilter(GeoServerCompositeFilter.java:92)
	at org.springframework.security.web.FilterChainProxy$VirtualFilterChain.doFilter(FilterChainProxy.java:346)
	at org.geoserver.security.filter.GeoServerAnonymousAuthenticationFilter.doFilter(GeoServerAnonymousAuthenticationFilter.java:53)
	at org.springframework.security.web.FilterChainProxy$VirtualFilterChain.doFilter(FilterChainProxy.java:346)
	at org.geoserver.security.filter.GeoServerCompositeFilter$NestedFilterChain.doFilter(GeoServerCompositeFilter.java:71)
	at org.springframework.security.web.authentication.www.BasicAuthenticationFilter.doFilterInternal(BasicAuthenticationFilter.java:164)
	at org.springframework.web.filter.OncePerRequestFilter.doFilter(OncePerRequestFilter.java:117)
	at org.geoserver.security.filter.GeoServerCompositeFilter$NestedFilterChain.doFilter(GeoServerCompositeFilter.java:75)
	at org.geoserver.security.filter.GeoServerCompositeFilter.doFilter(GeoServerCompositeFilter.java:92)
	at org.geoserver.security.filter.GeoServerBasicAuthenticationFilter.doFilter(GeoServerBasicAuthenticationFilter.java:81)
	at org.springframework.security.web.FilterChainProxy$VirtualFilterChain.doFilter(FilterChainProxy.java:346)
	at org.geoserver.security.filter.GeoServerCompositeFilter$NestedFilterChain.doFilter(GeoServerCompositeFilter.java:71)
	at org.geoserver.security.filter.GeoServerSecurityContextPersistenceFilter$1.doFilterInternal(GeoServerSecurityContextPersistenceFilter.java:72)
	at org.springframework.web.filter.OncePerRequestFilter.doFilter(OncePerRequestFilter.java:117)
	at org.geoserver.security.filter.GeoServerCompositeFilter$NestedFilterChain.doFilter(GeoServerCompositeFilter.java:75)
	at org.geoserver.security.filter.GeoServerCompositeFilter.doFilter(GeoServerCompositeFilter.java:92)
	at org.springframework.security.web.FilterChainProxy$VirtualFilterChain.doFilter(FilterChainProxy.java:346)
	at org.springframework.security.web.FilterChainProxy.doFilterInternal(FilterChainProxy.java:221)
	at org.springframework.security.web.FilterChainProxy.doFilter(FilterChainProxy.java:186)
	at org.geoserver.security.GeoServerSecurityFilterChainProxy.doFilter(GeoServerSecurityFilterChainProxy.java:142)
	at org.springframework.web.filter.DelegatingFilterProxy.invokeDelegate(DelegatingFilterProxy.java:354)
	at org.springframework.web.filter.DelegatingFilterProxy.doFilter(DelegatingFilterProxy.java:267)
	at org.apache.catalina.core.ApplicationFilterChain.internalDoFilter(ApplicationFilterChain.java:178)
	at org.apache.catalina.core.ApplicationFilterChain.doFilter(ApplicationFilterChain.java:153)
	at org.geoserver.filters.XFrameOptionsFilter.doFilter(XFrameOptionsFilter.java:100)
	at org.apache.catalina.core.ApplicationFilterChain.internalDoFilter(ApplicationFilterChain.java:178)
	at org.apache.catalina.core.ApplicationFilterChain.doFilter(ApplicationFilterChain.java:153)
	at org.geoserver.filters.GZIPFilter.doFilter(GZIPFilter.java:48)
	at org.apache.catalina.core.ApplicationFilterChain.internalDoFilter(ApplicationFilterChain.java:178)
	at org.apache.catalina.core.ApplicationFilterChain.doFilter(ApplicationFilterChain.java:153)
	at org.geoserver.filters.SessionDebugFilter.doFilter(SessionDebugFilter.java:49)
	at org.apache.catalina.core.ApplicationFilterChain.internalDoFilter(ApplicationFilterChain.java:178)
	at org.apache.catalina.core.ApplicationFilterChain.doFilter(ApplicationFilterChain.java:153)
	at org.geoserver.filters.FlushSafeFilter.doFilter(FlushSafeFilter.java:42)
	at org.apache.catalina.core.ApplicationFilterChain.internalDoFilter(ApplicationFilterChain.java:178)
	at org.apache.catalina.core.ApplicationFilterChain.doFilter(ApplicationFilterChain.java:153)
	at org.springframework.web.filter.CharacterEncodingFilter.doFilterInternal(CharacterEncodingFilter.java:201)
	at org.springframework.web.filter.OncePerRequestFilter.doFilter(OncePerRequestFilter.java:117)
	at org.apache.catalina.core.ApplicationFilterChain.internalDoFilter(ApplicationFilterChain.java:178)
	at org.apache.catalina.core.ApplicationFilterChain.doFilter(ApplicationFilterChain.java:153)
	at org.apache.catalina.core.StandardWrapperValve.invoke(StandardWrapperValve.java:167)
	at org.apache.catalina.core.StandardContextValve.invoke(StandardContextValve.java:90)
	at org.apache.catalina.authenticator.AuthenticatorBase.invoke(AuthenticatorBase.java:492)
	at org.apache.catalina.core.StandardHostValve.invoke(StandardHostValve.java:130)
	at org.apache.catalina.valves.ErrorReportValve.invoke(ErrorReportValve.java:93)
	at org.apache.catalina.valves.AbstractAccessLogValve.invoke(AbstractAccessLogValve.java:673)
	at org.apache.catalina.core.StandardEngineValve.invoke(StandardEngineValve.java:74)
	at org.apache.catalina.connector.CoyoteAdapter.service(CoyoteAdapter.java:343)
	at org.apache.coyote.http11.Http11Processor.service(Http11Processor.java:389)
	at org.apache.coyote.AbstractProcessorLight.process(AbstractProcessorLight.java:63)
	at org.apache.coyote.AbstractProtocol$ConnectionHandler.process(AbstractProtocol.java:926)
	at org.apache.tomcat.util.net.NioEndpoint$SocketProcessor.doRun(NioEndpoint.java:1791)
	at org.apache.tomcat.util.net.SocketProcessorBase.run(SocketProcessorBase.java:49)
	at org.apache.tomcat.util.threads.ThreadPoolExecutor.runWorker(ThreadPoolExecutor.java:1191)
	at org.apache.tomcat.util.threads.ThreadPoolExecutor$Worker.run(ThreadPoolExecutor.java:659)
	at org.apache.tomcat.util.threads.TaskThread$WrappingRunnable.run(TaskThread.java:61)
	at java.base/java.lang.Thread.run(Thread.java:829)
03 Mar 16:36:54 INFO   [geoserver.wms] - 
Request: getMap
	Angle = 0.0
	BaseUrl = http://localhost:8080/geoserver/
	Bbox = SRSEnvelope[5479756.693748481 : 5492241.060577446, 7091237.85940952 : 7097427.80697953]
	BgColor = java.awt.Color[r=255,g=255,b=255]
	Buffer = 0
	Clip = null
	CQLFilter = null
	Crs = PROJCS["WGS 84 / Pseudo-Mercator", 
  GEOGCS["WGS 84", 
    DATUM["World Geodetic System 1984", 
      SPHEROID["WGS 84", 6378137.0, 298.257223563, AUTHORITY["EPSG","7030"]], 
      AUTHORITY["EPSG","6326"]], 
    PRIMEM["Greenwich", 0.0, AUTHORITY["EPSG","8901"]], 
    UNIT["degree", 0.017453292519943295], 
    AXIS["Geodetic latitude", NORTH], 
    AXIS["Geodetic longitude", EAST], 
    AUTHORITY["EPSG","4326"]], 
  PROJECTION["Popular Visualisation Pseudo Mercator", AUTHORITY["EPSG","1024"]], 
  PARAMETER["semi_minor", 6378137.0], 
  PARAMETER["latitude_of_origin", 0.0], 
  PARAMETER["central_meridian", 0.0], 
  PARAMETER["scale_factor", 1.0], 
  PARAMETER["false_easting", 0.0], 
  PARAMETER["false_northing", 0.0], 
  UNIT["m", 1.0], 
  AXIS["Easting", EAST], 
  AXIS["Northing", NORTH], 
  AUTHORITY["EPSG","3857"]]
	Elevation = []
	Env = {}
	Exceptions = SE_XML
	FeatureId = null
	FeatureVersion = null
	Filter = null
	Format = image/png
	FormatOptions = {}
	Get = true
	Height = 948
	Interpolations = []
	Layers = [org.geoserver.wms.MapLayerInfo@e4804762]
	MaxFeatures = null
	Palette = null
	RawKvp = {TILED=true, REQUEST=GetMap, FORMAT=image/png, CRS=EPSG:3857, BBOX=5479756.693748481,7091237.85940952,5492241.060577446,7097427.80697953, VERSION=1.3.0, STYLES=, SERVICE=WMS, WIDTH=1912, HEIGHT=948, TRANSPARENT=TRUE, LAYERS=gis:buildings}
	RemoteOwsType = null
	RemoteOwsURL = null
	Request = GetMap
	RequestCharset = UTF-8
	ScaleMethod = null
	Sld = null
	SldBody = null
	SldVersion = null
	SortBy = null
	SortByArrays = null
	SRS = urn:ogc:def:crs:EPSG::3857
	StartIndex = null
	StyleBody = null
	StyleFormat = sld
	Styles = [StyleImpl[ name=polygon]]
	StyleUrl = null
	StyleVersion = null
	Tiled = true
	TilesOrigin = null
	Time = []
	Transparent = true
	ValidateSchema = false
	Version = 1.3.0
	ViewParams = null
	Width = 1912
03 Mar 16:36:54 INFO   [geoserver.wms] - 
Request: getMap
	Angle = 0.0
	BaseUrl = http://localhost:8080/geoserver/
	Bbox = SRSEnvelope[5479756.693748481 : 5492241.060577446, 7091237.85940952 : 7097427.80697953]
	BgColor = java.awt.Color[r=255,g=255,b=255]
	Buffer = 0
	Clip = null
	CQLFilter = null
	Crs = PROJCS["WGS 84 / Pseudo-Mercator", 
  GEOGCS["WGS 84", 
    DATUM["World Geodetic System 1984", 
      SPHEROID["WGS 84", 6378137.0, 298.257223563, AUTHORITY["EPSG","7030"]], 
      AUTHORITY["EPSG","6326"]], 
    PRIMEM["Greenwich", 0.0, AUTHORITY["EPSG","8901"]], 
    UNIT["degree", 0.017453292519943295], 
    AXIS["Geodetic latitude", NORTH], 
    AXIS["Geodetic longitude", EAST], 
    AUTHORITY["EPSG","4326"]], 
  PROJECTION["Popular Visualisation Pseudo Mercator", AUTHORITY["EPSG","1024"]], 
  PARAMETER["semi_minor", 6378137.0], 
  PARAMETER["latitude_of_origin", 0.0], 
  PARAMETER["central_meridian", 0.0], 
  PARAMETER["scale_factor", 1.0], 
  PARAMETER["false_easting", 0.0], 
  PARAMETER["false_northing", 0.0], 
  UNIT["m", 1.0], 
  AXIS["Easting", EAST], 
  AXIS["Northing", NORTH], 
  AUTHORITY["EPSG","3857"]]
	Elevation = []
	Env = {}
	Exceptions = SE_XML
	FeatureId = null
	FeatureVersion = null
	Filter = null
	Format = image/png
	FormatOptions = {}
	Get = true
	Height = 948
	Interpolations = []
	Layers = [org.geoserver.wms.MapLayerInfo@c8d248ce]
	MaxFeatures = null
	Palette = null
	RawKvp = {TILED=true, REQUEST=GetMap, FORMAT=image/png, CRS=EPSG:3857, BBOX=5479756.693748481,7091237.85940952,5492241.060577446,7097427.80697953, VERSION=1.3.0, STYLES=, SERVICE=WMS, WIDTH=1912, HEIGHT=948, TRANSPARENT=TRUE, LAYERS=gis:roads}
	RemoteOwsType = null
	RemoteOwsURL = null
	Request = GetMap
	RequestCharset = UTF-8
	ScaleMethod = null
	Sld = null
	SldBody = null
	SldVersion = null
	SortBy = null
	SortByArrays = null
	SRS = urn:ogc:def:crs:EPSG::3857
	StartIndex = null
	StyleBody = null
	StyleFormat = sld
	Styles = [StyleImpl[ name=line]]
	StyleUrl = null
	StyleVersion = null
	Tiled = true
	TilesOrigin = null
	Time = []
	Transparent = true
	ValidateSchema = false
	Version = 1.3.0
	ViewParams = null
	Width = 1912
03 Mar 16:36:54 INFO   [geoserver.flow] - releasing flow controllers for [WMS 1.3.0 GetMap]
03 Mar 16:36:54 INFO   [geoserver.flow] - Request completed, running requests: 1, blocked requests: 0
03 Mar 16:36:54 INFO   [geoserver.flow] - releasing flow controllers for [WMS 1.3.0 GetMap]
03 Mar 16:36:54 INFO   [geoserver.flow] - Request completed, running requests: 0, blocked requests: 0
03 Mar 16:36:54 INFO   [geoserver.wms] - 
Request: getServiceInfo
03 Mar 16:36:54 INFO   [geoserver.wms] - 
Request: getServiceInfo
03 Mar 16:36:54 INFO   [geoserver.wms] - 
Request: getServiceInfo
03 Mar 16:36:54 ERROR  [geoserver.ows] - 
org.geoserver.platform.ServiceException: Could not find layer gis:poi
	at org.geoserver.wms.map.GetMapKvpRequestReader.parseLayers(GetMapKvpRequestReader.java:1546)
	at org.geoserver.wms.map.GetMapKvpRequestReader.read(GetMapKvpRequestReader.java:361)
	at org.geoserver.wms.map.GetMapKvpRequestReader.read(GetMapKvpRequestReader.java:107)
	at org.geoserver.ows.Dispatcher.parseRequestKVP(Dispatcher.java:1509)
	at org.geoserver.ows.Dispatcher.dispatch(Dispatcher.java:682)
	at org.geoserver.ows.Dispatcher.handleRequestInternal(Dispatcher.java:258)
	at org.springframework.web.servlet.mvc.AbstractController.handleRequest(AbstractController.java:177)
	at org.springframework.web.servlet.mvc.SimpleControllerHandlerAdapter.handle(SimpleControllerHandlerAdapter.java:51)
	at org.springframework.web.servlet.DispatcherServlet.doDispatch(DispatcherServlet.java:1072)
	at org.springframework.web.servlet.DispatcherServlet.doService(DispatcherServlet.java:965)
	at org.springframework.web.servlet.FrameworkServlet.processRequest(FrameworkServlet.java:1006)
	at org.springframework.web.servlet.FrameworkServlet.doGet(FrameworkServlet.java:898)
	at javax.servlet.http.HttpServlet.service(HttpServlet.java:502)
	at org.springframework.web.servlet.FrameworkServlet.service(FrameworkServlet.java:883)
	at javax.servlet.http.HttpServlet.service(HttpServlet.java:596)
	at org.apache.catalina.core.ApplicationFilterChain.internalDoFilter(ApplicationFilterChain.java:209)
	at org.apache.catalina.core.ApplicationFilterChain.doFilter(ApplicationFilterChain.java:153)
	at org.apache.tomcat.websocket.server.WsFilter.doFilter(WsFilter.java:53)
	at org.apache.catalina.core.ApplicationFilterChain.internalDoFilter(ApplicationFilterChain.java:178)
	at org.apache.catalina.core.ApplicationFilterChain.doFilter(ApplicationFilterChain.java:153)
	at org.apache.catalina.filters.CorsFilter.handleNonCORS(CorsFilter.java:328)
	at org.apache.catalina.filters.CorsFilter.doFilter(CorsFilter.java:158)
	at org.apache.catalina.core.ApplicationFilterChain.internalDoFilter(ApplicationFilterChain.java:178)
	at org.apache.catalina.core.ApplicationFilterChain.doFilter(ApplicationFilterChain.java:153)
	at org.apache.catalina.filters.HttpHeaderSecurityFilter.doFilter(HttpHeaderSecurityFilter.java:126)
	at org.apache.catalina.core.ApplicationFilterChain.internalDoFilter(ApplicationFilterChain.java:178)
	at org.apache.catalina.core.ApplicationFilterChain.doFilter(ApplicationFilterChain.java:153)
	at org.geoserver.filters.ThreadLocalsCleanupFilter.doFilter(ThreadLocalsCleanupFilter.java:28)
	at org.apache.catalina.core.ApplicationFilterChain.internalDoFilter(ApplicationFilterChain.java:178)
	at org.apache.catalina.core.ApplicationFilterChain.doFilter(ApplicationFilterChain.java:153)
	at org.geoserver.filters.SpringDelegatingFilter$Chain.doFilter(SpringDelegatingFilter.java:73)
	at org.geoserver.monitor.MonitorFilter.doFilter(MonitorFilter.java:159)
	at org.geoserver.filters.SpringDelegatingFilter$Chain.doFilter(SpringDelegatingFilter.java:70)
	at org.geoserver.ows.HTTPHeadersCollector.doFilter(HTTPHeadersCollector.java:48)
	at org.geoserver.filters.SpringDelegatingFilter$Chain.doFilter(SpringDelegatingFilter.java:70)
	at org.geoserver.filters.HTTPMethodFilter.doFilter(HTTPMethodFilter.java:36)
	at org.geoserver.filters.SpringDelegatingFilter$Chain.doFilter(SpringDelegatingFilter.java:70)
	at org.geoserver.filters.LoggingFilter.doFilter(LoggingFilter.java:194)
	at org.geoserver.filters.SpringDelegatingFilter$Chain.doFilter(SpringDelegatingFilter.java:70)
	at org.geoserver.flow.controller.IpBlacklistFilter.doFilter(IpBlacklistFilter.java:89)
	at org.geoserver.filters.SpringDelegatingFilter$Chain.doFilter(SpringDelegatingFilter.java:70)
	at org.geoserver.filters.SpringDelegatingFilter.doFilter(SpringDelegatingFilter.java:43)
	at org.apache.catalina.core.ApplicationFilterChain.internalDoFilter(ApplicationFilterChain.java:178)
	at org.apache.catalina.core.ApplicationFilterChain.doFilter(ApplicationFilterChain.java:153)
	at org.geoserver.platform.AdvancedDispatchFilter.doFilter(AdvancedDispatchFilter.java:39)
	at org.apache.catalina.core.ApplicationFilterChain.internalDoFilter(ApplicationFilterChain.java:178)
	at org.apache.catalina.core.ApplicationFilterChain.doFilter(ApplicationFilterChain.java:153)
	at org.springframework.security.web.FilterChainProxy$VirtualFilterChain.doFilter(FilterChainProxy.java:337)
	at org.geoserver.security.filter.GeoServerCompositeFilter$NestedFilterChain.doFilter(GeoServerCompositeFilter.java:71)
	at org.springframework.security.web.access.intercept.FilterSecurityInterceptor.invoke(FilterSecurityInterceptor.java:115)
	at org.springframework.security.web.access.intercept.FilterSecurityInterceptor.doFilter(FilterSecurityInterceptor.java:81)
	at org.geoserver.security.filter.GeoServerCompositeFilter$NestedFilterChain.doFilter(GeoServerCompositeFilter.java:75)
	at org.geoserver.security.filter.GeoServerCompositeFilter.doFilter(GeoServerCompositeFilter.java:92)
	at org.springframework.security.web.FilterChainProxy$VirtualFilterChain.doFilter(FilterChainProxy.java:346)
	at org.geoserver.security.filter.GeoServerCompositeFilter$NestedFilterChain.doFilter(GeoServerCompositeFilter.java:71)
	at org.springframework.security.web.access.ExceptionTranslationFilter.doFilter(ExceptionTranslationFilter.java:122)
	at org.springframework.security.web.access.ExceptionTranslationFilter.doFilter(ExceptionTranslationFilter.java:116)
	at org.geoserver.security.filter.GeoServerCompositeFilter$NestedFilterChain.doFilter(GeoServerCompositeFilter.java:75)
	at org.geoserver.security.filter.GeoServerCompositeFilter.doFilter(GeoServerCompositeFilter.java:92)
	at org.springframework.security.web.FilterChainProxy$VirtualFilterChain.doFilter(FilterChainProxy.java:346)
	at org.geoserver.security.filter.GeoServerAnonymousAuthenticationFilter.doFilter(GeoServerAnonymousAuthenticationFilter.java:53)
	at org.springframework.security.web.FilterChainProxy$VirtualFilterChain.doFilter(FilterChainProxy.java:346)
	at org.geoserver.security.filter.GeoServerCompositeFilter$NestedFilterChain.doFilter(GeoServerCompositeFilter.java:71)
	at org.springframework.security.web.authentication.www.BasicAuthenticationFilter.doFilterInternal(BasicAuthenticationFilter.java:164)
	at org.springframework.web.filter.OncePerRequestFilter.doFilter(OncePerRequestFilter.java:117)
	at org.geoserver.security.filter.GeoServerCompositeFilter$NestedFilterChain.doFilter(GeoServerCompositeFilter.java:75)
	at org.geoserver.security.filter.GeoServerCompositeFilter.doFilter(GeoServerCompositeFilter.java:92)
	at org.geoserver.security.filter.GeoServerBasicAuthenticationFilter.doFilter(GeoServerBasicAuthenticationFilter.java:81)
	at org.springframework.security.web.FilterChainProxy$VirtualFilterChain.doFilter(FilterChainProxy.java:346)
	at org.geoserver.security.filter.GeoServerCompositeFilter$NestedFilterChain.doFilter(GeoServerCompositeFilter.java:71)
	at org.geoserver.security.filter.GeoServerSecurityContextPersistenceFilter$1.doFilterInternal(GeoServerSecurityContextPersistenceFilter.java:72)
	at org.springframework.web.filter.OncePerRequestFilter.doFilter(OncePerRequestFilter.java:117)
	at org.geoserver.security.filter.GeoServerCompositeFilter$NestedFilterChain.doFilter(GeoServerCompositeFilter.java:75)
	at org.geoserver.security.filter.GeoServerCompositeFilter.doFilter(GeoServerCompositeFilter.java:92)
	at org.springframework.security.web.FilterChainProxy$VirtualFilterChain.doFilter(FilterChainProxy.java:346)
	at org.springframework.security.web.FilterChainProxy.doFilterInternal(FilterChainProxy.java:221)
	at org.springframework.security.web.FilterChainProxy.doFilter(FilterChainProxy.java:186)
	at org.geoserver.security.GeoServerSecurityFilterChainProxy.doFilter(GeoServerSecurityFilterChainProxy.java:142)
	at org.springframework.web.filter.DelegatingFilterProxy.invokeDelegate(DelegatingFilterProxy.java:354)
	at org.springframework.web.filter.DelegatingFilterProxy.doFilter(DelegatingFilterProxy.java:267)
	at org.apache.catalina.core.ApplicationFilterChain.internalDoFilter(ApplicationFilterChain.java:178)
	at org.apache.catalina.core.ApplicationFilterChain.doFilter(ApplicationFilterChain.java:153)
	at org.geoserver.filters.XFrameOptionsFilter.doFilter(XFrameOptionsFilter.java:100)
	at org.apache.catalina.core.ApplicationFilterChain.internalDoFilter(ApplicationFilterChain.java:178)
	at org.apache.catalina.core.ApplicationFilterChain.doFilter(ApplicationFilterChain.java:153)
	at org.geoserver.filters.GZIPFilter.doFilter(GZIPFilter.java:48)
	at org.apache.catalina.core.ApplicationFilterChain.internalDoFilter(ApplicationFilterChain.java:178)
	at org.apache.catalina.core.ApplicationFilterChain.doFilter(ApplicationFilterChain.java:153)
	at org.geoserver.filters.SessionDebugFilter.doFilter(SessionDebugFilter.java:49)
	at org.apache.catalina.core.ApplicationFilterChain.internalDoFilter(ApplicationFilterChain.java:178)
	at org.apache.catalina.core.ApplicationFilterChain.doFilter(ApplicationFilterChain.java:153)
	at org.geoserver.filters.FlushSafeFilter.doFilter(FlushSafeFilter.java:42)
	at org.apache.catalina.core.ApplicationFilterChain.internalDoFilter(ApplicationFilterChain.java:178)
	at org.apache.catalina.core.ApplicationFilterChain.doFilter(ApplicationFilterChain.java:153)
	at org.springframework.web.filter.CharacterEncodingFilter.doFilterInternal(CharacterEncodingFilter.java:201)
	at org.springframework.web.filter.OncePerRequestFilter.doFilter(OncePerRequestFilter.java:117)
	at org.apache.catalina.core.ApplicationFilterChain.internalDoFilter(ApplicationFilterChain.java:178)
	at org.apache.catalina.core.ApplicationFilterChain.doFilter(ApplicationFilterChain.java:153)
	at org.apache.catalina.core.StandardWrapperValve.invoke(StandardWrapperValve.java:167)
	at org.apache.catalina.core.StandardContextValve.invoke(StandardContextValve.java:90)
	at org.apache.catalina.authenticator.AuthenticatorBase.invoke(AuthenticatorBase.java:492)
	at org.apache.catalina.core.StandardHostValve.invoke(StandardHostValve.java:130)
	at org.apache.catalina.valves.ErrorReportValve.invoke(ErrorReportValve.java:93)
	at org.apache.catalina.valves.AbstractAccessLogValve.invoke(AbstractAccessLogValve.java:673)
	at org.apache.catalina.core.StandardEngineValve.invoke(StandardEngineValve.java:74)
	at org.apache.catalina.connector.CoyoteAdapter.service(CoyoteAdapter.java:343)
	at org.apache.coyote.http11.Http11Processor.service(Http11Processor.java:389)
	at org.apache.coyote.AbstractProcessorLight.process(AbstractProcessorLight.java:63)
	at org.apache.coyote.AbstractProtocol$ConnectionHandler.process(AbstractProtocol.java:926)
	at org.apache.tomcat.util.net.NioEndpoint$SocketProcessor.doRun(NioEndpoint.java:1791)
	at org.apache.tomcat.util.net.SocketProcessorBase.run(SocketProcessorBase.java:49)
	at org.apache.tomcat.util.threads.ThreadPoolExecutor.runWorker(ThreadPoolExecutor.java:1191)
	at org.apache.tomcat.util.threads.ThreadPoolExecutor$Worker.run(ThreadPoolExecutor.java:659)
	at org.apache.tomcat.util.threads.TaskThread$WrappingRunnable.run(TaskThread.java:61)
	at java.base/java.lang.Thread.run(Thread.java:829)
03 Mar 16:36:54 INFO   [geoserver.flow] - Request [WMS 1.3.0 GetMap] starting, processing through flow controllers
03 Mar 16:36:54 INFO   [geoserver.flow] - Request [WMS 1.3.0 GetMap] starting, processing through flow controllers
03 Mar 16:36:54 INFO   [geoserver.flow] - Request control-flow performed, running requests: 1, blocked requests: 1
03 Mar 16:36:54 INFO   [geoserver.flow] - Request control-flow performed, running requests: 2, blocked requests: 0
03 Mar 16:36:55 INFO   [geoserver.wms] - 
Request: getMap
	Angle = 0.0
	BaseUrl = http://localhost:8080/geoserver/
	Bbox = SRSEnvelope[5482655.783116714 : 5488897.966531198, 7093020.407602148 : 7096115.381387154]
	BgColor = java.awt.Color[r=255,g=255,b=255]
	Buffer = 0
	Clip = null
	CQLFilter = null
	Crs = PROJCS["WGS 84 / Pseudo-Mercator", 
  GEOGCS["WGS 84", 
    DATUM["World Geodetic System 1984", 
      SPHEROID["WGS 84", 6378137.0, 298.257223563, AUTHORITY["EPSG","7030"]], 
      AUTHORITY["EPSG","6326"]], 
    PRIMEM["Greenwich", 0.0, AUTHORITY["EPSG","8901"]], 
    UNIT["degree", 0.017453292519943295], 
    AXIS["Geodetic latitude", NORTH], 
    AXIS["Geodetic longitude", EAST], 
    AUTHORITY["EPSG","4326"]], 
  PROJECTION["Popular Visualisation Pseudo Mercator", AUTHORITY["EPSG","1024"]], 
  PARAMETER["semi_minor", 6378137.0], 
  PARAMETER["latitude_of_origin", 0.0], 
  PARAMETER["central_meridian", 0.0], 
  PARAMETER["scale_factor", 1.0], 
  PARAMETER["false_easting", 0.0], 
  PARAMETER["false_northing", 0.0], 
  UNIT["m", 1.0], 
  AXIS["Easting", EAST], 
  AXIS["Northing", NORTH], 
  AUTHORITY["EPSG","3857"]]
	Elevation = []
	Env = {}
	Exceptions = SE_XML
	FeatureId = null
	FeatureVersion = null
	Filter = null
	Format = image/png
	FormatOptions = {}
	Get = true
	Height = 948
	Interpolations = []
	Layers = [org.geoserver.wms.MapLayerInfo@e4804762]
	MaxFeatures = null
	Palette = null
	RawKvp = {TILED=true, REQUEST=GetMap, FORMAT=image/png, CRS=EPSG:3857, BBOX=5482655.783116714,7093020.407602148,5488897.966531198,7096115.381387154, VERSION=1.3.0, STYLES=, SERVICE=WMS, WIDTH=1912, HEIGHT=948, TRANSPARENT=TRUE, LAYERS=gis:buildings}
	RemoteOwsType = null
	RemoteOwsURL = null
	Request = GetMap
	RequestCharset = UTF-8
	ScaleMethod = null
	Sld = null
	SldBody = null
	SldVersion = null
	SortBy = null
	SortByArrays = null
	SRS = urn:ogc:def:crs:EPSG::3857
	StartIndex = null
	StyleBody = null
	StyleFormat = sld
	Styles = [StyleImpl[ name=polygon]]
	StyleUrl = null
	StyleVersion = null
	Tiled = true
	TilesOrigin = null
	Time = []
	Transparent = true
	ValidateSchema = false
	Version = 1.3.0
	ViewParams = null
	Width = 1912
03 Mar 16:36:55 INFO   [geoserver.wms] - 
Request: getMap
	Angle = 0.0
	BaseUrl = http://localhost:8080/geoserver/
	Bbox = SRSEnvelope[5482655.783116714 : 5488897.966531198, 7093020.407602148 : 7096115.381387154]
	BgColor = java.awt.Color[r=255,g=255,b=255]
	Buffer = 0
	Clip = null
	CQLFilter = null
	Crs = PROJCS["WGS 84 / Pseudo-Mercator", 
  GEOGCS["WGS 84", 
    DATUM["World Geodetic System 1984", 
      SPHEROID["WGS 84", 6378137.0, 298.257223563, AUTHORITY["EPSG","7030"]], 
      AUTHORITY["EPSG","6326"]], 
    PRIMEM["Greenwich", 0.0, AUTHORITY["EPSG","8901"]], 
    UNIT["degree", 0.017453292519943295], 
    AXIS["Geodetic latitude", NORTH], 
    AXIS["Geodetic longitude", EAST], 
    AUTHORITY["EPSG","4326"]], 
  PROJECTION["Popular Visualisation Pseudo Mercator", AUTHORITY["EPSG","1024"]], 
  PARAMETER["semi_minor", 6378137.0], 
  PARAMETER["latitude_of_origin", 0.0], 
  PARAMETER["central_meridian", 0.0], 
  PARAMETER["scale_factor", 1.0], 
  PARAMETER["false_easting", 0.0], 
  PARAMETER["false_northing", 0.0], 
  UNIT["m", 1.0], 
  AXIS["Easting", EAST], 
  AXIS["Northing", NORTH], 
  AUTHORITY["EPSG","3857"]]
	Elevation = []
	Env = {}
	Exceptions = SE_XML
	FeatureId = null
	FeatureVersion = null
	Filter = null
	Format = image/png
	FormatOptions = {}
	Get = true
	Height = 948
	Interpolations = []
	Layers = [org.geoserver.wms.MapLayerInfo@c8d248ce]
	MaxFeatures = null
	Palette = null
	RawKvp = {TILED=true, REQUEST=GetMap, FORMAT=image/png, CRS=EPSG:3857, BBOX=5482655.783116714,7093020.407602148,5488897.966531198,7096115.381387154, VERSION=1.3.0, STYLES=, SERVICE=WMS, WIDTH=1912, HEIGHT=948, TRANSPARENT=TRUE, LAYERS=gis:roads}
	RemoteOwsType = null
	RemoteOwsURL = null
	Request = GetMap
	RequestCharset = UTF-8
	ScaleMethod = null
	Sld = null
	SldBody = null
	SldVersion = null
	SortBy = null
	SortByArrays = null
	SRS = urn:ogc:def:crs:EPSG::3857
	StartIndex = null
	StyleBody = null
	StyleFormat = sld
	Styles = [StyleImpl[ name=line]]
	StyleUrl = null
	StyleVersion = null
	Tiled = true
	TilesOrigin = null
	Time = []
	Transparent = true
	ValidateSchema = false
	Version = 1.3.0
	ViewParams = null
	Width = 1912
03 Mar 16:36:55 INFO   [geoserver.flow] - releasing flow controllers for [WMS 1.3.0 GetMap]
03 Mar 16:36:55 INFO   [geoserver.flow] - Request completed, running requests: 1, blocked requests: 0
03 Mar 16:36:55 INFO   [geoserver.flow] - releasing flow controllers for [WMS 1.3.0 GetMap]
03 Mar 16:36:55 INFO   [geoserver.flow] - Request completed, running requests: 0, blocked requests: 0
03 Mar 16:40:33 CONFIG [gwc.layer] - GeoServer TileLayer store base directory is: gwc-layers
03 Mar 16:40:33 CONFIG [gwc.layer] - Loading tile layers from gwc-layers
03 Mar 16:40:33 CONFIG [gwc.layer] - Loaded 2 tile layers in 43.05 ms
03 Mar 16:40:33 CONFIG [gwc.layer] - GeoServer TileLayer store base directory is: gwc-layers
03 Mar 16:40:33 CONFIG [gwc.layer] - Loading tile layers from gwc-layers
03 Mar 16:40:33 CONFIG [gwc.layer] - Loaded 2 tile layers in 31.77 ms
03 Mar 16:40:33 INFO   [jdbc.JDBCQuotaStore] - Closing up the JDBC quota store 
03 Mar 16:40:34 WARN   [support.DisposableBeanAdapter] - Custom destroy method 'destroy' on bean with name 'gwcMemoryBlobStore' threw an exception: java.util.concurrent.RejectedExecutionException: Task java.util.concurrent.FutureTask@232ea075[Not completed, task = org.geowebcache.storage.blobstore.memory.MemoryBlobStore$BlobStoreTask@6a0d3f63] rejected from java.util.concurrent.ThreadPoolExecutor@51a198e5[Terminated, pool size = 0, active threads = 0, queued tasks = 0, completed tasks = 1]
03 Mar 16:40:34 INFO   [geoserver.logging] - Beginning GeoServer cleanup sequence
