{"geojson":{"type":"FeatureCollection","name":"overture_map","crs":{"type":"name","properties":{"name":"urn:ogc:def:crs:OGC::CRS84"}},"features":[{"type":"Feature","geometry":{"type":"Polygon","coordinates":[[[50.262473,53.4430681],[50.2624895,53.4430414],[50.2625391,53.4430522],[50.2625226,53.443079],[50.262473,53.4430681]]]},"properties":{"source_type":"ml"}},{"type":"Feature","geometry":{"type":"Polygon","coordinates":[[[50.2625234,53.4436007],[50.262588,53.4435583],[50.2626513,53.4435925],[50.2625867,53.4436349],[50.2625234,53.4436007]]]},"properties":{"source_type":"ml"}},{"type":"Feature","geometry":{"type":"Polygon","coordinates":[[[50.2626423,53.4435048],[50.2627161,53.4434558],[50.2627957,53.4434984],[50.2627219,53.4435474],[50.2626423,53.4435048]]]},"properties":{"source_type":"ml"}},{"type":"Feature","geometry":{"type":"Polygon","coordinates":[[[50.2629075,53.4433293],[50.2629866,53.4432817],[50.2631247,53.4433632],[50.2630456,53.4434108],[50.2629075,53.4433293]]]},"properties":{"source_type":"ml"}},{"type":"Feature","geometry":{"type":"Polygon","coordinates":[[[50.2629857,53.4435165],[50.2629449,53.4434869],[50.2630136,53.4434532],[50.2630544,53.4434827],[50.2629857,53.4435165]]]},"properties":{"source_type":"ml"}},{"type":"Feature","geometry":{"type":"Polygon","coordinates":[[[50.2628168,53.4435457],[50.2628433,53.4435838],[50.2627916,53.4435966],[50.2627651,53.4435584],[50.2628168,53.4435457]]]},"properties":{"source_type":"ml"}},{"type":"Feature","geometry":{"type":"Polygon","coordinates":[[[50.2627555,53.4438407],[50.2628291,53.4437983],[50.2628841,53.4438323],[50.2628105,53.4438746],[50.2627555,53.4438407]]]},"properties":{"source_type":"ml"}},{"type":"Feature","geometry":{"type":"Polygon","coordinates":[[[50.2630062,53.4436986],[50.2630688,53.4437574],[50.2630171,53.4437769],[50.2629545,53.4437181],[50.2630062,53.4436986]]]},"properties":{"source_type":"ml"}},{"type":"Feature","geometry":{"type":"Polygon","coordinates":[[[50.2627251,53.4438167],[50.262688,53.4437737],[50.2627594,53.4437519],[50.2627964,53.4437949],[50.2627251,53.4438167]]]},"properties":{"source_type":"ml"}},{"type":"Feature","geometry":{"type":"Polygon","coordinates":[[[50.2625376,53.4440869],[50.2624957,53.4440309],[50.2626277,53.4439959],[50.2626696,53.4440518],[50.2625376,53.4440869]]]},"properties":{"source_type":"ml"}},{"type":"Feature","geometry":{"type":"Polygon","coordinates":[[[50.2626023,53.4440824],[50.2626543,53.4440643],[50.2626858,53.4440965],[50.2626338,53.4441146],[50.2626023,53.4440824]]]},"properties":{"source_type":"ml"}},{"type":"Feature","geometry":{"type":"Polygon","coordinates":[[[50.2624778,53.444033],[50.2625174,53.4441069],[50.2624382,53.444122],[50.2623985,53.4440481],[50.2624778,53.444033]]]},"properties":{"source_type":"ml"}},{"type":"Feature","geometry":{"type":"Polygon","coordinates":[[[50.2625163,53.4434197],[50.26245,53.4433739],[50.2624961,53.4433502],[50.2625625,53.443396],[50.2625163,53.4434197]]]},"properties":{"source_type":"ml"}},{"type":"Feature","geometry":{"type":"Polygon","coordinates":[[[50.262176,53.4432886],[50.262239,53.4432492],[50.2623102,53.4432896],[50.2622472,53.443329],[50.262176,53.4432886]]]},"properties":{"source_type":"ml"}},{"type":"Feature","geometry":{"type":"Polygon","coordinates":[[[50.2620448,53.4437649],[50.2620142,53.4437368],[50.2620691,53.4437157],[50.2620997,53.4437438],[50.2620448,53.4437649]]]},"properties":{"source_type":"ml"}},{"type":"Feature","geometry":{"type":"Polygon","coordinates":[[[50.2617375,53.4438541],[50.261629,53.4437621],[50.2617386,53.4437162],[50.2618471,53.4438083],[50.2617375,53.4438541]]]},"properties":{"source_type":"ml"}},{"type":"Feature","geometry":{"type":"Polygon","coordinates":[[[50.2618363,53.4434823],[50.2617914,53.443458],[50.2618603,53.4434128],[50.2619052,53.4434372],[50.2618363,53.4434823]]]},"properties":{"source_type":"ml"}},{"type":"Feature","geometry":{"type":"Polygon","coordinates":[[[50.2619564,53.4436509],[50.2619873,53.4436382],[50.2620442,53.4436873],[50.2620132,53.4437],[50.2619564,53.4436509]]]},"properties":{"source_type":"ml"}},{"type":"Feature","geometry":{"type":"Polygon","coordinates":[[[50.2616283,53.4429933],[50.2617199,53.4429398],[50.2618102,53.4429947],[50.2617186,53.4430482],[50.2616283,53.4429933]]]},"properties":{"source_type":"ml"}},{"type":"Feature","geometry":{"type":"Polygon","coordinates":[[[50.2613953,53.442566],[50.2614683,53.4426011],[50.2613923,53.4426572],[50.2613192,53.442622],[50.2613953,53.442566]]]},"properties":{"source_type":"ml"}},{"type":"Feature","geometry":{"type":"Polygon","coordinates":[[[50.2615352,53.4428427],[50.2615687,53.4428227],[50.261613,53.442849],[50.2615795,53.442869],[50.2615352,53.4428427]]]},"properties":{"source_type":"ml"}},{"type":"Feature","geometry":{"type":"Polygon","coordinates":[[[50.2611328,53.443069],[50.2610733,53.4430351],[50.2611095,53.4430125],[50.261169,53.4430464],[50.2611328,53.443069]]]},"properties":{"source_type":"ml"}},{"type":"Feature","geometry":{"type":"Polygon","coordinates":[[[50.2612197,53.4434651],[50.2613054,53.4434173],[50.2613871,53.4434692],[50.2613013,53.443517],[50.2612197,53.4434651]]]},"properties":{"source_type":"ml"}},{"type":"Feature","geometry":{"type":"Polygon","coordinates":[[[50.26141,53.4433218],[50.2614354,53.4433051],[50.2615017,53.4433409],[50.2614763,53.4433575],[50.26141,53.4433218]]]},"properties":{"source_type":"ml"}},{"type":"Feature","geometry":{"type":"Polygon","coordinates":[[[50.2614002,53.4436091],[50.2614755,53.4435677],[50.2615303,53.4436031],[50.261455,53.4436445],[50.2614002,53.4436091]]]},"properties":{"source_type":"ml"}},{"type":"Feature","geometry":{"type":"Polygon","coordinates":[[[50.2613249,53.4437832],[50.2614054,53.443832],[50.2613093,53.4438882],[50.2612289,53.4438395],[50.2613249,53.4437832]]]},"properties":{"source_type":"ml"}},{"type":"Feature","geometry":{"type":"Polygon","coordinates":[[[50.2610562,53.4440495],[50.2610217,53.4440353],[50.261066,53.443997],[50.2611006,53.4440111],[50.2610562,53.4440495]]]},"properties":{"source_type":"ml"}},{"type":"Feature","geometry":{"type":"Polygon","coordinates":[[[50.2608552,53.444023],[50.2608986,53.4439733],[50.2610262,53.4440128],[50.2609827,53.4440626],[50.2608552,53.444023]]]},"properties":{"source_type":"ml"}},{"type":"Feature","geometry":{"type":"Polygon","coordinates":[[[50.2607744,53.4431518],[50.2608465,53.4431045],[50.260994,53.4431843],[50.2609219,53.4432316],[50.2607744,53.4431518]]]},"properties":{"source_type":"ml"}},{"type":"Feature","geometry":{"type":"Polygon","coordinates":[[[50.2609643,53.4435305],[50.2610585,53.4435904],[50.2609413,53.4436558],[50.2608471,53.4435959],[50.2609643,53.4435305]]]},"properties":{"source_type":"ml"}},{"type":"Feature","geometry":{"type":"Polygon","coordinates":[[[50.2607636,53.4436486],[50.2608451,53.4436876],[50.2608215,53.4437051],[50.26074,53.4436661],[50.2607636,53.4436486]]]},"properties":{"source_type":"ml"}},{"type":"Feature","geometry":{"type":"Polygon","coordinates":[[[50.260531,53.4442459],[50.2603987,53.4442021],[50.2604363,53.4441618],[50.2605153,53.444188],[50.2605335,53.4441684],[50.2605868,53.4441861],[50.260531,53.4442459]]]},"properties":{"source_type":"ml"}},{"type":"Feature","geometry":{"type":"Polygon","coordinates":[[[50.2603518,53.4442359],[50.2603695,53.4442087],[50.2604488,53.4442271],[50.260431,53.4442543],[50.2603518,53.4442359]]]},"properties":{"source_type":"ml"}},{"type":"Feature","geometry":{"type":"Polygon","coordinates":[[[50.2603235,53.4439023],[50.2602635,53.4438829],[50.2603018,53.443841],[50.2603618,53.4438604],[50.2603235,53.4439023]]]},"properties":{"source_type":"ml"}},{"type":"Feature","geometry":{"type":"Polygon","coordinates":[[[50.2604431,53.4429248],[50.2605111,53.4428892],[50.260555,53.4429189],[50.260487,53.4429545],[50.2604431,53.4429248]]]},"properties":{"source_type":"ml"}},{"type":"Feature","geometry":{"type":"Polygon","coordinates":[[[50.260262,53.4428204],[50.2603926,53.4427666],[50.2604993,53.4428584],[50.2603687,53.4429122],[50.260262,53.4428204]]]},"properties":{"source_type":"ml"}},{"type":"Feature","geometry":{"type":"Polygon","coordinates":[[[50.2602039,53.4424413],[50.2602355,53.4424511],[50.2601899,53.4425034],[50.2601582,53.4424936],[50.2602039,53.4424413]]]},"properties":{"source_type":"ml"}},{"type":"Feature","geometry":{"type":"Polygon","coordinates":[[[50.2605783,53.4430386],[50.260676,53.4429765],[50.2607474,53.4430163],[50.2606497,53.4430785],[50.2605783,53.4430386]]]},"properties":{"source_type":"ml"}},{"type":"Feature","geometry":{"type":"Polygon","coordinates":[[[50.2594258,53.4420433],[50.2594898,53.4420774],[50.2593946,53.4421407],[50.2593306,53.4421066],[50.2594258,53.4420433]]]},"properties":{"source_type":"ml"}},{"type":"Feature","geometry":{"type":"Polygon","coordinates":[[[50.2593327,53.4422053],[50.259412,53.4422474],[50.259338,53.4422969],[50.2592587,53.4422548],[50.2593327,53.4422053]]]},"properties":{"source_type":"ml"}},{"type":"Feature","geometry":{"type":"Polygon","coordinates":[[[50.2596557,53.4424827],[50.2597036,53.4425038],[50.2596761,53.442526],[50.2596282,53.4425049],[50.2596557,53.4424827]]]},"properties":{"source_type":"ml"}},{"type":"Feature","geometry":{"type":"Polygon","coordinates":[[[50.2595478,53.4425343],[50.2595714,53.4425084],[50.2596791,53.4425433],[50.2596555,53.4425692],[50.2595478,53.4425343]]]},"properties":{"source_type":"ml"}},{"type":"Feature","geometry":{"type":"Polygon","coordinates":[[[50.2595894,53.4422916],[50.2596535,53.4423239],[50.2596178,53.442349],[50.2595537,53.4423167],[50.2595894,53.4422916]]]},"properties":{"source_type":"ml"}},{"type":"Feature","geometry":{"type":"Polygon","coordinates":[[[50.2598325,53.4422846],[50.2598698,53.4422567],[50.259919,53.44228],[50.2598816,53.4423079],[50.2598325,53.4422846]]]},"properties":{"source_type":"ml"}},{"type":"Feature","geometry":{"type":"Polygon","coordinates":[[[50.2599462,53.4425653],[50.2600168,53.4426128],[50.2598994,53.4426746],[50.2598288,53.4426271],[50.2599462,53.4425653]]]},"properties":{"source_type":"ml"}},{"type":"Feature","geometry":{"type":"Polygon","coordinates":[[[50.2600017,53.442873],[50.2600597,53.4428225],[50.2601565,53.442862],[50.2600985,53.4429125],[50.2600017,53.442873]]]},"properties":{"source_type":"ml"}},{"type":"Feature","geometry":{"type":"Polygon","coordinates":[[[50.2600444,53.4430943],[50.2600912,53.4431238],[50.2600191,53.4431645],[50.2599723,53.443135],[50.2600444,53.4430943]]]},"properties":{"source_type":"ml"}},{"type":"Feature","geometry":{"type":"Polygon","coordinates":[[[50.2597702,53.4426496],[50.2596713,53.4426099],[50.2597385,53.4425506],[50.2598374,53.4425903],[50.2597702,53.4426496]]]},"properties":{"source_type":"ml"}},{"type":"Feature","geometry":{"type":"Polygon","coordinates":[[[50.2598853,53.4438646],[50.2599118,53.4438405],[50.2598638,53.4438217],[50.2599503,53.443743],[50.2601336,53.4438144],[50.2600458,53.4438943],[50.2599651,53.4438628],[50.2599398,53.4438858],[50.2598853,53.4438646]]]},"properties":{"source_type":"ml"}},{"type":"Feature","geometry":{"type":"Polygon","coordinates":[[[50.2594475,53.4446794],[50.2593447,53.4446307],[50.259501,53.4445137],[50.2596037,53.4445624],[50.2594475,53.4446794]]]},"properties":{"source_type":"ml"}},{"type":"Feature","geometry":{"type":"Polygon","coordinates":[[[50.2595057,53.4449199],[50.2593952,53.4448878],[50.259437,53.4448368],[50.2595475,53.4448689],[50.2595057,53.4449199]]]},"properties":{"source_type":"ml"}},{"type":"Feature","geometry":{"type":"Polygon","coordinates":[[[50.2594897,53.444817],[50.2595479,53.4447399],[50.259743,53.4447922],[50.2596848,53.4448693],[50.2594897,53.444817]]]},"properties":{"source_type":"ml"}},{"type":"Feature","geometry":{"type":"Polygon","coordinates":[[[50.2594477,53.4453384],[50.2593981,53.4452972],[50.2594549,53.445273],[50.2595044,53.4453142],[50.2594477,53.4453384]]]},"properties":{"source_type":"ml"}},{"type":"Feature","geometry":{"type":"Polygon","coordinates":[[[50.2592216,53.446254],[50.2592542,53.4462807],[50.2592087,53.4463004],[50.259176,53.4462738],[50.2592216,53.446254]]]},"properties":{"source_type":"ml"}},{"type":"Feature","geometry":{"type":"Polygon","coordinates":[[[50.2593906,53.4456349],[50.2594732,53.4456389],[50.2594649,53.4456992],[50.2593823,53.4456952],[50.2593906,53.4456349]]]},"properties":{"source_type":"ml"}},{"type":"Feature","geometry":{"type":"Polygon","coordinates":[[[50.2594857,53.4455094],[50.2593862,53.4454532],[50.2594946,53.4453851],[50.2595941,53.4454413],[50.2594857,53.4455094]]]},"properties":{"source_type":"ml"}},{"type":"Feature","geometry":{"type":"Polygon","coordinates":[[[50.2595949,53.4453306],[50.2596254,53.4453516],[50.2595477,53.4453915],[50.2595172,53.4453704],[50.2595949,53.4453306]]]},"properties":{"source_type":"ml"}},{"type":"Feature","geometry":{"type":"Polygon","coordinates":[[[50.2597853,53.4454668],[50.2598647,53.4454239],[50.2599347,53.4454698],[50.2598553,53.4455128],[50.2597853,53.4454668]]]},"properties":{"source_type":"ml"}},{"type":"Feature","geometry":{"type":"Polygon","coordinates":[[[50.2596347,53.4458431],[50.2596892,53.4458284],[50.2597054,53.4458496],[50.2597821,53.4458289],[50.2598295,53.4458911],[50.2596983,53.4459266],[50.2596347,53.4458431]]]},"properties":{"source_type":"ml"}},{"type":"Feature","geometry":{"type":"Polygon","coordinates":[[[50.2598025,53.4461293],[50.2598557,53.446111],[50.2598801,53.4461362],[50.2598268,53.4461545],[50.2598025,53.4461293]]]},"properties":{"source_type":"ml"}},{"type":"Feature","geometry":{"type":"Polygon","coordinates":[[[50.2598865,53.445956],[50.2599401,53.4459274],[50.2599987,53.4459664],[50.2599451,53.445995],[50.2598865,53.445956]]]},"properties":{"source_type":"ml"}},{"type":"Feature","geometry":{"type":"Polygon","coordinates":[[[50.2601361,53.4460879],[50.2600716,53.4460615],[50.2600954,53.4460409],[50.2601599,53.4460674],[50.2601361,53.4460879]]]},"properties":{"source_type":"ml"}},{"type":"Feature","geometry":{"type":"Polygon","coordinates":[[[50.2600265,53.4454237],[50.259949,53.4453736],[50.2600678,53.4453083],[50.2601453,53.4453584],[50.2600265,53.4454237]]]},"properties":{"source_type":"ml"}},{"type":"Feature","geometry":{"type":"Polygon","coordinates":[[[50.2599964,53.4451858],[50.2600618,53.4451595],[50.2600867,53.4451815],[50.2600213,53.4452078],[50.2599964,53.4451858]]]},"properties":{"source_type":"ml"}},{"type":"Feature","geometry":{"type":"Polygon","coordinates":[[[50.2598031,53.4451022],[50.2598547,53.4451267],[50.2598278,53.4451468],[50.2597762,53.4451223],[50.2598031,53.4451022]]]},"properties":{"source_type":"ml"}},{"type":"Feature","geometry":{"type":"Polygon","coordinates":[[[50.2598564,53.4452935],[50.2598437,53.4453402],[50.2598097,53.4453369],[50.2598033,53.4453602],[50.2597328,53.4453534],[50.2597425,53.4453176],[50.2597817,53.4453214],[50.2597911,53.4452871],[50.2598564,53.4452935]]]},"properties":{"source_type":"ml"}},{"type":"Feature","geometry":{"type":"Polygon","coordinates":[[[50.2596968,53.4453035],[50.2596756,53.4452798],[50.2597633,53.445252],[50.2597845,53.4452756],[50.2596968,53.4453035]]]},"properties":{"source_type":"ml"}},{"type":"Feature","geometry":{"type":"Polygon","coordinates":[[[50.2598609,53.4449644],[50.2597566,53.4449264],[50.2598241,53.4448606],[50.2599285,53.4448987],[50.2598609,53.4449644]]]},"properties":{"source_type":"ml"}},{"type":"Feature","geometry":{"type":"Polygon","coordinates":[[[50.2598508,53.4449722],[50.259968,53.4450085],[50.2599384,53.4450424],[50.2598212,53.4450062],[50.2598508,53.4449722]]]},"properties":{"source_type":"ml"}},{"type":"Feature","geometry":{"type":"Polygon","coordinates":[[[50.2596505,53.4445447],[50.2596159,53.4445256],[50.2597061,53.4444677],[50.2597407,53.4444868],[50.2596505,53.4445447]]]},"properties":{"source_type":"ml"}},{"type":"Feature","geometry":{"type":"Polygon","coordinates":[[[50.2596914,53.4442674],[50.259851,53.4443109],[50.2598027,53.4443738],[50.2596431,53.4443302],[50.2596914,53.4442674]]]},"properties":{"source_type":"ml"}},{"type":"Feature","geometry":{"type":"Polygon","coordinates":[[[50.2600274,53.4444131],[50.2600979,53.4444445],[50.2600567,53.4444772],[50.2599862,53.4444458],[50.2600274,53.4444131]]]},"properties":{"source_type":"ml"}},{"type":"Feature","geometry":{"type":"Polygon","coordinates":[[[50.2601554,53.4452012],[50.2601156,53.4451797],[50.2601583,53.4451516],[50.2601981,53.4451731],[50.2601554,53.4452012]]]},"properties":{"source_type":"ml"}},{"type":"Feature","geometry":{"type":"Polygon","coordinates":[[[50.2603697,53.4448505],[50.2604197,53.4448752],[50.2603881,53.444898],[50.2603381,53.4448733],[50.2603697,53.4448505]]]},"properties":{"source_type":"ml"}},{"type":"Feature","geometry":{"type":"Polygon","coordinates":[[[50.2606201,53.444884],[50.2605322,53.4448414],[50.2606057,53.4447876],[50.2606936,53.4448302],[50.2606201,53.444884]]]},"properties":{"source_type":"ml"}},{"type":"Feature","geometry":{"type":"Polygon","coordinates":[[[50.2608447,53.4446115],[50.2607556,53.444563],[50.2608392,53.4445085],[50.2609283,53.4445571],[50.2608447,53.4446115]]]},"properties":{"source_type":"ml"}},{"type":"Feature","geometry":{"type":"Polygon","coordinates":[[[50.2610449,53.444812],[50.2610765,53.4447815],[50.2611212,53.4447979],[50.2610895,53.4448284],[50.2610449,53.444812]]]},"properties":{"source_type":"ml"}},{"type":"Feature","geometry":{"type":"Polygon","coordinates":[[[50.261036,53.4450877],[50.2610116,53.4450589],[50.2610609,53.4450442],[50.2610852,53.445073],[50.261036,53.4450877]]]},"properties":{"source_type":"ml"}},{"type":"Feature","geometry":{"type":"Polygon","coordinates":[[[50.2608396,53.4451833],[50.2608945,53.4451486],[50.2609756,53.445194],[50.2609208,53.4452288],[50.2608396,53.4451833]]]},"properties":{"source_type":"ml"}},{"type":"Feature","geometry":{"type":"Polygon","coordinates":[[[50.2606219,53.4453042],[50.2607557,53.4453502],[50.2607046,53.4454029],[50.2605708,53.445357],[50.2606219,53.4453042]]]},"properties":{"source_type":"ml"}},{"type":"Feature","geometry":{"type":"Polygon","coordinates":[[[50.2605766,53.4457526],[50.2605363,53.445733],[50.2605915,53.4456927],[50.2606317,53.4457123],[50.2605766,53.4457526]]]},"properties":{"source_type":"ml"}},{"type":"Feature","geometry":{"type":"Polygon","coordinates":[[[50.260395,53.4455222],[50.2604821,53.4455691],[50.2604114,53.4456157],[50.2603243,53.4455688],[50.260395,53.4455222]]]},"properties":{"source_type":"ml"}},{"type":"Feature","geometry":{"type":"Polygon","coordinates":[[[50.26037,53.4456392],[50.2603272,53.4456153],[50.2603641,53.4455918],[50.260407,53.4456157],[50.26037,53.4456392]]]},"properties":{"source_type":"ml"}},{"type":"Feature","geometry":{"type":"Polygon","coordinates":[[[50.2601151,53.4457386],[50.260216,53.4457823],[50.2601854,53.4458074],[50.2600845,53.4457637],[50.2601151,53.4457386]]]},"properties":{"source_type":"ml"}},{"type":"Feature","geometry":{"type":"Polygon","coordinates":[[[50.2615394,53.4448931],[50.2615963,53.4448563],[50.2616456,53.4448834],[50.2615887,53.4449202],[50.2615394,53.4448931]]]},"properties":{"source_type":"ml"}},{"type":"Feature","geometry":{"type":"Polygon","coordinates":[[[50.2614091,53.4449609],[50.2613676,53.4449461],[50.2613984,53.4449155],[50.2614398,53.4449303],[50.2614091,53.4449609]]]},"properties":{"source_type":"ml"}},{"type":"Feature","geometry":{"type":"Polygon","coordinates":[[[50.2612209,53.4449536],[50.2611474,53.445001],[50.2610967,53.4449731],[50.2611702,53.4449257],[50.2612209,53.4449536]]]},"properties":{"source_type":"ml"}},{"type":"Feature","geometry":{"type":"Polygon","coordinates":[[[50.2612039,53.4448452],[50.2613004,53.4448977],[50.2612243,53.4449473],[50.2611278,53.4448948],[50.2612039,53.4448452]]]},"properties":{"source_type":"ml"}},{"type":"Feature","geometry":{"type":"Polygon","coordinates":[[[50.2611164,53.4443066],[50.2612128,53.4442464],[50.2612852,53.4442876],[50.2611887,53.4443477],[50.2611164,53.4443066]]]},"properties":{"source_type":"ml"}},{"type":"Feature","geometry":{"type":"Polygon","coordinates":[[[50.2613822,53.4444287],[50.2614646,53.4444665],[50.2614114,53.4445076],[50.2613291,53.4444697],[50.2613822,53.4444287]]]},"properties":{"source_type":"ml"}},{"type":"Feature","geometry":{"type":"Polygon","coordinates":[[[50.261274,53.4446783],[50.2613232,53.4446366],[50.2614363,53.444684],[50.2613871,53.4447257],[50.261274,53.4446783]]]},"properties":{"source_type":"ml"}},{"type":"Feature","geometry":{"type":"Polygon","coordinates":[[[50.2615043,53.4447989],[50.2614478,53.4447669],[50.2614813,53.4447459],[50.2615378,53.4447778],[50.2615043,53.4447989]]]},"properties":{"source_type":"ml"}},{"type":"Feature","geometry":{"type":"Polygon","coordinates":[[[50.2628291,53.4449555],[50.2630008,53.4449183],[50.2630301,53.4449663],[50.2629283,53.4449884],[50.2629205,53.4449757],[50.2628507,53.4449908],[50.2628291,53.4449555]]]},"properties":{"source_type":"ml"}},{"type":"Feature","geometry":{"type":"Polygon","coordinates":[[[50.2628951,53.4442581],[50.2629893,53.4443203],[50.2629191,53.444358],[50.2628249,53.4442958],[50.2628951,53.4442581]]]},"properties":{"source_type":"ml"}},{"type":"Feature","geometry":{"type":"Polygon","coordinates":[[[50.2631022,53.4442547],[50.2631635,53.4442374],[50.2631822,53.4442609],[50.2631209,53.4442782],[50.2631022,53.4442547]]]},"properties":{"source_type":"ml"}},{"type":"Feature","geometry":{"type":"Polygon","coordinates":[[[50.2631121,53.4443514],[50.2630814,53.4443171],[50.2631201,53.4443048],[50.2631509,53.4443391],[50.2631121,53.4443514]]]},"properties":{"source_type":"ml"}},{"type":"Feature","geometry":{"type":"Polygon","coordinates":[[[50.2632502,53.4444435],[50.2632213,53.444399],[50.2633241,53.4443754],[50.2633529,53.4444199],[50.2632502,53.4444435]]]},"properties":{"source_type":"ml"}},{"type":"Feature","geometry":{"type":"Polygon","coordinates":[[[50.263493,53.4446869],[50.263532,53.4447348],[50.2634777,53.4447505],[50.2634387,53.4447026],[50.263493,53.4446869]]]},"properties":{"source_type":"ml"}},{"type":"Feature","geometry":{"type":"Polygon","coordinates":[[[50.2633825,53.4446208],[50.2634123,53.4446715],[50.2633154,53.4446917],[50.2632856,53.444641],[50.2633825,53.4446208]]]},"properties":{"source_type":"ml"}},{"type":"Feature","geometry":{"type":"Polygon","coordinates":[[[50.2635808,53.4442581],[50.2636269,53.4443117],[50.2635206,53.4443441],[50.2634745,53.4442904],[50.2635808,53.4442581]]]},"properties":{"source_type":"ml"}},{"type":"Feature","geometry":{"type":"Polygon","coordinates":[[[50.2637305,53.4444789],[50.263703,53.4444476],[50.2637986,53.4444177],[50.2638262,53.4444491],[50.2637305,53.4444789]]]},"properties":{"source_type":"ml"}},{"type":"Feature","geometry":{"type":"Polygon","coordinates":[[[50.2638578,53.4445766],[50.2639136,53.4445584],[50.2639463,53.4445942],[50.2638905,53.4446123],[50.2638578,53.4445766]]]},"properties":{"source_type":"ml"}},{"type":"Feature","geometry":{"type":"Polygon","coordinates":[[[50.2641246,53.4446408],[50.2641841,53.4446033],[50.2642471,53.4446388],[50.2641876,53.4446763],[50.2641246,53.4446408]]]},"properties":{"source_type":"ml"}},{"type":"Feature","geometry":{"type":"Polygon","coordinates":[[[50.2641213,53.4445126],[50.2641484,53.4445407],[50.2640757,53.4445655],[50.2640486,53.4445374],[50.2641213,53.4445126]]]},"properties":{"source_type":"ml"}},{"type":"Feature","geometry":{"type":"Polygon","coordinates":[[[50.2640021,53.444723],[50.263964,53.4446913],[50.2640545,53.4446528],[50.2640926,53.4446845],[50.2640021,53.444723]]]},"properties":{"source_type":"ml"}},{"type":"Feature","geometry":{"type":"Polygon","coordinates":[[[50.2642842,53.4444724],[50.2642582,53.4444132],[50.2643322,53.4444017],[50.2643581,53.4444609],[50.2642842,53.4444724]]]},"properties":{"source_type":"ml"}},{"type":"Feature","geometry":{"type":"Polygon","coordinates":[[[50.2648242,53.444341],[50.2647464,53.4442878],[50.2648365,53.4442411],[50.2649143,53.4442944],[50.2648242,53.444341]]]},"properties":{"source_type":"ml"}},{"type":"Feature","geometry":{"type":"Polygon","coordinates":[[[50.264985,53.4443414],[50.2650492,53.4443207],[50.2650762,53.4443503],[50.2650119,53.444371],[50.264985,53.4443414]]]},"properties":{"source_type":"ml"}},{"type":"Feature","geometry":{"type":"Polygon","coordinates":[[[50.2640682,53.4438287],[50.264004,53.4437498],[50.2640931,53.4437241],[50.2641573,53.443803],[50.2640682,53.4438287]]]},"properties":{"source_type":"ml"}},{"type":"Feature","geometry":{"type":"Polygon","coordinates":[[[50.2637724,53.443959],[50.2638555,53.4440145],[50.263816,53.4440355],[50.2637328,53.4439799],[50.2637724,53.443959]]]},"properties":{"source_type":"ml"}},{"type":"Feature","geometry":{"type":"Polygon","coordinates":[[[50.2636644,53.4438327],[50.263756,53.4438006],[50.2638506,53.4438961],[50.263759,53.4439282],[50.2636644,53.4438327]]]},"properties":{"source_type":"ml"}},{"type":"Feature","geometry":{"type":"Polygon","coordinates":[[[50.2635737,53.4432712],[50.2636504,53.4432304],[50.2637762,53.4433142],[50.2636995,53.443355],[50.2635737,53.4432712]]]},"properties":{"source_type":"ml"}},{"type":"Feature","geometry":{"type":"Polygon","coordinates":[[[50.2635307,53.4437941],[50.2634827,53.4437496],[50.2635481,53.4437246],[50.2635961,53.4437691],[50.2635307,53.4437941]]]},"properties":{"source_type":"ml"}},{"type":"Feature","geometry":{"type":"Polygon","coordinates":[[[50.2634546,53.4439618],[50.2636243,53.4438986],[50.2637075,53.4439779],[50.2635378,53.444041],[50.2634546,53.4439618]]]},"properties":{"source_type":"ml"}},{"type":"Feature","geometry":{"type":"Polygon","coordinates":[[[50.2633457,53.4438517],[50.263538,53.4438043],[50.263575,53.4438575],[50.2635315,53.4438682],[50.2635567,53.4439045],[50.2634079,53.4439412],[50.2633457,53.4438517]]]},"properties":{"source_type":"ml"}},{"type":"Feature","geometry":{"type":"Polygon","coordinates":[[[50.2631542,53.4441819],[50.263249,53.4441557],[50.2633013,53.4442227],[50.2632064,53.444249],[50.2631542,53.4441819]]]},"properties":{"source_type":"ml"}},{"type":"Feature","geometry":{"type":"Polygon","coordinates":[[[50.2632734,53.4431315],[50.2633612,53.4430877],[50.2634501,53.4431511],[50.2633623,53.4431948],[50.2632734,53.4431315]]]},"properties":{"source_type":"ml"}},{"type":"Feature","geometry":{"type":"Polygon","coordinates":[[[50.2633861,53.4427245],[50.2634493,53.4426771],[50.2635325,53.4427165],[50.2634693,53.4427639],[50.2633861,53.4427245]]]},"properties":{"source_type":"ml"}},{"type":"Feature","geometry":{"type":"Polygon","coordinates":[[[50.2633238,53.442786],[50.2633858,53.4428491],[50.2633518,53.4428609],[50.2632898,53.4427979],[50.2633238,53.442786]]]},"properties":{"source_type":"ml"}},{"type":"Feature","geometry":{"type":"Polygon","coordinates":[[[50.2632033,53.4430076],[50.263317,53.4430697],[50.2632342,53.4431235],[50.2631205,53.4430614],[50.2632033,53.4430076]]]},"properties":{"source_type":"ml"}},{"type":"Feature","geometry":{"type":"Polygon","coordinates":[[[50.2631388,53.4428638],[50.2632388,53.4429152],[50.263203,53.4429399],[50.263103,53.4428886],[50.2631388,53.4428638]]]},"properties":{"source_type":"ml"}},{"type":"Feature","geometry":{"type":"Polygon","coordinates":[[[50.2631096,53.4428882],[50.2632325,53.442968],[50.2631393,53.443019],[50.2630164,53.4429392],[50.2631096,53.4428882]]]},"properties":{"source_type":"ml"}},{"type":"Feature","geometry":{"type":"Polygon","coordinates":[[[50.2631483,53.4426424],[50.2632098,53.4426822],[50.2630994,53.4427427],[50.2630379,53.4427029],[50.2631483,53.4426424]]]},"properties":{"source_type":"ml"}},{"type":"Feature","geometry":{"type":"Polygon","coordinates":[[[50.2630381,53.4422663],[50.2631037,53.4422507],[50.26312,53.442275],[50.2630543,53.4422906],[50.2630381,53.4422663]]]},"properties":{"source_type":"ml"}},{"type":"Feature","geometry":{"type":"Polygon","coordinates":[[[50.2591662,53.4462738],[50.2591091,53.4462281],[50.259173,53.4461998],[50.2592301,53.4462455],[50.2591662,53.4462738]]]},"properties":{"source_type":"ml"}},{"type":"Feature","geometry":{"type":"Polygon","coordinates":[[[50.2586973,53.4463957],[50.2587833,53.4463497],[50.2588579,53.4463991],[50.258772,53.4464451],[50.2586973,53.4463957]]]},"properties":{"source_type":"ml"}},{"type":"Feature","geometry":{"type":"Polygon","coordinates":[[[50.2587317,53.4463589],[50.2587295,53.4463261],[50.2587736,53.4463251],[50.2587758,53.4463578],[50.2587317,53.4463589]]]},"properties":{"source_type":"ml"}},{"type":"Feature","geometry":{"type":"Polygon","coordinates":[[[50.2586836,53.4461021],[50.2587722,53.446071],[50.2587956,53.4460947],[50.2587071,53.4461258],[50.2586836,53.4461021]]]},"properties":{"source_type":"ml"}},{"type":"Feature","geometry":{"type":"Polygon","coordinates":[[[50.2589216,53.4460447],[50.2588495,53.4459895],[50.2589323,53.4459512],[50.2590044,53.4460064],[50.2589216,53.4460447]]]},"properties":{"source_type":"ml"}},{"type":"Feature","geometry":{"type":"Polygon","coordinates":[[[50.2587331,53.4457426],[50.2589004,53.4456951],[50.2589467,53.445753],[50.2587794,53.4458005],[50.2587331,53.4457426]]]},"properties":{"source_type":"ml"}},{"type":"Feature","geometry":{"type":"Polygon","coordinates":[[[50.2590975,53.4457933],[50.2590546,53.4457264],[50.2591295,53.4457094],[50.2591724,53.4457763],[50.2590975,53.4457933]]]},"properties":{"source_type":"ml"}},{"type":"Feature","geometry":{"type":"Polygon","coordinates":[[[50.25915,53.4455957],[50.2591926,53.4456379],[50.2591296,53.4456605],[50.2590869,53.4456183],[50.25915,53.4455957]]]},"properties":{"source_type":"ml"}},{"type":"Feature","geometry":{"type":"Polygon","coordinates":[[[50.2589754,53.4446907],[50.259143,53.4447649],[50.2591815,53.444734],[50.2593093,53.4447906],[50.259195,53.4448822],[50.2588996,53.4447513],[50.2589754,53.4446907]]]},"properties":{"source_type":"ml"}},{"type":"Feature","geometry":{"type":"Polygon","coordinates":[[[50.2587462,53.4448738],[50.2590086,53.4449661],[50.2589087,53.4450668],[50.2588073,53.4450311],[50.2588191,53.4450193],[50.2586581,53.4449626],[50.2587462,53.4448738]]]},"properties":{"source_type":"ml"}},{"type":"Feature","geometry":{"type":"Polygon","coordinates":[[[50.25865,53.445154],[50.258563,53.4451205],[50.2585929,53.4450929],[50.2585286,53.4450682],[50.2585794,53.4450214],[50.2587307,53.4450796],[50.25865,53.445154]]]},"properties":{"source_type":"ml"}},{"type":"Feature","geometry":{"type":"Polygon","coordinates":[[[50.2585558,53.4448927],[50.2585445,53.4449248],[50.2585008,53.4449194],[50.2585121,53.4448873],[50.2585558,53.4448927]]]},"properties":{"source_type":"ml"}},{"type":"Feature","geometry":{"type":"Polygon","coordinates":[[[50.2584498,53.4444468],[50.25833,53.4445146],[50.2582222,53.444447],[50.2583421,53.4443792],[50.2584498,53.4444468]]]},"properties":{"source_type":"ml"}},{"type":"Feature","geometry":{"type":"Polygon","coordinates":[[[50.25825,53.4447333],[50.2582986,53.4446829],[50.2583349,53.4446953],[50.2582862,53.4447458],[50.25825,53.4447333]]]},"properties":{"source_type":"ml"}},{"type":"Feature","geometry":{"type":"Polygon","coordinates":[[[50.2583288,53.4451176],[50.2583819,53.4450786],[50.2584928,53.4451321],[50.2584397,53.4451711],[50.2583288,53.4451176]]]},"properties":{"source_type":"ml"}},{"type":"Feature","geometry":{"type":"Polygon","coordinates":[[[50.2583559,53.4455903],[50.2584391,53.4455814],[50.2584605,53.4456526],[50.2583774,53.4456614],[50.2583559,53.4455903]]]},"properties":{"source_type":"ml"}},{"type":"Feature","geometry":{"type":"Polygon","coordinates":[[[50.2586769,53.4461147],[50.2585824,53.4460634],[50.2586625,53.4460111],[50.258757,53.4460624],[50.2586769,53.4461147]]]},"properties":{"source_type":"ml"}},{"type":"Feature","geometry":{"type":"Polygon","coordinates":[[[50.2582448,53.4454871],[50.258232,53.4455239],[50.2581008,53.4455077],[50.2581136,53.445471],[50.2582448,53.4454871]]]},"properties":{"source_type":"ml"}},{"type":"Feature","geometry":{"type":"Polygon","coordinates":[[[50.2578472,53.4442423],[50.2579235,53.4442641],[50.2579036,53.4442887],[50.2578273,53.4442669],[50.2578472,53.4442423]]]},"properties":{"source_type":"ml"}},{"type":"Feature","geometry":{"type":"Polygon","coordinates":[[[50.2574763,53.4445267],[50.2574356,53.4444661],[50.2575373,53.4444419],[50.257578,53.4445024],[50.2574763,53.4445267]]]},"properties":{"source_type":"ml"}},{"type":"Feature","geometry":{"type":"Polygon","coordinates":[[[50.2573109,53.4443587],[50.2573808,53.4443437],[50.2574048,53.4443833],[50.2573349,53.4443983],[50.2573109,53.4443587]]]},"properties":{"source_type":"ml"}},{"type":"Feature","geometry":{"type":"Polygon","coordinates":[[[50.2575341,53.4454215],[50.2574695,53.445407],[50.2574934,53.4453692],[50.257558,53.4453837],[50.2575341,53.4454215]]]},"properties":{"source_type":"ml"}},{"type":"Feature","geometry":{"type":"Polygon","coordinates":[[[50.2565362,53.4448553],[50.2566339,53.4448626],[50.2566242,53.444909],[50.2565265,53.4449017],[50.2565362,53.4448553]]]},"properties":{"source_type":"ml"}},{"type":"Feature","geometry":{"type":"Polygon","coordinates":[[[50.2556803,53.4447614],[50.2556667,53.4447256],[50.2557152,53.4447191],[50.2557287,53.4447549],[50.2556803,53.4447614]]]},"properties":{"source_type":"ml"}},{"type":"Feature","geometry":{"type":"Polygon","coordinates":[[[50.2556272,53.4444402],[50.255717,53.4444149],[50.2557699,53.4444814],[50.2556801,53.4445067],[50.2556272,53.4444402]]]},"properties":{"source_type":"ml"}},{"type":"Feature","geometry":{"type":"Polygon","coordinates":[[[50.255561,53.444395],[50.2555894,53.4444488],[50.2554527,53.4444744],[50.2554243,53.4444206],[50.255561,53.444395]]]},"properties":{"source_type":"ml"}},{"type":"Feature","geometry":{"type":"Polygon","coordinates":[[[50.2554336,53.4442309],[50.255471,53.4442713],[50.255432,53.4442841],[50.2553945,53.4442437],[50.2554336,53.4442309]]]},"properties":{"source_type":"ml"}},{"type":"Feature","geometry":{"type":"Polygon","coordinates":[[[50.2553908,53.444242],[50.2554161,53.4442827],[50.2553784,53.444291],[50.2553531,53.4442503],[50.2553908,53.444242]]]},"properties":{"source_type":"ml"}},{"type":"Feature","geometry":{"type":"Polygon","coordinates":[[[50.2553225,53.4445009],[50.2553948,53.4445469],[50.2553418,53.4445764],[50.2552695,53.4445304],[50.2553225,53.4445009]]]},"properties":{"source_type":"ml"}},{"type":"Feature","geometry":{"type":"Polygon","coordinates":[[[50.2535046,53.4442581],[50.2535946,53.4442282],[50.2537246,53.4443671],[50.2535773,53.444416],[50.2534085,53.4442356],[50.2534658,53.4442166],[50.2535046,53.4442581]]]},"properties":{"source_type":"ml"}},{"type":"Feature","geometry":{"type":"Polygon","coordinates":[[[50.2549872,53.4444134],[50.254864,53.4442965],[50.2549563,53.444262],[50.2549334,53.4442402],[50.2549842,53.4442212],[50.2550289,53.4442636],[50.2550712,53.4442477],[50.2551256,53.4442993],[50.2550363,53.4443327],[50.2550834,53.4443774],[50.2549872,53.4444134]]]},"properties":{"source_type":"ml"}},{"type":"Feature","geometry":{"type":"Polygon","coordinates":[[[50.255084,53.4444093],[50.2551671,53.4443766],[50.255233,53.4444361],[50.2551499,53.4444687],[50.255084,53.4444093]]]},"properties":{"source_type":"ml"}},{"type":"Feature","geometry":{"type":"Polygon","coordinates":[[[50.2551657,53.4434789],[50.255257,53.4434417],[50.2553145,53.4434917],[50.2552232,53.4435289],[50.2551657,53.4434789]]]},"properties":{"source_type":"ml"}},{"type":"Feature","geometry":{"type":"Polygon","coordinates":[[[50.2552562,53.4431469],[50.2552975,53.4431191],[50.255336,53.4431394],[50.2552947,53.4431672],[50.2552562,53.4431469]]]},"properties":{"source_type":"ml"}},{"type":"Feature","geometry":{"type":"Polygon","coordinates":[[[50.2552897,53.4431764],[50.2553372,53.4432244],[50.2553034,53.4432363],[50.2552559,53.4431883],[50.2552897,53.4431764]]]},"properties":{"source_type":"ml"}},{"type":"Feature","geometry":{"type":"Polygon","coordinates":[[[50.2551652,53.4433523],[50.2552153,53.4434084],[50.2551067,53.4434428],[50.2550566,53.4433868],[50.2551652,53.4433523]]]},"properties":{"source_type":"ml"}},{"type":"Feature","geometry":{"type":"Polygon","coordinates":[[[50.2551164,53.4436446],[50.2551732,53.4436268],[50.255203,53.4436607],[50.2551461,53.4436784],[50.2551164,53.4436446]]]},"properties":{"source_type":"ml"}},{"type":"Feature","geometry":{"type":"Polygon","coordinates":[[[50.2550119,53.443696],[50.2549738,53.4436475],[50.2550551,53.4436248],[50.2550933,53.4436732],[50.2550119,53.443696]]]},"properties":{"source_type":"ml"}},{"type":"Feature","geometry":{"type":"Polygon","coordinates":[[[50.2550012,53.4435672],[50.2549645,53.4435383],[50.2550232,53.4435118],[50.2550599,53.4435407],[50.2550012,53.4435672]]]},"properties":{"source_type":"ml"}},{"type":"Feature","geometry":{"type":"Polygon","coordinates":[[[50.2548989,53.4435512],[50.2548202,53.4434932],[50.254911,53.4434495],[50.2549897,53.4435074],[50.2548989,53.4435512]]]},"properties":{"source_type":"ml"}},{"type":"Feature","geometry":{"type":"Polygon","coordinates":[[[50.2550957,53.4438737],[50.2551134,53.4438641],[50.2551348,53.4438783],[50.2550726,53.4439116],[50.2550299,53.4438834],[50.2550136,53.4438921],[50.2549709,53.4438639],[50.2550317,53.4438313],[50.2550957,53.4438737]]]},"properties":{"source_type":"ml"}},{"type":"Feature","geometry":{"type":"Polygon","coordinates":[[[50.2547729,53.4441044],[50.2548132,53.4441405],[50.2547304,53.4441732],[50.2546902,53.4441371],[50.2547729,53.4441044]]]},"properties":{"source_type":"ml"}},{"type":"Feature","geometry":{"type":"Polygon","coordinates":[[[50.2548393,53.4437974],[50.2547818,53.443765],[50.2548239,53.4437384],[50.2548814,53.4437708],[50.2548393,53.4437974]]]},"properties":{"source_type":"ml"}},{"type":"Feature","geometry":{"type":"Polygon","coordinates":[[[50.2546398,53.443817],[50.2547624,53.4437626],[50.2548273,53.4438146],[50.2547048,53.4438689],[50.2546398,53.443817]]]},"properties":{"source_type":"ml"}},{"type":"Feature","geometry":{"type":"Polygon","coordinates":[[[50.2547752,53.4439864],[50.2548124,53.4440335],[50.2546258,53.4440858],[50.2545886,53.4440388],[50.2547752,53.4439864]]]},"properties":{"source_type":"ml"}},{"type":"Feature","geometry":{"type":"Polygon","coordinates":[[[50.2543775,53.443825],[50.2544772,53.4437901],[50.2545475,53.4438614],[50.2544477,53.4438963],[50.2543775,53.443825]]]},"properties":{"source_type":"ml"}},{"type":"Feature","geometry":{"type":"Polygon","coordinates":[[[50.2543393,53.4431965],[50.2543097,53.4431648],[50.2544224,53.4431275],[50.254452,53.4431593],[50.2543393,53.4431965]]]},"properties":{"source_type":"ml"}},{"type":"Feature","geometry":{"type":"Polygon","coordinates":[[[50.2546476,53.4436621],[50.2545963,53.4436096],[50.2547025,53.4435728],[50.2547538,53.4436253],[50.2546476,53.4436621]]]},"properties":{"source_type":"ml"}},{"type":"Feature","geometry":{"type":"Polygon","coordinates":[[[50.2547666,53.4434068],[50.25469,53.4433365],[50.2547553,53.4433113],[50.2548319,53.4433816],[50.2547666,53.4434068]]]},"properties":{"source_type":"ml"}},{"type":"Feature","geometry":{"type":"Polygon","coordinates":[[[50.2545858,53.4429196],[50.2546522,53.4429771],[50.254563,53.4430136],[50.2544966,53.4429561],[50.2545858,53.4429196]]]},"properties":{"source_type":"ml"}},{"type":"Feature","geometry":{"type":"Polygon","coordinates":[[[50.2545225,53.4424163],[50.2544284,53.4423322],[50.254579,53.4422725],[50.254673,53.4423566],[50.2545225,53.4424163]]]},"properties":{"source_type":"ml"}},{"type":"Feature","geometry":{"type":"Polygon","coordinates":[[[50.2544466,53.4425362],[50.2544949,53.4425762],[50.2544684,53.4425876],[50.2544201,53.4425476],[50.2544466,53.4425362]]]},"properties":{"source_type":"ml"}},{"type":"Feature","geometry":{"type":"Polygon","coordinates":[[[50.254418,53.4424398],[50.2544555,53.4424165],[50.2545325,53.4424604],[50.254495,53.4424837],[50.254418,53.4424398]]]},"properties":{"source_type":"ml"}},{"type":"Feature","geometry":{"type":"Polygon","coordinates":[[[50.2543998,53.442487],[50.2543559,53.4424478],[50.2543942,53.4424326],[50.2544381,53.4424718],[50.2543998,53.442487]]]},"properties":{"source_type":"ml"}},{"type":"Feature","geometry":{"type":"Polygon","coordinates":[[[50.2544679,53.4421577],[50.2544349,53.4421261],[50.2545067,53.4420996],[50.2545396,53.4421313],[50.2544679,53.4421577]]]},"properties":{"source_type":"ml"}},{"type":"Feature","geometry":{"type":"Polygon","coordinates":[[[50.2545,53.442192],[50.2545587,53.4422513],[50.2545069,53.4422695],[50.2544482,53.4422102],[50.2545,53.442192]]]},"properties":{"source_type":"ml"}},{"type":"Feature","geometry":{"type":"Polygon","coordinates":[[[50.254757,53.4425416],[50.2548033,53.4425785],[50.2547638,53.4425961],[50.2547175,53.4425593],[50.254757,53.4425416]]]},"properties":{"source_type":"ml"}},{"type":"Feature","geometry":{"type":"Polygon","coordinates":[[[50.2549597,53.4425276],[50.2550275,53.4425039],[50.2550867,53.4425639],[50.2550189,53.4425876],[50.2549597,53.4425276]]]},"properties":{"source_type":"ml"}},{"type":"Feature","geometry":{"type":"Polygon","coordinates":[[[50.2547987,53.4424274],[50.2548449,53.4423842],[50.2549059,53.4424074],[50.2548597,53.4424506],[50.2547987,53.4424274]]]},"properties":{"source_type":"ml"}},{"type":"Feature","geometry":{"type":"Polygon","coordinates":[[[50.2548444,53.4425073],[50.2548856,53.4425449],[50.2548524,53.4425578],[50.2548112,53.4425202],[50.2548444,53.4425073]]]},"properties":{"source_type":"ml"}},{"type":"Feature","geometry":{"type":"Polygon","coordinates":[[[50.2549201,53.4426952],[50.2548973,53.4426779],[50.2549668,53.4426453],[50.2549897,53.4426626],[50.2549201,53.4426952]]]},"properties":{"source_type":"ml"}},{"type":"Feature","geometry":{"type":"Polygon","coordinates":[[[50.2549222,53.4428639],[50.2548945,53.4428284],[50.2549873,53.4428028],[50.2550149,53.4428383],[50.2549222,53.4428639]]]},"properties":{"source_type":"ml"}},{"type":"Feature","geometry":{"type":"Polygon","coordinates":[[[50.2551006,53.4425967],[50.2551632,53.4426385],[50.2550789,53.4426833],[50.2550163,53.4426414],[50.2551006,53.4425967]]]},"properties":{"source_type":"ml"}},{"type":"Feature","geometry":{"type":"Polygon","coordinates":[[[50.2551351,53.4430406],[50.2551791,53.4430812],[50.2551394,53.4430965],[50.2550953,53.4430559],[50.2551351,53.4430406]]]},"properties":{"source_type":"ml"}},{"type":"Feature","geometry":{"type":"Polygon","coordinates":[[[50.2552888,53.4424116],[50.2553186,53.4424497],[50.2552803,53.4424603],[50.2552506,53.4424223],[50.2552888,53.4424116]]]},"properties":{"source_type":"ml"}},{"type":"Feature","geometry":{"type":"Polygon","coordinates":[[[50.2551538,53.4421768],[50.2551157,53.4421204],[50.2552173,53.4420961],[50.2552554,53.4421524],[50.2551538,53.4421768]]]},"properties":{"source_type":"ml"}},{"type":"Feature","geometry":{"type":"Polygon","coordinates":[[[50.2552854,53.4417714],[50.2553257,53.4418086],[50.2552557,53.4418355],[50.2552153,53.4417983],[50.2552854,53.4417714]]]},"properties":{"source_type":"ml"}},{"type":"Feature","geometry":{"type":"Polygon","coordinates":[[[50.255057,53.4419378],[50.255106,53.4419116],[50.2551407,53.4419347],[50.2550916,53.4419609],[50.255057,53.4419378]]]},"properties":{"source_type":"ml"}},{"type":"Feature","geometry":{"type":"Polygon","coordinates":[[[50.2550658,53.4419843],[50.2551067,53.4420176],[50.2550769,53.4420306],[50.2550361,53.4419972],[50.2550658,53.4419843]]]},"properties":{"source_type":"ml"}},{"type":"Feature","geometry":{"type":"Polygon","coordinates":[[[50.2550577,53.4418789],[50.2551029,53.4419096],[50.2550317,53.4419468],[50.2549865,53.4419161],[50.2550577,53.4418789]]]},"properties":{"source_type":"ml"}},{"type":"Feature","geometry":{"type":"Polygon","coordinates":[[[50.2548842,53.4418469],[50.2548471,53.4418075],[50.2548879,53.4417939],[50.254925,53.4418333],[50.2548842,53.4418469]]]},"properties":{"source_type":"ml"}},{"type":"Feature","geometry":{"type":"Polygon","coordinates":[[[50.2552056,53.4412606],[50.2551862,53.4412243],[50.2552495,53.4412123],[50.2552689,53.4412486],[50.2552056,53.4412606]]]},"properties":{"source_type":"ml"}},{"type":"Feature","geometry":{"type":"Polygon","coordinates":[[[50.2551488,53.4406059],[50.2551283,53.4405839],[50.2551917,53.4405629],[50.2552122,53.4405848],[50.2551488,53.4406059]]]},"properties":{"source_type":"ml"}},{"type":"Feature","geometry":{"type":"Polygon","coordinates":[[[50.2552579,53.4405853],[50.2552884,53.4406119],[50.2552536,53.4406261],[50.2552231,53.4405994],[50.2552579,53.4405853]]]},"properties":{"source_type":"ml"}},{"type":"Feature","geometry":{"type":"Polygon","coordinates":[[[50.2552606,53.4403629],[50.2552086,53.4403076],[50.2552474,53.4402946],[50.2552994,53.4403499],[50.2552606,53.4403629]]]},"properties":{"source_type":"ml"}},{"type":"Feature","geometry":{"type":"Polygon","coordinates":[[[50.255162,53.4397879],[50.2552134,53.4397696],[50.255296,53.4398521],[50.2552149,53.439881],[50.2551063,53.4397725],[50.255136,53.439762],[50.255162,53.4397879]]]},"properties":{"source_type":"ml"}},{"type":"Feature","geometry":{"type":"Polygon","coordinates":[[[50.2550604,53.4403107],[50.2550905,53.4403564],[50.2549988,53.4403778],[50.2549687,53.4403321],[50.2550604,53.4403107]]]},"properties":{"source_type":"ml"}},{"type":"Feature","geometry":{"type":"Polygon","coordinates":[[[50.2549617,53.440338],[50.2548919,53.4402818],[50.2549802,53.4402429],[50.2550501,53.440299],[50.2549617,53.440338]]]},"properties":{"source_type":"ml"}},{"type":"Feature","geometry":{"type":"Polygon","coordinates":[[[50.2547715,53.4407638],[50.2548436,53.4407343],[50.2548924,53.4407766],[50.2548203,53.4408061],[50.2547715,53.4407638]]]},"properties":{"source_type":"ml"}},{"type":"Feature","geometry":{"type":"Polygon","coordinates":[[[50.2546986,53.440835],[50.2546557,53.4407906],[50.2547071,53.4407729],[50.2547501,53.4408173],[50.2546986,53.440835]]]},"properties":{"source_type":"ml"}},{"type":"Feature","geometry":{"type":"Polygon","coordinates":[[[50.2546862,53.4398677],[50.254745,53.4399188],[50.254682,53.4399445],[50.2546232,53.4398935],[50.2546862,53.4398677]]]},"properties":{"source_type":"ml"}},{"type":"Feature","geometry":{"type":"Polygon","coordinates":[[[50.2544218,53.4400095],[50.2543966,53.4399867],[50.254448,53.4399665],[50.2544731,53.4399893],[50.2544218,53.4400095]]]},"properties":{"source_type":"ml"}},{"type":"Feature","geometry":{"type":"Polygon","coordinates":[[[50.2543452,53.4404324],[50.2544503,53.4403952],[50.2545504,53.4404955],[50.2544453,53.4405327],[50.2543452,53.4404324]]]},"properties":{"source_type":"ml"}},{"type":"Feature","geometry":{"type":"Polygon","coordinates":[[[50.2542962,53.4410695],[50.2543834,53.4410314],[50.2544481,53.4410839],[50.2543609,53.441122],[50.2542962,53.4410695]]]},"properties":{"source_type":"ml"}},{"type":"Feature","geometry":{"type":"Polygon","coordinates":[[[50.2544051,53.4412962],[50.254385,53.441262],[50.2544304,53.4412526],[50.2544505,53.4412867],[50.2544051,53.4412962]]]},"properties":{"source_type":"ml"}},{"type":"Feature","geometry":{"type":"Polygon","coordinates":[[[50.2545638,53.4411837],[50.2546413,53.4412373],[50.2545597,53.4412792],[50.2544822,53.4412256],[50.2545638,53.4411837]]]},"properties":{"source_type":"ml"}},{"type":"Feature","geometry":{"type":"Polygon","coordinates":[[[50.2544619,53.44094],[50.2544297,53.4409005],[50.2545134,53.4408763],[50.2545456,53.4409158],[50.2544619,53.44094]]]},"properties":{"source_type":"ml"}},{"type":"Feature","geometry":{"type":"Polygon","coordinates":[[[50.2548061,53.4414852],[50.2547662,53.4414291],[50.2548595,53.4414055],[50.2548994,53.4414617],[50.2548061,53.4414852]]]},"properties":{"source_type":"ml"}},{"type":"Feature","geometry":{"type":"Polygon","coordinates":[[[50.2545838,53.4416188],[50.2546063,53.4416535],[50.2545269,53.4416718],[50.2545044,53.441637],[50.2545838,53.4416188]]]},"properties":{"source_type":"ml"}},{"type":"Feature","geometry":{"type":"Polygon","coordinates":[[[50.2543886,53.441711],[50.254395,53.4417409],[50.2543475,53.4417445],[50.2543411,53.4417146],[50.2543886,53.441711]]]},"properties":{"source_type":"ml"}},{"type":"Feature","geometry":{"type":"Polygon","coordinates":[[[50.254262,53.4417535],[50.2543109,53.4417301],[50.2543863,53.4417861],[50.2543373,53.4418095],[50.254262,53.4417535]]]},"properties":{"source_type":"ml"}},{"type":"Feature","geometry":{"type":"Polygon","coordinates":[[[50.2542109,53.441912],[50.2542738,53.4419658],[50.2541864,53.442002],[50.2541235,53.4419482],[50.2542109,53.441912]]]},"properties":{"source_type":"ml"}},{"type":"Feature","geometry":{"type":"Polygon","coordinates":[[[50.2538774,53.4414597],[50.2538248,53.4414175],[50.2539129,53.4413785],[50.2539655,53.4414207],[50.2538774,53.4414597]]]},"properties":{"source_type":"ml"}},{"type":"Feature","geometry":{"type":"Polygon","coordinates":[[[50.2538909,53.4409522],[50.2539321,53.4409991],[50.253888,53.4410129],[50.2538467,53.440966],[50.2538909,53.4409522]]]},"properties":{"source_type":"ml"}},{"type":"Feature","geometry":{"type":"Polygon","coordinates":[[[50.2539527,53.4409406],[50.2539844,53.4409701],[50.2539387,53.4409875],[50.253907,53.440958],[50.2539527,53.4409406]]]},"properties":{"source_type":"ml"}},{"type":"Feature","geometry":{"type":"Polygon","coordinates":[[[50.2541322,53.4409217],[50.2542022,53.4408849],[50.2542467,53.4409149],[50.2541767,53.4409517],[50.2541322,53.4409217]]]},"properties":{"source_type":"ml"}},{"type":"Feature","geometry":{"type":"Polygon","coordinates":[[[50.2542047,53.441399],[50.2541777,53.4413773],[50.2542462,53.441347],[50.2542732,53.4413687],[50.2542047,53.441399]]]},"properties":{"source_type":"ml"}},{"type":"Feature","geometry":{"type":"Polygon","coordinates":[[[50.2543091,53.4413674],[50.2542305,53.4413148],[50.2542845,53.4412862],[50.2543631,53.4413389],[50.2543091,53.4413674]]]},"properties":{"source_type":"ml"}},{"type":"Feature","geometry":{"type":"Polygon","coordinates":[[[50.2541165,53.4406381],[50.2541759,53.4406233],[50.254194,53.4406492],[50.2541346,53.440664],[50.2541165,53.4406381]]]},"properties":{"source_type":"ml"}},{"type":"Feature","geometry":{"type":"Polygon","coordinates":[[[50.2543151,53.4405129],[50.2543784,53.4404985],[50.2543976,53.4405287],[50.2543343,53.440543],[50.2543151,53.4405129]]]},"properties":{"source_type":"ml"}},{"type":"Feature","geometry":{"type":"Polygon","coordinates":[[[50.2541607,53.4399627],[50.2542324,53.4399411],[50.2542546,53.4399673],[50.2541829,53.4399889],[50.2541607,53.4399627]]]},"properties":{"source_type":"ml"}},{"type":"Feature","geometry":{"type":"Polygon","coordinates":[[[50.254251,53.4401773],[50.2543259,53.4402319],[50.2541721,53.4403067],[50.2540972,53.4402521],[50.254251,53.4401773]]]},"properties":{"source_type":"ml"}},{"type":"Feature","geometry":{"type":"Polygon","coordinates":[[[50.2540413,53.4403502],[50.2539934,53.440313],[50.2540255,53.4402983],[50.2540734,53.4403356],[50.2540413,53.4403502]]]},"properties":{"source_type":"ml"}},{"type":"Feature","geometry":{"type":"Polygon","coordinates":[[[50.2540541,53.4402433],[50.2540953,53.440288],[50.2540582,53.4403001],[50.254017,53.4402554],[50.2540541,53.4402433]]]},"properties":{"source_type":"ml"}},{"type":"Feature","geometry":{"type":"Polygon","coordinates":[[[50.2540811,53.4401619],[50.2540373,53.4401402],[50.2540669,53.440119],[50.2541106,53.4401406],[50.2540811,53.4401619]]]},"properties":{"source_type":"ml"}},{"type":"Feature","geometry":{"type":"Polygon","coordinates":[[[50.2540427,53.4398374],[50.2540919,53.4398706],[50.2540399,53.439898],[50.2539907,53.4398648],[50.2540427,53.4398374]]]},"properties":{"source_type":"ml"}},{"type":"Feature","geometry":{"type":"Polygon","coordinates":[[[50.254081,53.4407291],[50.2541182,53.4407502],[50.2540592,53.4407871],[50.254022,53.440766],[50.254081,53.4407291]]]},"properties":{"source_type":"ml"}},{"type":"Feature","geometry":{"type":"Polygon","coordinates":[[[50.2540575,53.4408054],[50.2541599,53.4408749],[50.2540781,53.4409177],[50.2539757,53.4408482],[50.2540575,53.4408054]]]},"properties":{"source_type":"ml"}},{"type":"Feature","geometry":{"type":"Polygon","coordinates":[[[50.2539488,53.4406843],[50.2539758,53.4406596],[50.254021,53.4406771],[50.2539941,53.4407018],[50.2539488,53.4406843]]]},"properties":{"source_type":"ml"}},{"type":"Feature","geometry":{"type":"Polygon","coordinates":[[[50.2538215,53.4406778],[50.2537701,53.4406352],[50.253848,53.4406019],[50.2538994,53.4406445],[50.2538215,53.4406778]]]},"properties":{"source_type":"ml"}},{"type":"Feature","geometry":{"type":"Polygon","coordinates":[[[50.2537525,53.4408458],[50.2537764,53.440869],[50.2537035,53.4408957],[50.2536796,53.4408725],[50.2537525,53.4408458]]]},"properties":{"source_type":"ml"}},{"type":"Feature","geometry":{"type":"Polygon","coordinates":[[[50.2537144,53.4406783],[50.2536951,53.4406493],[50.2537622,53.4406334],[50.2537816,53.4406623],[50.2537144,53.4406783]]]},"properties":{"source_type":"ml"}},{"type":"Feature","geometry":{"type":"Polygon","coordinates":[[[50.2537507,53.4405561],[50.253806,53.4405855],[50.2537407,53.4406291],[50.2537138,53.4406148],[50.2536805,53.4406371],[50.2536521,53.440622],[50.2537507,53.4405561]]]},"properties":{"source_type":"ml"}},{"type":"Feature","geometry":{"type":"Polygon","coordinates":[[[50.2537496,53.4403735],[50.253792,53.4403526],[50.253877,53.440414],[50.2538346,53.4404349],[50.2537496,53.4403735]]]},"properties":{"source_type":"ml"}},{"type":"Feature","geometry":{"type":"Polygon","coordinates":[[[50.2535268,53.4403892],[50.2535654,53.4404243],[50.2535084,53.4404466],[50.2534697,53.4404115],[50.2535268,53.4403892]]]},"properties":{"source_type":"ml"}},{"type":"Feature","geometry":{"type":"Polygon","coordinates":[[[50.2533934,53.4410374],[50.2534575,53.4410015],[50.2535378,53.4410524],[50.2534737,53.4410883],[50.2533934,53.4410374]]]},"properties":{"source_type":"ml"}},{"type":"Feature","geometry":{"type":"Polygon","coordinates":[[[50.2534457,53.4413738],[50.2534152,53.4413428],[50.2534799,53.4413203],[50.2535103,53.4413512],[50.2534457,53.4413738]]]},"properties":{"source_type":"ml"}},{"type":"Feature","geometry":{"type":"Polygon","coordinates":[[[50.2534708,53.4413995],[50.2534549,53.4413696],[50.2535158,53.4413581],[50.2535317,53.4413879],[50.2534708,53.4413995]]]},"properties":{"source_type":"ml"}},{"type":"Feature","geometry":{"type":"Polygon","coordinates":[[[50.2538425,53.441085],[50.2538011,53.4410528],[50.2538838,53.441015],[50.2539253,53.4410472],[50.2538425,53.441085]]]},"properties":{"source_type":"ml"}},{"type":"Feature","geometry":{"type":"Polygon","coordinates":[[[50.2536028,53.4414814],[50.2536652,53.4414555],[50.2537571,53.4415339],[50.2536947,53.4415599],[50.2536028,53.4414814]]]},"properties":{"source_type":"ml"}},{"type":"Feature","geometry":{"type":"Polygon","coordinates":[[[50.2538778,53.441589],[50.2539164,53.4416616],[50.2538213,53.4416795],[50.2537827,53.4416069],[50.2538778,53.441589]]]},"properties":{"source_type":"ml"}},{"type":"Feature","geometry":{"type":"Polygon","coordinates":[[[50.2535768,53.4417785],[50.2536083,53.4418034],[50.2535591,53.4418254],[50.2535277,53.4418004],[50.2535768,53.4417785]]]},"properties":{"source_type":"ml"}},{"type":"Feature","geometry":{"type":"Polygon","coordinates":[[[50.2534711,53.4420103],[50.2535243,53.442068],[50.2534324,53.4420981],[50.2533792,53.4420405],[50.2534711,53.4420103]]]},"properties":{"source_type":"ml"}},{"type":"Feature","geometry":{"type":"Polygon","coordinates":[[[50.2534049,53.4422634],[50.2533643,53.4422265],[50.2534374,53.442198],[50.253478,53.4422348],[50.2534049,53.4422634]]]},"properties":{"source_type":"ml"}},{"type":"Feature","geometry":{"type":"Polygon","coordinates":[[[50.2535557,53.4421757],[50.2536348,53.4421367],[50.2537218,53.4421993],[50.2536427,53.4422383],[50.2535557,53.4421757]]]},"properties":{"source_type":"ml"}},{"type":"Feature","geometry":{"type":"Polygon","coordinates":[[[50.2534739,53.442391],[50.253563,53.4423533],[50.2536408,53.4424186],[50.2535249,53.4424676],[50.2534958,53.4424432],[50.2535225,53.4424318],[50.2534739,53.442391]]]},"properties":{"source_type":"ml"}},{"type":"Feature","geometry":{"type":"Polygon","coordinates":[[[50.2534642,53.4427293],[50.2534166,53.4426801],[50.2534649,53.4426635],[50.2535125,53.4427127],[50.2534642,53.4427293]]]},"properties":{"source_type":"ml"}},{"type":"Feature","geometry":{"type":"Polygon","coordinates":[[[50.2534758,53.4428458],[50.2534351,53.4428121],[50.2535246,53.4427738],[50.2535653,53.4428075],[50.2534758,53.4428458]]]},"properties":{"source_type":"ml"}},{"type":"Feature","geometry":{"type":"Polygon","coordinates":[[[50.2535988,53.4427449],[50.2535713,53.4427023],[50.25364,53.4426866],[50.2536674,53.4427292],[50.2535988,53.4427449]]]},"properties":{"source_type":"ml"}},{"type":"Feature","geometry":{"type":"Polygon","coordinates":[[[50.2537812,53.4429058],[50.2536534,53.4428052],[50.2537159,53.4427771],[50.2538436,53.4428776],[50.2537812,53.4429058]]]},"properties":{"source_type":"ml"}},{"type":"Feature","geometry":{"type":"Polygon","coordinates":[[[50.2536709,53.4429177],[50.2536991,53.442945],[50.2536413,53.4429661],[50.2536131,53.4429387],[50.2536709,53.4429177]]]},"properties":{"source_type":"ml"}},{"type":"Feature","geometry":{"type":"Polygon","coordinates":[[[50.2537754,53.4423851],[50.2537253,53.4423278],[50.253814,53.4423003],[50.2538641,53.4423577],[50.2537754,53.4423851]]]},"properties":{"source_type":"ml"}},{"type":"Feature","geometry":{"type":"Polygon","coordinates":[[[50.2538912,53.442105],[50.253835,53.4420456],[50.2538927,53.4420262],[50.2539489,53.4420856],[50.2538912,53.442105]]]},"properties":{"source_type":"ml"}},{"type":"Feature","geometry":{"type":"Polygon","coordinates":[[[50.2539218,53.442591],[50.2538735,53.4425402],[50.2539081,53.4425285],[50.2539563,53.4425794],[50.2539218,53.442591]]]},"properties":{"source_type":"ml"}},{"type":"Feature","geometry":{"type":"Polygon","coordinates":[[[50.2540256,53.4423828],[50.2539831,53.4423535],[50.2540598,53.442314],[50.254042,53.4423017],[50.2541126,53.4422654],[50.2541728,53.4423069],[50.2540256,53.4423828]]]},"properties":{"source_type":"ml"}},{"type":"Feature","geometry":{"type":"Polygon","coordinates":[[[50.2542729,53.4426335],[50.2543189,53.4426694],[50.2542307,53.4427095],[50.2541847,53.4426735],[50.2542729,53.4426335]]]},"properties":{"source_type":"ml"}},{"type":"Feature","geometry":{"type":"Polygon","coordinates":[[[50.2544134,53.4427905],[50.2543259,53.4428212],[50.2542583,53.4427531],[50.2543458,53.4427223],[50.2544134,53.4427905]]]},"properties":{"source_type":"ml"}},{"type":"Feature","geometry":{"type":"Polygon","coordinates":[[[50.254102,53.4431895],[50.2540193,53.4431193],[50.2541487,53.4430652],[50.2542314,53.4431354],[50.254102,53.4431895]]]},"properties":{"source_type":"ml"}},{"type":"Feature","geometry":{"type":"Polygon","coordinates":[[[50.2539743,53.4426235],[50.2540017,53.4426477],[50.2539502,53.4426684],[50.2539228,53.4426443],[50.2539743,53.4426235]]]},"properties":{"source_type":"ml"}},{"type":"Feature","geometry":{"type":"Polygon","coordinates":[[[50.2538972,53.4430088],[50.2539596,53.4429813],[50.2540104,53.4430221],[50.2539479,53.4430496],[50.2538972,53.4430088]]]},"properties":{"source_type":"ml"}},{"type":"Feature","geometry":{"type":"Polygon","coordinates":[[[50.2540424,53.4436204],[50.253952,53.4435244],[50.2538786,53.4435489],[50.2538431,53.4435113],[50.2539267,53.4434833],[50.2539507,53.4435088],[50.2540416,53.4434784],[50.2541435,53.4435865],[50.2540424,53.4436204]]]},"properties":{"source_type":"ml"}},{"type":"Feature","geometry":{"type":"Polygon","coordinates":[[[50.2538737,53.4434164],[50.2539654,53.443388],[50.2540368,53.4434697],[50.2539451,53.4434981],[50.2538737,53.4434164]]]},"properties":{"source_type":"ml"}},{"type":"Feature","geometry":{"type":"Polygon","coordinates":[[[50.2541375,53.4431841],[50.2542253,53.443144],[50.2542602,53.4431711],[50.2541724,53.4432112],[50.2541375,53.4431841]]]},"properties":{"source_type":"ml"}},{"type":"Feature","geometry":{"type":"Polygon","coordinates":[[[50.2542452,53.4432255],[50.254276,53.4432062],[50.2543197,53.4432309],[50.2542889,53.4432502],[50.2542452,53.4432255]]]},"properties":{"source_type":"ml"}},{"type":"Feature","geometry":{"type":"Polygon","coordinates":[[[50.2542465,53.4434426],[50.2542099,53.4434184],[50.2542974,53.4433715],[50.254334,53.4433958],[50.2542465,53.4434426]]]},"properties":{"source_type":"ml"}},{"type":"Feature","geometry":{"type":"Polygon","coordinates":[[[50.2541767,53.4436524],[50.254254,53.4436225],[50.254294,53.4436591],[50.2542166,53.443689],[50.2541767,53.4436524]]]},"properties":{"source_type":"ml"}},{"type":"Feature","geometry":{"type":"Polygon","coordinates":[[[50.2541238,53.4435203],[50.2540903,53.4434938],[50.2541768,53.4434549],[50.2542103,53.4434814],[50.2541238,53.4435203]]]},"properties":{"source_type":"ml"}},{"type":"Feature","geometry":{"type":"Polygon","coordinates":[[[50.2539611,53.4439077],[50.2539881,53.4439484],[50.2539463,53.4439582],[50.2539193,53.4439175],[50.2539611,53.4439077]]]},"properties":{"source_type":"ml"}},{"type":"Feature","geometry":{"type":"Polygon","coordinates":[[[50.2538183,53.4440544],[50.2538752,53.4441025],[50.2537532,53.4441536],[50.2536964,53.4441056],[50.2538183,53.4440544]]]},"properties":{"source_type":"ml"}},{"type":"Feature","geometry":{"type":"Polygon","coordinates":[[[50.2537976,53.4440198],[50.2538155,53.4440326],[50.2536647,53.4441076],[50.2535702,53.4440402],[50.25368,53.4439856],[50.2537217,53.4440153],[50.2538285,53.4439622],[50.2538633,53.4439871],[50.2537976,53.4440198]]]},"properties":{"source_type":"ml"}},{"type":"Feature","geometry":{"type":"Polygon","coordinates":[[[50.2537217,53.4432528],[50.25379,53.4433133],[50.2536958,53.443351],[50.2536275,53.4432905],[50.2537217,53.4432528]]]},"properties":{"source_type":"ml"}},{"type":"Feature","geometry":{"type":"Polygon","coordinates":[[[50.2535323,53.4431732],[50.2536961,53.4431011],[50.2537764,53.4431658],[50.2536126,53.4432379],[50.2535323,53.4431732]]]},"properties":{"source_type":"ml"}},{"type":"Feature","geometry":{"type":"Polygon","coordinates":[[[50.253346,53.4431557],[50.2534187,53.4431247],[50.2534987,53.4431913],[50.2534259,53.4432223],[50.253346,53.4431557]]]},"properties":{"source_type":"ml"}},{"type":"Feature","geometry":{"type":"Polygon","coordinates":[[[50.253374,53.4438917],[50.2534698,53.4438498],[50.2535555,53.4439193],[50.2534597,53.4439612],[50.253374,53.4438917]]]},"properties":{"source_type":"ml"}},{"type":"Feature","geometry":{"type":"Polygon","coordinates":[[[50.252994,53.4443081],[50.2528664,53.4442483],[50.2529667,53.4441723],[50.2530944,53.4442321],[50.252994,53.4443081]]]},"properties":{"source_type":"ml"}},{"type":"Feature","geometry":{"type":"Polygon","coordinates":[[[50.2530792,53.4438312],[50.2531426,53.4438872],[50.2530533,53.4439231],[50.2529899,53.443867],[50.2530792,53.4438312]]]},"properties":{"source_type":"ml"}},{"type":"Feature","geometry":{"type":"Polygon","coordinates":[[[50.2530572,53.4435706],[50.2531241,53.4436405],[50.2530249,53.4436742],[50.252958,53.4436042],[50.2530572,53.4435706]]]},"properties":{"source_type":"ml"}},{"type":"Feature","geometry":{"type":"Polygon","coordinates":[[[50.2529146,53.4434445],[50.2530059,53.4434123],[50.2530459,53.4434525],[50.2529546,53.4434847],[50.2529146,53.4434445]]]},"properties":{"source_type":"ml"}},{"type":"Feature","geometry":{"type":"Polygon","coordinates":[[[50.253161,53.4434629],[50.253225,53.4435109],[50.2531905,53.4435272],[50.2531264,53.4434792],[50.253161,53.4434629]]]},"properties":{"source_type":"ml"}},{"type":"Feature","geometry":{"type":"Polygon","coordinates":[[[50.2532537,53.4435471],[50.253315,53.4435216],[50.2533402,53.4435431],[50.2532789,53.4435686],[50.2532537,53.4435471]]]},"properties":{"source_type":"ml"}},{"type":"Feature","geometry":{"type":"Polygon","coordinates":[[[50.2531437,53.4425537],[50.2532446,53.4425215],[50.2533092,53.4425936],[50.2532083,53.4426257],[50.2531437,53.4425537]]]},"properties":{"source_type":"ml"}},{"type":"Feature","geometry":{"type":"Polygon","coordinates":[[[50.2532827,53.4428422],[50.2533435,53.4428246],[50.2533677,53.4428544],[50.2533069,53.4428719],[50.2532827,53.4428422]]]},"properties":{"source_type":"ml"}},{"type":"Feature","geometry":{"type":"Polygon","coordinates":[[[50.2532911,53.442766],[50.2533378,53.4427402],[50.2533865,53.4427715],[50.2533397,53.4427973],[50.2532911,53.442766]]]},"properties":{"source_type":"ml"}},{"type":"Feature","geometry":{"type":"Polygon","coordinates":[[[50.2532003,53.4422138],[50.2532895,53.442186],[50.253339,53.4422424],[50.2532498,53.4422702],[50.2532003,53.4422138]]]},"properties":{"source_type":"ml"}},{"type":"Feature","geometry":{"type":"Polygon","coordinates":[[[50.2531166,53.4421272],[50.2532131,53.4420918],[50.2532778,53.4421544],[50.2531813,53.4421898],[50.2531166,53.4421272]]]},"properties":{"source_type":"ml"}},{"type":"Feature","geometry":{"type":"Polygon","coordinates":[[[50.2527543,53.4425561],[50.2527942,53.4425365],[50.2528487,53.4425758],[50.2528088,53.4425954],[50.2527543,53.4425561]]]},"properties":{"source_type":"ml"}},{"type":"Feature","geometry":{"type":"Polygon","coordinates":[[[50.2527922,53.4424866],[50.2527785,53.4424484],[50.252853,53.442439],[50.2528666,53.4424772],[50.2527922,53.4424866]]]},"properties":{"source_type":"ml"}},{"type":"Feature","geometry":{"type":"Polygon","coordinates":[[[50.2528124,53.4421775],[50.2528504,53.4422308],[50.2528095,53.4422411],[50.2527715,53.4421878],[50.2528124,53.4421775]]]},"properties":{"source_type":"ml"}},{"type":"Feature","geometry":{"type":"Polygon","coordinates":[[[50.252649,53.442407],[50.2525966,53.4423715],[50.2526738,53.4423311],[50.2527262,53.4423666],[50.252649,53.442407]]]},"properties":{"source_type":"ml"}},{"type":"Feature","geometry":{"type":"Polygon","coordinates":[[[50.2526037,53.4421026],[50.2525647,53.4420519],[50.2526357,53.4420326],[50.2526747,53.4420833],[50.2526037,53.4421026]]]},"properties":{"source_type":"ml"}},{"type":"Feature","geometry":{"type":"Polygon","coordinates":[[[50.2525347,53.4420977],[50.252578,53.4420822],[50.2526053,53.4421092],[50.252562,53.4421247],[50.2525347,53.4420977]]]},"properties":{"source_type":"ml"}},{"type":"Feature","geometry":{"type":"Polygon","coordinates":[[[50.252564,53.4423834],[50.2524783,53.4423256],[50.2525211,53.4423031],[50.2525663,53.4423337],[50.252592,53.4423202],[50.2526324,53.4423475],[50.252564,53.4423834]]]},"properties":{"source_type":"ml"}},{"type":"Feature","geometry":{"type":"Polygon","coordinates":[[[50.2524347,53.4429825],[50.2524011,53.4429501],[50.2524768,53.4429223],[50.2525104,53.4429546],[50.2524347,53.4429825]]]},"properties":{"source_type":"ml"}},{"type":"Feature","geometry":{"type":"Polygon","coordinates":[[[50.2525135,53.4434824],[50.2524868,53.4434424],[50.2525887,53.4434183],[50.2526154,53.4434583],[50.2525135,53.4434824]]]},"properties":{"source_type":"ml"}},{"type":"Feature","geometry":{"type":"Polygon","coordinates":[[[50.2528713,53.4432586],[50.2529112,53.4432902],[50.2528712,53.4433082],[50.2528312,53.4432766],[50.2528713,53.4432586]]]},"properties":{"source_type":"ml"}},{"type":"Feature","geometry":{"type":"Polygon","coordinates":[[[50.2527857,53.4436086],[50.2528418,53.4436524],[50.2528028,53.4436702],[50.2527467,53.4436264],[50.2527857,53.4436086]]]},"properties":{"source_type":"ml"}},{"type":"Feature","geometry":{"type":"Polygon","coordinates":[[[50.2527311,53.4437649],[50.2527778,53.4437465],[50.2528345,53.4437978],[50.2527878,53.4438161],[50.2527311,53.4437649]]]},"properties":{"source_type":"ml"}},{"type":"Feature","geometry":{"type":"Polygon","coordinates":[[[50.2526989,53.4441176],[50.2527342,53.4441036],[50.2527849,53.4441491],[50.2527496,53.4441631],[50.2526989,53.4441176]]]},"properties":{"source_type":"ml"}},{"type":"Feature","geometry":{"type":"Polygon","coordinates":[[[50.2527022,53.4440779],[50.2526118,53.4440164],[50.2527121,53.4439642],[50.2528025,53.4440257],[50.2527022,53.4440779]]]},"properties":{"source_type":"ml"}},{"type":"Feature","geometry":{"type":"Polygon","coordinates":[[[50.252566,53.443917],[50.2525003,53.4438698],[50.2525857,53.4438276],[50.2526514,53.4438748],[50.252566,53.443917]]]},"properties":{"source_type":"osm"}},{"type":"Feature","geometry":{"type":"Polygon","coordinates":[[[50.2523632,53.4441005],[50.2523002,53.4440518],[50.2523777,53.4440162],[50.2524407,53.4440649],[50.2523632,53.4441005]]]},"properties":{"source_type":"osm"}},{"type":"Feature","geometry":{"type":"Polygon","coordinates":[[[50.2523145,53.4441044],[50.2522628,53.4440664],[50.2522846,53.4440559],[50.2523363,53.4440939],[50.2523145,53.4441044]]]},"properties":{"source_type":"ml"}},{"type":"Feature","geometry":{"type":"Polygon","coordinates":[[[50.2523418,53.4437871],[50.2522779,53.4437361],[50.2523573,53.4437009],[50.2524212,53.4437519],[50.2523418,53.4437871]]]},"properties":{"source_type":"osm"}},{"type":"Feature","geometry":{"type":"Polygon","coordinates":[[[50.2523553,53.4433393],[50.2522372,53.443198],[50.2522952,53.4431808],[50.2523327,53.4432256],[50.2523907,53.4432084],[50.2524714,53.4433049],[50.2523553,53.4433393]]]},"properties":{"source_type":"ml"}},{"type":"Feature","geometry":{"type":"Polygon","coordinates":[[[50.2522038,53.4436483],[50.2521181,53.4435863],[50.2521993,53.4435465],[50.252285,53.4436085],[50.2522038,53.4436483]]]},"properties":{"source_type":"osm"}},{"type":"Feature","geometry":{"type":"Polygon","coordinates":[[[50.2519972,53.4434907],[50.2519511,53.443451],[50.2520093,53.443427],[50.2520554,53.4434668],[50.2519972,53.4434907]]]},"properties":{"source_type":"osm"}},{"type":"Feature","geometry":{"type":"Polygon","coordinates":[[[50.2520359,53.4435281],[50.2520055,53.443504],[50.2520707,53.4434749],[50.2521011,53.443499],[50.2520359,53.4435281]]]},"properties":{"source_type":"osm"}},{"type":"Feature","geometry":{"type":"Polygon","coordinates":[[[50.252164,53.44395],[50.2521414,53.4439327],[50.2522016,53.4439049],[50.2522242,53.4439222],[50.252164,53.44395]]]},"properties":{"source_type":"ml"}},{"type":"Feature","geometry":{"type":"Polygon","coordinates":[[[50.2520994,53.4438962],[50.2520419,53.4438538],[50.252109,53.4438215],[50.2521665,53.4438639],[50.2520994,53.4438962]]]},"properties":{"source_type":"osm"}},{"type":"Feature","geometry":{"type":"Polygon","coordinates":[[[50.2521714,53.4441508],[50.2521015,53.4441368],[50.2521137,53.4441153],[50.2521836,53.4441293],[50.2521714,53.4441508]]]},"properties":{"source_type":"ml"}},{"type":"Feature","geometry":{"type":"Polygon","coordinates":[[[50.2519611,53.4437583],[50.2518635,53.4436868],[50.2519409,53.4436492],[50.2520386,53.4437207],[50.2519611,53.4437583]]]},"properties":{"source_type":"ml"}},{"type":"Feature","geometry":{"type":"Polygon","coordinates":[[[50.2515941,53.4439731],[50.251532,53.4439223],[50.2516242,53.4438823],[50.2516863,53.4439331],[50.2515941,53.4439731]]]},"properties":{"source_type":"osm"}},{"type":"Feature","geometry":{"type":"Polygon","coordinates":[[[50.251674,53.4436904],[50.2516906,53.4437208],[50.2516494,53.4437288],[50.2516328,53.4436985],[50.251674,53.4436904]]]},"properties":{"source_type":"ml"}},{"type":"Feature","geometry":{"type":"Polygon","coordinates":[[[50.2515715,53.4434275],[50.2515373,53.4433998],[50.2516021,53.4433714],[50.2516674,53.4434242],[50.2515804,53.4434623],[50.2515494,53.4434372],[50.2515715,53.4434275]]]},"properties":{"source_type":"osm"}},{"type":"Feature","geometry":{"type":"Polygon","coordinates":[[[50.2517626,53.4432931],[50.2517116,53.4432457],[50.2517558,53.4432289],[50.2517221,53.4431976],[50.2517831,53.4431743],[50.2518678,53.443253],[50.2517626,53.4432931]]]},"properties":{"source_type":"osm"}},{"type":"Feature","geometry":{"type":"Polygon","coordinates":[[[50.2518175,53.4433552],[50.2517647,53.4433073],[50.251814,53.4432881],[50.2518667,53.443336],[50.2518175,53.4433552]]]},"properties":{"source_type":"osm"}},{"type":"Feature","geometry":{"type":"Polygon","coordinates":[[[50.2517867,53.443614],[50.2517146,53.4435426],[50.2518053,53.44351],[50.2518775,53.4435815],[50.2517867,53.443614]]]},"properties":{"source_type":"osm"}},{"type":"Feature","geometry":{"type":"Polygon","coordinates":[[[50.2518868,53.4435939],[50.2519217,53.4435721],[50.2519816,53.4436061],[50.2519468,53.4436279],[50.2518868,53.4435939]]]},"properties":{"source_type":"ml"}},{"type":"Feature","geometry":{"type":"Polygon","coordinates":[[[50.2518832,53.4429898],[50.2518267,53.4429505],[50.251853,53.4429371],[50.2519095,53.4429764],[50.2518832,53.4429898]]]},"properties":{"source_type":"ml"}},{"type":"Feature","geometry":{"type":"Polygon","coordinates":[[[50.2517941,53.4428244],[50.2518197,53.4428471],[50.2517552,53.442873],[50.2517295,53.4428503],[50.2517941,53.4428244]]]},"properties":{"source_type":"ml"}},{"type":"Feature","geometry":{"type":"Polygon","coordinates":[[[50.2518104,53.442633],[50.2518597,53.4426875],[50.2518118,53.4427029],[50.2517626,53.4426484],[50.2518104,53.442633]]]},"properties":{"source_type":"ml"}},{"type":"Feature","geometry":{"type":"Polygon","coordinates":[[[50.2517749,53.4428084],[50.2517339,53.44276],[50.2517724,53.4427484],[50.2518134,53.4427968],[50.2517749,53.4428084]]]},"properties":{"source_type":"ml"}},{"type":"Feature","geometry":{"type":"Polygon","coordinates":[[[50.2515322,53.4430269],[50.2514724,53.4429763],[50.2515585,53.4429402],[50.2516183,53.4429908],[50.2515322,53.4430269]]]},"properties":{"source_type":"ml"}},{"type":"Feature","geometry":{"type":"Polygon","coordinates":[[[50.2516603,53.4426862],[50.2517022,53.4427573],[50.2516568,53.4427668],[50.2516149,53.4426956],[50.2516603,53.4426862]]]},"properties":{"source_type":"ml"}},{"type":"Feature","geometry":{"type":"Polygon","coordinates":[[[50.2515204,53.4422621],[50.251483,53.442224],[50.251615,53.4421781],[50.2516524,53.4422162],[50.2515204,53.4422621]]]},"properties":{"source_type":"ml"}},{"type":"Feature","geometry":{"type":"Polygon","coordinates":[[[50.2516712,53.442356],[50.2517916,53.4423064],[50.2518518,53.4423583],[50.2517314,53.4424079],[50.2516712,53.442356]]]},"properties":{"source_type":"ml"}},{"type":"Feature","geometry":{"type":"Polygon","coordinates":[[[50.2520116,53.4425035],[50.2519079,53.4425472],[50.2518645,53.4425106],[50.2519682,53.4424669],[50.2520116,53.4425035]]]},"properties":{"source_type":"ml"}},{"type":"Feature","geometry":{"type":"Polygon","coordinates":[[[50.2518535,53.4425698],[50.2520067,53.442516],[50.2520947,53.4426049],[50.2519416,53.4426587],[50.2518535,53.4425698]]]},"properties":{"source_type":"ml"}},{"type":"Feature","geometry":{"type":"Polygon","coordinates":[[[50.2520407,53.4430317],[50.2521195,53.4430049],[50.2521873,53.4430754],[50.2521086,53.4431022],[50.2520407,53.4430317]]]},"properties":{"source_type":"ml"}},{"type":"Feature","geometry":{"type":"Polygon","coordinates":[[[50.252185,53.4426747],[50.2522428,53.4427185],[50.2521351,53.442769],[50.2520773,53.4427252],[50.252185,53.4426747]]]},"properties":{"source_type":"ml"}},{"type":"Feature","geometry":{"type":"Polygon","coordinates":[[[50.2523289,53.4429562],[50.2523505,53.4429779],[50.2522748,53.4430045],[50.2522533,53.4429827],[50.2523289,53.4429562]]]},"properties":{"source_type":"ml"}},{"type":"Feature","geometry":{"type":"Polygon","coordinates":[[[50.252419,53.4429173],[50.2523811,53.4429291],[50.2523481,53.4428915],[50.252426,53.4428672],[50.2524738,53.4429216],[50.2524338,53.4429341],[50.252419,53.4429173]]]},"properties":{"source_type":"ml"}},{"type":"Feature","geometry":{"type":"Polygon","coordinates":[[[50.2522061,53.4421932],[50.2521879,53.4421714],[50.2522531,53.4421521],[50.2522713,53.4421738],[50.2522061,53.4421932]]]},"properties":{"source_type":"ml"}},{"type":"Feature","geometry":{"type":"Polygon","coordinates":[[[50.2523919,53.4421111],[50.2523326,53.4421539],[50.2522751,53.4421257],[50.2522382,53.4421524],[50.2521679,53.4421179],[50.2523074,53.4420169],[50.2524113,53.4420679],[50.2523679,53.4420993],[50.2523919,53.4421111]]]},"properties":{"source_type":"ml"}},{"type":"Feature","geometry":{"type":"Polygon","coordinates":[[[50.2523432,53.4421751],[50.2524295,53.4421354],[50.2525035,53.4421925],[50.2524172,53.4422322],[50.2523432,53.4421751]]]},"properties":{"source_type":"ml"}},{"type":"Feature","geometry":{"type":"Polygon","coordinates":[[[50.2524321,53.4418927],[50.2524768,53.4419437],[50.2524417,53.4419546],[50.252397,53.4419036],[50.2524321,53.4418927]]]},"properties":{"source_type":"ml"}},{"type":"Feature","geometry":{"type":"Polygon","coordinates":[[[50.252285,53.4417113],[50.2522547,53.4416896],[50.2523123,53.441661],[50.2523427,53.4416827],[50.252285,53.4417113]]]},"properties":{"source_type":"ml"}},{"type":"Feature","geometry":{"type":"Polygon","coordinates":[[[50.2523088,53.4417091],[50.2523636,53.4416846],[50.2523847,53.4417013],[50.2523299,53.4417259],[50.2523088,53.4417091]]]},"properties":{"source_type":"ml"}},{"type":"Feature","geometry":{"type":"Polygon","coordinates":[[[50.2523586,53.4417499],[50.2523335,53.4417283],[50.2523904,53.4417048],[50.2524155,53.4417264],[50.2523586,53.4417499]]]},"properties":{"source_type":"ml"}},{"type":"Feature","geometry":{"type":"Polygon","coordinates":[[[50.2523598,53.4414527],[50.2523222,53.4414222],[50.2524103,53.4413836],[50.2524479,53.4414141],[50.2523598,53.4414527]]]},"properties":{"source_type":"ml"}},{"type":"Feature","geometry":{"type":"Polygon","coordinates":[[[50.2523876,53.4412173],[50.252322,53.4411753],[50.252379,53.4411437],[50.2524445,53.4411857],[50.2523876,53.4412173]]]},"properties":{"source_type":"ml"}},{"type":"Feature","geometry":{"type":"Polygon","coordinates":[[[50.2523818,53.4412263],[50.2524536,53.4411999],[50.2524843,53.4412295],[50.2524125,53.4412559],[50.2523818,53.4412263]]]},"properties":{"source_type":"ml"}},{"type":"Feature","geometry":{"type":"Polygon","coordinates":[[[50.2522453,53.4409954],[50.252279,53.4410388],[50.2521994,53.4410607],[50.2521657,53.4410173],[50.2522453,53.4409954]]]},"properties":{"source_type":"ml"}},{"type":"Feature","geometry":{"type":"Polygon","coordinates":[[[50.2520776,53.441851],[50.2521185,53.4419016],[50.2520431,53.4419232],[50.2520022,53.4418726],[50.2520776,53.441851]]]},"properties":{"source_type":"ml"}},{"type":"Feature","geometry":{"type":"Polygon","coordinates":[[[50.2519007,53.4418015],[50.2519732,53.4417693],[50.2520272,53.4418125],[50.2519546,53.4418447],[50.2519007,53.4418015]]]},"properties":{"source_type":"ml"}},{"type":"Feature","geometry":{"type":"Polygon","coordinates":[[[50.251938,53.4415959],[50.2518763,53.4415404],[50.2519426,53.4415142],[50.2520044,53.4415697],[50.251938,53.4415959]]]},"properties":{"source_type":"ml"}},{"type":"Feature","geometry":{"type":"Polygon","coordinates":[[[50.2518862,53.4415361],[50.2518184,53.4414832],[50.2519209,53.4414367],[50.2519886,53.4414896],[50.2518862,53.4415361]]]},"properties":{"source_type":"ml"}},{"type":"Feature","geometry":{"type":"Polygon","coordinates":[[[50.251651,53.4414785],[50.2516795,53.4415286],[50.251593,53.4415461],[50.2515644,53.441496],[50.251651,53.4414785]]]},"properties":{"source_type":"ml"}},{"type":"Feature","geometry":{"type":"Polygon","coordinates":[[[50.2516593,53.4416454],[50.2515946,53.4415964],[50.2517155,53.4415397],[50.2517802,53.4415887],[50.2516593,53.4416454]]]},"properties":{"source_type":"ml"}},{"type":"Feature","geometry":{"type":"Polygon","coordinates":[[[50.2516973,53.4413087],[50.2516358,53.4412443],[50.2516853,53.4412275],[50.2517468,53.441292],[50.2516973,53.4413087]]]},"properties":{"source_type":"ml"}},{"type":"Feature","geometry":{"type":"Polygon","coordinates":[[[50.2515714,53.4411446],[50.2516664,53.4412156],[50.2516326,53.4412316],[50.2515376,53.4411607],[50.2515714,53.4411446]]]},"properties":{"source_type":"ml"}},{"type":"Feature","geometry":{"type":"Polygon","coordinates":[[[50.2515277,53.4413548],[50.2515121,53.4413081],[50.2515833,53.4412997],[50.2515989,53.4413463],[50.2515277,53.4413548]]]},"properties":{"source_type":"ml"}},{"type":"Feature","geometry":{"type":"Polygon","coordinates":[[[50.251491,53.4411607],[50.2514812,53.4411389],[50.2515588,53.4411265],[50.2515686,53.4411483],[50.251491,53.4411607]]]},"properties":{"source_type":"ml"}},{"type":"Feature","geometry":{"type":"Polygon","coordinates":[[[50.2517375,53.4409836],[50.2518414,53.4409487],[50.2518895,53.4409997],[50.2517857,53.4410345],[50.2517375,53.4409836]]]},"properties":{"source_type":"ml"}},{"type":"Feature","geometry":{"type":"Polygon","coordinates":[[[50.2517254,53.4411834],[50.2517703,53.4412127],[50.2517117,53.4412446],[50.2516668,53.4412152],[50.2517254,53.4411834]]]},"properties":{"source_type":"ml"}},{"type":"Feature","geometry":{"type":"Polygon","coordinates":[[[50.251816,53.4414516],[50.2517995,53.4414041],[50.2518886,53.4413932],[50.251905,53.4414407],[50.251816,53.4414516]]]},"properties":{"source_type":"ml"}},{"type":"Feature","geometry":{"type":"Polygon","coordinates":[[[50.251932,53.4413671],[50.2518955,53.4413395],[50.2519684,53.4413054],[50.2520049,53.441333],[50.251932,53.4413671]]]},"properties":{"source_type":"ml"}},{"type":"Feature","geometry":{"type":"Polygon","coordinates":[[[50.2514676,53.4402269],[50.2514661,53.4401806],[50.2515292,53.4401799],[50.2515308,53.4402262],[50.2514676,53.4402269]]]},"properties":{"source_type":"ml"}},{"type":"Feature","geometry":{"type":"Polygon","coordinates":[[[50.251497,53.4399096],[50.2516038,53.4398866],[50.2516298,53.4399296],[50.251523,53.4399525],[50.251497,53.4399096]]]},"properties":{"source_type":"ml"}},{"type":"Feature","geometry":{"type":"Polygon","coordinates":[[[50.2521145,53.4399824],[50.2520947,53.4399376],[50.2522026,53.4399207],[50.2522224,53.4399655],[50.2521145,53.4399824]]]},"properties":{"source_type":"ml"}},{"type":"Feature","geometry":{"type":"Polygon","coordinates":[[[50.2521389,53.440103],[50.2521024,53.4400168],[50.2522273,53.4399981],[50.2522638,53.4400843],[50.2521389,53.440103]]]},"properties":{"source_type":"ml"}},{"type":"Feature","geometry":{"type":"Polygon","coordinates":[[[50.2519854,53.4402356],[50.2521082,53.4402216],[50.2521246,53.4402724],[50.2520019,53.4402865],[50.2519854,53.4402356]]]},"properties":{"source_type":"ml"}},{"type":"Feature","geometry":{"type":"Polygon","coordinates":[[[50.2520048,53.4409104],[50.2519695,53.4408805],[50.2520529,53.4408456],[50.2520882,53.4408756],[50.2520048,53.4409104]]]},"properties":{"source_type":"ml"}},{"type":"Feature","geometry":{"type":"Polygon","coordinates":[[[50.2523187,53.4407501],[50.2523645,53.4407972],[50.2523235,53.4408113],[50.2522777,53.4407642],[50.2523187,53.4407501]]]},"properties":{"source_type":"ml"}},{"type":"Feature","geometry":{"type":"Polygon","coordinates":[[[50.2529147,53.4408313],[50.2528843,53.4408098],[50.2529221,53.4407909],[50.2529525,53.4408125],[50.2529147,53.4408313]]]},"properties":{"source_type":"ml"}},{"type":"Feature","geometry":{"type":"Polygon","coordinates":[[[50.2528053,53.4408045],[50.252741,53.4407641],[50.2527912,53.4407357],[50.2528555,53.4407761],[50.2528053,53.4408045]]]},"properties":{"source_type":"ml"}},{"type":"Feature","geometry":{"type":"Polygon","coordinates":[[[50.252615,53.4411538],[50.2525952,53.4411361],[50.2526601,53.4411103],[50.2526799,53.441128],[50.252615,53.4411538]]]},"properties":{"source_type":"ml"}},{"type":"Feature","geometry":{"type":"Polygon","coordinates":[[[50.2524919,53.4415059],[50.2525788,53.4415787],[50.2525032,53.4416107],[50.2524163,53.4415378],[50.2524919,53.4415059]]]},"properties":{"source_type":"ml"}},{"type":"Feature","geometry":{"type":"Polygon","coordinates":[[[50.2527194,53.4417536],[50.2526575,53.4417133],[50.2527512,53.4416621],[50.2528132,53.4417023],[50.2527194,53.4417536]]]},"properties":{"source_type":"ml"}},{"type":"Feature","geometry":{"type":"Polygon","coordinates":[[[50.2528267,53.4417443],[50.2528478,53.4417693],[50.2527784,53.44179],[50.2527573,53.441765],[50.2528267,53.4417443]]]},"properties":{"source_type":"ml"}},{"type":"Feature","geometry":{"type":"Polygon","coordinates":[[[50.2528055,53.4414073],[50.2528501,53.4414547],[50.2528133,53.441467],[50.2527687,53.4414195],[50.2528055,53.4414073]]]},"properties":{"source_type":"ml"}},{"type":"Feature","geometry":{"type":"Polygon","coordinates":[[[50.2529904,53.4409435],[50.2529193,53.4409045],[50.2529727,53.4408699],[50.2530439,53.4409089],[50.2529904,53.4409435]]]},"properties":{"source_type":"ml"}},{"type":"Feature","geometry":{"type":"Polygon","coordinates":[[[50.2531497,53.441039],[50.2531881,53.4410873],[50.2531035,53.4411112],[50.2530651,53.4410629],[50.2531497,53.441039]]]},"properties":{"source_type":"ml"}},{"type":"Feature","geometry":{"type":"Polygon","coordinates":[[[50.2529721,53.4415015],[50.2529216,53.4414532],[50.253024,53.4414152],[50.2530745,53.4414635],[50.2529721,53.4415015]]]},"properties":{"source_type":"ml"}},{"type":"Feature","geometry":{"type":"Polygon","coordinates":[[[50.2529359,53.4413728],[50.253007,53.4413512],[50.2530287,53.4413766],[50.2529576,53.4413982],[50.2529359,53.4413728]]]},"properties":{"source_type":"ml"}},{"type":"Feature","geometry":{"type":"Polygon","coordinates":[[[50.2529375,53.4416564],[50.2528584,53.4415998],[50.2529481,53.4415553],[50.2530272,53.4416119],[50.2529375,53.4416564]]]},"properties":{"source_type":"ml"}},{"type":"Feature","geometry":{"type":"Polygon","coordinates":[[[50.252966,53.442032],[50.2529293,53.4419887],[50.2530468,53.4419534],[50.2530835,53.4419966],[50.252966,53.442032]]]},"properties":{"source_type":"ml"}},{"type":"Feature","geometry":{"type":"Polygon","coordinates":[[[50.2531089,53.4415809],[50.2531935,53.441562],[50.2532188,53.4416021],[50.2531341,53.441621],[50.2531089,53.4415809]]]},"properties":{"source_type":"ml"}},{"type":"Feature","geometry":{"type":"Polygon","coordinates":[[[50.2532046,53.4414685],[50.2532289,53.4414568],[50.2532801,53.4414944],[50.253212,53.4415272],[50.2531267,53.4414645],[50.2531705,53.4414434],[50.2532046,53.4414685]]]},"properties":{"source_type":"ml"}},{"type":"Feature","geometry":{"type":"Polygon","coordinates":[[[50.2532224,53.4418493],[50.2531705,53.4418078],[50.2531947,53.4417971],[50.2532466,53.4418386],[50.2532224,53.4418493]]]},"properties":{"source_type":"ml"}},{"type":"Feature","geometry":{"type":"Polygon","coordinates":[[[50.253256,53.4411847],[50.2533495,53.441148],[50.2534271,53.4412181],[50.2533337,53.4412548],[50.253256,53.4411847]]]},"properties":{"source_type":"ml"}},{"type":"Feature","geometry":{"type":"Polygon","coordinates":[[[50.2532119,53.4411346],[50.2531874,53.4411153],[50.2532911,53.4410684],[50.2533156,53.4410876],[50.2532119,53.4411346]]]},"properties":{"source_type":"ml"}},{"type":"Feature","geometry":{"type":"Polygon","coordinates":[[[50.2531562,53.4408378],[50.2531078,53.4407978],[50.2531827,53.4407657],[50.2532311,53.4408057],[50.2531562,53.4408378]]]},"properties":{"source_type":"ml"}},{"type":"Feature","geometry":{"type":"Polygon","coordinates":[[[50.2530208,53.4407105],[50.2529629,53.4406581],[50.2530303,53.4406317],[50.2530882,53.4406841],[50.2530208,53.4407105]]]},"properties":{"source_type":"ml"}},{"type":"Feature","geometry":{"type":"Polygon","coordinates":[[[50.2533254,53.4394843],[50.2532715,53.439454],[50.2533049,53.4394328],[50.2533589,53.4394631],[50.2533254,53.4394843]]]},"properties":{"source_type":"ml"}},{"type":"Feature","geometry":{"type":"Polygon","coordinates":[[[50.25301,53.4392455],[50.252913,53.4391738],[50.253009,53.4391277],[50.2531059,53.4391994],[50.25301,53.4392455]]]},"properties":{"source_type":"ml"}},{"type":"Feature","geometry":{"type":"Polygon","coordinates":[[[50.2532222,53.4391809],[50.253289,53.4391378],[50.2533601,53.4391768],[50.2532933,53.43922],[50.2532222,53.4391809]]]},"properties":{"source_type":"ml"}},{"type":"Feature","geometry":{"type":"Polygon","coordinates":[[[50.253168,53.4377839],[50.2531613,53.4377218],[50.2532682,53.4377177],[50.2532749,53.4377798],[50.253168,53.4377839]]]},"properties":{"source_type":"ml"}},{"type":"Feature","geometry":{"type":"Polygon","coordinates":[[[50.253082,53.4378949],[50.2531094,53.4378486],[50.2532144,53.4378706],[50.253187,53.4379169],[50.253082,53.4378949]]]},"properties":{"source_type":"ml"}},{"type":"Feature","geometry":{"type":"Polygon","coordinates":[[[50.2528248,53.4375851],[50.252865,53.4375778],[50.2528859,53.437618],[50.2528456,53.4376254],[50.2528248,53.4375851]]]},"properties":{"source_type":"ml"}},{"type":"Feature","geometry":{"type":"Polygon","coordinates":[[[50.2527018,53.4394898],[50.2525999,53.4394226],[50.2526723,53.4393837],[50.2527742,53.4394509],[50.2527018,53.4394898]]]},"properties":{"source_type":"ml"}},{"type":"Feature","geometry":{"type":"Polygon","coordinates":[[[50.2528713,53.4392462],[50.2529497,53.4392909],[50.2528626,53.4393451],[50.2527842,53.4393004],[50.2528713,53.4392462]]]},"properties":{"source_type":"ml"}},{"type":"Feature","geometry":{"type":"Polygon","coordinates":[[[50.2527931,53.4397427],[50.2527354,53.4397037],[50.252792,53.4396739],[50.2528497,53.4397129],[50.2527931,53.4397427]]]},"properties":{"source_type":"ml"}},{"type":"Feature","geometry":{"type":"Polygon","coordinates":[[[50.251926,53.439171],[50.2519756,53.4391601],[50.2520104,53.4392163],[50.2519608,53.4392272],[50.251926,53.439171]]]},"properties":{"source_type":"ml"}},{"type":"Feature","geometry":{"type":"Polygon","coordinates":[[[50.2519512,53.4392348],[50.2520106,53.4392182],[50.2520477,53.4392654],[50.2519883,53.439282],[50.2519512,53.4392348]]]},"properties":{"source_type":"ml"}},{"type":"Feature","geometry":{"type":"Polygon","coordinates":[[[50.2517247,53.4396768],[50.2517598,53.4397525],[50.2516102,53.4397771],[50.2515751,53.4397014],[50.2517247,53.4396768]]]},"properties":{"source_type":"ml"}},{"type":"Feature","geometry":{"type":"Polygon","coordinates":[[[50.2516227,53.4392359],[50.2515782,53.4391464],[50.2517729,53.439112],[50.2518175,53.4392015],[50.2516227,53.4392359]]]},"properties":{"source_type":"ml"}},{"type":"Feature","geometry":{"type":"Polygon","coordinates":[[[50.2514743,53.4391764],[50.2514522,53.4391272],[50.2514884,53.4391214],[50.2515106,53.4391706],[50.2514743,53.4391764]]]},"properties":{"source_type":"ml"}},{"type":"Feature","geometry":{"type":"Polygon","coordinates":[[[50.2520875,53.4375512],[50.2521075,53.4376055],[50.252014,53.4376177],[50.2519939,53.4375634],[50.2520875,53.4375512]]]},"properties":{"source_type":"ml"}},{"type":"Feature","geometry":{"type":"Polygon","coordinates":[[[50.2523139,53.4375705],[50.2524143,53.4375715],[50.2524133,53.4376108],[50.2523129,53.4376098],[50.2523139,53.4375705]]]},"properties":{"source_type":"ml"}},{"type":"Feature","geometry":{"type":"Polygon","coordinates":[[[50.2523734,53.4373572],[50.2524047,53.4374193],[50.2522781,53.4374419],[50.2522468,53.4373798],[50.2523734,53.4373572]]]},"properties":{"source_type":"ml"}},{"type":"Feature","geometry":{"type":"Polygon","coordinates":[[[50.2522025,53.4372777],[50.2521875,53.4372405],[50.2522823,53.4372269],[50.2522974,53.437264],[50.2522025,53.4372777]]]},"properties":{"source_type":"ml"}},{"type":"Feature","geometry":{"type":"Polygon","coordinates":[[[50.2521756,53.437026],[50.2522166,53.4370133],[50.2522429,53.4370435],[50.2522019,53.4370562],[50.2521756,53.437026]]]},"properties":{"source_type":"ml"}},{"type":"Feature","geometry":{"type":"Polygon","coordinates":[[[50.2522762,53.4369069],[50.2523545,53.4368992],[50.2523619,53.4369256],[50.2522835,53.4369333],[50.2522762,53.4369069]]]},"properties":{"source_type":"ml"}},{"type":"Feature","geometry":{"type":"Polygon","coordinates":[[[50.2524389,53.4367777],[50.2524613,53.4368223],[50.2524406,53.436826],[50.2524587,53.4368621],[50.2524144,53.43687],[50.2523739,53.4367893],[50.2524389,53.4367777]]]},"properties":{"source_type":"ml"}},{"type":"Feature","geometry":{"type":"Polygon","coordinates":[[[50.2522774,53.4364968],[50.2522919,53.4365272],[50.2522472,53.4365348],[50.2522327,53.4365043],[50.2522774,53.4364968]]]},"properties":{"source_type":"ml"}},{"type":"Feature","geometry":{"type":"Polygon","coordinates":[[[50.2522155,53.4366122],[50.2521742,53.4365546],[50.2522332,53.4365396],[50.2522745,53.4365972],[50.2522155,53.4366122]]]},"properties":{"source_type":"ml"}},{"type":"Feature","geometry":{"type":"Polygon","coordinates":[[[50.2519463,53.4367729],[50.2519216,53.4367092],[50.2520209,53.4366955],[50.2520456,53.4367592],[50.2519463,53.4367729]]]},"properties":{"source_type":"ml"}},{"type":"Feature","geometry":{"type":"Polygon","coordinates":[[[50.2520779,53.4368436],[50.2521102,53.4368957],[50.2520275,53.4369138],[50.2519953,53.4368618],[50.2520779,53.4368436]]]},"properties":{"source_type":"ml"}},{"type":"Feature","geometry":{"type":"Polygon","coordinates":[[[50.252106,53.4371122],[50.2520793,53.4370323],[50.2521593,53.4370228],[50.252186,53.4371027],[50.252106,53.4371122]]]},"properties":{"source_type":"ml"}},{"type":"Feature","geometry":{"type":"Polygon","coordinates":[[[50.2518615,53.4372696],[50.2519718,53.4372469],[50.2520007,53.4372969],[50.2520559,53.4372856],[50.2520666,53.4373042],[50.2519012,53.4373381],[50.2518615,53.4372696]]]},"properties":{"source_type":"ml"}},{"type":"Feature","geometry":{"type":"Polygon","coordinates":[[[50.2520296,53.4374386],[50.2520325,53.4375041],[50.2519172,53.4375059],[50.2519144,53.4374404],[50.2520296,53.4374386]]]},"properties":{"source_type":"ml"}},{"type":"Feature","geometry":{"type":"Polygon","coordinates":[[[50.2519181,53.4374278],[50.2519109,53.4373948],[50.251969,53.4373904],[50.2519761,53.4374234],[50.2519181,53.4374278]]]},"properties":{"source_type":"ml"}},{"type":"Feature","geometry":{"type":"Polygon","coordinates":[[[50.2517962,53.4370846],[50.2518253,53.4371538],[50.2516991,53.4371726],[50.25167,53.4371035],[50.2517962,53.4370846]]]},"properties":{"source_type":"ml"}},{"type":"Feature","geometry":{"type":"Polygon","coordinates":[[[50.2516835,53.4373463],[50.2517175,53.4373903],[50.2516688,53.4374037],[50.2516348,53.4373597],[50.2516835,53.4373463]]]},"properties":{"source_type":"ml"}},{"type":"Feature","geometry":{"type":"Polygon","coordinates":[[[50.2515048,53.4374493],[50.2515069,53.4374164],[50.2515873,53.4374182],[50.2515852,53.4374511],[50.2515048,53.4374493]]]},"properties":{"source_type":"ml"}},{"type":"Feature","geometry":{"type":"Polygon","coordinates":[[[50.2516925,53.4367744],[50.2516103,53.4367797],[50.2515976,53.4367103],[50.251709,53.4367031],[50.2517186,53.4367562],[50.2516895,53.4367581],[50.2516925,53.4367744]]]},"properties":{"source_type":"ml"}},{"type":"Feature","geometry":{"type":"Polygon","coordinates":[[[50.2515139,53.436653],[50.2514884,53.4365861],[50.2515828,53.4365734],[50.2516083,53.4366402],[50.2515139,53.436653]]]},"properties":{"source_type":"ml"}},{"type":"Feature","geometry":{"type":"Polygon","coordinates":[[[50.2517024,53.4369115],[50.2517966,53.4368954],[50.2518404,53.4369864],[50.2517462,53.4370025],[50.2517024,53.4369115]]]},"properties":{"source_type":"ml"}},{"type":"Feature","geometry":{"type":"Polygon","coordinates":[[[50.2518513,53.4365279],[50.2519495,53.4365165],[50.2519669,53.4365699],[50.2518686,53.4365812],[50.2518513,53.4365279]]]},"properties":{"source_type":"ml"}},{"type":"Feature","geometry":{"type":"Polygon","coordinates":[[[50.2517972,53.435898],[50.2518906,53.4358803],[50.2519131,53.4359223],[50.2518197,53.4359401],[50.2517972,53.435898]]]},"properties":{"source_type":"ml"}},{"type":"Feature","geometry":{"type":"Polygon","coordinates":[[[50.2518025,53.4363345],[50.2518438,53.4363266],[50.2518726,53.4363802],[50.2518313,53.4363881],[50.2518025,53.4363345]]]},"properties":{"source_type":"ml"}},{"type":"Feature","geometry":{"type":"Polygon","coordinates":[[[50.2517558,53.4362427],[50.2516853,53.4362454],[50.2516773,53.4361712],[50.2517478,53.4361685],[50.2517558,53.4362427]]]},"properties":{"source_type":"ml"}},{"type":"Feature","geometry":{"type":"Polygon","coordinates":[[[50.2515765,53.4359837],[50.2515983,53.4360696],[50.2515407,53.4360748],[50.2515188,53.4359889],[50.2515765,53.4359837]]]},"properties":{"source_type":"ml"}},{"type":"Feature","geometry":{"type":"Polygon","coordinates":[[[50.2515531,53.4354665],[50.251613,53.4354604],[50.2516274,53.43551],[50.2515675,53.4355162],[50.2515531,53.4354665]]]},"properties":{"source_type":"ml"}},{"type":"Feature","geometry":{"type":"Polygon","coordinates":[[[50.2515016,53.4354087],[50.2514911,53.4353675],[50.2515592,53.4353613],[50.2515698,53.4354025],[50.2515016,53.4354087]]]},"properties":{"source_type":"ml"}},{"type":"Feature","geometry":{"type":"Polygon","coordinates":[[[50.2520267,53.4356103],[50.2520244,53.435579],[50.2521225,53.4355764],[50.2521248,53.4356077],[50.2520267,53.4356103]]]},"properties":{"source_type":"ml"}},{"type":"Feature","geometry":{"type":"Polygon","coordinates":[[[50.2521981,53.4353539],[50.2522002,53.435381],[50.2520744,53.4353844],[50.2520684,53.4353063],[50.2521541,53.4353039],[50.252158,53.435355],[50.2521981,53.4353539]]]},"properties":{"source_type":"ml"}},{"type":"Feature","geometry":{"type":"Polygon","coordinates":[[[50.2521258,53.4355528],[50.2521207,53.4354864],[50.252225,53.4354835],[50.2522302,53.4355499],[50.2521258,53.4355528]]]},"properties":{"source_type":"ml"}},{"type":"Feature","geometry":{"type":"Polygon","coordinates":[[[50.2522238,53.4355684],[50.2522436,53.4356465],[50.2521587,53.4356541],[50.2521389,53.435576],[50.2522238,53.4355684]]]},"properties":{"source_type":"ml"}},{"type":"Feature","geometry":{"type":"Polygon","coordinates":[[[50.2520744,53.4360151],[50.2520837,53.4360569],[50.2520362,53.4360607],[50.252027,53.4360188],[50.2520744,53.4360151]]]},"properties":{"source_type":"ml"}},{"type":"Feature","geometry":{"type":"Polygon","coordinates":[[[50.2519452,53.4360234],[50.2520085,53.4360186],[50.2520197,53.4360704],[50.2519563,53.4360753],[50.2519452,53.4360234]]]},"properties":{"source_type":"ml"}},{"type":"Feature","geometry":{"type":"Polygon","coordinates":[[[50.2522794,53.4362992],[50.2522844,53.436326],[50.2522278,53.4363298],[50.2522228,53.4363029],[50.2522794,53.4362992]]]},"properties":{"source_type":"ml"}},{"type":"Feature","geometry":{"type":"Polygon","coordinates":[[[50.2524276,53.4360475],[50.2524452,53.4361103],[50.2523137,53.4361233],[50.2522961,53.4360605],[50.2524276,53.4360475]]]},"properties":{"source_type":"ml"}},{"type":"Feature","geometry":{"type":"Polygon","coordinates":[[[50.2522272,53.4358744],[50.2521935,53.4358139],[50.2523175,53.4357893],[50.2523513,53.4358498],[50.2522272,53.4358744]]]},"properties":{"source_type":"ml"}},{"type":"Feature","geometry":{"type":"Polygon","coordinates":[[[50.2523823,53.4354007],[50.2523921,53.4354265],[50.252335,53.4354342],[50.2523252,53.4354083],[50.2523823,53.4354007]]]},"properties":{"source_type":"ml"}},{"type":"Feature","geometry":{"type":"Polygon","coordinates":[[[50.252492,53.4353705],[50.252534,53.4354679],[50.2524257,53.4354845],[50.2523838,53.435387],[50.252492,53.4353705]]]},"properties":{"source_type":"ml"}},{"type":"Feature","geometry":{"type":"Polygon","coordinates":[[[50.2525958,53.4356031],[50.252608,53.43563],[50.2525005,53.4356473],[50.2524883,53.4356204],[50.2525958,53.4356031]]]},"properties":{"source_type":"ml"}},{"type":"Feature","geometry":{"type":"Polygon","coordinates":[[[50.2525394,53.4358332],[50.2526374,53.4358201],[50.252667,53.4358986],[50.2525691,53.4359117],[50.2525394,53.4358332]]]},"properties":{"source_type":"ml"}},{"type":"Feature","geometry":{"type":"Polygon","coordinates":[[[50.2526922,53.4353207],[50.2527032,53.4353687],[50.2525926,53.4353777],[50.2525816,53.4353297],[50.2526922,53.4353207]]]},"properties":{"source_type":"ml"}},{"type":"Feature","geometry":{"type":"Polygon","coordinates":[[[50.2526581,53.43551],[50.2527571,53.4355125],[50.2527537,53.4355603],[50.2526547,53.4355578],[50.2526581,53.43551]]]},"properties":{"source_type":"ml"}},{"type":"Feature","geometry":{"type":"Polygon","coordinates":[[[50.2527856,53.435476],[50.2527717,53.435405],[50.2528961,53.4353964],[50.25291,53.4354673],[50.2527856,53.435476]]]},"properties":{"source_type":"ml"}},{"type":"Feature","geometry":{"type":"Polygon","coordinates":[[[50.2526663,53.436145],[50.2526386,53.4360881],[50.2527836,53.436063],[50.2528113,53.4361199],[50.2526663,53.436145]]]},"properties":{"source_type":"ml"}},{"type":"Feature","geometry":{"type":"Polygon","coordinates":[[[50.2529454,53.4363711],[50.2529454,53.4364095],[50.2528462,53.4364095],[50.2528462,53.4363711],[50.2529454,53.4363711]]]},"properties":{"source_type":"ml"}},{"type":"Feature","geometry":{"type":"Polygon","coordinates":[[[50.2525836,53.4359237],[50.2527008,53.4359134],[50.2527114,53.4359562],[50.2525943,53.4359665],[50.2525836,53.4359237]]]},"properties":{"source_type":"ml"}},{"type":"Feature","geometry":{"type":"Polygon","coordinates":[[[50.2525412,53.4361294],[50.2525457,53.4361724],[50.2524692,53.4361752],[50.2524647,53.4361322],[50.2525412,53.4361294]]]},"properties":{"source_type":"ml"}},{"type":"Feature","geometry":{"type":"Polygon","coordinates":[[[50.2524648,53.4364602],[50.2524387,53.4364101],[50.2525675,53.4363863],[50.2525935,53.4364365],[50.2524648,53.4364602]]]},"properties":{"source_type":"ml"}},{"type":"Feature","geometry":{"type":"Polygon","coordinates":[[[50.2526566,53.43656],[50.2526749,53.4365985],[50.2525929,53.4366123],[50.2525746,53.4365738],[50.2526566,53.43656]]]},"properties":{"source_type":"ml"}},{"type":"Feature","geometry":{"type":"Polygon","coordinates":[[[50.2526162,53.4371697],[50.2526246,53.4372009],[50.252533,53.4372095],[50.2525194,53.4371587],[50.2525613,53.4371547],[50.2525665,53.4371744],[50.2526162,53.4371697]]]},"properties":{"source_type":"ml"}},{"type":"Feature","geometry":{"type":"Polygon","coordinates":[[[50.2527593,53.4370319],[50.2528368,53.4370257],[50.2528511,53.4370891],[50.2527736,53.4370953],[50.2527593,53.4370319]]]},"properties":{"source_type":"ml"}},{"type":"Feature","geometry":{"type":"Polygon","coordinates":[[[50.252799,53.437188],[50.2527808,53.4371064],[50.2529457,53.4370933],[50.252964,53.4371749],[50.252799,53.437188]]]},"properties":{"source_type":"ml"}},{"type":"Feature","geometry":{"type":"Polygon","coordinates":[[[50.2528122,53.4368166],[50.2528674,53.4368119],[50.2528834,53.4368783],[50.2528282,53.436883],[50.2528122,53.4368166]]]},"properties":{"source_type":"ml"}},{"type":"Feature","geometry":{"type":"Polygon","coordinates":[[[50.2528339,53.4369056],[50.2528568,53.4370066],[50.252762,53.4370142],[50.2527391,53.4369132],[50.2528339,53.4369056]]]},"properties":{"source_type":"ml"}},{"type":"Feature","geometry":{"type":"Polygon","coordinates":[[[50.2526928,53.4368577],[50.2526862,53.4368278],[50.2527469,53.4368231],[50.2527534,53.436853],[50.2526928,53.4368577]]]},"properties":{"source_type":"ml"}},{"type":"Feature","geometry":{"type":"Polygon","coordinates":[[[50.2527567,53.4367905],[50.2527059,53.4367977],[50.2526932,53.4367659],[50.2528099,53.4367493],[50.2528342,53.4368098],[50.2527682,53.4368192],[50.2527567,53.4367905]]]},"properties":{"source_type":"ml"}},{"type":"Feature","geometry":{"type":"Polygon","coordinates":[[[50.2528697,53.4365109],[50.2528487,53.4364363],[50.2529295,53.4364282],[50.2529506,53.4365028],[50.2528697,53.4365109]]]},"properties":{"source_type":"ml"}},{"type":"Feature","geometry":{"type":"Polygon","coordinates":[[[50.2529203,53.4366978],[50.2528924,53.4366016],[50.2530356,53.4365869],[50.2530635,53.436683],[50.2529203,53.4366978]]]},"properties":{"source_type":"ml"}},{"type":"Feature","geometry":{"type":"Polygon","coordinates":[[[50.253123,53.4367849],[50.2531549,53.4368389],[50.2530476,53.4368614],[50.2530156,53.4368074],[50.253123,53.4367849]]]},"properties":{"source_type":"ml"}},{"type":"Feature","geometry":{"type":"Polygon","coordinates":[[[50.252916,53.4373051],[50.2530106,53.4372878],[50.2530309,53.4373273],[50.2529363,53.4373445],[50.252916,53.4373051]]]},"properties":{"source_type":"ml"}},{"type":"Feature","geometry":{"type":"Polygon","coordinates":[[[50.2529846,53.4373655],[50.2530605,53.4373515],[50.2530999,53.4374272],[50.2530241,53.4374413],[50.2529846,53.4373655]]]},"properties":{"source_type":"ml"}},{"type":"Feature","geometry":{"type":"Polygon","coordinates":[[[50.253073,53.4375776],[50.2530647,53.4375125],[50.253182,53.4375072],[50.2531903,53.4375723],[50.253073,53.4375776]]]},"properties":{"source_type":"ml"}},{"type":"Feature","geometry":{"type":"Polygon","coordinates":[[[50.2531636,53.4371408],[50.253257,53.4371269],[50.253285,53.4371936],[50.2531915,53.4372075],[50.2531636,53.4371408]]]},"properties":{"source_type":"ml"}},{"type":"Feature","geometry":{"type":"Polygon","coordinates":[[[50.253259,53.4373209],[50.2533446,53.4373026],[50.2533749,53.4373531],[50.2532893,53.4373713],[50.253259,53.4373209]]]},"properties":{"source_type":"ml"}},{"type":"Feature","geometry":{"type":"Polygon","coordinates":[[[50.2532972,53.4375211],[50.2532951,53.437486],[50.2533969,53.4374838],[50.253399,53.4375189],[50.2532972,53.4375211]]]},"properties":{"source_type":"ml"}},{"type":"Feature","geometry":{"type":"Polygon","coordinates":[[[50.253115,53.4370273],[50.2530906,53.4369719],[50.2532423,53.4369483],[50.2532666,53.4370036],[50.253115,53.4370273]]]},"properties":{"source_type":"ml"}},{"type":"Feature","geometry":{"type":"Polygon","coordinates":[[[50.2532056,53.4365797],[50.2532726,53.4365649],[50.2532988,53.436607],[50.2532319,53.4366218],[50.2532056,53.4365797]]]},"properties":{"source_type":"ml"}},{"type":"Feature","geometry":{"type":"Polygon","coordinates":[[[50.2533691,53.4366977],[50.2533523,53.4366503],[50.2534755,53.4366348],[50.2535097,53.4367312],[50.2533942,53.4367457],[50.2533936,53.4367442],[50.2533346,53.4367516],[50.2533199,53.4367103],[50.2532712,53.4367165],[50.2532527,53.4366645],[50.2533297,53.4366548],[50.253346,53.4367006],[50.2533691,53.4366977]]]},"properties":{"source_type":"ml"}},{"type":"Feature","geometry":{"type":"Polygon","coordinates":[[[50.2533157,53.4358833],[50.2533191,53.4359327],[50.2532548,53.4359343],[50.2532514,53.4358848],[50.2533157,53.4358833]]]},"properties":{"source_type":"ml"}},{"type":"Feature","geometry":{"type":"Polygon","coordinates":[[[50.2533531,53.4360596],[50.2533572,53.4361033],[50.2533011,53.4361051],[50.253297,53.4360615],[50.2533531,53.4360596]]]},"properties":{"source_type":"ml"}},{"type":"Feature","geometry":{"type":"Polygon","coordinates":[[[50.2532548,53.4361998],[50.2532936,53.4361952],[50.25333,53.436306],[50.2531983,53.4363214],[50.2531669,53.436226],[50.2531282,53.4362305],[50.2530957,53.4361321],[50.2532275,53.4361167],[50.2532548,53.4361998]]]},"properties":{"source_type":"ml"}},{"type":"Feature","geometry":{"type":"Polygon","coordinates":[[[50.2531048,53.4359444],[50.2531086,53.4359633],[50.2531509,53.4359603],[50.2531627,53.4360185],[50.2530517,53.4360265],[50.2530361,53.4359493],[50.2531048,53.4359444]]]},"properties":{"source_type":"ml"}},{"type":"Feature","geometry":{"type":"Polygon","coordinates":[[[50.2530054,53.435938],[50.2529671,53.435852],[50.2530773,53.4358346],[50.2531156,53.4359205],[50.2530054,53.435938]]]},"properties":{"source_type":"ml"}},{"type":"Feature","geometry":{"type":"Polygon","coordinates":[[[50.2529221,53.4357245],[50.2529943,53.4357159],[50.2530246,53.4358066],[50.2529523,53.4358152],[50.2529221,53.4357245]]]},"properties":{"source_type":"ml"}},{"type":"Feature","geometry":{"type":"Polygon","coordinates":[[[50.252975,53.4356605],[50.2529723,53.4357196],[50.2528946,53.4357184],[50.2528973,53.4356593],[50.252975,53.4356605]]]},"properties":{"source_type":"ml"}},{"type":"Feature","geometry":{"type":"Polygon","coordinates":[[[50.2530662,53.4354762],[50.2530757,53.4355098],[50.2528992,53.4355274],[50.2528898,53.4354938],[50.2530662,53.4354762]]]},"properties":{"source_type":"ml"}},{"type":"Feature","geometry":{"type":"Polygon","coordinates":[[[50.2540723,53.4369364],[50.2540748,53.436891],[50.2541471,53.4368924],[50.2541446,53.4369378],[50.2540723,53.4369364]]]},"properties":{"source_type":"ml"}},{"type":"Feature","geometry":{"type":"Polygon","coordinates":[[[50.253936,53.4366794],[50.254119,53.4366538],[50.2541277,53.4366758],[50.2541633,53.4366709],[50.2541937,53.4367481],[50.2540158,53.436773],[50.2539997,53.4367321],[50.253959,53.4367378],[50.253936,53.4366794]]]},"properties":{"source_type":"ml"}},{"type":"Feature","geometry":{"type":"Polygon","coordinates":[[[50.2542682,53.4371087],[50.2542751,53.4371765],[50.2541602,53.4371807],[50.2541533,53.4371129],[50.2542682,53.4371087]]]},"properties":{"source_type":"ml"}},{"type":"Feature","geometry":{"type":"Polygon","coordinates":[[[50.2542977,53.4373023],[50.2542517,53.4371969],[50.2543195,53.4371864],[50.2543655,53.4372918],[50.2542977,53.4373023]]]},"properties":{"source_type":"ml"}},{"type":"Feature","geometry":{"type":"Polygon","coordinates":[[[50.2541166,53.4374671],[50.2541328,53.437519],[50.2540602,53.437527],[50.254044,53.4374751],[50.2541166,53.4374671]]]},"properties":{"source_type":"ml"}},{"type":"Feature","geometry":{"type":"Polygon","coordinates":[[[50.2536687,53.4372216],[50.2536862,53.4372698],[50.2536389,53.4372759],[50.2536215,53.4372276],[50.2536687,53.4372216]]]},"properties":{"source_type":"ml"}},{"type":"Feature","geometry":{"type":"Polygon","coordinates":[[[50.2537544,53.436951],[50.2538087,53.437056],[50.2537206,53.4370722],[50.2536662,53.4369672],[50.2537544,53.436951]]]},"properties":{"source_type":"ml"}},{"type":"Feature","geometry":{"type":"Polygon","coordinates":[[[50.2538942,53.4370766],[50.2539031,53.4371207],[50.2538185,53.4371267],[50.2538096,53.4370826],[50.2538942,53.4370766]]]},"properties":{"source_type":"ml"}},{"type":"Feature","geometry":{"type":"Polygon","coordinates":[[[50.2537066,53.4365139],[50.2537456,53.4365638],[50.2536729,53.436584],[50.2536339,53.4365341],[50.2537066,53.4365139]]]},"properties":{"source_type":"ml"}},{"type":"Feature","geometry":{"type":"Polygon","coordinates":[[[50.2533745,53.4369],[50.253448,53.4368855],[50.2534821,53.4369468],[50.2534087,53.4369613],[50.2533745,53.4369]]]},"properties":{"source_type":"ml"}},{"type":"Feature","geometry":{"type":"Polygon","coordinates":[[[50.2534696,53.4378238],[50.2534375,53.4377505],[50.2535519,53.4377327],[50.253584,53.437806],[50.2534696,53.4378238]]]},"properties":{"source_type":"ml"}},{"type":"Feature","geometry":{"type":"Polygon","coordinates":[[[50.2536802,53.4378218],[50.253687,53.4378678],[50.253498,53.4378776],[50.2534912,53.4378316],[50.2536802,53.4378218]]]},"properties":{"source_type":"ml"}},{"type":"Feature","geometry":{"type":"Polygon","coordinates":[[[50.2537708,53.4379381],[50.2538128,53.4379344],[50.2538233,53.4379766],[50.2537813,53.4379803],[50.2537708,53.4379381]]]},"properties":{"source_type":"ml"}},{"type":"Feature","geometry":{"type":"Polygon","coordinates":[[[50.2536255,53.4380008],[50.2537996,53.4379969],[50.2538038,53.4380623],[50.2536297,53.4380662],[50.2536255,53.4380008]]]},"properties":{"source_type":"ml"}},{"type":"Feature","geometry":{"type":"Polygon","coordinates":[[[50.2534338,53.4393681],[50.2534605,53.4393504],[50.2535217,53.4393829],[50.253495,53.4394007],[50.2534338,53.4393681]]]},"properties":{"source_type":"ml"}},{"type":"Feature","geometry":{"type":"Polygon","coordinates":[[[50.2535373,53.4393724],[50.253492,53.439352],[50.2535183,53.4393312],[50.2535636,53.4393516],[50.2535373,53.4393724]]]},"properties":{"source_type":"ml"}},{"type":"Feature","geometry":{"type":"Polygon","coordinates":[[[50.2538655,53.4381756],[50.2538798,53.4381375],[50.2539513,53.4381471],[50.2539369,53.4381851],[50.2538655,53.4381756]]]},"properties":{"source_type":"ml"}},{"type":"Feature","geometry":{"type":"Polygon","coordinates":[[[50.2540749,53.4378301],[50.25391,53.4378536],[50.2538599,53.4377288],[50.2540248,53.4377053],[50.2540749,53.4378301]]]},"properties":{"source_type":"ml"}},{"type":"Feature","geometry":{"type":"Polygon","coordinates":[[[50.2542601,53.4377991],[50.2542387,53.4377566],[50.2542868,53.437748],[50.2543082,53.4377905],[50.2542601,53.4377991]]]},"properties":{"source_type":"ml"}},{"type":"Feature","geometry":{"type":"Polygon","coordinates":[[[50.2546523,53.4381905],[50.2546203,53.438192],[50.2546255,53.4382301],[50.2545402,53.4382342],[50.2545225,53.4381041],[50.2546398,53.4380984],[50.2546523,53.4381905]]]},"properties":{"source_type":"ml"}},{"type":"Feature","geometry":{"type":"Polygon","coordinates":[[[50.2545626,53.4382496],[50.2545653,53.4383087],[50.2544554,53.4383105],[50.2544527,53.4382514],[50.2545626,53.4382496]]]},"properties":{"source_type":"ml"}},{"type":"Feature","geometry":{"type":"Polygon","coordinates":[[[50.2544281,53.4382143],[50.2544245,53.4382733],[50.2543548,53.4382718],[50.2543584,53.4382127],[50.2544281,53.4382143]]]},"properties":{"source_type":"ml"}},{"type":"Feature","geometry":{"type":"Polygon","coordinates":[[[50.2550182,53.4397078],[50.2549849,53.4396826],[50.2550455,53.4396542],[50.2550788,53.4396794],[50.2550182,53.4397078]]]},"properties":{"source_type":"ml"}},{"type":"Feature","geometry":{"type":"Polygon","coordinates":[[[50.2550593,53.4396129],[50.2550285,53.4395941],[50.2550752,53.4395669],[50.255106,53.4395858],[50.2550593,53.4396129]]]},"properties":{"source_type":"ml"}},{"type":"Feature","geometry":{"type":"Polygon","coordinates":[[[50.2550251,53.4370517],[50.2552041,53.4371027],[50.2551602,53.4371573],[50.2549813,53.4371063],[50.2550251,53.4370517]]]},"properties":{"source_type":"ml"}},{"type":"Feature","geometry":{"type":"Polygon","coordinates":[[[50.254667,53.4372824],[50.254791,53.4372777],[50.2548051,53.4374081],[50.2546811,53.4374129],[50.254667,53.4372824]]]},"properties":{"source_type":"ml"}},{"type":"Feature","geometry":{"type":"Polygon","coordinates":[[[50.2546442,53.4373593],[50.2546536,53.4374163],[50.2546046,53.4374191],[50.2545952,53.4373622],[50.2546442,53.4373593]]]},"properties":{"source_type":"ml"}},{"type":"Feature","geometry":{"type":"Polygon","coordinates":[[[50.2544815,53.4373732],[50.2544959,53.4374095],[50.2544476,53.4374163],[50.2544332,53.43738],[50.2544815,53.4373732]]]},"properties":{"source_type":"ml"}},{"type":"Feature","geometry":{"type":"Polygon","coordinates":[[[50.2543865,53.4369817],[50.254398,53.4370254],[50.2543577,53.4370292],[50.2543462,53.4369855],[50.2543865,53.4369817]]]},"properties":{"source_type":"ml"}},{"type":"Feature","geometry":{"type":"Polygon","coordinates":[[[50.2545408,53.4372037],[50.2545324,53.4372479],[50.2544889,53.4372449],[50.2544973,53.4372007],[50.2545408,53.4372037]]]},"properties":{"source_type":"ml"}},{"type":"Feature","geometry":{"type":"Polygon","coordinates":[[[50.2544976,53.437147],[50.2546713,53.4371305],[50.254707,53.4372638],[50.2546012,53.4372738],[50.2545762,53.4371803],[50.2545082,53.4371868],[50.2544976,53.437147]]]},"properties":{"source_type":"ml"}},{"type":"Feature","geometry":{"type":"Polygon","coordinates":[[[50.2544377,53.4370141],[50.2544266,53.4369711],[50.2544618,53.4369679],[50.2544729,53.4370109],[50.2544377,53.4370141]]]},"properties":{"source_type":"ml"}},{"type":"Feature","geometry":{"type":"Polygon","coordinates":[[[50.2558153,53.4366932],[50.2554732,53.4367953],[50.2554195,53.4367315],[50.2557616,53.4366293],[50.2558153,53.4366932]]]},"properties":{"source_type":"ml"}},{"type":"Feature","geometry":{"type":"Polygon","coordinates":[[[50.25673,53.4361806],[50.256786,53.436276],[50.2566674,53.4363007],[50.2566114,53.4362053],[50.25673,53.4361806]]]},"properties":{"source_type":"ml"}},{"type":"Feature","geometry":{"type":"Polygon","coordinates":[[[50.2554902,53.439765],[50.2555122,53.4397853],[50.2554452,53.4398111],[50.2554231,53.4397908],[50.2554902,53.439765]]]},"properties":{"source_type":"ml"}},{"type":"Feature","geometry":{"type":"Polygon","coordinates":[[[50.2553276,53.4398407],[50.2553777,53.4398174],[50.2554661,53.4398852],[50.2554159,53.4399084],[50.2553276,53.4398407]]]},"properties":{"source_type":"ml"}},{"type":"Feature","geometry":{"type":"Polygon","coordinates":[[[50.2553242,53.4404031],[50.2553575,53.4403898],[50.2554083,53.4404351],[50.255375,53.4404484],[50.2553242,53.4404031]]]},"properties":{"source_type":"ml"}},{"type":"Feature","geometry":{"type":"Polygon","coordinates":[[[50.2553641,53.4407533],[50.255415,53.4407308],[50.2554708,53.4407756],[50.2554199,53.4407981],[50.2553641,53.4407533]]]},"properties":{"source_type":"ml"}},{"type":"Feature","geometry":{"type":"Polygon","coordinates":[[[50.255767,53.4399578],[50.2556524,53.4399859],[50.2556165,53.439934],[50.2557312,53.4399059],[50.255767,53.4399578]]]},"properties":{"source_type":"ml"}},{"type":"Feature","geometry":{"type":"Polygon","coordinates":[[[50.2557136,53.4399868],[50.2557652,53.4400502],[50.2557196,53.4400634],[50.255668,53.44],[50.2557136,53.4399868]]]},"properties":{"source_type":"ml"}},{"type":"Feature","geometry":{"type":"Polygon","coordinates":[[[50.2560932,53.4402406],[50.2561464,53.440309],[50.2560448,53.440337],[50.2559916,53.4402686],[50.2560932,53.4402406]]]},"properties":{"source_type":"ml"}},{"type":"Feature","geometry":{"type":"Polygon","coordinates":[[[50.256181,53.4403922],[50.2562282,53.4403766],[50.2562623,53.4404133],[50.256215,53.4404289],[50.256181,53.4403922]]]},"properties":{"source_type":"ml"}},{"type":"Feature","geometry":{"type":"Polygon","coordinates":[[[50.2562743,53.4405117],[50.2562441,53.4404792],[50.2563008,53.4404606],[50.2563309,53.440493],[50.2562743,53.4405117]]]},"properties":{"source_type":"ml"}},{"type":"Feature","geometry":{"type":"Polygon","coordinates":[[[50.2558383,53.4409267],[50.2557906,53.440873],[50.2559005,53.4408384],[50.2559482,53.4408921],[50.2558383,53.4409267]]]},"properties":{"source_type":"ml"}},{"type":"Feature","geometry":{"type":"Polygon","coordinates":[[[50.2559571,53.4414119],[50.2559338,53.4413938],[50.255922,53.4413992],[50.2558825,53.4413687],[50.2559413,53.4413417],[50.2559795,53.4413712],[50.2560159,53.4413545],[50.2560405,53.4413735],[50.2559571,53.4414119]]]},"properties":{"source_type":"ml"}},{"type":"Feature","geometry":{"type":"Polygon","coordinates":[[[50.2560217,53.4411074],[50.2560824,53.4411785],[50.2559971,53.4412043],[50.2559365,53.4411332],[50.2560217,53.4411074]]]},"properties":{"source_type":"ml"}},{"type":"Feature","geometry":{"type":"Polygon","coordinates":[[[50.2562628,53.4413982],[50.2561526,53.4413261],[50.2562855,53.4412541],[50.2563957,53.4413262],[50.2562628,53.4413982]]]},"properties":{"source_type":"ml"}},{"type":"Feature","geometry":{"type":"Polygon","coordinates":[[[50.2559904,53.4417481],[50.2559474,53.4416929],[50.2560255,53.4416713],[50.2560685,53.4417265],[50.2559904,53.4417481]]]},"properties":{"source_type":"ml"}},{"type":"Feature","geometry":{"type":"Polygon","coordinates":[[[50.2558884,53.4417055],[50.2559212,53.4417476],[50.2558293,53.441773],[50.2557966,53.4417309],[50.2558884,53.4417055]]]},"properties":{"source_type":"ml"}},{"type":"Feature","geometry":{"type":"Polygon","coordinates":[[[50.2555931,53.4417601],[50.2556356,53.441784],[50.2555794,53.4418195],[50.2555368,53.4417956],[50.2555931,53.4417601]]]},"properties":{"source_type":"ml"}},{"type":"Feature","geometry":{"type":"Polygon","coordinates":[[[50.2556899,53.4416464],[50.2557698,53.441618],[50.2558347,53.4416829],[50.2557547,53.4417113],[50.2556899,53.4416464]]]},"properties":{"source_type":"ml"}},{"type":"Feature","geometry":{"type":"Polygon","coordinates":[[[50.2557411,53.4409878],[50.2558002,53.4409666],[50.2558594,53.4410253],[50.2558004,53.4410464],[50.2557411,53.4409878]]]},"properties":{"source_type":"ml"}},{"type":"Feature","geometry":{"type":"Polygon","coordinates":[[[50.2556008,53.4409711],[50.2556458,53.441031],[50.2555282,53.4410623],[50.2554833,53.4410023],[50.2556008,53.4409711]]]},"properties":{"source_type":"ml"}},{"type":"Feature","geometry":{"type":"Polygon","coordinates":[[[50.2555256,53.4415364],[50.2555788,53.4415726],[50.2554932,53.4416172],[50.25544,53.4415811],[50.2555256,53.4415364]]]},"properties":{"source_type":"ml"}},{"type":"Feature","geometry":{"type":"Polygon","coordinates":[[[50.2553848,53.4419384],[50.2554588,53.4419093],[50.2555027,53.4419488],[50.2554286,53.4419779],[50.2553848,53.4419384]]]},"properties":{"source_type":"ml"}},{"type":"Feature","geometry":{"type":"Polygon","coordinates":[[[50.2554216,53.4421206],[50.2554668,53.4421763],[50.255432,53.4421863],[50.2553868,53.4421306],[50.2554216,53.4421206]]]},"properties":{"source_type":"ml"}},{"type":"Feature","geometry":{"type":"Polygon","coordinates":[[[50.2553585,53.4422415],[50.2553354,53.4422071],[50.2554025,53.4421911],[50.2554256,53.4422256],[50.2553585,53.4422415]]]},"properties":{"source_type":"ml"}},{"type":"Feature","geometry":{"type":"Polygon","coordinates":[[[50.2553361,53.4423502],[50.2552795,53.4422769],[50.2553946,53.4422454],[50.2554512,53.4423186],[50.2553361,53.4423502]]]},"properties":{"source_type":"ml"}},{"type":"Feature","geometry":{"type":"Polygon","coordinates":[[[50.2554939,53.4425339],[50.2555447,53.4425792],[50.2555076,53.4425939],[50.2554568,53.4425487],[50.2554939,53.4425339]]]},"properties":{"source_type":"ml"}},{"type":"Feature","geometry":{"type":"Polygon","coordinates":[[[50.2556314,53.4419999],[50.2557166,53.4420779],[50.2556487,53.4421042],[50.2555635,53.4420262],[50.2556314,53.4419999]]]},"properties":{"source_type":"ml"}},{"type":"Feature","geometry":{"type":"Polygon","coordinates":[[[50.2557152,53.442096],[50.2557435,53.442123],[50.2556819,53.442146],[50.2556535,53.442119],[50.2557152,53.442096]]]},"properties":{"source_type":"ml"}},{"type":"Feature","geometry":{"type":"Polygon","coordinates":[[[50.2557112,53.4423471],[50.25574,53.4423371],[50.2557761,53.4423742],[50.2557473,53.4423841],[50.2557112,53.4423471]]]},"properties":{"source_type":"ml"}},{"type":"Feature","geometry":{"type":"Polygon","coordinates":[[[50.2557049,53.4424408],[50.255735,53.4424634],[50.255758,53.4424525],[50.2558103,53.4424917],[50.2557412,53.4425243],[50.2556589,53.4424626],[50.2557049,53.4424408]]]},"properties":{"source_type":"ml"}},{"type":"Feature","geometry":{"type":"Polygon","coordinates":[[[50.2556196,53.4425956],[50.2556474,53.4426151],[50.2555888,53.4426447],[50.255561,53.4426252],[50.2556196,53.4425956]]]},"properties":{"source_type":"ml"}},{"type":"Feature","geometry":{"type":"Polygon","coordinates":[[[50.2556067,53.4427503],[50.2556452,53.4427296],[50.2556872,53.4427574],[50.2556487,53.4427781],[50.2556067,53.4427503]]]},"properties":{"source_type":"ml"}},{"type":"Feature","geometry":{"type":"Polygon","coordinates":[[[50.2556813,53.4428133],[50.255723,53.4428292],[50.2556871,53.4428626],[50.2556453,53.4428466],[50.2556813,53.4428133]]]},"properties":{"source_type":"ml"}},{"type":"Feature","geometry":{"type":"Polygon","coordinates":[[[50.2555032,53.4430326],[50.2554841,53.442998],[50.2555786,53.4429796],[50.2555976,53.4430142],[50.2555032,53.4430326]]]},"properties":{"source_type":"ml"}},{"type":"Feature","geometry":{"type":"Polygon","coordinates":[[[50.2554134,53.4432618],[50.2554595,53.4433188],[50.2554194,53.4433303],[50.2553733,53.4432733],[50.2554134,53.4432618]]]},"properties":{"source_type":"ml"}},{"type":"Feature","geometry":{"type":"Polygon","coordinates":[[[50.2554625,53.4432884],[50.2554217,53.4432616],[50.2554526,53.4432449],[50.2554934,53.4432717],[50.2554625,53.4432884]]]},"properties":{"source_type":"ml"}},{"type":"Feature","geometry":{"type":"Polygon","coordinates":[[[50.2554956,53.443336],[50.2555703,53.4434005],[50.2555056,53.443427],[50.2554309,53.4433626],[50.2554956,53.443336]]]},"properties":{"source_type":"ml"}},{"type":"Feature","geometry":{"type":"Polygon","coordinates":[[[50.255433,53.4435853],[50.2554763,53.4436453],[50.2553867,53.4436683],[50.2553434,53.4436082],[50.255433,53.4435853]]]},"properties":{"source_type":"ml"}},{"type":"Feature","geometry":{"type":"Polygon","coordinates":[[[50.2553105,53.4439096],[50.2552568,53.4438611],[50.2553503,53.4438244],[50.255404,53.4438729],[50.2553105,53.4439096]]]},"properties":{"source_type":"ml"}},{"type":"Feature","geometry":{"type":"Polygon","coordinates":[[[50.255501,53.4440863],[50.255433,53.4440128],[50.2555853,53.4439628],[50.2556261,53.444007],[50.2555458,53.4440333],[50.255573,53.4440627],[50.255501,53.4440863]]]},"properties":{"source_type":"ml"}},{"type":"Feature","geometry":{"type":"Polygon","coordinates":[[[50.2557597,53.4441043],[50.2557986,53.4441432],[50.2556383,53.4442001],[50.2555993,53.4441612],[50.2557597,53.4441043]]]},"properties":{"source_type":"ml"}},{"type":"Feature","geometry":{"type":"Polygon","coordinates":[[[50.2557493,53.44394],[50.2556966,53.443889],[50.2557764,53.4438597],[50.255829,53.4439107],[50.2557493,53.44394]]]},"properties":{"source_type":"ml"}},{"type":"Feature","geometry":{"type":"Polygon","coordinates":[[[50.2556845,53.4436694],[50.2558184,53.4436135],[50.2558991,53.4436821],[50.2557651,53.443738],[50.2556845,53.4436694]]]},"properties":{"source_type":"ml"}},{"type":"Feature","geometry":{"type":"Polygon","coordinates":[[[50.2557203,53.4435799],[50.2557581,53.4436085],[50.2557267,53.4436232],[50.2556888,53.4435947],[50.2557203,53.4435799]]]},"properties":{"source_type":"ml"}},{"type":"Feature","geometry":{"type":"Polygon","coordinates":[[[50.2558489,53.4433747],[50.2557988,53.4433283],[50.255888,53.4432942],[50.255938,53.4433405],[50.2558489,53.4433747]]]},"properties":{"source_type":"ml"}},{"type":"Feature","geometry":{"type":"Polygon","coordinates":[[[50.2559862,53.4434048],[50.2559636,53.4433692],[50.2559978,53.4433615],[50.2560205,53.4433971],[50.2559862,53.4434048]]]},"properties":{"source_type":"ml"}},{"type":"Feature","geometry":{"type":"Polygon","coordinates":[[[50.2559695,53.4435317],[50.2559275,53.4434986],[50.2559719,53.4434786],[50.2560139,53.4435117],[50.2559695,53.4435317]]]},"properties":{"source_type":"ml"}},{"type":"Feature","geometry":{"type":"Polygon","coordinates":[[[50.2559799,53.4434773],[50.2560664,53.4434385],[50.2561141,53.4434762],[50.2560276,53.443515],[50.2559799,53.4434773]]]},"properties":{"source_type":"ml"}},{"type":"Feature","geometry":{"type":"Polygon","coordinates":[[[50.2558605,53.4435543],[50.2558948,53.443579],[50.2558404,53.4436057],[50.2558062,53.4435809],[50.2558605,53.4435543]]]},"properties":{"source_type":"ml"}},{"type":"Feature","geometry":{"type":"Polygon","coordinates":[[[50.2558787,53.4438444],[50.2559014,53.443825],[50.2559617,53.4438501],[50.255939,53.4438694],[50.2558787,53.4438444]]]},"properties":{"source_type":"ml"}},{"type":"Feature","geometry":{"type":"Polygon","coordinates":[[[50.2560626,53.4437229],[50.25611,53.4437832],[50.2560484,53.4438004],[50.2559835,53.4437178],[50.2560693,53.4436939],[50.2560868,53.4437162],[50.2560626,53.4437229]]]},"properties":{"source_type":"ml"}},{"type":"Feature","geometry":{"type":"Polygon","coordinates":[[[50.2562895,53.4436443],[50.256315,53.4436841],[50.2562097,53.4437081],[50.2561842,53.4436683],[50.2562895,53.4436443]]]},"properties":{"source_type":"ml"}},{"type":"Feature","geometry":{"type":"Polygon","coordinates":[[[50.2559174,53.4429165],[50.2559441,53.4429344],[50.2558825,53.4429669],[50.2558559,53.442949],[50.2559174,53.4429165]]]},"properties":{"source_type":"ml"}},{"type":"Feature","geometry":{"type":"Polygon","coordinates":[[[50.2558452,53.4426029],[50.2559059,53.4426739],[50.2558519,53.4426903],[50.2557911,53.4426193],[50.2558452,53.4426029]]]},"properties":{"source_type":"ml"}},{"type":"Feature","geometry":{"type":"Polygon","coordinates":[[[50.2559289,53.442688],[50.2560558,53.4426459],[50.2561231,53.4427178],[50.2559961,53.44276],[50.2559289,53.442688]]]},"properties":{"source_type":"ml"}},{"type":"Feature","geometry":{"type":"Polygon","coordinates":[[[50.2559405,53.4424471],[50.2560577,53.44241],[50.2561121,53.4424711],[50.2559949,53.4425081],[50.2559405,53.4424471]]]},"properties":{"source_type":"ml"}},{"type":"Feature","geometry":{"type":"Polygon","coordinates":[[[50.2558565,53.4423778],[50.2559547,53.4423375],[50.2560249,53.4423981],[50.2559267,53.4424384],[50.2558565,53.4423778]]]},"properties":{"source_type":"ml"}},{"type":"Feature","geometry":{"type":"Polygon","coordinates":[[[50.255738,53.4422138],[50.2558252,53.4421791],[50.2558878,53.4422349],[50.2558006,53.4422696],[50.255738,53.4422138]]]},"properties":{"source_type":"ml"}},{"type":"Feature","geometry":{"type":"Polygon","coordinates":[[[50.2560975,53.4422489],[50.2560348,53.4422076],[50.2560981,53.4421735],[50.2561608,53.4422147],[50.2560975,53.4422489]]]},"properties":{"source_type":"ml"}},{"type":"Feature","geometry":{"type":"Polygon","coordinates":[[[50.2562487,53.4421969],[50.2562984,53.4422409],[50.2562614,53.4422557],[50.2562118,53.4422116],[50.2562487,53.4421969]]]},"properties":{"source_type":"ml"}},{"type":"Feature","geometry":{"type":"Polygon","coordinates":[[[50.2562021,53.4422219],[50.2562323,53.4422542],[50.2561741,53.4422734],[50.256144,53.4422411],[50.2562021,53.4422219]]]},"properties":{"source_type":"ml"}},{"type":"Feature","geometry":{"type":"Polygon","coordinates":[[[50.256781,53.4424107],[50.2568262,53.4424829],[50.2567179,53.442507],[50.2566727,53.4424347],[50.256781,53.4424107]]]},"properties":{"source_type":"ml"}},{"type":"Feature","geometry":{"type":"Polygon","coordinates":[[[50.2564898,53.4422867],[50.2565419,53.4422661],[50.2566024,53.4423204],[50.2565503,53.442341],[50.2564898,53.4422867]]]},"properties":{"source_type":"ml"}},{"type":"Feature","geometry":{"type":"Polygon","coordinates":[[[50.2564893,53.4430199],[50.2566034,53.4429878],[50.2566401,53.4430342],[50.256526,53.4430663],[50.2564893,53.4430199]]]},"properties":{"source_type":"ml"}},{"type":"Feature","geometry":{"type":"Polygon","coordinates":[[[50.2562928,53.4429671],[50.2563369,53.4430031],[50.256292,53.4430226],[50.2562479,53.4429866],[50.2562928,53.4429671]]]},"properties":{"source_type":"ml"}},{"type":"Feature","geometry":{"type":"Polygon","coordinates":[[[50.2563408,53.4433046],[50.2563864,53.4433428],[50.256292,53.4433828],[50.2562464,53.4433446],[50.2563408,53.4433046]]]},"properties":{"source_type":"ml"}},{"type":"Feature","geometry":{"type":"Polygon","coordinates":[[[50.2563763,53.4433881],[50.2564128,53.4433749],[50.2564716,53.4434327],[50.2564351,53.4434459],[50.2563763,53.4433881]]]},"properties":{"source_type":"ml"}},{"type":"Feature","geometry":{"type":"Polygon","coordinates":[[[50.2564638,53.4435493],[50.2563995,53.4435092],[50.2564809,53.4434629],[50.2565452,53.443503],[50.2564638,53.4435493]]]},"properties":{"source_type":"ml"}},{"type":"Feature","geometry":{"type":"Polygon","coordinates":[[[50.2563117,53.4436498],[50.2562808,53.4436235],[50.256361,53.4435901],[50.2563919,53.4436163],[50.2563117,53.4436498]]]},"properties":{"source_type":"ml"}},{"type":"Feature","geometry":{"type":"Polygon","coordinates":[[[50.2563769,53.4439993],[50.256429,53.4440296],[50.2563753,53.4440623],[50.2563233,53.4440319],[50.2563769,53.4439993]]]},"properties":{"source_type":"ml"}},{"type":"Feature","geometry":{"type":"Polygon","coordinates":[[[50.2565469,53.4439276],[50.2565217,53.443902],[50.2564929,53.443912],[50.2564625,53.443881],[50.2565793,53.4438404],[50.2566348,53.4438969],[50.2565469,53.4439276]]]},"properties":{"source_type":"ml"}},{"type":"Feature","geometry":{"type":"Polygon","coordinates":[[[50.256605,53.4439641],[50.2567178,53.4439228],[50.2567621,53.4439656],[50.2566492,53.444007],[50.256605,53.4439641]]]},"properties":{"source_type":"ml"}},{"type":"Feature","geometry":{"type":"Polygon","coordinates":[[[50.2566206,53.4436907],[50.2565552,53.4436216],[50.2566998,53.4435731],[50.2567652,53.4436422],[50.2566206,53.4436907]]]},"properties":{"source_type":"ml"}},{"type":"Feature","geometry":{"type":"Polygon","coordinates":[[[50.2565415,53.4433175],[50.2565931,53.4432956],[50.2566362,53.4433316],[50.2565847,53.4433535],[50.2565415,53.4433175]]]},"properties":{"source_type":"ml"}},{"type":"Feature","geometry":{"type":"Polygon","coordinates":[[[50.2567081,53.4430891],[50.2568012,53.4431577],[50.2567249,53.4431944],[50.2566318,53.4431258],[50.2567081,53.4430891]]]},"properties":{"source_type":"ml"}},{"type":"Feature","geometry":{"type":"Polygon","coordinates":[[[50.2568721,53.4432807],[50.2569611,53.4432613],[50.2569969,53.4433199],[50.2569079,53.4433392],[50.2568721,53.4432807]]]},"properties":{"source_type":"ml"}},{"type":"Feature","geometry":{"type":"Polygon","coordinates":[[[50.257013,53.4434824],[50.2570638,53.4435081],[50.2570155,53.4435419],[50.2569647,53.4435162],[50.257013,53.4434824]]]},"properties":{"source_type":"ml"}},{"type":"Feature","geometry":{"type":"Polygon","coordinates":[[[50.2567343,53.4437616],[50.256852,53.4437442],[50.2568746,53.4437984],[50.2567569,53.4438157],[50.2567343,53.4437616]]]},"properties":{"source_type":"ml"}},{"type":"Feature","geometry":{"type":"Polygon","coordinates":[[[50.2570255,53.4438868],[50.257059,53.44394],[50.2569437,53.4439657],[50.2569103,53.4439125],[50.2570255,53.4438868]]]},"properties":{"source_type":"ml"}},{"type":"Feature","geometry":{"type":"Polygon","coordinates":[[[50.2572352,53.4435838],[50.2572865,53.4436475],[50.2571709,53.4436805],[50.2571196,53.4436169],[50.2572352,53.4435838]]]},"properties":{"source_type":"ml"}},{"type":"Feature","geometry":{"type":"Polygon","coordinates":[[[50.2571799,53.4434476],[50.257142,53.4433969],[50.2572315,53.4433732],[50.2572694,53.4434238],[50.2571799,53.4434476]]]},"properties":{"source_type":"ml"}},{"type":"Feature","geometry":{"type":"Polygon","coordinates":[[[50.2571961,53.4435454],[50.2571565,53.443517],[50.2572089,53.4434911],[50.2572485,53.4435195],[50.2571961,53.4435454]]]},"properties":{"source_type":"ml"}},{"type":"Feature","geometry":{"type":"Polygon","coordinates":[[[50.2570752,53.4435845],[50.2570258,53.4435313],[50.2571175,53.4435011],[50.2571668,53.4435544],[50.2570752,53.4435845]]]},"properties":{"source_type":"ml"}},{"type":"Feature","geometry":{"type":"Polygon","coordinates":[[[50.2568089,53.4425611],[50.2567723,53.4425272],[50.256809,53.4425132],[50.2568456,53.442547],[50.2568089,53.4425611]]]},"properties":{"source_type":"ml"}},{"type":"Feature","geometry":{"type":"Polygon","coordinates":[[[50.2569738,53.4421037],[50.2569103,53.4420545],[50.2569694,53.4420275],[50.2570329,53.4420767],[50.2569738,53.4421037]]]},"properties":{"source_type":"ml"}},{"type":"Feature","geometry":{"type":"Polygon","coordinates":[[[50.2572046,53.442549],[50.2571512,53.4425204],[50.2571832,53.4424992],[50.2572366,53.4425278],[50.2572046,53.442549]]]},"properties":{"source_type":"ml"}},{"type":"Feature","geometry":{"type":"Polygon","coordinates":[[[50.257053,53.4419115],[50.2570926,53.4418904],[50.2570799,53.441882],[50.2571502,53.4418444],[50.2572129,53.4418859],[50.257103,53.4419447],[50.257053,53.4419115]]]},"properties":{"source_type":"ml"}},{"type":"Feature","geometry":{"type":"Polygon","coordinates":[[[50.2571183,53.441602],[50.2571599,53.4416442],[50.2570913,53.4416682],[50.2570497,53.441626],[50.2571183,53.441602]]]},"properties":{"source_type":"ml"}},{"type":"Feature","geometry":{"type":"Polygon","coordinates":[[[50.2571589,53.4415804],[50.2571343,53.4415375],[50.2571727,53.4415296],[50.2571973,53.4415726],[50.2571589,53.4415804]]]},"properties":{"source_type":"ml"}},{"type":"Feature","geometry":{"type":"Polygon","coordinates":[[[50.2570365,53.4412213],[50.2571522,53.4411745],[50.2572476,53.4412582],[50.2571319,53.4413049],[50.2570365,53.4412213]]]},"properties":{"source_type":"ml"}},{"type":"Feature","geometry":{"type":"Polygon","coordinates":[[[50.2567364,53.4418076],[50.2568367,53.4417703],[50.256897,53.4418277],[50.2567967,53.441865],[50.2567364,53.4418076]]]},"properties":{"source_type":"ml"}},{"type":"Feature","geometry":{"type":"Polygon","coordinates":[[[50.2567978,53.4418854],[50.2568407,53.4419183],[50.2567787,53.441947],[50.2567358,53.441914],[50.2567978,53.4418854]]]},"properties":{"source_type":"ml"}},{"type":"Feature","geometry":{"type":"Polygon","coordinates":[[[50.256585,53.4416786],[50.2566411,53.4416666],[50.2566556,53.4416907],[50.2565994,53.4417026],[50.256585,53.4416786]]]},"properties":{"source_type":"ml"}},{"type":"Feature","geometry":{"type":"Polygon","coordinates":[[[50.2566631,53.441591],[50.2566808,53.4416331],[50.256643,53.4416387],[50.2566253,53.4415966],[50.2566631,53.441591]]]},"properties":{"source_type":"ml"}},{"type":"Feature","geometry":{"type":"Polygon","coordinates":[[[50.2564624,53.4416167],[50.256483,53.4416408],[50.2564149,53.4416615],[50.2563942,53.4416374],[50.2564624,53.4416167]]]},"properties":{"source_type":"ml"}},{"type":"Feature","geometry":{"type":"Polygon","coordinates":[[[50.256462,53.4417162],[50.2565474,53.4416835],[50.2565797,53.4417134],[50.2564943,53.4417461],[50.256462,53.4417162]]]},"properties":{"source_type":"ml"}},{"type":"Feature","geometry":{"type":"Polygon","coordinates":[[[50.2565739,53.4410896],[50.2566146,53.4410628],[50.2566823,53.4410994],[50.2566416,53.4411261],[50.2565739,53.4410896]]]},"properties":{"source_type":"ml"}},{"type":"Feature","geometry":{"type":"Polygon","coordinates":[[[50.2564944,53.4414317],[50.2565816,53.4414031],[50.2566315,53.441457],[50.2565444,53.4414856],[50.2564944,53.4414317]]]},"properties":{"source_type":"ml"}},{"type":"Feature","geometry":{"type":"Polygon","coordinates":[[[50.2566203,53.4412849],[50.2565936,53.4412507],[50.2566943,53.4412229],[50.2567209,53.4412571],[50.2566203,53.4412849]]]},"properties":{"source_type":"ml"}},{"type":"Feature","geometry":{"type":"Polygon","coordinates":[[[50.2563204,53.4407917],[50.2563685,53.4408378],[50.256324,53.4408543],[50.2562759,53.4408082],[50.2563204,53.4407917]]]},"properties":{"source_type":"ml"}},{"type":"Feature","geometry":{"type":"Polygon","coordinates":[[[50.2581278,53.4417737],[50.2582409,53.4417237],[50.2582711,53.4417479],[50.258158,53.4417979],[50.2581278,53.4417737]]]},"properties":{"source_type":"ml"}},{"type":"Feature","geometry":{"type":"Polygon","coordinates":[[[50.2580573,53.441925],[50.2581017,53.4419171],[50.2581221,53.4419583],[50.2580777,53.4419661],[50.2580573,53.441925]]]},"properties":{"source_type":"ml"}},{"type":"Feature","geometry":{"type":"Polygon","coordinates":[[[50.2578388,53.4418474],[50.2578072,53.4418153],[50.2578829,53.4417888],[50.257945,53.4418517],[50.2578952,53.4418692],[50.2578647,53.4418383],[50.2578388,53.4418474]]]},"properties":{"source_type":"ml"}},{"type":"Feature","geometry":{"type":"Polygon","coordinates":[[[50.2576833,53.4417487],[50.2577232,53.4417278],[50.2577691,53.4417588],[50.2577293,53.4417797],[50.2576833,53.4417487]]]},"properties":{"source_type":"ml"}},{"type":"Feature","geometry":{"type":"Polygon","coordinates":[[[50.2575934,53.4418919],[50.2575341,53.4418416],[50.2576005,53.4418138],[50.2576598,53.441864],[50.2575934,53.4418919]]]},"properties":{"source_type":"ml"}},{"type":"Feature","geometry":{"type":"Polygon","coordinates":[[[50.2575076,53.4416558],[50.2576335,53.4415865],[50.2576923,53.4416244],[50.2575664,53.4416937],[50.2575076,53.4416558]]]},"properties":{"source_type":"ml"}},{"type":"Feature","geometry":{"type":"Polygon","coordinates":[[[50.2575187,53.4415375],[50.2575511,53.4415625],[50.2574453,53.4416112],[50.2574128,53.4415862],[50.2575187,53.4415375]]]},"properties":{"source_type":"ml"}},{"type":"Feature","geometry":{"type":"Polygon","coordinates":[[[50.2572941,53.4420639],[50.2573499,53.4420463],[50.2573804,53.4420806],[50.2573246,53.4420982],[50.2572941,53.4420639]]]},"properties":{"source_type":"ml"}},{"type":"Feature","geometry":{"type":"Polygon","coordinates":[[[50.2572684,53.4421039],[50.257318,53.4421449],[50.2572968,53.442154],[50.257356,53.4422029],[50.2572748,53.4422377],[50.257166,53.4421479],[50.2572684,53.4421039]]]},"properties":{"source_type":"ml"}},{"type":"Feature","geometry":{"type":"Polygon","coordinates":[[[50.2574088,53.442265],[50.2574645,53.4423201],[50.2573929,53.4423458],[50.2573372,53.4422906],[50.2574088,53.442265]]]},"properties":{"source_type":"ml"}},{"type":"Feature","geometry":{"type":"Polygon","coordinates":[[[50.2574764,53.4430855],[50.2575737,53.4430555],[50.2576602,53.4431551],[50.2575552,53.4431875],[50.2574901,53.4431124],[50.2574977,53.4431101],[50.2574764,53.4430855]]]},"properties":{"source_type":"ml"}},{"type":"Feature","geometry":{"type":"Polygon","coordinates":[[[50.2574418,53.4434129],[50.2574081,53.4433746],[50.2574447,53.4433632],[50.2574784,53.4434014],[50.2574418,53.4434129]]]},"properties":{"source_type":"ml"}},{"type":"Feature","geometry":{"type":"Polygon","coordinates":[[[50.2574132,53.4436629],[50.2573822,53.443614],[50.2574761,53.4435929],[50.2575071,53.4436418],[50.2574132,53.4436629]]]},"properties":{"source_type":"ml"}},{"type":"Feature","geometry":{"type":"Polygon","coordinates":[[[50.2575013,53.4438765],[50.2574181,53.4439131],[50.2573366,53.4438476],[50.2574198,53.4438109],[50.2575013,53.4438765]]]},"properties":{"source_type":"ml"}},{"type":"Feature","geometry":{"type":"Polygon","coordinates":[[[50.2576537,53.4436414],[50.2577055,53.4436852],[50.2576632,53.443703],[50.2576114,53.4436592],[50.2576537,53.4436414]]]},"properties":{"source_type":"ml"}},{"type":"Feature","geometry":{"type":"Polygon","coordinates":[[[50.257524,53.4436124],[50.2574681,53.4435678],[50.257519,53.4435451],[50.2575749,53.4435897],[50.257524,53.4436124]]]},"properties":{"source_type":"ml"}},{"type":"Feature","geometry":{"type":"Polygon","coordinates":[[[50.2575337,53.4434937],[50.2574674,53.4434377],[50.2575085,53.4434204],[50.2575749,53.4434764],[50.2575337,53.4434937]]]},"properties":{"source_type":"ml"}},{"type":"Feature","geometry":{"type":"Polygon","coordinates":[[[50.2578789,53.443284],[50.257924,53.443323],[50.2578006,53.4433738],[50.2577554,53.4433348],[50.2578789,53.443284]]]},"properties":{"source_type":"ml"}},{"type":"Feature","geometry":{"type":"Polygon","coordinates":[[[50.2578531,53.4438096],[50.2578838,53.4438376],[50.2578103,53.4438661],[50.2577796,53.4438381],[50.2578531,53.4438096]]]},"properties":{"source_type":"ml"}},{"type":"Feature","geometry":{"type":"Polygon","coordinates":[[[50.2580313,53.4431388],[50.2579654,53.4430726],[50.2580607,53.443039],[50.2581266,53.4431052],[50.2580313,53.4431388]]]},"properties":{"source_type":"ml"}},{"type":"Feature","geometry":{"type":"Polygon","coordinates":[[[50.2579157,53.4430393],[50.2578521,53.4429988],[50.2578989,53.4429728],[50.2579624,53.4430133],[50.2579157,53.4430393]]]},"properties":{"source_type":"ml"}},{"type":"Feature","geometry":{"type":"Polygon","coordinates":[[[50.2578187,53.4428842],[50.2579163,53.4429472],[50.2578304,53.4429945],[50.2577328,53.4429315],[50.2578187,53.4428842]]]},"properties":{"source_type":"ml"}},{"type":"Feature","geometry":{"type":"Polygon","coordinates":[[[50.2579453,53.4420848],[50.2579901,53.4420632],[50.2580407,53.4421004],[50.2579959,53.442122],[50.2579453,53.4420848]]]},"properties":{"source_type":"ml"}},{"type":"Feature","geometry":{"type":"Polygon","coordinates":[[[50.2583355,53.4433511],[50.2583482,53.4433245],[50.2584449,53.443341],[50.2584321,53.4433676],[50.2583355,53.4433511]]]},"properties":{"source_type":"ml"}},{"type":"Feature","geometry":{"type":"Polygon","coordinates":[[[50.2588399,53.4440767],[50.2589569,53.4441072],[50.2589085,53.4441729],[50.2587915,53.4441424],[50.2588399,53.4440767]]]},"properties":{"source_type":"ml"}},{"type":"Feature","geometry":{"type":"Polygon","coordinates":[[[50.2587265,53.4426598],[50.2587548,53.4426248],[50.2588114,53.442641],[50.2587831,53.442676],[50.2587265,53.4426598]]]},"properties":{"source_type":"ml"}},{"type":"Feature","geometry":{"type":"Polygon","coordinates":[[[50.2587755,53.4425344],[50.2588079,53.4425075],[50.2589142,53.4425529],[50.2588819,53.4425798],[50.2587755,53.4425344]]]},"properties":{"source_type":"ml"}},{"type":"Feature","geometry":{"type":"Polygon","coordinates":[[[50.2589215,53.4418098],[50.2589644,53.4417829],[50.2590196,53.441814],[50.2589767,53.4418409],[50.2589215,53.4418098]]]},"properties":{"source_type":"ml"}},{"type":"Feature","geometry":{"type":"Polygon","coordinates":[[[50.2589392,53.4417494],[50.2589734,53.4417311],[50.2590134,53.4417577],[50.2589792,53.441776],[50.2589392,53.4417494]]]},"properties":{"source_type":"ml"}},{"type":"Feature","geometry":{"type":"Polygon","coordinates":[[[50.2587277,53.441661],[50.2588074,53.4417048],[50.2587472,53.4417437],[50.2586675,53.4416999],[50.2587277,53.441661]]]},"properties":{"source_type":"ml"}},{"type":"Feature","geometry":{"type":"Polygon","coordinates":[[[50.2585519,53.4418509],[50.2586304,53.4418167],[50.2586573,53.4418385],[50.2585788,53.4418728],[50.2585519,53.4418509]]]},"properties":{"source_type":"ml"}},{"type":"Feature","geometry":{"type":"Polygon","coordinates":[[[50.2586613,53.4416906],[50.2586178,53.4416671],[50.2586525,53.4416444],[50.258605,53.4416186],[50.2586985,53.4415574],[50.2587895,53.4416067],[50.2586613,53.4416906]]]},"properties":{"source_type":"ml"}},{"type":"Feature","geometry":{"type":"Polygon","coordinates":[[[50.2584009,53.4413905],[50.2584619,53.4414182],[50.2584328,53.4414409],[50.2583719,53.4414131],[50.2584009,53.4413905]]]},"properties":{"source_type":"ml"}},{"type":"Feature","geometry":{"type":"Polygon","coordinates":[[[50.2517741,53.4307052],[50.2517514,53.4306807],[50.2518562,53.4306462],[50.2518789,53.4306707],[50.2517741,53.4307052]]]},"properties":{"source_type":"ml"}},{"type":"Feature","geometry":{"type":"Polygon","coordinates":[[[50.2525153,53.4307155],[50.2526348,53.4307135],[50.25264,53.4308221],[50.2525205,53.4308241],[50.2525153,53.4307155]]]},"properties":{"source_type":"ml"}},{"type":"Feature","geometry":{"type":"Polygon","coordinates":[[[50.252885,53.4350811],[50.2528908,53.4351586],[50.2527907,53.4351612],[50.2527849,53.4350837],[50.252885,53.4350811]]]},"properties":{"source_type":"ml"}},{"type":"Feature","geometry":{"type":"Polygon","coordinates":[[[50.2528521,53.4349517],[50.252848,53.4349263],[50.2529463,53.4349207],[50.2529504,53.434946],[50.2528521,53.4349517]]]},"properties":{"source_type":"ml"}},{"type":"Feature","geometry":{"type":"Polygon","coordinates":[[[50.2526394,53.4348468],[50.2526223,53.4347633],[50.2527281,53.4347557],[50.2527451,53.4348391],[50.2526394,53.4348468]]]},"properties":{"source_type":"ml"}},{"type":"Feature","geometry":{"type":"Polygon","coordinates":[[[50.2524985,53.4349432],[50.2525976,53.4349411],[50.2525998,53.4349778],[50.2525007,53.4349799],[50.2524985,53.4349432]]]},"properties":{"source_type":"ml"}},{"type":"Feature","geometry":{"type":"Polygon","coordinates":[[[50.2524937,53.4343442],[50.2524858,53.4342528],[50.2525886,53.4342496],[50.2525965,53.4343411],[50.2524937,53.4343442]]]},"properties":{"source_type":"ml"}},{"type":"Feature","geometry":{"type":"Polygon","coordinates":[[[50.2526346,53.434284],[50.2526313,53.4342307],[50.2527144,53.434229],[50.2527176,53.4342822],[50.2526346,53.434284]]]},"properties":{"source_type":"ml"}},{"type":"Feature","geometry":{"type":"Polygon","coordinates":[[[50.252712,53.4346786],[50.2527098,53.4346275],[50.2528063,53.434626],[50.2528085,53.4346771],[50.252712,53.4346786]]]},"properties":{"source_type":"ml"}},{"type":"Feature","geometry":{"type":"Polygon","coordinates":[[[50.2524393,53.434179],[50.2525184,53.4341628],[50.2525526,53.4342219],[50.2524735,53.4342381],[50.2524393,53.434179]]]},"properties":{"source_type":"ml"}},{"type":"Feature","geometry":{"type":"Polygon","coordinates":[[[50.2525294,53.4339355],[50.2525455,53.4340278],[50.2524405,53.4340343],[50.2524244,53.433942],[50.2525294,53.4339355]]]},"properties":{"source_type":"ml"}},{"type":"Feature","geometry":{"type":"Polygon","coordinates":[[[50.2520597,53.4330728],[50.2520644,53.433135],[50.2519707,53.4331375],[50.2519637,53.433045],[50.2520092,53.4330438],[50.2520115,53.4330741],[50.2520597,53.4330728]]]},"properties":{"source_type":"ml"}},{"type":"Feature","geometry":{"type":"Polygon","coordinates":[[[50.2521466,53.4320683],[50.2522405,53.432055],[50.2522659,53.4321185],[50.252172,53.4321318],[50.2521466,53.4320683]]]},"properties":{"source_type":"ml"}},{"type":"Feature","geometry":{"type":"Polygon","coordinates":[[[50.2522892,53.4325376],[50.2523313,53.4325205],[50.2523688,53.4325532],[50.2523267,53.4325703],[50.2522892,53.4325376]]]},"properties":{"source_type":"ml"}},{"type":"Feature","geometry":{"type":"Polygon","coordinates":[[[50.2523966,53.4322107],[50.2523915,53.4321791],[50.2524753,53.4321743],[50.2524804,53.432206],[50.2523966,53.4322107]]]},"properties":{"source_type":"ml"}},{"type":"Feature","geometry":{"type":"Polygon","coordinates":[[[50.2522754,53.4317278],[50.2522887,53.4317875],[50.2522477,53.4317907],[50.2522344,53.4317311],[50.2522754,53.4317278]]]},"properties":{"source_type":"ml"}},{"type":"Feature","geometry":{"type":"Polygon","coordinates":[[[50.2522998,53.4311245],[50.2522969,53.4310632],[50.2524068,53.4310614],[50.2524096,53.4311227],[50.2522998,53.4311245]]]},"properties":{"source_type":"ml"}},{"type":"Feature","geometry":{"type":"Polygon","coordinates":[[[50.252184,53.431018],[50.252197,53.4310558],[50.2521264,53.4310645],[50.2521134,53.4310267],[50.252184,53.431018]]]},"properties":{"source_type":"ml"}},{"type":"Feature","geometry":{"type":"Polygon","coordinates":[[[50.2520751,53.4311117],[50.2521083,53.4311045],[50.2521391,53.4311554],[50.2521059,53.4311626],[50.2520751,53.4311117]]]},"properties":{"source_type":"ml"}},{"type":"Feature","geometry":{"type":"Polygon","coordinates":[[[50.2519575,53.4316581],[50.252068,53.431649],[50.2520827,53.4317117],[50.2519722,53.4317208],[50.2519575,53.4316581]]]},"properties":{"source_type":"ml"}},{"type":"Feature","geometry":{"type":"Polygon","coordinates":[[[50.252131,53.4320395],[50.2521044,53.4319662],[50.2522467,53.4319479],[50.2522733,53.4320212],[50.252131,53.4320395]]]},"properties":{"source_type":"ml"}},{"type":"Feature","geometry":{"type":"Polygon","coordinates":[[[50.2518245,53.4319176],[50.2518119,53.4318842],[50.2519525,53.4318655],[50.2519686,53.4319086],[50.251906,53.431917],[50.2519024,53.4319073],[50.2518245,53.4319176]]]},"properties":{"source_type":"ml"}},{"type":"Feature","geometry":{"type":"Polygon","coordinates":[[[50.2516874,53.4318909],[50.2516837,53.4318367],[50.2517989,53.4318339],[50.2518026,53.4318881],[50.2516874,53.4318909]]]},"properties":{"source_type":"ml"}},{"type":"Feature","geometry":{"type":"Polygon","coordinates":[[[50.2519226,53.4313252],[50.2519194,53.4313161],[50.252102,53.4312934],[50.252133,53.4313823],[50.251949,53.4314051],[50.2519501,53.4314081],[50.2518035,53.4314263],[50.2517747,53.4313436],[50.2519226,53.4313252]]]},"properties":{"source_type":"ml"}},{"type":"Feature","geometry":{"type":"Polygon","coordinates":[[[50.2516596,53.4314445],[50.2516679,53.4314789],[50.251597,53.431485],[50.2515886,53.4314506],[50.2516596,53.4314445]]]},"properties":{"source_type":"ml"}},{"type":"Feature","geometry":{"type":"Polygon","coordinates":[[[50.2516892,53.4316454],[50.2517198,53.4317089],[50.2516282,53.4317246],[50.2515975,53.4316612],[50.2516892,53.4316454]]]},"properties":{"source_type":"ml"}},{"type":"Feature","geometry":{"type":"Polygon","coordinates":[[[50.2516186,53.4318982],[50.2516777,53.4318908],[50.2516857,53.4319138],[50.2516266,53.4319211],[50.2516186,53.4318982]]]},"properties":{"source_type":"ml"}},{"type":"Feature","geometry":{"type":"Polygon","coordinates":[[[50.251644,53.431927],[50.2516525,53.4319548],[50.2515954,53.431961],[50.2515868,53.4319332],[50.251644,53.431927]]]},"properties":{"source_type":"ml"}},{"type":"Feature","geometry":{"type":"Polygon","coordinates":[[[50.2515866,53.431973],[50.2516148,53.4320185],[50.251511,53.4320414],[50.2514828,53.4319959],[50.2515866,53.431973]]]},"properties":{"source_type":"ml"}},{"type":"Feature","geometry":{"type":"Polygon","coordinates":[[[50.2514457,53.4324427],[50.2514117,53.4323648],[50.2515285,53.4323467],[50.2515625,53.4324246],[50.2514457,53.4324427]]]},"properties":{"source_type":"ml"}},{"type":"Feature","geometry":{"type":"Polygon","coordinates":[[[50.2514682,53.4324572],[50.2515691,53.4324366],[50.2516125,53.4325125],[50.2515116,53.432533],[50.2514682,53.4324572]]]},"properties":{"source_type":"ml"}},{"type":"Feature","geometry":{"type":"Polygon","coordinates":[[[50.2517225,53.4321056],[50.2517167,53.4320904],[50.2516555,53.4320986],[50.2516402,53.4320586],[50.2517703,53.432041],[50.2517913,53.4320963],[50.2517225,53.4321056]]]},"properties":{"source_type":"ml"}},{"type":"Feature","geometry":{"type":"Polygon","coordinates":[[[50.2518044,53.432095],[50.251766,53.4320101],[50.2520035,53.4319719],[50.2520554,53.4320866],[50.2520167,53.4320928],[50.2520032,53.432063],[50.2518044,53.432095]]]},"properties":{"source_type":"ml"}},{"type":"Feature","geometry":{"type":"Polygon","coordinates":[[[50.2517948,53.4321811],[50.2518892,53.4321573],[50.251931,53.432216],[50.2518366,53.4322398],[50.2517948,53.4321811]]]},"properties":{"source_type":"ml"}},{"type":"Feature","geometry":{"type":"Polygon","coordinates":[[[50.2516067,53.4335533],[50.2516176,53.4336295],[50.2515191,53.4336345],[50.2515082,53.4335584],[50.2516067,53.4335533]]]},"properties":{"source_type":"ml"}},{"type":"Feature","geometry":{"type":"Polygon","coordinates":[[[50.2515719,53.4333685],[50.2515734,53.4334244],[50.2514876,53.4334253],[50.2514861,53.4333694],[50.2515719,53.4333685]]]},"properties":{"source_type":"ml"}},{"type":"Feature","geometry":{"type":"Polygon","coordinates":[[[50.2515208,53.4341234],[50.2515257,53.4341766],[50.2514775,53.4341781],[50.2514726,53.434125],[50.2515208,53.4341234]]]},"properties":{"source_type":"ml"}},{"type":"Feature","geometry":{"type":"Polygon","coordinates":[[[50.2517893,53.4339253],[50.2518037,53.4339837],[50.2516162,53.4340002],[50.2515957,53.4339173],[50.2516797,53.4339099],[50.2516857,53.4339344],[50.2517893,53.4339253]]]},"properties":{"source_type":"ml"}},{"type":"Feature","geometry":{"type":"Polygon","coordinates":[[[50.251677,53.4337198],[50.2516805,53.4337798],[50.2515948,53.4337816],[50.2515913,53.4337215],[50.251677,53.4337198]]]},"properties":{"source_type":"ml"}},{"type":"Feature","geometry":{"type":"Polygon","coordinates":[[[50.2517756,53.4340906],[50.2518506,53.4340899],[50.2518522,53.4341522],[50.2517772,53.4341529],[50.2517756,53.4340906]]]},"properties":{"source_type":"ml"}},{"type":"Feature","geometry":{"type":"Polygon","coordinates":[[[50.2517871,53.4341704],[50.2518551,53.4341541],[50.2518949,53.4342134],[50.2518269,53.4342296],[50.2517871,53.4341704]]]},"properties":{"source_type":"ml"}},{"type":"Feature","geometry":{"type":"Polygon","coordinates":[[[50.2519019,53.4338426],[50.2520063,53.4338398],[50.2520094,53.4338813],[50.251905,53.4338841],[50.2519019,53.4338426]]]},"properties":{"source_type":"ml"}},{"type":"Feature","geometry":{"type":"Polygon","coordinates":[[[50.2520163,53.4333542],[50.2520557,53.4333508],[50.2520358,53.4332695],[50.2521856,53.4332565],[50.2522154,53.4333785],[50.252239,53.4333765],[50.2522456,53.4334037],[50.2520329,53.4334221],[50.2520163,53.4333542]]]},"properties":{"source_type":"ml"}},{"type":"Feature","geometry":{"type":"Polygon","coordinates":[[[50.2523862,53.433524],[50.2523973,53.4336332],[50.2523492,53.433635],[50.2523479,53.4336222],[50.2522773,53.4336248],[50.25227,53.4335537],[50.2523181,53.433552],[50.2523155,53.4335265],[50.2523862,53.433524]]]},"properties":{"source_type":"ml"}},{"type":"Feature","geometry":{"type":"Polygon","coordinates":[[[50.2523486,53.4338356],[50.2523469,53.4337643],[50.2524462,53.4337635],[50.2524478,53.4338348],[50.2523486,53.4338356]]]},"properties":{"source_type":"ml"}},{"type":"Feature","geometry":{"type":"Polygon","coordinates":[[[50.2521094,53.4340898],[50.2522427,53.4340838],[50.2522466,53.434114],[50.2521132,53.43412],[50.2521094,53.4340898]]]},"properties":{"source_type":"ml"}},{"type":"Feature","geometry":{"type":"Polygon","coordinates":[[[50.2519357,53.434675],[50.2519346,53.4346398],[50.2520167,53.4346389],[50.2520178,53.4346741],[50.2519357,53.434675]]]},"properties":{"source_type":"ml"}},{"type":"Feature","geometry":{"type":"Polygon","coordinates":[[[50.2520949,53.4345991],[50.2520809,53.4345526],[50.2521225,53.4345482],[50.2521365,53.4345946],[50.2520949,53.4345991]]]},"properties":{"source_type":"ml"}},{"type":"Feature","geometry":{"type":"Polygon","coordinates":[[[50.2522954,53.4345236],[50.2522995,53.434589],[50.2521511,53.4345923],[50.252147,53.4345268],[50.2522954,53.4345236]]]},"properties":{"source_type":"ml"}},{"type":"Feature","geometry":{"type":"Polygon","coordinates":[[[50.2521969,53.4347601],[50.2522843,53.4347543],[50.2522989,53.4348316],[50.2522115,53.4348374],[50.2521969,53.4347601]]]},"properties":{"source_type":"ml"}},{"type":"Feature","geometry":{"type":"Polygon","coordinates":[[[50.2522433,53.435018],[50.2523433,53.435015],[50.2523494,53.4350861],[50.2522494,53.4350892],[50.2522433,53.435018]]]},"properties":{"source_type":"ml"}},{"type":"Feature","geometry":{"type":"Polygon","coordinates":[[[50.2522074,53.4348649],[50.2523438,53.4348606],[50.2523488,53.434918],[50.2522124,53.4349223],[50.2522074,53.4348649]]]},"properties":{"source_type":"ml"}},{"type":"Feature","geometry":{"type":"Polygon","coordinates":[[[50.2524707,53.4350845],[50.2523544,53.4350869],[50.2523496,53.4350055],[50.2524659,53.4350031],[50.2524707,53.4350845]]]},"properties":{"source_type":"ml"}},{"type":"Feature","geometry":{"type":"Polygon","coordinates":[[[50.2524039,53.4353005],[50.2524089,53.4353429],[50.2523288,53.4353462],[50.2523239,53.4353039],[50.2524039,53.4353005]]]},"properties":{"source_type":"ml"}},{"type":"Feature","geometry":{"type":"Polygon","coordinates":[[[50.2519315,53.4348551],[50.2519344,53.4348034],[50.2520282,53.4348053],[50.2520253,53.4348569],[50.2519315,53.4348551]]]},"properties":{"source_type":"ml"}},{"type":"Feature","geometry":{"type":"Polygon","coordinates":[[[50.2520717,53.4348683],[50.2520826,53.4349508],[50.2518864,53.4349601],[50.2518755,53.4348775],[50.2520717,53.4348683]]]},"properties":{"source_type":"ml"}},{"type":"Feature","geometry":{"type":"Polygon","coordinates":[[[50.2519939,53.4350654],[50.2520872,53.4350567],[50.2521063,53.4351301],[50.252013,53.4351387],[50.2519939,53.4350654]]]},"properties":{"source_type":"ml"}},{"type":"Feature","geometry":{"type":"Polygon","coordinates":[[[50.2518467,53.4351302],[50.2518404,53.4351955],[50.2517576,53.4351926],[50.2517639,53.4351273],[50.2518467,53.4351302]]]},"properties":{"source_type":"ml"}},{"type":"Feature","geometry":{"type":"Polygon","coordinates":[[[50.2518127,53.4346803],[50.2518097,53.4346218],[50.2519062,53.4346201],[50.2519091,53.4346786],[50.2518127,53.4346803]]]},"properties":{"source_type":"ml"}},{"type":"Feature","geometry":{"type":"Polygon","coordinates":[[[50.2517675,53.4343186],[50.2517595,53.4343007],[50.2518521,53.4342859],[50.2518601,53.4343038],[50.2517675,53.4343186]]]},"properties":{"source_type":"ml"}},{"type":"Feature","geometry":{"type":"Polygon","coordinates":[[[50.2517427,53.4342872],[50.2517295,53.4342439],[50.2518359,53.4342324],[50.2518492,53.4342757],[50.2517427,53.4342872]]]},"properties":{"source_type":"ml"}},{"type":"Feature","geometry":{"type":"Polygon","coordinates":[[[50.2518017,53.4346667],[50.2518053,53.4346947],[50.2516586,53.4347014],[50.251655,53.4346733],[50.2518017,53.4346667]]]},"properties":{"source_type":"ml"}},{"type":"Feature","geometry":{"type":"Polygon","coordinates":[[[50.2515521,53.434432],[50.2515968,53.4344281],[50.2516076,53.4344719],[50.2516391,53.4344691],[50.2516482,53.4345061],[50.251664,53.4345047],[50.2516765,53.4345553],[50.2515846,53.4345634],[50.2515521,53.434432]]]},"properties":{"source_type":"ml"}},{"type":"Feature","geometry":{"type":"Polygon","coordinates":[[[50.2515331,53.4343412],[50.2515065,53.4342712],[50.2515616,53.4342638],[50.2515881,53.4343338],[50.2515331,53.4343412]]]},"properties":{"source_type":"ml"}},{"type":"Feature","geometry":{"type":"Polygon","coordinates":[[[50.2515365,53.4351139],[50.2515327,53.4351703],[50.2514389,53.435168],[50.2514428,53.4351116],[50.2515365,53.4351139]]]},"properties":{"source_type":"ml"}},{"type":"Feature","geometry":{"type":"Polygon","coordinates":[[[50.2514565,53.434985],[50.2514581,53.4350073],[50.2514544,53.4350074],[50.2514591,53.4350733],[50.2513718,53.4350756],[50.2513654,53.4349873],[50.2514565,53.434985]]]},"properties":{"source_type":"ml"}},{"type":"Feature","geometry":{"type":"Polygon","coordinates":[[[50.2513619,53.4345314],[50.2513498,53.4345028],[50.2513967,53.4344958],[50.2514088,53.4345243],[50.2513619,53.4345314]]]},"properties":{"source_type":"ml"}},{"type":"Feature","geometry":{"type":"Polygon","coordinates":[[[50.2512211,53.4345062],[50.2513199,53.4344956],[50.2513391,53.434559],[50.2512404,53.4345697],[50.2512211,53.4345062]]]},"properties":{"source_type":"ml"}},{"type":"Feature","geometry":{"type":"Polygon","coordinates":[[[50.2513805,53.4346865],[50.2513875,53.4347261],[50.251292,53.434732],[50.251285,53.4346925],[50.2513805,53.4346865]]]},"properties":{"source_type":"ml"}},{"type":"Feature","geometry":{"type":"Polygon","coordinates":[[[50.2511631,53.4344013],[50.2511429,53.434319],[50.2512795,53.4343071],[50.2512997,53.4343894],[50.2511631,53.4344013]]]},"properties":{"source_type":"ml"}},{"type":"Feature","geometry":{"type":"Polygon","coordinates":[[[50.2512439,53.4350109],[50.2512547,53.435066],[50.2512267,53.435068],[50.251237,53.4351206],[50.2511444,53.4351271],[50.2511232,53.4350193],[50.2512439,53.4350109]]]},"properties":{"source_type":"ml"}},{"type":"Feature","geometry":{"type":"Polygon","coordinates":[[[50.2511748,53.4352391],[50.251172,53.4351816],[50.2512605,53.4351801],[50.2512633,53.4352375],[50.2511748,53.4352391]]]},"properties":{"source_type":"ml"}},{"type":"Feature","geometry":{"type":"Polygon","coordinates":[[[50.2510404,53.4351626],[50.2510463,53.435186],[50.2509598,53.4351938],[50.2509538,53.4351703],[50.2510404,53.4351626]]]},"properties":{"source_type":"ml"}},{"type":"Feature","geometry":{"type":"Polygon","coordinates":[[[50.2508306,53.4349832],[50.2508784,53.4349802],[50.2508855,53.4350214],[50.2508377,53.4350243],[50.2508306,53.4349832]]]},"properties":{"source_type":"ml"}},{"type":"Feature","geometry":{"type":"Polygon","coordinates":[[[50.2506979,53.4352828],[50.2507156,53.4353525],[50.2506038,53.4353625],[50.2505861,53.4352928],[50.2506979,53.4352828]]]},"properties":{"source_type":"ml"}},{"type":"Feature","geometry":{"type":"Polygon","coordinates":[[[50.2506494,53.4350981],[50.2506683,53.4351731],[50.2505529,53.4351834],[50.250534,53.4351084],[50.2506494,53.4350981]]]},"properties":{"source_type":"ml"}},{"type":"Feature","geometry":{"type":"Polygon","coordinates":[[[50.2504895,53.4349612],[50.2505622,53.4349567],[50.2505717,53.435011],[50.2504991,53.4350156],[50.2504895,53.4349612]]]},"properties":{"source_type":"ml"}},{"type":"Feature","geometry":{"type":"Polygon","coordinates":[[[50.2506599,53.434638],[50.2507242,53.4346328],[50.2507309,53.434662],[50.2506667,53.4346672],[50.2506599,53.434638]]]},"properties":{"source_type":"ml"}},{"type":"Feature","geometry":{"type":"Polygon","coordinates":[[[50.2504789,53.4346814],[50.2504771,53.4346479],[50.2505977,53.4346456],[50.2505995,53.4346791],[50.2504789,53.4346814]]]},"properties":{"source_type":"ml"}},{"type":"Feature","geometry":{"type":"Polygon","coordinates":[[[50.2506197,53.4342296],[50.2506396,53.434262],[50.2505686,53.4342775],[50.2505487,53.434245],[50.2506197,53.4342296]]]},"properties":{"source_type":"ml"}},{"type":"Feature","geometry":{"type":"Polygon","coordinates":[[[50.2506665,53.4344087],[50.2507259,53.4344047],[50.2507335,53.4344458],[50.2506741,53.4344497],[50.2506665,53.4344087]]]},"properties":{"source_type":"ml"}},{"type":"Feature","geometry":{"type":"Polygon","coordinates":[[[50.2507272,53.4342972],[50.2507216,53.4343497],[50.2506655,53.4343476],[50.2506711,53.434295],[50.2507272,53.4342972]]]},"properties":{"source_type":"ml"}},{"type":"Feature","geometry":{"type":"Polygon","coordinates":[[[50.2509416,53.434435],[50.2510143,53.4344271],[50.2510319,53.4344843],[50.2509593,53.4344922],[50.2509416,53.434435]]]},"properties":{"source_type":"ml"}},{"type":"Feature","geometry":{"type":"Polygon","coordinates":[[[50.2508939,53.4344214],[50.2508884,53.4343433],[50.2510384,53.4343395],[50.2510438,53.4344177],[50.2508939,53.4344214]]]},"properties":{"source_type":"ml"}},{"type":"Feature","geometry":{"type":"Polygon","coordinates":[[[50.25088,53.4341783],[50.2509798,53.4341698],[50.2509934,53.4342261],[50.2508936,53.4342347],[50.25088,53.4341783]]]},"properties":{"source_type":"ml"}},{"type":"Feature","geometry":{"type":"Polygon","coordinates":[[[50.2507417,53.433822],[50.2508399,53.4338158],[50.2508614,53.4339375],[50.2507633,53.4339437],[50.2507417,53.433822]]]},"properties":{"source_type":"ml"}},{"type":"Feature","geometry":{"type":"Polygon","coordinates":[[[50.250663,53.4335867],[50.2507674,53.4335839],[50.2507715,53.4336381],[50.2508304,53.4336365],[50.2508359,53.4337099],[50.2506726,53.4337142],[50.250663,53.4335867]]]},"properties":{"source_type":"ml"}},{"type":"Feature","geometry":{"type":"Polygon","coordinates":[[[50.2506012,53.433435],[50.2507405,53.4334328],[50.250744,53.4335104],[50.2506046,53.4335126],[50.2506012,53.433435]]]},"properties":{"source_type":"ml"}},{"type":"Feature","geometry":{"type":"Polygon","coordinates":[[[50.2511986,53.4335491],[50.2511811,53.4335008],[50.2512261,53.433495],[50.2512436,53.4335433],[50.2511986,53.4335491]]]},"properties":{"source_type":"ml"}},{"type":"Feature","geometry":{"type":"Polygon","coordinates":[[[50.2509993,53.4335888],[50.2510581,53.4335871],[50.2510621,53.4336365],[50.2510033,53.4336382],[50.2509993,53.4335888]]]},"properties":{"source_type":"ml"}},{"type":"Feature","geometry":{"type":"Polygon","coordinates":[[[50.2510114,53.4338557],[50.2509944,53.4337885],[50.2510861,53.4337802],[50.2511031,53.4338474],[50.2510114,53.4338557]]]},"properties":{"source_type":"ml"}},{"type":"Feature","geometry":{"type":"Polygon","coordinates":[[[50.2512523,53.4341182],[50.2512567,53.4341815],[50.251124,53.4341847],[50.2511196,53.4341215],[50.2512523,53.4341182]]]},"properties":{"source_type":"ml"}},{"type":"Feature","geometry":{"type":"Polygon","coordinates":[[[50.2514109,53.4341848],[50.2514078,53.4341087],[50.2514668,53.4341079],[50.2514699,53.434184],[50.2514109,53.4341848]]]},"properties":{"source_type":"ml"}},{"type":"Feature","geometry":{"type":"Polygon","coordinates":[[[50.2514711,53.4338436],[50.2514772,53.4339569],[50.2514129,53.4339582],[50.2514106,53.4339151],[50.2513945,53.4339154],[50.2513907,53.4338451],[50.2514711,53.4338436]]]},"properties":{"source_type":"ml"}},{"type":"Feature","geometry":{"type":"Polygon","coordinates":[[[50.25128,53.433318],[50.2511981,53.4333187],[50.2511974,53.4332905],[50.2512793,53.4332898],[50.25128,53.433318]]]},"properties":{"source_type":"ml"}},{"type":"Feature","geometry":{"type":"Polygon","coordinates":[[[50.2513984,53.4326168],[50.2513972,53.4325966],[50.2514668,53.4325952],[50.251468,53.4326154],[50.2513984,53.4326168]]]},"properties":{"source_type":"ml"}},{"type":"Feature","geometry":{"type":"Polygon","coordinates":[[[50.2510743,53.4322656],[50.2510407,53.4322059],[50.2511517,53.4321837],[50.2511853,53.4322435],[50.2510743,53.4322656]]]},"properties":{"source_type":"osm"}},{"type":"Feature","geometry":{"type":"Polygon","coordinates":[[[50.2512316,53.4323962],[50.2513093,53.4323801],[50.2513409,53.4324343],[50.2512632,53.4324504],[50.2512316,53.4323962]]]},"properties":{"source_type":"ml"}},{"type":"Feature","geometry":{"type":"Polygon","coordinates":[[[50.2514529,53.4323091],[50.2514703,53.4323455],[50.2514343,53.4323516],[50.2513941,53.4322673],[50.251491,53.4322509],[50.2515137,53.4322988],[50.2514529,53.4323091]]]},"properties":{"source_type":"ml"}},{"type":"Feature","geometry":{"type":"Polygon","coordinates":[[[50.251373,53.4319901],[50.2513654,53.4319604],[50.2514571,53.431952],[50.2514647,53.4319817],[50.251373,53.4319901]]]},"properties":{"source_type":"ml"}},{"type":"Feature","geometry":{"type":"Polygon","coordinates":[[[50.2512333,53.4320209],[50.2512212,53.4319873],[50.251316,53.4319752],[50.2513282,53.4320088],[50.2512333,53.4320209]]]},"properties":{"source_type":"ml"}},{"type":"Feature","geometry":{"type":"Polygon","coordinates":[[[50.251274,53.4319121],[50.2512934,53.4319672],[50.2511996,53.4319789],[50.2511802,53.4319238],[50.251274,53.4319121]]]},"properties":{"source_type":"ml"}},{"type":"Feature","geometry":{"type":"Polygon","coordinates":[[[50.2512433,53.4317861],[50.2512293,53.4317565],[50.2513027,53.4317442],[50.2513167,53.4317738],[50.2512433,53.4317861]]]},"properties":{"source_type":"ml"}},{"type":"Feature","geometry":{"type":"Polygon","coordinates":[[[50.2515253,53.4314278],[50.2515364,53.43146],[50.2514901,53.4314657],[50.2514979,53.4314882],[50.2513898,53.4315014],[50.251363,53.4314238],[50.2514568,53.4314123],[50.2514647,53.4314353],[50.2515253,53.4314278]]]},"properties":{"source_type":"ml"}},{"type":"Feature","geometry":{"type":"Polygon","coordinates":[[[50.2513104,53.4313427],[50.2514255,53.4313261],[50.2514433,53.4313698],[50.2513282,53.4313865],[50.2513104,53.4313427]]]},"properties":{"source_type":"ml"}},{"type":"Feature","geometry":{"type":"Polygon","coordinates":[[[50.251295,53.4314341],[50.2512919,53.4314033],[50.2513427,53.4314014],[50.2513458,53.4314323],[50.251295,53.4314341]]]},"properties":{"source_type":"ml"}},{"type":"Feature","geometry":{"type":"Polygon","coordinates":[[[50.2511001,53.4318002],[50.251065,53.4317411],[50.2511626,53.4317204],[50.2511978,53.4317795],[50.2511001,53.4318002]]]},"properties":{"source_type":"ml"}},{"type":"Feature","geometry":{"type":"Polygon","coordinates":[[[50.250734,53.4318897],[50.2508828,53.4318691],[50.2509154,53.4319524],[50.2507665,53.4319731],[50.250734,53.4318897]]]},"properties":{"source_type":"ml"}},{"type":"Feature","geometry":{"type":"Polygon","coordinates":[[[50.2509385,53.4315661],[50.2509086,53.4314864],[50.2510301,53.4314703],[50.2510599,53.43155],[50.2509385,53.4315661]]]},"properties":{"source_type":"ml"}},{"type":"Feature","geometry":{"type":"Polygon","coordinates":[[[50.2506866,53.4317324],[50.2506556,53.4316841],[50.2507586,53.4316606],[50.2507896,53.4317089],[50.2506866,53.4317324]]]},"properties":{"source_type":"ml"}},{"type":"Feature","geometry":{"type":"Polygon","coordinates":[[[50.250515,53.4322536],[50.2504986,53.4322214],[50.2506054,53.4322021],[50.2506218,53.4322343],[50.250515,53.4322536]]]},"properties":{"source_type":"ml"}},{"type":"Feature","geometry":{"type":"Polygon","coordinates":[[[50.2506304,53.4323843],[50.2506619,53.4324474],[50.2505633,53.4324648],[50.2505318,53.4324017],[50.2506304,53.4323843]]]},"properties":{"source_type":"ml"}},{"type":"Feature","geometry":{"type":"Polygon","coordinates":[[[50.2505475,53.4323029],[50.2506626,53.4322999],[50.2506664,53.4323509],[50.2505513,53.432354],[50.2505475,53.4323029]]]},"properties":{"source_type":"ml"}},{"type":"Feature","geometry":{"type":"Polygon","coordinates":[[[50.2506329,53.4325328],[50.2507175,53.4325162],[50.2507455,53.4325666],[50.2506608,53.4325833],[50.2506329,53.4325328]]]},"properties":{"source_type":"ml"}},{"type":"Feature","geometry":{"type":"Polygon","coordinates":[[[50.2508338,53.432248],[50.2508224,53.4322175],[50.2508811,53.4322097],[50.2508926,53.4322402],[50.2508338,53.432248]]]},"properties":{"source_type":"ml"}},{"type":"Feature","geometry":{"type":"Polygon","coordinates":[[[50.2509293,53.4324346],[50.2509372,53.4323914],[50.2509849,53.4323945],[50.250977,53.4324378],[50.2509293,53.4324346]]]},"properties":{"source_type":"ml"}},{"type":"Feature","geometry":{"type":"Polygon","coordinates":[[[50.2509404,53.4324976],[50.2509174,53.4324429],[50.2509692,53.4324351],[50.2509922,53.4324898],[50.2509404,53.4324976]]]},"properties":{"source_type":"ml"}},{"type":"Feature","geometry":{"type":"Polygon","coordinates":[[[50.2501254,53.4323693],[50.2500847,53.4322904],[50.2502048,53.4322685],[50.2502455,53.4323473],[50.2501254,53.4323693]]]},"properties":{"source_type":"ml"}},{"type":"Feature","geometry":{"type":"Polygon","coordinates":[[[50.2500974,53.4325284],[50.2501406,53.4325223],[50.2501563,53.4325616],[50.2501131,53.4325677],[50.2500974,53.4325284]]]},"properties":{"source_type":"ml"}},{"type":"Feature","geometry":{"type":"Polygon","coordinates":[[[50.2505042,53.431721],[50.2505312,53.4317847],[50.2504795,53.4317925],[50.2504525,53.4317288],[50.2505042,53.431721]]]},"properties":{"source_type":"ml"}},{"type":"Feature","geometry":{"type":"Polygon","coordinates":[[[50.2502289,53.4318881],[50.2503446,53.4318703],[50.2503825,53.4319578],[50.2502668,53.4319756],[50.2502289,53.4318881]]]},"properties":{"source_type":"ml"}},{"type":"Feature","geometry":{"type":"Polygon","coordinates":[[[50.2502719,53.4315019],[50.2504956,53.4314987],[50.2504989,53.4315792],[50.2502751,53.4315824],[50.2502719,53.4315019]]]},"properties":{"source_type":"ml"}},{"type":"Feature","geometry":{"type":"Polygon","coordinates":[[[50.250006,53.4320099],[50.2499843,53.4319437],[50.2500928,53.4319311],[50.2501145,53.4319973],[50.250006,53.4320099]]]},"properties":{"source_type":"ml"}},{"type":"Feature","geometry":{"type":"Polygon","coordinates":[[[50.2500596,53.4317944],[50.2500623,53.4318231],[50.2498885,53.4318289],[50.2498858,53.4318003],[50.2500596,53.4317944]]]},"properties":{"source_type":"ml"}},{"type":"Feature","geometry":{"type":"Polygon","coordinates":[[[50.2498947,53.4313726],[50.2499002,53.4314444],[50.2497943,53.4314472],[50.2497889,53.4313755],[50.2498947,53.4313726]]]},"properties":{"source_type":"ml"}},{"type":"Feature","geometry":{"type":"Polygon","coordinates":[[[50.2495521,53.4316713],[50.2495557,53.431637],[50.2496827,53.4316416],[50.2496791,53.431676],[50.2495521,53.4316713]]]},"properties":{"source_type":"ml"}},{"type":"Feature","geometry":{"type":"Polygon","coordinates":[[[50.2496874,53.431845],[50.2497025,53.4318889],[50.2496137,53.4318997],[50.2495987,53.4318559],[50.2496874,53.431845]]]},"properties":{"source_type":"ml"}},{"type":"Feature","geometry":{"type":"Polygon","coordinates":[[[50.2497115,53.4323925],[50.2497219,53.4324331],[50.2496302,53.4324415],[50.2496197,53.4324009],[50.2497115,53.4323925]]]},"properties":{"source_type":"ml"}},{"type":"Feature","geometry":{"type":"Polygon","coordinates":[[[50.249887,53.4322477],[50.2498886,53.4322796],[50.2497948,53.4322813],[50.2497932,53.4322494],[50.249887,53.4322477]]]},"properties":{"source_type":"ml"}},{"type":"Feature","geometry":{"type":"Polygon","coordinates":[[[50.2495008,53.4336627],[50.2495967,53.4336579],[50.2496037,53.4337071],[50.2495079,53.4337119],[50.2495008,53.4336627]]]},"properties":{"source_type":"ml"}},{"type":"Feature","geometry":{"type":"Polygon","coordinates":[[[50.2496141,53.4339663],[50.2496881,53.4339586],[50.2497031,53.4340097],[50.2496291,53.4340174],[50.2496141,53.4339663]]]},"properties":{"source_type":"ml"}},{"type":"Feature","geometry":{"type":"Polygon","coordinates":[[[50.2499279,53.4338818],[50.2500419,53.4338797],[50.2500464,53.4339637],[50.2499323,53.4339658],[50.2499279,53.4338818]]]},"properties":{"source_type":"ml"}},{"type":"Feature","geometry":{"type":"Polygon","coordinates":[[[50.2498745,53.433807],[50.2498674,53.4336832],[50.2499746,53.433681],[50.2499817,53.4338048],[50.2498745,53.433807]]]},"properties":{"source_type":"ml"}},{"type":"Feature","geometry":{"type":"Polygon","coordinates":[[[50.2500899,53.4335349],[50.2501423,53.4335363],[50.2501382,53.4335905],[50.2500859,53.4335891],[50.2500899,53.4335349]]]},"properties":{"source_type":"ml"}},{"type":"Feature","geometry":{"type":"Polygon","coordinates":[[[50.2502255,53.4340472],[50.2503222,53.4340379],[50.2503459,53.4341251],[50.2502282,53.4341364],[50.2502177,53.4340975],[50.2502386,53.4340954],[50.2502255,53.4340472]]]},"properties":{"source_type":"ml"}},{"type":"Feature","geometry":{"type":"Polygon","coordinates":[[[50.250307,53.4339345],[50.2501765,53.433945],[50.2501619,53.4338806],[50.2502924,53.4338701],[50.250307,53.4339345]]]},"properties":{"source_type":"ml"}},{"type":"Feature","geometry":{"type":"Polygon","coordinates":[[[50.2501563,53.4337102],[50.250215,53.4337078],[50.2502137,53.4336967],[50.2502751,53.4336941],[50.2502836,53.4337673],[50.2501634,53.4337722],[50.2501563,53.4337102]]]},"properties":{"source_type":"ml"}},{"type":"Feature","geometry":{"type":"Polygon","coordinates":[[[50.2499789,53.4340668],[50.250086,53.4340641],[50.2500939,53.4341767],[50.2499868,53.4341794],[50.2499789,53.4340668]]]},"properties":{"source_type":"ml"}},{"type":"Feature","geometry":{"type":"Polygon","coordinates":[[[50.2500233,53.4342802],[50.2500946,53.4342747],[50.2501041,53.4343187],[50.2500329,53.4343242],[50.2500233,53.4342802]]]},"properties":{"source_type":"ml"}},{"type":"Feature","geometry":{"type":"Polygon","coordinates":[[[50.2500769,53.4344486],[50.2501759,53.4344457],[50.2501799,53.4344935],[50.2500809,53.4344964],[50.2500769,53.4344486]]]},"properties":{"source_type":"ml"}},{"type":"Feature","geometry":{"type":"Polygon","coordinates":[[[50.2501087,53.4346729],[50.2501125,53.4346465],[50.2501647,53.4346492],[50.2501609,53.4346755],[50.2501087,53.4346729]]]},"properties":{"source_type":"ml"}},{"type":"Feature","geometry":{"type":"Polygon","coordinates":[[[50.2503571,53.4344732],[50.2503268,53.4343858],[50.2504272,53.4343735],[50.2504575,53.4344608],[50.2503571,53.4344732]]]},"properties":{"source_type":"ml"}},{"type":"Feature","geometry":{"type":"Polygon","coordinates":[[[50.2502731,53.4342102],[50.2503989,53.4342063],[50.2504039,53.4342653],[50.2503799,53.434266],[50.2503833,53.4343059],[50.2502816,53.434309],[50.2502731,53.4342102]]]},"properties":{"source_type":"ml"}},{"type":"Feature","geometry":{"type":"Polygon","coordinates":[[[50.2502547,53.4348597],[50.2502353,53.4347996],[50.2502907,53.4347933],[50.2503101,53.4348534],[50.2502547,53.4348597]]]},"properties":{"source_type":"ml"}},{"type":"Feature","geometry":{"type":"Polygon","coordinates":[[[50.2503823,53.4351205],[50.2503906,53.4352033],[50.2503184,53.4352059],[50.2503101,53.4351231],[50.2503823,53.4351205]]]},"properties":{"source_type":"ml"}},{"type":"Feature","geometry":{"type":"Polygon","coordinates":[[[50.2502151,53.4350522],[50.2502022,53.434986],[50.2503213,53.4349778],[50.2503342,53.435044],[50.2502151,53.4350522]]]},"properties":{"source_type":"ml"}},{"type":"Feature","geometry":{"type":"Polygon","coordinates":[[[50.2501199,53.4353638],[50.2501008,53.4352677],[50.2501748,53.4352625],[50.250194,53.4353586],[50.2501199,53.4353638]]]},"properties":{"source_type":"ml"}},{"type":"Feature","geometry":{"type":"Polygon","coordinates":[[[50.2499665,53.4352213],[50.2500424,53.4352285],[50.2500357,53.4352534],[50.2499598,53.4352463],[50.2499665,53.4352213]]]},"properties":{"source_type":"ml"}},{"type":"Feature","geometry":{"type":"Polygon","coordinates":[[[50.2498916,53.4350198],[50.2498909,53.435],[50.2499622,53.434999],[50.2499629,53.4350188],[50.2498916,53.4350198]]]},"properties":{"source_type":"ml"}},{"type":"Feature","geometry":{"type":"Polygon","coordinates":[[[50.2499324,53.434355],[50.249938,53.434429],[50.2498282,53.4344319],[50.2498226,53.434358],[50.2499324,53.434355]]]},"properties":{"source_type":"ml"}},{"type":"Feature","geometry":{"type":"Polygon","coordinates":[[[50.2498599,53.4347028],[50.2499115,53.4347003],[50.2499176,53.4347447],[50.249866,53.4347472],[50.2498599,53.4347028]]]},"properties":{"source_type":"ml"}},{"type":"Feature","geometry":{"type":"Polygon","coordinates":[[[50.2496556,53.4346692],[50.2496609,53.4347307],[50.2495779,53.4347332],[50.2495726,53.4346717],[50.2496556,53.4346692]]]},"properties":{"source_type":"ml"}},{"type":"Feature","geometry":{"type":"Polygon","coordinates":[[[50.2497341,53.4348626],[50.2497316,53.4348929],[50.2496272,53.4348898],[50.2496297,53.4348596],[50.2497341,53.4348626]]]},"properties":{"source_type":"ml"}},{"type":"Feature","geometry":{"type":"Polygon","coordinates":[[[50.2497691,53.435025],[50.2497808,53.4350719],[50.249689,53.43508],[50.2496773,53.4350331],[50.2497691,53.435025]]]},"properties":{"source_type":"ml"}},{"type":"Feature","geometry":{"type":"Polygon","coordinates":[[[50.249719,53.4351806],[50.2498084,53.435173],[50.2498189,53.4352168],[50.2497296,53.4352245],[50.249719,53.4351806]]]},"properties":{"source_type":"ml"}},{"type":"Feature","geometry":{"type":"Polygon","coordinates":[[[50.2497325,53.4352369],[50.2497897,53.4352308],[50.2497976,53.4352571],[50.2497404,53.4352632],[50.2497325,53.4352369]]]},"properties":{"source_type":"ml"}},{"type":"Feature","geometry":{"type":"Polygon","coordinates":[[[50.2495813,53.4352954],[50.2494741,53.4352974],[50.2494712,53.4352406],[50.2495784,53.4352386],[50.2495813,53.4352954]]]},"properties":{"source_type":"ml"}},{"type":"Feature","geometry":{"type":"Polygon","coordinates":[[[50.2495226,53.4351101],[50.2494165,53.4351121],[50.2494136,53.4350585],[50.2495197,53.4350565],[50.2495226,53.4351101]]]},"properties":{"source_type":"ml"}},{"type":"Feature","geometry":{"type":"Polygon","coordinates":[[[50.2493348,53.4348739],[50.2494452,53.4348645],[50.2494599,53.4349256],[50.2493495,53.434935],[50.2493348,53.4348739]]]},"properties":{"source_type":"ml"}},{"type":"Feature","geometry":{"type":"Polygon","coordinates":[[[50.2492505,53.4351487],[50.2492534,53.4351901],[50.2492079,53.4351913],[50.249205,53.4351498],[50.2492505,53.4351487]]]},"properties":{"source_type":"ml"}},{"type":"Feature","geometry":{"type":"Polygon","coordinates":[[[50.2492115,53.4350909],[50.249281,53.4350932],[50.2492764,53.4351426],[50.2492069,53.4351403],[50.2492115,53.4350909]]]},"properties":{"source_type":"ml"}},{"type":"Feature","geometry":{"type":"Polygon","coordinates":[[[50.2491055,53.434558],[50.2491245,53.4346139],[50.2490447,53.4346235],[50.2490256,53.4345677],[50.2491055,53.434558]]]},"properties":{"source_type":"ml"}},{"type":"Feature","geometry":{"type":"Polygon","coordinates":[[[50.2491225,53.4345983],[50.2491125,53.4345543],[50.2491546,53.4345509],[50.2491646,53.4345949],[50.2491225,53.4345983]]]},"properties":{"source_type":"ml"}},{"type":"Feature","geometry":{"type":"Polygon","coordinates":[[[50.2490253,53.4344507],[50.2491299,53.4344525],[50.2491279,53.4344925],[50.2490234,53.4344906],[50.2490253,53.4344507]]]},"properties":{"source_type":"ml"}},{"type":"Feature","geometry":{"type":"Polygon","coordinates":[[[50.249259,53.4343346],[50.2492633,53.4343936],[50.2491803,53.4343958],[50.249176,53.4343368],[50.249259,53.4343346]]]},"properties":{"source_type":"ml"}},{"type":"Feature","geometry":{"type":"Polygon","coordinates":[[[50.2493091,53.4347564],[50.2492997,53.4346936],[50.2494167,53.4346873],[50.2494262,53.4347501],[50.2493091,53.4347564]]]},"properties":{"source_type":"ml"}},{"type":"Feature","geometry":{"type":"Polygon","coordinates":[[[50.249464,53.4341102],[50.2494436,53.4340563],[50.2495457,53.4340426],[50.2495661,53.4340964],[50.249464,53.4341102]]]},"properties":{"source_type":"ml"}},{"type":"Feature","geometry":{"type":"Polygon","coordinates":[[[50.2493763,53.4339326],[50.2493593,53.4338694],[50.2494613,53.4338597],[50.2494783,53.4339229],[50.2493763,53.4339326]]]},"properties":{"source_type":"ml"}},{"type":"Feature","geometry":{"type":"Polygon","coordinates":[[[50.2493896,53.433761],[50.2494046,53.4338389],[50.2492999,53.4338461],[50.2492849,53.4337681],[50.2493896,53.433761]]]},"properties":{"source_type":"ml"}},{"type":"Feature","geometry":{"type":"Polygon","coordinates":[[[50.24937,53.4335293],[50.2495222,53.4335062],[50.2495518,53.4335752],[50.2493996,53.4335983],[50.24937,53.4335293]]]},"properties":{"source_type":"ml"}},{"type":"Feature","geometry":{"type":"Polygon","coordinates":[[[50.2494012,53.4334118],[50.2493977,53.4333575],[50.2494313,53.4333568],[50.2494348,53.433411],[50.2494012,53.4334118]]]},"properties":{"source_type":"ml"}},{"type":"Feature","geometry":{"type":"Polygon","coordinates":[[[50.2491259,53.4338247],[50.2491664,53.4339906],[50.2490509,53.4340006],[50.2490103,53.4338347],[50.2491259,53.4338247]]]},"properties":{"source_type":"ml"}},{"type":"Feature","geometry":{"type":"Polygon","coordinates":[[[50.2492351,53.4342299],[50.2491452,53.4342365],[50.2491316,53.4341704],[50.2492215,53.4341638],[50.2492351,53.4342299]]]},"properties":{"source_type":"ml"}},{"type":"Feature","geometry":{"type":"Polygon","coordinates":[[[50.2488733,53.4340426],[50.2488773,53.4341001],[50.2487916,53.4341022],[50.2487876,53.4340447],[50.2488733,53.4340426]]]},"properties":{"source_type":"ml"}},{"type":"Feature","geometry":{"type":"Polygon","coordinates":[[[50.2490252,53.4336978],[50.2489518,53.4337002],[50.2489475,53.4336524],[50.2490946,53.4336477],[50.2491006,53.4337146],[50.2490269,53.4337169],[50.2490252,53.4336978]]]},"properties":{"source_type":"ml"}},{"type":"Feature","geometry":{"type":"Polygon","coordinates":[[[50.2487739,53.4335533],[50.2488394,53.4335537],[50.248839,53.4335793],[50.2487734,53.4335789],[50.2487739,53.4335533]]]},"properties":{"source_type":"ml"}},{"type":"Feature","geometry":{"type":"Polygon","coordinates":[[[50.2487596,53.4337372],[50.2487459,53.433676],[50.2488381,53.4336687],[50.2488518,53.4337299],[50.2487596,53.4337372]]]},"properties":{"source_type":"ml"}},{"type":"Feature","geometry":{"type":"Polygon","coordinates":[[[50.2487399,53.4338389],[50.2487989,53.4338383],[50.2487999,53.433875],[50.2487409,53.4338756],[50.2487399,53.4338389]]]},"properties":{"source_type":"ml"}},{"type":"Feature","geometry":{"type":"Polygon","coordinates":[[[50.2487545,53.4338999],[50.2488154,53.4338959],[50.2488241,53.4339433],[50.2487632,53.4339473],[50.2487545,53.4338999]]]},"properties":{"source_type":"ml"}},{"type":"Feature","geometry":{"type":"Polygon","coordinates":[[[50.2486464,53.4342328],[50.2486452,53.4342002],[50.2487379,53.434199],[50.2487404,53.4342684],[50.2486037,53.4342701],[50.2486024,53.4342334],[50.2486464,53.4342328]]]},"properties":{"source_type":"ml"}},{"type":"Feature","geometry":{"type":"Polygon","coordinates":[[[50.2486411,53.4344673],[50.2486386,53.4344338],[50.2487511,53.4344309],[50.2487535,53.4344644],[50.2486411,53.4344673]]]},"properties":{"source_type":"ml"}},{"type":"Feature","geometry":{"type":"Polygon","coordinates":[[[50.2486652,53.4346806],[50.2487209,53.4346725],[50.2487389,53.4347162],[50.2486833,53.4347243],[50.2486652,53.4346806]]]},"properties":{"source_type":"ml"}},{"type":"Feature","geometry":{"type":"Polygon","coordinates":[[[50.2486674,53.4346419],[50.2486648,53.434594],[50.2487425,53.4345925],[50.2487451,53.4346404],[50.2486674,53.4346419]]]},"properties":{"source_type":"ml"}},{"type":"Feature","geometry":{"type":"Polygon","coordinates":[[[50.2487978,53.4344832],[50.2488376,53.434481],[50.2488444,53.4345245],[50.2488045,53.4345267],[50.2487978,53.4344832]]]},"properties":{"source_type":"ml"}},{"type":"Feature","geometry":{"type":"Polygon","coordinates":[[[50.249014,53.4345803],[50.2490268,53.4346171],[50.2489393,53.4346278],[50.2489266,53.434591],[50.249014,53.4345803]]]},"properties":{"source_type":"ml"}},{"type":"Feature","geometry":{"type":"Polygon","coordinates":[[[50.2487754,53.4348501],[50.2488986,53.4348475],[50.2489021,53.4349066],[50.2487789,53.4349092],[50.2487754,53.4348501]]]},"properties":{"source_type":"ml"}},{"type":"Feature","geometry":{"type":"Polygon","coordinates":[[[50.2489407,53.4353326],[50.2489306,53.4352701],[50.249013,53.4352654],[50.2490231,53.4353279],[50.2489407,53.4353326]]]},"properties":{"source_type":"ml"}},{"type":"Feature","geometry":{"type":"Polygon","coordinates":[[[50.2488496,53.4350977],[50.2489485,53.4350944],[50.2489523,53.4351342],[50.2488534,53.4351375],[50.2488496,53.4350977]]]},"properties":{"source_type":"ml"}},{"type":"Feature","geometry":{"type":"Polygon","coordinates":[[[50.2487304,53.4347619],[50.2488682,53.4347638],[50.248866,53.4348229],[50.2487282,53.434821],[50.2487304,53.4347619]]]},"properties":{"source_type":"ml"}},{"type":"Feature","geometry":{"type":"Polygon","coordinates":[[[50.2485643,53.4348157],[50.2486382,53.4348145],[50.24864,53.4348496],[50.248566,53.4348509],[50.2485643,53.4348157]]]},"properties":{"source_type":"ml"}},{"type":"Feature","geometry":{"type":"Polygon","coordinates":[[[50.2485597,53.4351392],[50.2486696,53.435137],[50.2486736,53.4352095],[50.2485638,53.4352117],[50.2485597,53.4351392]]]},"properties":{"source_type":"ml"}},{"type":"Feature","geometry":{"type":"Polygon","coordinates":[[[50.2484568,53.4347799],[50.2485532,53.4347774],[50.2485588,53.4348556],[50.2484624,53.434858],[50.2484568,53.4347799]]]},"properties":{"source_type":"ml"}},{"type":"Feature","geometry":{"type":"Polygon","coordinates":[[[50.2486154,53.4349605],[50.2486214,53.435021],[50.2485134,53.4350248],[50.2485075,53.4349643],[50.2486154,53.4349605]]]},"properties":{"source_type":"ml"}},{"type":"Feature","geometry":{"type":"Polygon","coordinates":[[[50.2484308,53.434588],[50.2485343,53.4345818],[50.2485456,53.4346482],[50.2484421,53.4346545],[50.2484308,53.434588]]]},"properties":{"source_type":"ml"}},{"type":"Feature","geometry":{"type":"Polygon","coordinates":[[[50.2483201,53.434432],[50.2484408,53.4344312],[50.2484417,53.4344785],[50.2483559,53.434479],[50.2483565,53.4345133],[50.2483216,53.4345135],[50.2483201,53.434432]]]},"properties":{"source_type":"ml"}},{"type":"Feature","geometry":{"type":"Polygon","coordinates":[[[50.2482922,53.4343315],[50.248284,53.4342391],[50.2483883,53.4342358],[50.2483965,53.4343282],[50.2482922,53.4343315]]]},"properties":{"source_type":"ml"}},{"type":"Feature","geometry":{"type":"Polygon","coordinates":[[[50.2481318,53.4344733],[50.2481881,53.4344741],[50.2481869,53.4345036],[50.2481306,53.4345028],[50.2481318,53.4344733]]]},"properties":{"source_type":"ml"}},{"type":"Feature","geometry":{"type":"Polygon","coordinates":[[[50.2482085,53.4348952],[50.2481962,53.4348305],[50.2482439,53.4348273],[50.2482562,53.434892],[50.2482085,53.4348952]]]},"properties":{"source_type":"ml"}},{"type":"Feature","geometry":{"type":"Polygon","coordinates":[[[50.2482698,53.4348528],[50.2483339,53.4348503],[50.2483379,53.4348869],[50.2482738,53.4348894],[50.2482698,53.4348528]]]},"properties":{"source_type":"ml"}},{"type":"Feature","geometry":{"type":"Polygon","coordinates":[[[50.2483651,53.4350507],[50.2483141,53.4350551],[50.2483017,53.4350041],[50.2483527,53.4349997],[50.2483651,53.4350507]]]},"properties":{"source_type":"ml"}},{"type":"Feature","geometry":{"type":"Polygon","coordinates":[[[50.2480046,53.4351211],[50.248023,53.4351524],[50.247968,53.4351638],[50.2479496,53.4351325],[50.2480046,53.4351211]]]},"properties":{"source_type":"ml"}},{"type":"Feature","geometry":{"type":"Polygon","coordinates":[[[50.2480628,53.4350251],[50.2480617,53.4350826],[50.2479152,53.4350816],[50.2479164,53.4350241],[50.2480628,53.4350251]]]},"properties":{"source_type":"ml"}},{"type":"Feature","geometry":{"type":"Polygon","coordinates":[[[50.2479649,53.4348643],[50.2479666,53.4348825],[50.2478783,53.4348853],[50.2478767,53.4348671],[50.2479649,53.4348643]]]},"properties":{"source_type":"ml"}},{"type":"Feature","geometry":{"type":"Polygon","coordinates":[[[50.247786,53.4353593],[50.2477836,53.4353139],[50.2478532,53.4353126],[50.2478557,53.435358],[50.247786,53.4353593]]]},"properties":{"source_type":"ml"}},{"type":"Feature","geometry":{"type":"Polygon","coordinates":[[[50.2477165,53.4351982],[50.2477139,53.435152],[50.2478237,53.4351498],[50.2478263,53.4351961],[50.2477165,53.4351982]]]},"properties":{"source_type":"ml"}},{"type":"Feature","geometry":{"type":"Polygon","coordinates":[[[50.2477841,53.4350583],[50.2477861,53.4351158],[50.2476966,53.4351169],[50.2476945,53.4350594],[50.2477841,53.4350583]]]},"properties":{"source_type":"ml"}},{"type":"Feature","geometry":{"type":"Polygon","coordinates":[[[50.2475647,53.4348696],[50.2476943,53.4348671],[50.2476998,53.434966],[50.2475702,53.4349686],[50.2475647,53.4348696]]]},"properties":{"source_type":"ml"}},{"type":"Feature","geometry":{"type":"Polygon","coordinates":[[[50.2479112,53.4344818],[50.2479135,53.4345304],[50.2478063,53.4345322],[50.247804,53.4344836],[50.2479112,53.4344818]]]},"properties":{"source_type":"ml"}},{"type":"Feature","geometry":{"type":"Polygon","coordinates":[[[50.2478892,53.4342982],[50.2478811,53.4344019],[50.2477617,53.4343985],[50.2477699,53.4342949],[50.2478892,53.4342982]]]},"properties":{"source_type":"ml"}},{"type":"Feature","geometry":{"type":"Polygon","coordinates":[[[50.2479288,53.4346613],[50.2479931,53.4346598],[50.2479959,53.4347012],[50.2479316,53.4347028],[50.2479288,53.4346613]]]},"properties":{"source_type":"ml"}},{"type":"Feature","geometry":{"type":"Polygon","coordinates":[[[50.2479722,53.4342929],[50.2479507,53.4342144],[50.2480253,53.4342071],[50.2480468,53.4342856],[50.2479722,53.4342929]]]},"properties":{"source_type":"ml"}},{"type":"Feature","geometry":{"type":"Polygon","coordinates":[[[50.2480545,53.4342133],[50.2480408,53.4341684],[50.2481121,53.4341608],[50.2481257,53.4342056],[50.2480545,53.4342133]]]},"properties":{"source_type":"ml"}},{"type":"Feature","geometry":{"type":"Polygon","coordinates":[[[50.2479651,53.4339022],[50.2480236,53.4338988],[50.2480282,53.4339273],[50.2479697,53.4339307],[50.2479651,53.4339022]]]},"properties":{"source_type":"ml"}},{"type":"Feature","geometry":{"type":"Polygon","coordinates":[[[50.2479718,53.4340122],[50.2479962,53.4340605],[50.2479347,53.4340715],[50.2479103,53.4340232],[50.2479718,53.4340122]]]},"properties":{"source_type":"ml"}},{"type":"Feature","geometry":{"type":"Polygon","coordinates":[[[50.2477052,53.4341979],[50.2476954,53.4341401],[50.2478335,53.4341319],[50.2478433,53.4341897],[50.2477052,53.4341979]]]},"properties":{"source_type":"ml"}},{"type":"Feature","geometry":{"type":"Polygon","coordinates":[[[50.247631,53.4339952],[50.2476102,53.4339507],[50.2476898,53.4339374],[50.2477106,53.4339819],[50.247631,53.4339952]]]},"properties":{"source_type":"ml"}},{"type":"Feature","geometry":{"type":"Polygon","coordinates":[[[50.2476812,53.4336615],[50.2476928,53.4337424],[50.2475757,53.4337484],[50.247564,53.4336675],[50.2476812,53.4336615]]]},"properties":{"source_type":"ml"}},{"type":"Feature","geometry":{"type":"Polygon","coordinates":[[[50.2478826,53.4336472],[50.2478926,53.4337089],[50.2478129,53.4337135],[50.2478029,53.4336518],[50.2478826,53.4336472]]]},"properties":{"source_type":"ml"}},{"type":"Feature","geometry":{"type":"Polygon","coordinates":[[[50.2478339,53.4335289],[50.2478323,53.4334922],[50.247918,53.4334909],[50.2479196,53.4335276],[50.2478339,53.4335289]]]},"properties":{"source_type":"ml"}},{"type":"Feature","geometry":{"type":"Polygon","coordinates":[[[50.2482738,53.4333616],[50.2483968,53.4333578],[50.2484014,53.4334094],[50.2482784,53.4334133],[50.2482738,53.4333616]]]},"properties":{"source_type":"ml"}},{"type":"Feature","geometry":{"type":"Polygon","coordinates":[[[50.2481208,53.4336355],[50.2481985,53.4336373],[50.2481946,53.4336979],[50.2481169,53.4336961],[50.2481208,53.4336355]]]},"properties":{"source_type":"ml"}},{"type":"Feature","geometry":{"type":"Polygon","coordinates":[[[50.24826,53.4341385],[50.2482567,53.4340795],[50.2483386,53.4340778],[50.2483419,53.4341369],[50.24826,53.4341385]]]},"properties":{"source_type":"ml"}},{"type":"Feature","geometry":{"type":"Polygon","coordinates":[[[50.2481742,53.4338999],[50.2482812,53.4338966],[50.2482868,53.4339596],[50.2481798,53.433963],[50.2481742,53.4338999]]]},"properties":{"source_type":"ml"}},{"type":"Feature","geometry":{"type":"Polygon","coordinates":[[[50.2484621,53.4339858],[50.2485634,53.4339776],[50.2485783,53.4340435],[50.2484771,53.4340517],[50.2484621,53.4339858]]]},"properties":{"source_type":"ml"}},{"type":"Feature","geometry":{"type":"Polygon","coordinates":[[[50.2485627,53.4341423],[50.2485907,53.4342006],[50.2485361,53.4342099],[50.2485082,53.4341516],[50.2485627,53.4341423]]]},"properties":{"source_type":"ml"}},{"type":"Feature","geometry":{"type":"Polygon","coordinates":[[[50.2484456,53.4338362],[50.2485769,53.4338346],[50.2485812,53.4339576],[50.2484498,53.4339592],[50.2484456,53.4338362]]]},"properties":{"source_type":"ml"}},{"type":"Feature","geometry":{"type":"Polygon","coordinates":[[[50.2484606,53.4335823],[50.2484736,53.4336543],[50.2483741,53.4336607],[50.2483611,53.4335887],[50.2484606,53.4335823]]]},"properties":{"source_type":"ml"}},{"type":"Feature","geometry":{"type":"Polygon","coordinates":[[[50.2483353,53.4335593],[50.2483261,53.4334525],[50.2485,53.4334472],[50.2485086,53.4335476],[50.2484658,53.4335489],[50.2484684,53.4335792],[50.2483721,53.4335822],[50.2483701,53.4335583],[50.2483353,53.4335593]]]},"properties":{"source_type":"ml"}},{"type":"Feature","geometry":{"type":"Polygon","coordinates":[[[50.2484301,53.4327776],[50.2483849,53.4327207],[50.2484462,53.4327034],[50.2484914,53.4327603],[50.2484301,53.4327776]]]},"properties":{"source_type":"ml"}},{"type":"Feature","geometry":{"type":"Polygon","coordinates":[[[50.2483424,53.4326438],[50.2483853,53.4326445],[50.2483837,53.4326812],[50.2483409,53.4326806],[50.2483424,53.4326438]]]},"properties":{"source_type":"ml"}},{"type":"Feature","geometry":{"type":"Polygon","coordinates":[[[50.2484875,53.4325539],[50.2486029,53.4325391],[50.2486206,53.4325879],[50.2485052,53.4326028],[50.2484875,53.4325539]]]},"properties":{"source_type":"ml"}},{"type":"Feature","geometry":{"type":"Polygon","coordinates":[[[50.2484571,53.4323685],[50.2485392,53.4323631],[50.2485463,53.4324016],[50.2484642,53.432407],[50.2484571,53.4323685]]]},"properties":{"source_type":"ml"}},{"type":"Feature","geometry":{"type":"Polygon","coordinates":[[[50.2483709,53.43224],[50.248456,53.4322321],[50.2484619,53.4322548],[50.2483768,53.4322627],[50.2483709,53.43224]]]},"properties":{"source_type":"ml"}},{"type":"Feature","geometry":{"type":"Polygon","coordinates":[[[50.2482078,53.4324402],[50.2481859,53.4323766],[50.2482297,53.4323713],[50.2482803,53.4325185],[50.2482494,53.4325223],[50.2482367,53.4324855],[50.2481955,53.4324905],[50.2481794,53.4324436],[50.2482078,53.4324402]]]},"properties":{"source_type":"ml"}},{"type":"Feature","geometry":{"type":"Polygon","coordinates":[[[50.2483798,53.4320812],[50.2483996,53.4321772],[50.2482939,53.432185],[50.2482741,53.4320889],[50.2483798,53.4320812]]]},"properties":{"source_type":"ml"}},{"type":"Feature","geometry":{"type":"Polygon","coordinates":[[[50.2482186,53.432132],[50.2482359,53.4321602],[50.2481814,53.4321721],[50.2481641,53.4321438],[50.2482186,53.432132]]]},"properties":{"source_type":"ml"}},{"type":"Feature","geometry":{"type":"Polygon","coordinates":[[[50.2481329,53.4327541],[50.2481615,53.4328258],[50.2480879,53.4328363],[50.2480593,53.4327645],[50.2481329,53.4327541]]]},"properties":{"source_type":"ml"}},{"type":"Feature","geometry":{"type":"Polygon","coordinates":[[[50.2481739,53.4330466],[50.2481928,53.4330977],[50.248157,53.4331024],[50.2481381,53.4330513],[50.2481739,53.4330466]]]},"properties":{"source_type":"ml"}},{"type":"Feature","geometry":{"type":"Polygon","coordinates":[[[50.2475816,53.4328666],[50.2476404,53.4328547],[50.2476723,53.4329106],[50.2476134,53.4329225],[50.2475816,53.4328666]]]},"properties":{"source_type":"ml"}},{"type":"Feature","geometry":{"type":"Polygon","coordinates":[[[50.2475721,53.4325487],[50.2475519,53.432504],[50.2477057,53.4324793],[50.2477259,53.432524],[50.2475721,53.4325487]]]},"properties":{"source_type":"ml"}},{"type":"Feature","geometry":{"type":"Polygon","coordinates":[[[50.2478783,53.4325285],[50.2478539,53.4324783],[50.2479504,53.4324617],[50.2479748,53.4325118],[50.2478783,53.4325285]]]},"properties":{"source_type":"ml"}},{"type":"Feature","geometry":{"type":"Polygon","coordinates":[[[50.2480293,53.4321338],[50.2480491,53.4321671],[50.24798,53.4321817],[50.2479602,53.4321484],[50.2480293,53.4321338]]]},"properties":{"source_type":"ml"}},{"type":"Feature","geometry":{"type":"Polygon","coordinates":[[[50.2479372,53.4314324],[50.247935,53.4314851],[50.2478359,53.4314836],[50.2478381,53.4314309],[50.2479372,53.4314324]]]},"properties":{"source_type":"ml"}},{"type":"Feature","geometry":{"type":"Polygon","coordinates":[[[50.2478334,53.4317247],[50.2479245,53.4317223],[50.2479275,53.4317647],[50.2478365,53.431767],[50.2478334,53.4317247]]]},"properties":{"source_type":"ml"}},{"type":"Feature","geometry":{"type":"Polygon","coordinates":[[[50.2477252,53.4317498],[50.2478014,53.4317469],[50.2478053,53.4317835],[50.2477291,53.4317864],[50.2477252,53.4317498]]]},"properties":{"source_type":"ml"}},{"type":"Feature","geometry":{"type":"Polygon","coordinates":[[[50.247583,53.4317411],[50.2477062,53.4317392],[50.2477084,53.4317863],[50.2475851,53.4317883],[50.247583,53.4317411]]]},"properties":{"source_type":"ml"}},{"type":"Feature","geometry":{"type":"Polygon","coordinates":[[[50.2476713,53.4312564],[50.2476676,53.431301],[50.2476114,53.4312993],[50.2476151,53.4312547],[50.2476713,53.4312564]]]},"properties":{"source_type":"ml"}},{"type":"Feature","geometry":{"type":"Polygon","coordinates":[[[50.2476126,53.4309234],[50.24769,53.4309268],[50.2476853,53.430965],[50.2476079,53.4309616],[50.2476126,53.4309234]]]},"properties":{"source_type":"ml"}},{"type":"Feature","geometry":{"type":"Polygon","coordinates":[[[50.2481751,53.4317423],[50.2481711,53.4316976],[50.248254,53.431695],[50.248258,53.4317396],[50.2481751,53.4317423]]]},"properties":{"source_type":"ml"}},{"type":"Feature","geometry":{"type":"Polygon","coordinates":[[[50.248324,53.4317142],[50.248323,53.4316909],[50.24839,53.4316898],[50.248391,53.4317131],[50.248324,53.4317142]]]},"properties":{"source_type":"ml"}},{"type":"Feature","geometry":{"type":"Polygon","coordinates":[[[50.2483513,53.43139],[50.2484988,53.4313894],[50.2484995,53.4314501],[50.248352,53.4314507],[50.2483513,53.43139]]]},"properties":{"source_type":"ml"}},{"type":"Feature","geometry":{"type":"Polygon","coordinates":[[[50.2486578,53.4311898],[50.2487903,53.431192],[50.2487885,53.4312303],[50.248656,53.4312281],[50.2486578,53.4311898]]]},"properties":{"source_type":"ml"}},{"type":"Feature","geometry":{"type":"Polygon","coordinates":[[[50.2490955,53.4315001],[50.2490969,53.4315448],[50.2490353,53.4315456],[50.2490338,53.4315008],[50.2490955,53.4315001]]]},"properties":{"source_type":"ml"}},{"type":"Feature","geometry":{"type":"Polygon","coordinates":[[[50.2489152,53.4317],[50.2490129,53.4316976],[50.2490177,53.4317678],[50.24892,53.4317702],[50.2489152,53.4317]]]},"properties":{"source_type":"ml"}},{"type":"Feature","geometry":{"type":"Polygon","coordinates":[[[50.2488165,53.4316184],[50.248819,53.4316871],[50.2486876,53.4316888],[50.2486889,53.431724],[50.2485629,53.4317256],[50.2485591,53.4316218],[50.2488165,53.4316184]]]},"properties":{"source_type":"ml"}},{"type":"Feature","geometry":{"type":"Polygon","coordinates":[[[50.248664,53.4321431],[50.2487349,53.4321369],[50.2487401,53.4321579],[50.2486692,53.4321641],[50.248664,53.4321431]]]},"properties":{"source_type":"ml"}},{"type":"Feature","geometry":{"type":"Polygon","coordinates":[[[50.2488236,53.432089],[50.2488324,53.4321266],[50.2487614,53.4321325],[50.2487526,53.4320949],[50.2488236,53.432089]]]},"properties":{"source_type":"ml"}},{"type":"Feature","geometry":{"type":"Polygon","coordinates":[[[50.2486823,53.4322786],[50.248785,53.4322656],[50.248797,53.4322992],[50.2488765,53.4322891],[50.2489017,53.4323595],[50.2487195,53.4323826],[50.2486823,53.4322786]]]},"properties":{"source_type":"ml"}},{"type":"Feature","geometry":{"type":"Polygon","coordinates":[[[50.2488107,53.4323818],[50.2488155,53.4324151],[50.2487211,53.43242],[50.2487162,53.4323867],[50.2488107,53.4323818]]]},"properties":{"source_type":"ml"}},{"type":"Feature","geometry":{"type":"Polygon","coordinates":[[[50.2489759,53.4328598],[50.2489534,53.4328039],[50.2490498,53.4327901],[50.2490723,53.432846],[50.2489759,53.4328598]]]},"properties":{"source_type":"ml"}},{"type":"Feature","geometry":{"type":"Polygon","coordinates":[[[50.2489166,53.4327054],[50.2488687,53.4326244],[50.2489989,53.4325971],[50.2490467,53.4326782],[50.2489166,53.4327054]]]},"properties":{"source_type":"ml"}},{"type":"Feature","geometry":{"type":"Polygon","coordinates":[[[50.2490615,53.4324782],[50.2490774,53.4325158],[50.2489917,53.4325287],[50.2489758,53.4324911],[50.2490615,53.4324782]]]},"properties":{"source_type":"ml"}},{"type":"Feature","geometry":{"type":"Polygon","coordinates":[[[50.248836,53.4322259],[50.2488338,53.4321867],[50.248894,53.4321855],[50.2488962,53.4322247],[50.248836,53.4322259]]]},"properties":{"source_type":"ml"}},{"type":"Feature","geometry":{"type":"Polygon","coordinates":[[[50.2488909,53.4320853],[50.2490294,53.4320562],[50.2490714,53.4321273],[50.248933,53.4321564],[50.2488909,53.4320853]]]},"properties":{"source_type":"ml"}},{"type":"Feature","geometry":{"type":"Polygon","coordinates":[[[50.2489872,53.4321504],[50.2490652,53.4321385],[50.2490768,53.4321655],[50.2489987,53.4321774],[50.2489872,53.4321504]]]},"properties":{"source_type":"ml"}},{"type":"Feature","geometry":{"type":"Polygon","coordinates":[[[50.2491023,53.4321484],[50.2491052,53.4321133],[50.2491961,53.432116],[50.2491933,53.4321511],[50.2491023,53.4321484]]]},"properties":{"source_type":"ml"}},{"type":"Feature","geometry":{"type":"Polygon","coordinates":[[[50.249256,53.4321648],[50.249241,53.4321321],[50.2493309,53.4321175],[50.2493459,53.4321503],[50.249256,53.4321648]]]},"properties":{"source_type":"ml"}},{"type":"Feature","geometry":{"type":"Polygon","coordinates":[[[50.2492556,53.4325043],[50.2492937,53.4325707],[50.2492265,53.4325844],[50.2491883,53.432518],[50.2492556,53.4325043]]]},"properties":{"source_type":"ml"}},{"type":"Feature","geometry":{"type":"Polygon","coordinates":[[[50.2490472,53.432957],[50.2490916,53.4329508],[50.2491149,53.4330098],[50.2490705,53.433016],[50.2490472,53.432957]]]},"properties":{"source_type":"ml"}},{"type":"Feature","geometry":{"type":"Polygon","coordinates":[[[50.249245,53.4327045],[50.2492568,53.4327331],[50.2491861,53.4327435],[50.2491742,53.4327149],[50.249245,53.4327045]]]},"properties":{"source_type":"ml"}},{"type":"Feature","geometry":{"type":"Polygon","coordinates":[[[50.2494427,53.4326323],[50.2494629,53.4327054],[50.2493689,53.4327146],[50.2493487,53.4326415],[50.2494427,53.4326323]]]},"properties":{"source_type":"ml"}},{"type":"Feature","geometry":{"type":"Polygon","coordinates":[[[50.2495112,53.4328276],[50.2495088,53.4328005],[50.249565,53.4327988],[50.2495674,53.4328258],[50.2495112,53.4328276]]]},"properties":{"source_type":"ml"}},{"type":"Feature","geometry":{"type":"Polygon","coordinates":[[[50.2494498,53.4323847],[50.2494933,53.4324702],[50.2493569,53.4324948],[50.2493135,53.4324093],[50.2494498,53.4323847]]]},"properties":{"source_type":"ml"}},{"type":"Feature","geometry":{"type":"Polygon","coordinates":[[[50.2494422,53.4320985],[50.2494272,53.4320589],[50.2495649,53.4320403],[50.2495799,53.4320798],[50.2494422,53.4320985]]]},"properties":{"source_type":"ml"}},{"type":"Feature","geometry":{"type":"Polygon","coordinates":[[[50.2494028,53.431426],[50.2495287,53.4314232],[50.2495316,53.4314678],[50.2494057,53.4314707],[50.2494028,53.431426]]]},"properties":{"source_type":"ml"}},{"type":"Feature","geometry":{"type":"Polygon","coordinates":[[[50.2492573,53.431703],[50.2492548,53.4316352],[50.2493555,53.4316339],[50.2493579,53.4317017],[50.2492573,53.431703]]]},"properties":{"source_type":"ml"}},{"type":"Feature","geometry":{"type":"Polygon","coordinates":[[[50.2445549,53.4308336],[50.2445452,53.4307945],[50.2446423,53.4307859],[50.244652,53.430825],[50.2445549,53.4308336]]]},"properties":{"source_type":"ml"}},{"type":"Feature","geometry":{"type":"Polygon","coordinates":[[[50.244657,53.4308181],[50.2446538,53.4307968],[50.2447774,53.4307903],[50.2447806,53.4308117],[50.244657,53.4308181]]]},"properties":{"source_type":"ml"}},{"type":"Feature","geometry":{"type":"Polygon","coordinates":[[[50.2449341,53.4307682],[50.2449368,53.4308025],[50.2448084,53.4308061],[50.2448057,53.4307718],[50.2449341,53.4307682]]]},"properties":{"source_type":"ml"}},{"type":"Feature","geometry":{"type":"Polygon","coordinates":[[[50.2450279,53.430633],[50.2450241,53.4305764],[50.2450964,53.4305747],[50.2451002,53.4306313],[50.2450279,53.430633]]]},"properties":{"source_type":"ml"}},{"type":"Feature","geometry":{"type":"Polygon","coordinates":[[[50.2451714,53.4306848],[50.2451843,53.4307575],[50.2450479,53.4307661],[50.245035,53.4306934],[50.2451714,53.4306848]]]},"properties":{"source_type":"ml"}},{"type":"Feature","geometry":{"type":"Polygon","coordinates":[[[50.2451121,53.430791],[50.2451612,53.4307853],[50.2451792,53.4308399],[50.2451301,53.4308457],[50.2451121,53.430791]]]},"properties":{"source_type":"ml"}},{"type":"Feature","geometry":{"type":"Polygon","coordinates":[[[50.2474391,53.4308694],[50.247437,53.4308055],[50.2474799,53.430805],[50.247482,53.4308689],[50.2474391,53.4308694]]]},"properties":{"source_type":"ml"}},{"type":"Feature","geometry":{"type":"Polygon","coordinates":[[[50.2472209,53.4308005],[50.2472799,53.4307996],[50.2472811,53.4308268],[50.2472221,53.4308276],[50.2472209,53.4308005]]]},"properties":{"source_type":"ml"}},{"type":"Feature","geometry":{"type":"Polygon","coordinates":[[[50.24595,53.4308409],[50.2459474,53.4307675],[50.246009,53.4307667],[50.2460116,53.4308402],[50.24595,53.4308409]]]},"properties":{"source_type":"ml"}},{"type":"Feature","geometry":{"type":"Polygon","coordinates":[[[50.2457089,53.4311833],[50.2457638,53.4311829],[50.245765,53.431234],[50.2457102,53.4312345],[50.2457089,53.4311833]]]},"properties":{"source_type":"ml"}},{"type":"Feature","geometry":{"type":"Polygon","coordinates":[[[50.2459143,53.4310841],[50.2459187,53.4311519],[50.2458143,53.4311543],[50.2458099,53.4310865],[50.2459143,53.4310841]]]},"properties":{"source_type":"ml"}},{"type":"Feature","geometry":{"type":"Polygon","coordinates":[[[50.2461176,53.43087],[50.2461195,53.4309602],[50.2460095,53.430961],[50.2460077,53.4308708],[50.2461176,53.43087]]]},"properties":{"source_type":"ml"}},{"type":"Feature","geometry":{"type":"Polygon","coordinates":[[[50.2460226,53.4311195],[50.2460199,53.4310612],[50.2461164,53.4310596],[50.2461191,53.4311179],[50.2460226,53.4311195]]]},"properties":{"source_type":"ml"}},{"type":"Feature","geometry":{"type":"Polygon","coordinates":[[[50.2461767,53.4313207],[50.2461819,53.4313443],[50.246133,53.4313481],[50.24614,53.4313795],[50.246094,53.4313832],[50.2460818,53.4313282],[50.2461767,53.4313207]]]},"properties":{"source_type":"ml"}},{"type":"Feature","geometry":{"type":"Polygon","coordinates":[[[50.2462103,53.4316921],[50.2462144,53.4317512],[50.24611,53.4317537],[50.2461059,53.4316947],[50.2462103,53.4316921]]]},"properties":{"source_type":"ml"}},{"type":"Feature","geometry":{"type":"Polygon","coordinates":[[[50.2460701,53.4319172],[50.2460708,53.4319644],[50.2460319,53.4319646],[50.2460313,53.4319174],[50.2460701,53.4319172]]]},"properties":{"source_type":"ml"}},{"type":"Feature","geometry":{"type":"Polygon","coordinates":[[[50.245903,53.4317702],[50.2458915,53.4317054],[50.2459711,53.4317004],[50.2459826,53.4317652],[50.245903,53.4317702]]]},"properties":{"source_type":"ml"}},{"type":"Feature","geometry":{"type":"Polygon","coordinates":[[[50.245677,53.4315935],[50.2457668,53.4315866],[50.2457728,53.4316149],[50.2456831,53.4316218],[50.245677,53.4315935]]]},"properties":{"source_type":"ml"}},{"type":"Feature","geometry":{"type":"Polygon","coordinates":[[[50.245681,53.4321954],[50.2458014,53.4321916],[50.2458079,53.4322649],[50.2456876,53.4322687],[50.245681,53.4321954]]]},"properties":{"source_type":"ml"}},{"type":"Feature","geometry":{"type":"Polygon","coordinates":[[[50.2459392,53.4322034],[50.2459421,53.4322753],[50.2458522,53.4322766],[50.2458494,53.4322047],[50.2459392,53.4322034]]]},"properties":{"source_type":"ml"}},{"type":"Feature","geometry":{"type":"Polygon","coordinates":[[[50.2458551,53.4325041],[50.2458846,53.432574],[50.2457812,53.4325895],[50.2457517,53.4325196],[50.2458551,53.4325041]]]},"properties":{"source_type":"ml"}},{"type":"Feature","geometry":{"type":"Polygon","coordinates":[[[50.2456892,53.4329824],[50.2456759,53.4329293],[50.24571,53.4329262],[50.2457233,53.4329794],[50.2456892,53.4329824]]]},"properties":{"source_type":"ml"}},{"type":"Feature","geometry":{"type":"Polygon","coordinates":[[[50.2459332,53.4329666],[50.2458979,53.432898],[50.2460328,53.4328734],[50.2460681,53.432942],[50.2459332,53.4329666]]]},"properties":{"source_type":"ml"}},{"type":"Feature","geometry":{"type":"Polygon","coordinates":[[[50.2460101,53.4330473],[50.2461023,53.4330295],[50.2461275,53.4330757],[50.2460353,53.4330936],[50.2460101,53.4330473]]]},"properties":{"source_type":"ml"}},{"type":"Feature","geometry":{"type":"Polygon","coordinates":[[[50.2461101,53.4321479],[50.24622,53.432146],[50.2462269,53.4322897],[50.2461171,53.4322916],[50.2461101,53.4321479]]]},"properties":{"source_type":"ml"}},{"type":"Feature","geometry":{"type":"Polygon","coordinates":[[[50.2466219,53.4327368],[50.2466733,53.4327328],[50.2466841,53.4327815],[50.2466326,53.4327855],[50.2466219,53.4327368]]]},"properties":{"source_type":"ml"}},{"type":"Feature","geometry":{"type":"Polygon","coordinates":[[[50.2465183,53.4321113],[50.246608,53.4321043],[50.2466276,53.4321947],[50.246538,53.4322016],[50.2465183,53.4321113]]]},"properties":{"source_type":"ml"}},{"type":"Feature","geometry":{"type":"Polygon","coordinates":[[[50.2465234,53.431723],[50.2465015,53.431647],[50.246646,53.4316322],[50.2466679,53.4317082],[50.2465234,53.431723]]]},"properties":{"source_type":"ml"}},{"type":"Feature","geometry":{"type":"Polygon","coordinates":[[[50.246171,53.4318052],[50.2462662,53.4317954],[50.2462759,53.4318288],[50.2461808,53.4318386],[50.246171,53.4318052]]]},"properties":{"source_type":"ml"}},{"type":"Feature","geometry":{"type":"Polygon","coordinates":[[[50.246177,53.4317504],[50.2462626,53.4317476],[50.2462653,53.4317763],[50.2461797,53.4317791],[50.246177,53.4317504]]]},"properties":{"source_type":"ml"}},{"type":"Feature","geometry":{"type":"Polygon","coordinates":[[[50.2462671,53.4317379],[50.2462484,53.4316859],[50.2463587,53.4316719],[50.2463774,53.4317238],[50.2462671,53.4317379]]]},"properties":{"source_type":"ml"}},{"type":"Feature","geometry":{"type":"Polygon","coordinates":[[[50.246278,53.4308612],[50.2463986,53.4308592],[50.2464021,53.4309351],[50.2462815,53.4309371],[50.246278,53.4308612]]]},"properties":{"source_type":"ml"}},{"type":"Feature","geometry":{"type":"Polygon","coordinates":[[[50.2463774,53.431287],[50.2463669,53.4312571],[50.2465096,53.4312393],[50.2465202,53.4312691],[50.2463774,53.431287]]]},"properties":{"source_type":"ml"}},{"type":"Feature","geometry":{"type":"Polygon","coordinates":[[[50.2464774,53.4313977],[50.2464886,53.4313638],[50.2465273,53.4313684],[50.2465162,53.4314022],[50.2464774,53.4313977]]]},"properties":{"source_type":"ml"}},{"type":"Feature","geometry":{"type":"Polygon","coordinates":[[[50.2464867,53.431232],[50.2464678,53.4311677],[50.2465886,53.4311551],[50.2466157,53.4312473],[50.2465273,53.4312565],[50.2465191,53.4312286],[50.2464867,53.431232]]]},"properties":{"source_type":"ml"}},{"type":"Feature","geometry":{"type":"Polygon","coordinates":[[[50.2468174,53.4318494],[50.2468854,53.4318467],[50.2468892,53.4318801],[50.2468212,53.4318828],[50.2468174,53.4318494]]]},"properties":{"source_type":"ml"}},{"type":"Feature","geometry":{"type":"Polygon","coordinates":[[[50.2467631,53.431626],[50.2468783,53.431624],[50.2468825,53.4317094],[50.2467672,53.4317114],[50.2467631,53.431626]]]},"properties":{"source_type":"ml"}},{"type":"Feature","geometry":{"type":"Polygon","coordinates":[[[50.2468809,53.431833],[50.2468809,53.4317963],[50.2469507,53.4317963],[50.2469507,53.431833],[50.2468809,53.431833]]]},"properties":{"source_type":"ml"}},{"type":"Feature","geometry":{"type":"Polygon","coordinates":[[[50.2469568,53.431837],[50.2469554,53.4318745],[50.2468911,53.4318737],[50.2468925,53.4318362],[50.2469568,53.431837]]]},"properties":{"source_type":"ml"}},{"type":"Feature","geometry":{"type":"Polygon","coordinates":[[[50.2474372,53.4314337],[50.2474404,53.4313634],[50.2475461,53.4313651],[50.247543,53.4314353],[50.2474372,53.4314337]]]},"properties":{"source_type":"ml"}},{"type":"Feature","geometry":{"type":"Polygon","coordinates":[[[50.2474238,53.4316994],[50.2474364,53.4318011],[50.247247,53.4318095],[50.2472409,53.4317602],[50.2473222,53.4317566],[50.2473156,53.4317042],[50.2474238,53.4316994]]]},"properties":{"source_type":"ml"}},{"type":"Feature","geometry":{"type":"Polygon","coordinates":[[[50.2472256,53.4317761],[50.2472224,53.4318247],[50.2471501,53.4318231],[50.2471533,53.4317744],[50.2472256,53.4317761]]]},"properties":{"source_type":"ml"}},{"type":"Feature","geometry":{"type":"Polygon","coordinates":[[[50.2473717,53.4322876],[50.2473782,53.4323513],[50.2472499,53.4323559],[50.2472435,53.4322922],[50.2473717,53.4322876]]]},"properties":{"source_type":"ml"}},{"type":"Feature","geometry":{"type":"Polygon","coordinates":[[[50.2473615,53.4322382],[50.2473543,53.4322201],[50.2474547,53.4322059],[50.2474619,53.4322241],[50.2473615,53.4322382]]]},"properties":{"source_type":"ml"}},{"type":"Feature","geometry":{"type":"Polygon","coordinates":[[[50.247558,53.4322882],[50.2475396,53.4322421],[50.2475117,53.4322461],[50.2474905,53.4321931],[50.2475718,53.4321816],[50.2476113,53.4322806],[50.247558,53.4322882]]]},"properties":{"source_type":"ml"}},{"type":"Feature","geometry":{"type":"Polygon","coordinates":[[[50.2475629,53.4327035],[50.2475588,53.4326823],[50.2476487,53.4326761],[50.2476529,53.4326973],[50.2475629,53.4327035]]]},"properties":{"source_type":"ml"}},{"type":"Feature","geometry":{"type":"Polygon","coordinates":[[[50.2471569,53.4328211],[50.2473132,53.4328051],[50.2473321,53.4328702],[50.2471758,53.4328863],[50.2471569,53.4328211]]]},"properties":{"source_type":"ml"}},{"type":"Feature","geometry":{"type":"Polygon","coordinates":[[[50.2469262,53.4330147],[50.2470312,53.4329964],[50.2470638,53.4330626],[50.2469588,53.4330809],[50.2469262,53.4330147]]]},"properties":{"source_type":"ml"}},{"type":"Feature","geometry":{"type":"Polygon","coordinates":[[[50.2469776,53.432786],[50.2470057,53.4328478],[50.2468446,53.4328739],[50.2468165,53.432812],[50.2469776,53.432786]]]},"properties":{"source_type":"ml"}},{"type":"Feature","geometry":{"type":"Polygon","coordinates":[[[50.2469299,53.4328697],[50.2470103,53.4328572],[50.2470221,53.4328842],[50.2469417,53.4328966],[50.2469299,53.4328697]]]},"properties":{"source_type":"ml"}},{"type":"Feature","geometry":{"type":"Polygon","coordinates":[[[50.2470286,53.4322099],[50.246981,53.4321023],[50.2470939,53.4320846],[50.2471414,53.4321922],[50.2470286,53.4322099]]]},"properties":{"source_type":"ml"}},{"type":"Feature","geometry":{"type":"Polygon","coordinates":[[[50.2468909,53.4320052],[50.2469221,53.4320019],[50.2469389,53.4320576],[50.2469078,53.4320609],[50.2468909,53.4320052]]]},"properties":{"source_type":"ml"}},{"type":"Feature","geometry":{"type":"Polygon","coordinates":[[[50.2467743,53.4321909],[50.2468828,53.4321881],[50.2468857,53.4322288],[50.2467772,53.4322315],[50.2467743,53.4321909]]]},"properties":{"source_type":"ml"}},{"type":"Feature","geometry":{"type":"Polygon","coordinates":[[[50.2466734,53.432122],[50.2467675,53.4321108],[50.2467901,53.4321776],[50.246696,53.4321889],[50.2466734,53.432122]]]},"properties":{"source_type":"ml"}},{"type":"Feature","geometry":{"type":"Polygon","coordinates":[[[50.2467916,53.4324564],[50.2468104,53.4324875],[50.2466988,53.4325114],[50.24668,53.4324803],[50.2467916,53.4324564]]]},"properties":{"source_type":"ml"}},{"type":"Feature","geometry":{"type":"Polygon","coordinates":[[[50.2466431,53.4324252],[50.2467504,53.4324077],[50.2467699,53.4324501],[50.2466625,53.4324676],[50.2466431,53.4324252]]]},"properties":{"source_type":"ml"}},{"type":"Feature","geometry":{"type":"Polygon","coordinates":[[[50.2466953,53.4326807],[50.2466812,53.4326252],[50.2468227,53.4326124],[50.2468369,53.4326678],[50.2466953,53.4326807]]]},"properties":{"source_type":"ml"}},{"type":"Feature","geometry":{"type":"Polygon","coordinates":[[[50.2466471,53.4337568],[50.2466286,53.4336998],[50.2467553,53.4336852],[50.2467738,53.4337422],[50.2466471,53.4337568]]]},"properties":{"source_type":"ml"}},{"type":"Feature","geometry":{"type":"Polygon","coordinates":[[[50.2467765,53.4340911],[50.2467722,53.4340289],[50.2468579,53.4340268],[50.2468645,53.4341225],[50.2467601,53.4341251],[50.2467578,53.4340916],[50.2467765,53.4340911]]]},"properties":{"source_type":"ml"}},{"type":"Feature","geometry":{"type":"Polygon","coordinates":[[[50.2467504,53.4338351],[50.2468119,53.4338329],[50.2468188,53.433903],[50.2467573,53.4339051],[50.2467504,53.4338351]]]},"properties":{"source_type":"ml"}},{"type":"Feature","geometry":{"type":"Polygon","coordinates":[[[50.2470428,53.433745],[50.2470463,53.4337793],[50.2469928,53.4337812],[50.2469894,53.4337469],[50.2470428,53.433745]]]},"properties":{"source_type":"ml"}},{"type":"Feature","geometry":{"type":"Polygon","coordinates":[[[50.2471657,53.4341368],[50.247164,53.4341113],[50.2470098,53.4341148],[50.2470075,53.4340797],[50.2472206,53.4340748],[50.2472246,53.4341354],[50.2471657,53.4341368]]]},"properties":{"source_type":"ml"}},{"type":"Feature","geometry":{"type":"Polygon","coordinates":[[[50.2471019,53.4339051],[50.2471688,53.4339033],[50.2471738,53.433967],[50.2471069,53.4339689],[50.2471019,53.4339051]]]},"properties":{"source_type":"ml"}},{"type":"Feature","geometry":{"type":"Polygon","coordinates":[[[50.2470434,53.4337115],[50.2471157,53.4337095],[50.2471213,53.433782],[50.247049,53.433784],[50.2470434,53.4337115]]]},"properties":{"source_type":"ml"}},{"type":"Feature","geometry":{"type":"Polygon","coordinates":[[[50.2472539,53.4336362],[50.2473541,53.4336333],[50.247359,53.433693],[50.2472588,53.4336959],[50.2472539,53.4336362]]]},"properties":{"source_type":"ml"}},{"type":"Feature","geometry":{"type":"Polygon","coordinates":[[[50.2475174,53.4341356],[50.2475194,53.4341979],[50.2474738,53.4341984],[50.2474718,53.4341361],[50.2475174,53.4341356]]]},"properties":{"source_type":"ml"}},{"type":"Feature","geometry":{"type":"Polygon","coordinates":[[[50.2473611,53.4339586],[50.2474776,53.4339581],[50.2474789,53.4340603],[50.247503,53.4340602],[50.2475035,53.4341018],[50.2473629,53.4341024],[50.2473611,53.4339586]]]},"properties":{"source_type":"ml"}},{"type":"Feature","geometry":{"type":"Polygon","coordinates":[[[50.2473639,53.4338264],[50.2472823,53.4338331],[50.2472543,53.4337124],[50.2474055,53.4336999],[50.2474415,53.4338552],[50.2473719,53.4338609],[50.2473639,53.4338264]]]},"properties":{"source_type":"ml"}},{"type":"Feature","geometry":{"type":"Polygon","coordinates":[[[50.2473024,53.4343997],[50.2473257,53.4344378],[50.2472926,53.434445],[50.2472692,53.4344069],[50.2473024,53.4343997]]]},"properties":{"source_type":"ml"}},{"type":"Feature","geometry":{"type":"Polygon","coordinates":[[[50.2474952,53.4344491],[50.2474833,53.434423],[50.2475443,53.4344132],[50.2475704,53.4344706],[50.2474445,53.4344909],[50.2474302,53.4344596],[50.2474952,53.4344491]]]},"properties":{"source_type":"ml"}},{"type":"Feature","geometry":{"type":"Polygon","coordinates":[[[50.2476122,53.4342988],[50.2476341,53.434401],[50.2475734,53.4344056],[50.2475515,53.4343034],[50.2476122,53.4342988]]]},"properties":{"source_type":"ml"}},{"type":"Feature","geometry":{"type":"Polygon","coordinates":[[[50.2475376,53.4345904],[50.2476181,53.4345898],[50.247619,53.4346378],[50.2475385,53.4346383],[50.2475376,53.4345904]]]},"properties":{"source_type":"ml"}},{"type":"Feature","geometry":{"type":"Polygon","coordinates":[[[50.247346,53.4349127],[50.2473994,53.4349067],[50.2474193,53.43497],[50.2473659,53.434976],[50.247346,53.4349127]]]},"properties":{"source_type":"ml"}},{"type":"Feature","geometry":{"type":"Polygon","coordinates":[[[50.2472928,53.4349651],[50.2472772,53.4349266],[50.2473142,53.4349212],[50.2473299,53.4349598],[50.2472928,53.4349651]]]},"properties":{"source_type":"ml"}},{"type":"Feature","geometry":{"type":"Polygon","coordinates":[[[50.2472748,53.4350453],[50.2472666,53.434997],[50.2472958,53.4349952],[50.247304,53.4350435],[50.2472748,53.4350453]]]},"properties":{"source_type":"ml"}},{"type":"Feature","geometry":{"type":"Polygon","coordinates":[[[50.2471921,53.4350083],[50.2472195,53.4350038],[50.2472413,53.4350506],[50.2472139,53.4350551],[50.2471921,53.4350083]]]},"properties":{"source_type":"ml"}},{"type":"Feature","geometry":{"type":"Polygon","coordinates":[[[50.2471413,53.435175],[50.2471306,53.4351377],[50.2472192,53.4351287],[50.2472299,53.435166],[50.2471413,53.435175]]]},"properties":{"source_type":"ml"}},{"type":"Feature","geometry":{"type":"Polygon","coordinates":[[[50.2469255,53.4352],[50.2469195,53.4351604],[50.2469781,53.4351573],[50.246984,53.4351969],[50.2469255,53.4352]]]},"properties":{"source_type":"ml"}},{"type":"Feature","geometry":{"type":"Polygon","coordinates":[[[50.2470085,53.4348098],[50.2470037,53.4347541],[50.2471161,53.4347507],[50.2471208,53.4348064],[50.2470085,53.4348098]]]},"properties":{"source_type":"ml"}},{"type":"Feature","geometry":{"type":"Polygon","coordinates":[[[50.247073,53.4350039],[50.2470626,53.4349413],[50.2471688,53.434935],[50.2471792,53.4349976],[50.247073,53.4350039]]]},"properties":{"source_type":"ml"}},{"type":"Feature","geometry":{"type":"Polygon","coordinates":[[[50.2471084,53.4345536],[50.2471167,53.4346508],[50.2469979,53.4346544],[50.2469896,53.4345572],[50.2471084,53.4345536]]]},"properties":{"source_type":"ml"}},{"type":"Feature","geometry":{"type":"Polygon","coordinates":[[[50.2469019,53.4344371],[50.2468995,53.434394],[50.2470067,53.4343919],[50.247009,53.434435],[50.2469019,53.4344371]]]},"properties":{"source_type":"ml"}},{"type":"Feature","geometry":{"type":"Polygon","coordinates":[[[50.2468386,53.4342765],[50.2468342,53.434199],[50.2469387,53.4341969],[50.2469431,53.4342744],[50.2468386,53.4342765]]]},"properties":{"source_type":"ml"}},{"type":"Feature","geometry":{"type":"Polygon","coordinates":[[[50.2467182,53.4343085],[50.2467381,53.4343428],[50.2466697,53.4343569],[50.2466498,53.4343227],[50.2467182,53.4343085]]]},"properties":{"source_type":"ml"}},{"type":"Feature","geometry":{"type":"Polygon","coordinates":[[[50.2467551,53.4344197],[50.246751,53.4344756],[50.2466707,53.4344735],[50.2466748,53.4344176],[50.2467551,53.4344197]]]},"properties":{"source_type":"ml"}},{"type":"Feature","geometry":{"type":"Polygon","coordinates":[[[50.2467843,53.4348329],[50.2467794,53.4347803],[50.2468687,53.4347773],[50.2468736,53.4348299],[50.2467843,53.4348329]]]},"properties":{"source_type":"ml"}},{"type":"Feature","geometry":{"type":"Polygon","coordinates":[[[50.2468403,53.4350137],[50.2468262,53.4349756],[50.2469029,53.4349655],[50.246917,53.4350036],[50.2468403,53.4350137]]]},"properties":{"source_type":"ml"}},{"type":"Feature","geometry":{"type":"Polygon","coordinates":[[[50.2467626,53.435079],[50.2469017,53.4350751],[50.2469049,53.4351149],[50.2467658,53.4351189],[50.2467626,53.435079]]]},"properties":{"source_type":"ml"}},{"type":"Feature","geometry":{"type":"Polygon","coordinates":[[[50.246782,53.4353288],[50.246765,53.4352633],[50.2468723,53.4352533],[50.2468894,53.4353189],[50.246782,53.4353288]]]},"properties":{"source_type":"ml"}},{"type":"Feature","geometry":{"type":"Polygon","coordinates":[[[50.2463398,53.4351911],[50.2464159,53.4351896],[50.2464195,53.4352559],[50.2463435,53.4352574],[50.2463398,53.4351911]]]},"properties":{"source_type":"ml"}},{"type":"Feature","geometry":{"type":"Polygon","coordinates":[[[50.2462517,53.4350631],[50.2462497,53.4350152],[50.2463258,53.4350141],[50.2463278,53.435062],[50.2462517,53.4350631]]]},"properties":{"source_type":"ml"}},{"type":"Feature","geometry":{"type":"Polygon","coordinates":[[[50.2463192,53.4347953],[50.2463058,53.4347612],[50.2463491,53.4347551],[50.2463624,53.4347893],[50.2463192,53.4347953]]]},"properties":{"source_type":"ml"}},{"type":"Feature","geometry":{"type":"Polygon","coordinates":[[[50.2462803,53.4347337],[50.2462891,53.4347615],[50.2461923,53.4347724],[50.2461834,53.4347446],[50.2462803,53.4347337]]]},"properties":{"source_type":"ml"}},{"type":"Feature","geometry":{"type":"Polygon","coordinates":[[[50.2461599,53.4346559],[50.2462494,53.434654],[50.2462533,53.434721],[50.2461639,53.4347229],[50.2461599,53.4346559]]]},"properties":{"source_type":"ml"}},{"type":"Feature","geometry":{"type":"Polygon","coordinates":[[[50.2461467,53.4342812],[50.2462005,53.4342729],[50.246226,53.4343312],[50.2461722,53.4343396],[50.2461467,53.4342812]]]},"properties":{"source_type":"ml"}},{"type":"Feature","geometry":{"type":"Polygon","coordinates":[[[50.2464837,53.4344957],[50.246479,53.4344746],[50.2465727,53.4344671],[50.2465775,53.4344882],[50.2464837,53.4344957]]]},"properties":{"source_type":"ml"}},{"type":"Feature","geometry":{"type":"Polygon","coordinates":[[[50.2466951,53.434146],[50.2466926,53.4342082],[50.2465827,53.4342067],[50.2465851,53.4341444],[50.2466951,53.434146]]]},"properties":{"source_type":"ml"}},{"type":"Feature","geometry":{"type":"Polygon","coordinates":[[[50.2465327,53.4340465],[50.2465266,53.4339916],[50.2466269,53.4339876],[50.246633,53.4340426],[50.2465327,53.4340465]]]},"properties":{"source_type":"ml"}},{"type":"Feature","geometry":{"type":"Polygon","coordinates":[[[50.2465759,53.4337782],[50.2466021,53.4338397],[50.2464887,53.4338569],[50.2464625,53.4337953],[50.2465759,53.4337782]]]},"properties":{"source_type":"ml"}},{"type":"Feature","geometry":{"type":"Polygon","coordinates":[[[50.2464264,53.4336862],[50.2465132,53.4336746],[50.2465341,53.4337302],[50.2464472,53.4337418],[50.2464264,53.4336862]]]},"properties":{"source_type":"ml"}},{"type":"Feature","geometry":{"type":"Polygon","coordinates":[[[50.2466909,53.4335777],[50.2466876,53.433632],[50.2466286,53.4336307],[50.246632,53.4335764],[50.2466909,53.4335777]]]},"properties":{"source_type":"ml"}},{"type":"Feature","geometry":{"type":"Polygon","coordinates":[[[50.2464475,53.4337845],[50.2464572,53.4338194],[50.2463383,53.4338311],[50.2463285,53.4337962],[50.2464475,53.4337845]]]},"properties":{"source_type":"ml"}},{"type":"Feature","geometry":{"type":"Polygon","coordinates":[[[50.2462908,53.4339454],[50.2463006,53.4339812],[50.246345,53.4339768],[50.2463597,53.4340297],[50.2462683,53.4340387],[50.2462437,53.43395],[50.2462908,53.4339454]]]},"properties":{"source_type":"ml"}},{"type":"Feature","geometry":{"type":"Polygon","coordinates":[[[50.2464154,53.4341872],[50.2464206,53.434222],[50.246378,53.4342243],[50.2463728,53.4341894],[50.2464154,53.4341872]]]},"properties":{"source_type":"ml"}},{"type":"Feature","geometry":{"type":"Polygon","coordinates":[[[50.2462506,53.4339921],[50.2462534,53.4340432],[50.2461929,53.4340443],[50.2461901,53.4339932],[50.2462506,53.4339921]]]},"properties":{"source_type":"ml"}},{"type":"Feature","geometry":{"type":"Polygon","coordinates":[[[50.246137,53.4341057],[50.2461718,53.4341048],[50.246175,53.4341462],[50.2461402,53.4341472],[50.246137,53.4341057]]]},"properties":{"source_type":"ml"}},{"type":"Feature","geometry":{"type":"Polygon","coordinates":[[[50.2460005,53.43396],[50.246005,53.4340238],[50.245922,53.4340259],[50.2459175,53.4339621],[50.2460005,53.43396]]]},"properties":{"source_type":"ml"}},{"type":"Feature","geometry":{"type":"Polygon","coordinates":[[[50.2460305,53.4338375],[50.2460462,53.4338819],[50.2459974,53.433888],[50.2459817,53.4338436],[50.2460305,53.4338375]]]},"properties":{"source_type":"ml"}},{"type":"Feature","geometry":{"type":"Polygon","coordinates":[[[50.2461968,53.4337555],[50.2462011,53.4338673],[50.2461436,53.4338681],[50.2461393,53.4337563],[50.2461968,53.4337555]]]},"properties":{"source_type":"ml"}},{"type":"Feature","geometry":{"type":"Polygon","coordinates":[[[50.2459549,53.4331146],[50.2460048,53.4331772],[50.2459094,53.4332041],[50.2458596,53.4331415],[50.2459549,53.4331146]]]},"properties":{"source_type":"ml"}},{"type":"Feature","geometry":{"type":"Polygon","coordinates":[[[50.2460042,53.4337588],[50.2460083,53.4338354],[50.2458648,53.4338382],[50.2458607,53.4337615],[50.2460042,53.4337588]]]},"properties":{"source_type":"ml"}},{"type":"Feature","geometry":{"type":"Polygon","coordinates":[[[50.2456514,53.434123],[50.245648,53.4340431],[50.2457874,53.434041],[50.2457908,53.4341209],[50.2456514,53.434123]]]},"properties":{"source_type":"ml"}},{"type":"Feature","geometry":{"type":"Polygon","coordinates":[[[50.2457414,53.4342266],[50.2458282,53.4342221],[50.245838,53.4342903],[50.2457513,53.4342948],[50.2457414,53.4342266]]]},"properties":{"source_type":"ml"}},{"type":"Feature","geometry":{"type":"Polygon","coordinates":[[[50.2458442,53.4343199],[50.245852,53.4343528],[50.2457889,53.4343581],[50.2457811,53.4343252],[50.2458442,53.4343199]]]},"properties":{"source_type":"ml"}},{"type":"Feature","geometry":{"type":"Polygon","coordinates":[[[50.245911,53.4345013],[50.2459234,53.4345514],[50.2458,53.4345622],[50.2457876,53.4345121],[50.245911,53.4345013]]]},"properties":{"source_type":"ml"}},{"type":"Feature","geometry":{"type":"Polygon","coordinates":[[[50.2458855,53.4346796],[50.2459593,53.4346777],[50.2459627,53.4347248],[50.2458888,53.4347266],[50.2458855,53.4346796]]]},"properties":{"source_type":"ml"}},{"type":"Feature","geometry":{"type":"Polygon","coordinates":[[[50.2458083,53.4343945],[50.2458065,53.434361],[50.2459018,53.4343591],[50.2459036,53.4343927],[50.2458083,53.4343945]]]},"properties":{"source_type":"ml"}},{"type":"Feature","geometry":{"type":"Polygon","coordinates":[[[50.2461624,53.4342185],[50.2461661,53.4342608],[50.246027,53.434265],[50.2460233,53.4342228],[50.2461624,53.4342185]]]},"properties":{"source_type":"ml"}},{"type":"Feature","geometry":{"type":"Polygon","coordinates":[[[50.2462201,53.4344247],[50.246228,53.4345187],[50.2461264,53.4345218],[50.2461184,53.4344277],[50.2462201,53.4344247]]]},"properties":{"source_type":"ml"}},{"type":"Feature","geometry":{"type":"Polygon","coordinates":[[[50.2458994,53.4347531],[50.2459895,53.4347514],[50.2459939,53.4348328],[50.2459039,53.4348345],[50.2458994,53.4347531]]]},"properties":{"source_type":"ml"}},{"type":"Feature","geometry":{"type":"Polygon","coordinates":[[[50.2459711,53.4349323],[50.2460334,53.434929],[50.2460388,53.4349655],[50.2459765,53.4349688],[50.2459711,53.4349323]]]},"properties":{"source_type":"ml"}},{"type":"Feature","geometry":{"type":"Polygon","coordinates":[[[50.2459557,53.435068],[50.2459422,53.4350165],[50.2460443,53.435007],[50.2460578,53.4350585],[50.2459557,53.435068]]]},"properties":{"source_type":"ml"}},{"type":"Feature","geometry":{"type":"Polygon","coordinates":[[[50.2460334,53.4352191],[50.2461112,53.4352191],[50.2461112,53.4352718],[50.2460334,53.4352718],[50.2460334,53.4352191]]]},"properties":{"source_type":"ml"}},{"type":"Feature","geometry":{"type":"Polygon","coordinates":[[[50.2458156,53.4347725],[50.2458808,53.4347705],[50.2458834,53.4347992],[50.2458181,53.4348012],[50.2458156,53.4347725]]]},"properties":{"source_type":"ml"}},{"type":"Feature","geometry":{"type":"Polygon","coordinates":[[[50.2458007,53.4348699],[50.2458093,53.434914],[50.2457776,53.4349162],[50.2457689,53.4348721],[50.2458007,53.4348699]]]},"properties":{"source_type":"ml"}},{"type":"Feature","geometry":{"type":"Polygon","coordinates":[[[50.2457617,53.4352751],[50.2457584,53.4352417],[50.2458092,53.4352399],[50.2458124,53.4352733],[50.2457617,53.4352751]]]},"properties":{"source_type":"ml"}},{"type":"Feature","geometry":{"type":"Polygon","coordinates":[[[50.2456408,53.4350887],[50.2456486,53.435141],[50.2456034,53.4351434],[50.2455956,53.4350911],[50.2456408,53.4350887]]]},"properties":{"source_type":"ml"}},{"type":"Feature","geometry":{"type":"Polygon","coordinates":[[[50.245504,53.435322],[50.2455012,53.4352797],[50.245603,53.4352773],[50.2456058,53.4353196],[50.245504,53.435322]]]},"properties":{"source_type":"ml"}},{"type":"Feature","geometry":{"type":"Polygon","coordinates":[[[50.2455209,53.4351024],[50.2455248,53.4351679],[50.2454204,53.4351701],[50.2454164,53.4351046],[50.2455209,53.4351024]]]},"properties":{"source_type":"ml"}},{"type":"Feature","geometry":{"type":"Polygon","coordinates":[[[50.2456803,53.4345333],[50.2456858,53.4345939],[50.2456082,53.4345964],[50.2456028,53.4345358],[50.2456803,53.4345333]]]},"properties":{"source_type":"ml"}},{"type":"Feature","geometry":{"type":"Polygon","coordinates":[[[50.2454955,53.4342355],[50.2454941,53.4342116],[50.2455943,53.4342094],[50.2455958,53.4342334],[50.2454955,53.4342355]]]},"properties":{"source_type":"ml"}},{"type":"Feature","geometry":{"type":"Polygon","coordinates":[[[50.2453435,53.4345544],[50.2453492,53.4346005],[50.2452788,53.4346037],[50.245273,53.4345576],[50.2453435,53.4345544]]]},"properties":{"source_type":"ml"}},{"type":"Feature","geometry":{"type":"Polygon","coordinates":[[[50.2453755,53.4348994],[50.245464,53.4348984],[50.245466,53.4349591],[50.2453775,53.4349601],[50.2453755,53.4348994]]]},"properties":{"source_type":"ml"}},{"type":"Feature","geometry":{"type":"Polygon","coordinates":[[[50.245314,53.4352266],[50.2453268,53.4352929],[50.2452818,53.435296],[50.245269,53.4352297],[50.245314,53.4352266]]]},"properties":{"source_type":"ml"}},{"type":"Feature","geometry":{"type":"Polygon","coordinates":[[[50.2451658,53.435235],[50.2451514,53.4351821],[50.245248,53.4351727],[50.2452625,53.4352257],[50.2451658,53.435235]]]},"properties":{"source_type":"ml"}},{"type":"Feature","geometry":{"type":"Polygon","coordinates":[[[50.2450563,53.4348893],[50.2450504,53.4348048],[50.2451656,53.4348019],[50.2451715,53.4348865],[50.2450563,53.4348893]]]},"properties":{"source_type":"ml"}},{"type":"Feature","geometry":{"type":"Polygon","coordinates":[[[50.2450968,53.4350641],[50.2450824,53.4349819],[50.2451928,53.434975],[50.2452072,53.4350572],[50.2450968,53.4350641]]]},"properties":{"source_type":"ml"}},{"type":"Feature","geometry":{"type":"Polygon","coordinates":[[[50.2449579,53.4352261],[50.2450303,53.4352255],[50.2450308,53.4352479],[50.2449583,53.4352485],[50.2449579,53.4352261]]]},"properties":{"source_type":"ml"}},{"type":"Feature","geometry":{"type":"Polygon","coordinates":[[[50.2448812,53.4350301],[50.2448769,53.4349823],[50.2449197,53.4349809],[50.244924,53.4350287],[50.2448812,53.4350301]]]},"properties":{"source_type":"ml"}},{"type":"Feature","geometry":{"type":"Polygon","coordinates":[[[50.2448279,53.4345478],[50.2448206,53.434528],[50.2448947,53.4345182],[50.2449021,53.434538],[50.2448279,53.4345478]]]},"properties":{"source_type":"ml"}},{"type":"Feature","geometry":{"type":"Polygon","coordinates":[[[50.2448137,53.4347288],[50.2448473,53.4347249],[50.2448676,53.4347865],[50.244834,53.4347904],[50.2448137,53.4347288]]]},"properties":{"source_type":"ml"}},{"type":"Feature","geometry":{"type":"Polygon","coordinates":[[[50.2447695,53.4347098],[50.2447798,53.4347372],[50.2447134,53.434746],[50.2447031,53.4347186],[50.2447695,53.4347098]]]},"properties":{"source_type":"ml"}},{"type":"Feature","geometry":{"type":"Polygon","coordinates":[[[50.2447131,53.4345103],[50.2447721,53.4345092],[50.2447745,53.4345571],[50.2447156,53.4345582],[50.2447131,53.4345103]]]},"properties":{"source_type":"ml"}},{"type":"Feature","geometry":{"type":"Polygon","coordinates":[[[50.2450266,53.4343525],[50.245031,53.4344283],[50.2449238,53.4344305],[50.2449194,53.4343547],[50.2450266,53.4343525]]]},"properties":{"source_type":"ml"}},{"type":"Feature","geometry":{"type":"Polygon","coordinates":[[[50.2449624,53.4345535],[50.2450618,53.4345368],[50.2450884,53.4345931],[50.244989,53.4346097],[50.2449624,53.4345535]]]},"properties":{"source_type":"ml"}},{"type":"Feature","geometry":{"type":"Polygon","coordinates":[[[50.2449549,53.4341773],[50.2449718,53.4342437],[50.2448512,53.4342546],[50.2448343,53.4341882],[50.2449549,53.4341773]]]},"properties":{"source_type":"ml"}},{"type":"Feature","geometry":{"type":"Polygon","coordinates":[[[50.2447494,53.4339289],[50.2448501,53.4339171],[50.2448785,53.4340032],[50.2447778,53.434015],[50.2447494,53.4339289]]]},"properties":{"source_type":"ml"}},{"type":"Feature","geometry":{"type":"Polygon","coordinates":[[[50.244892,53.4340189],[50.2448956,53.4340523],[50.2447915,53.4340564],[50.2447878,53.434023],[50.244892,53.4340189]]]},"properties":{"source_type":"ml"}},{"type":"Feature","geometry":{"type":"Polygon","coordinates":[[[50.2448116,53.434073],[50.2448975,53.434064],[50.2449032,53.4340834],[50.2448174,53.4340924],[50.2448116,53.434073]]]},"properties":{"source_type":"ml"}},{"type":"Feature","geometry":{"type":"Polygon","coordinates":[[[50.2448351,53.4338609],[50.2449048,53.4338597],[50.2449073,53.4339084],[50.2448376,53.4339097],[50.2448351,53.4338609]]]},"properties":{"source_type":"ml"}},{"type":"Feature","geometry":{"type":"Polygon","coordinates":[[[50.2449594,53.4334415],[50.2449564,53.4334048],[50.2449938,53.4334037],[50.2449968,53.4334404],[50.2449594,53.4334415]]]},"properties":{"source_type":"ml"}},{"type":"Feature","geometry":{"type":"Polygon","coordinates":[[[50.2450052,53.4333939],[50.245047,53.4333898],[50.2450604,53.4334389],[50.2450186,53.4334429],[50.2450052,53.4333939]]]},"properties":{"source_type":"ml"}},{"type":"Feature","geometry":{"type":"Polygon","coordinates":[[[50.2452064,53.4331278],[50.245296,53.4331144],[50.245317,53.433164],[50.2452273,53.4331774],[50.2452064,53.4331278]]]},"properties":{"source_type":"ml"}},{"type":"Feature","geometry":{"type":"Polygon","coordinates":[[[50.2453725,53.4333847],[50.2453879,53.4334652],[50.2453046,53.4334708],[50.2452892,53.4333904],[50.2453725,53.4333847]]]},"properties":{"source_type":"ml"}},{"type":"Feature","geometry":{"type":"Polygon","coordinates":[[[50.2453608,53.4340528],[50.2454332,53.4340515],[50.2454351,53.4340907],[50.2453628,53.4340919],[50.2453608,53.4340528]]]},"properties":{"source_type":"ml"}},{"type":"Feature","geometry":{"type":"Polygon","coordinates":[[[50.2454399,53.4338828],[50.2454593,53.4339328],[50.2453993,53.4339411],[50.2453799,53.433891],[50.2454399,53.4338828]]]},"properties":{"source_type":"ml"}},{"type":"Feature","geometry":{"type":"Polygon","coordinates":[[[50.2454433,53.4340925],[50.2454396,53.4340688],[50.2455221,53.4340643],[50.2455258,53.434088],[50.2454433,53.4340925]]]},"properties":{"source_type":"ml"}},{"type":"Feature","geometry":{"type":"Polygon","coordinates":[[[50.2457135,53.4339552],[50.2455995,53.4339532],[50.2456047,53.433851],[50.2457188,53.4338531],[50.2457135,53.4339552]]]},"properties":{"source_type":"ml"}},{"type":"Feature","geometry":{"type":"Polygon","coordinates":[[[50.2455319,53.4326469],[50.2455369,53.4326112],[50.2455875,53.4326137],[50.2455825,53.4326494],[50.2455319,53.4326469]]]},"properties":{"source_type":"ml"}},{"type":"Feature","geometry":{"type":"Polygon","coordinates":[[[50.2453927,53.4329582],[50.2454136,53.4330146],[50.2453573,53.433022],[50.2453364,53.4329656],[50.2453927,53.4329582]]]},"properties":{"source_type":"ml"}},{"type":"Feature","geometry":{"type":"Polygon","coordinates":[[[50.2452597,53.4330359],[50.2452902,53.4330933],[50.2451819,53.4331138],[50.2451513,53.4330564],[50.2452597,53.4330359]]]},"properties":{"source_type":"ml"}},{"type":"Feature","geometry":{"type":"Polygon","coordinates":[[[50.2452148,53.4327686],[50.2452048,53.4327214],[50.2452629,53.432717],[50.2452729,53.4327642],[50.2452148,53.4327686]]]},"properties":{"source_type":"ml"}},{"type":"Feature","geometry":{"type":"Polygon","coordinates":[[[50.2453899,53.432613],[50.2454383,53.4326084],[50.2454463,53.432638],[50.2453978,53.4326426],[50.2453899,53.432613]]]},"properties":{"source_type":"ml"}},{"type":"Feature","geometry":{"type":"Polygon","coordinates":[[[50.2454462,53.4325366],[50.2454668,53.4325914],[50.2454131,53.4325986],[50.2453926,53.4325438],[50.2454462,53.4325366]]]},"properties":{"source_type":"ml"}},{"type":"Feature","geometry":{"type":"Polygon","coordinates":[[[50.2453165,53.4320306],[50.2452415,53.4320324],[50.2452386,53.4319909],[50.2453136,53.4319891],[50.2453165,53.4320306]]]},"properties":{"source_type":"ml"}},{"type":"Feature","geometry":{"type":"Polygon","coordinates":[[[50.2452595,53.4320446],[50.2453278,53.4320464],[50.2453249,53.4320855],[50.2452566,53.4320837],[50.2452595,53.4320446]]]},"properties":{"source_type":"ml"}},{"type":"Feature","geometry":{"type":"Polygon","coordinates":[[[50.2455268,53.4322027],[50.2455326,53.4323016],[50.2454255,53.4323039],[50.2454197,53.4322049],[50.2455268,53.4322027]]]},"properties":{"source_type":"ml"}},{"type":"Feature","geometry":{"type":"Polygon","coordinates":[[[50.2457031,53.4317509],[50.2457201,53.4318344],[50.2456011,53.4318429],[50.2455842,53.4317595],[50.2457031,53.4317509]]]},"properties":{"source_type":"ml"}},{"type":"Feature","geometry":{"type":"Polygon","coordinates":[[[50.2454904,53.4314226],[50.2455486,53.4314142],[50.2455693,53.4314647],[50.245511,53.4314732],[50.2454904,53.4314226]]]},"properties":{"source_type":"ml"}},{"type":"Feature","geometry":{"type":"Polygon","coordinates":[[[50.2455398,53.4311298],[50.2456389,53.4311315],[50.2456364,53.4311841],[50.2455373,53.4311825],[50.2455398,53.4311298]]]},"properties":{"source_type":"ml"}},{"type":"Feature","geometry":{"type":"Polygon","coordinates":[[[50.2453981,53.4312267],[50.245478,53.4312172],[50.245494,53.4312648],[50.245414,53.4312743],[50.2453981,53.4312267]]]},"properties":{"source_type":"ml"}},{"type":"Feature","geometry":{"type":"Polygon","coordinates":[[[50.2454698,53.4311811],[50.2454729,53.4312146],[50.2453366,53.4312191],[50.2453294,53.4311427],[50.2455272,53.431136],[50.2455313,53.4311791],[50.2454698,53.4311811]]]},"properties":{"source_type":"ml"}},{"type":"Feature","geometry":{"type":"Polygon","coordinates":[[[50.2453399,53.4317803],[50.2454496,53.4317767],[50.245455,53.4318349],[50.2453453,53.4318385],[50.2453399,53.4317803]]]},"properties":{"source_type":"ml"}},{"type":"Feature","geometry":{"type":"Polygon","coordinates":[[[50.2451398,53.4318816],[50.2451226,53.4318243],[50.245185,53.4318177],[50.2452022,53.431875],[50.2451398,53.4318816]]]},"properties":{"source_type":"ml"}},{"type":"Feature","geometry":{"type":"Polygon","coordinates":[[[50.2449463,53.4318083],[50.2450691,53.4317966],[50.2450883,53.4318675],[50.2449654,53.4318793],[50.2449463,53.4318083]]]},"properties":{"source_type":"ml"}},{"type":"Feature","geometry":{"type":"Polygon","coordinates":[[[50.2451303,53.4313916],[50.2452307,53.4313903],[50.2452317,53.4314182],[50.2451313,53.4314195],[50.2451303,53.4313916]]]},"properties":{"source_type":"ml"}},{"type":"Feature","geometry":{"type":"Polygon","coordinates":[[[50.2446926,53.4312993],[50.2446891,53.4312355],[50.2447883,53.4312336],[50.2447918,53.4312974],[50.2446926,53.4312993]]]},"properties":{"source_type":"ml"}},{"type":"Feature","geometry":{"type":"Polygon","coordinates":[[[50.2447265,53.4314636],[50.2447228,53.431419],[50.244771,53.4314175],[50.2447747,53.4314622],[50.2447265,53.4314636]]]},"properties":{"source_type":"ml"}},{"type":"Feature","geometry":{"type":"Polygon","coordinates":[[[50.2447573,53.4318223],[50.2448948,53.4318097],[50.244909,53.4318643],[50.2447715,53.431877],[50.2447573,53.4318223]]]},"properties":{"source_type":"ml"}},{"type":"Feature","geometry":{"type":"Polygon","coordinates":[[[50.2448247,53.4321257],[50.2448395,53.4321568],[50.2447887,53.4321654],[50.2447738,53.4321344],[50.2448247,53.4321257]]]},"properties":{"source_type":"ml"}},{"type":"Feature","geometry":{"type":"Polygon","coordinates":[[[50.2448681,53.4323745],[50.244871,53.4323011],[50.2449675,53.4323024],[50.2449646,53.4323759],[50.2448681,53.4323745]]]},"properties":{"source_type":"ml"}},{"type":"Feature","geometry":{"type":"Polygon","coordinates":[[[50.2450715,53.4323451],[50.2450409,53.4322495],[50.2451548,53.4322366],[50.2451854,53.4323322],[50.2450715,53.4323451]]]},"properties":{"source_type":"ml"}},{"type":"Feature","geometry":{"type":"Polygon","coordinates":[[[50.2449588,53.4324141],[50.244957,53.4323798],[50.2450508,53.4323781],[50.2450526,53.4324124],[50.2449588,53.4324141]]]},"properties":{"source_type":"ml"}},{"type":"Feature","geometry":{"type":"Polygon","coordinates":[[[50.2449716,53.4326839],[50.2450808,53.4326786],[50.2450919,53.4327596],[50.245008,53.4327637],[50.2450049,53.4327407],[50.2449795,53.4327419],[50.2449716,53.4326839]]]},"properties":{"source_type":"ml"}},{"type":"Feature","geometry":{"type":"Polygon","coordinates":[[[50.2451198,53.4328415],[50.2451501,53.4329136],[50.2450618,53.4329268],[50.2450314,53.4328546],[50.2451198,53.4328415]]]},"properties":{"source_type":"ml"}},{"type":"Feature","geometry":{"type":"Polygon","coordinates":[[[50.2446539,53.4330809],[50.2446498,53.4330605],[50.244745,53.4330537],[50.2447491,53.4330742],[50.2446539,53.4330809]]]},"properties":{"source_type":"ml"}},{"type":"Feature","geometry":{"type":"Polygon","coordinates":[[[50.2446585,53.4326249],[50.2446489,53.4325793],[50.2446885,53.4325763],[50.2446981,53.4326219],[50.2446585,53.4326249]]]},"properties":{"source_type":"ml"}},{"type":"Feature","geometry":{"type":"Polygon","coordinates":[[[50.2445807,53.4326494],[50.2446672,53.4326344],[50.2447129,53.4327279],[50.2446263,53.4327429],[50.2445807,53.4326494]]]},"properties":{"source_type":"ml"}},{"type":"Feature","geometry":{"type":"Polygon","coordinates":[[[50.2443122,53.4330056],[50.2443256,53.4330629],[50.2442203,53.4330717],[50.2442069,53.4330144],[50.2443122,53.4330056]]]},"properties":{"source_type":"ml"}},{"type":"Feature","geometry":{"type":"Polygon","coordinates":[[[50.2442336,53.4329123],[50.2442231,53.4328901],[50.2442951,53.432878],[50.2443056,53.4329002],[50.2442336,53.4329123]]]},"properties":{"source_type":"ml"}},{"type":"Feature","geometry":{"type":"Polygon","coordinates":[[[50.2444628,53.4323564],[50.2444656,53.4324162],[50.2443985,53.4324173],[50.2443958,53.4323575],[50.2444628,53.4323564]]]},"properties":{"source_type":"ml"}},{"type":"Feature","geometry":{"type":"Polygon","coordinates":[[[50.2442738,53.4324475],[50.2442762,53.4324012],[50.2443432,53.4324024],[50.2443408,53.4324487],[50.2442738,53.4324475]]]},"properties":{"source_type":"ml"}},{"type":"Feature","geometry":{"type":"Polygon","coordinates":[[[50.244401,53.4321347],[50.2443981,53.4320868],[50.2444758,53.4320851],[50.2444787,53.432133],[50.244401,53.4321347]]]},"properties":{"source_type":"ml"}},{"type":"Feature","geometry":{"type":"Polygon","coordinates":[[[50.2446406,53.4323305],[50.2446448,53.4323959],[50.2445243,53.4323986],[50.2445201,53.4323332],[50.2446406,53.4323305]]]},"properties":{"source_type":"ml"}},{"type":"Feature","geometry":{"type":"Polygon","coordinates":[[[50.2446469,53.4324246],[50.2446615,53.4324659],[50.2446281,53.4324701],[50.2446135,53.4324288],[50.2446469,53.4324246]]]},"properties":{"source_type":"ml"}},{"type":"Feature","geometry":{"type":"Polygon","coordinates":[[[50.2445249,53.4318502],[50.2446479,53.4318542],[50.2446422,53.4319156],[50.2445192,53.4319116],[50.2445249,53.4318502]]]},"properties":{"source_type":"ml"}},{"type":"Feature","geometry":{"type":"Polygon","coordinates":[[[50.2447277,53.4310804],[50.244731,53.4311235],[50.2446614,53.4311254],[50.2446581,53.4310823],[50.2447277,53.4310804]]]},"properties":{"source_type":"ml"}},{"type":"Feature","geometry":{"type":"Polygon","coordinates":[[[50.2445369,53.4312679],[50.2445331,53.4312265],[50.2446294,53.4312233],[50.2446332,53.4312648],[50.2445369,53.4312679]]]},"properties":{"source_type":"ml"}},{"type":"Feature","geometry":{"type":"Polygon","coordinates":[[[50.2444332,53.4313152],[50.2444219,53.4312439],[50.244515,53.4312387],[50.2445262,53.43131],[50.2444332,53.4313152]]]},"properties":{"source_type":"ml"}},{"type":"Feature","geometry":{"type":"Polygon","coordinates":[[[50.2443608,53.4311469],[50.2443511,53.4310884],[50.2444426,53.431083],[50.2444523,53.4311416],[50.2443608,53.4311469]]]},"properties":{"source_type":"ml"}},{"type":"Feature","geometry":{"type":"Polygon","coordinates":[[[50.244404,53.4312127],[50.244415,53.4312432],[50.244338,53.4312531],[50.244327,53.4312225],[50.244404,53.4312127]]]},"properties":{"source_type":"ml"}},{"type":"Feature","geometry":{"type":"Polygon","coordinates":[[[50.2444331,53.4314968],[50.2444316,53.4314656],[50.2444798,53.4314648],[50.2444813,53.431496],[50.2444331,53.4314968]]]},"properties":{"source_type":"ml"}},{"type":"Feature","geometry":{"type":"Polygon","coordinates":[[[50.2442767,53.4318729],[50.2443677,53.4318707],[50.2443726,53.4319434],[50.2442816,53.4319455],[50.2442767,53.4318729]]]},"properties":{"source_type":"ml"}},{"type":"Feature","geometry":{"type":"Polygon","coordinates":[[[50.2440834,53.4319006],[50.2440845,53.4319685],[50.2439732,53.4319691],[50.243972,53.4319013],[50.2440834,53.4319006]]]},"properties":{"source_type":"ml"}},{"type":"Feature","geometry":{"type":"Polygon","coordinates":[[[50.2440176,53.4314552],[50.2441114,53.4314534],[50.2441154,53.4315268],[50.2440216,53.4315286],[50.2440176,53.4314552]]]},"properties":{"source_type":"ml"}},{"type":"Feature","geometry":{"type":"Polygon","coordinates":[[[50.2441902,53.4314218],[50.2441882,53.4313659],[50.2442606,53.431365],[50.2442626,53.4314209],[50.2441902,53.4314218]]]},"properties":{"source_type":"ml"}},{"type":"Feature","geometry":{"type":"Polygon","coordinates":[[[50.244166,53.4312982],[50.2442771,53.4312852],[50.2442986,53.4313507],[50.2441875,53.4313636],[50.244166,53.4312982]]]},"properties":{"source_type":"ml"}},{"type":"Feature","geometry":{"type":"Polygon","coordinates":[[[50.2442089,53.4312297],[50.2442096,53.4312872],[50.244148,53.4312875],[50.2441472,53.4312299],[50.2442089,53.4312297]]]},"properties":{"source_type":"ml"}},{"type":"Feature","geometry":{"type":"Polygon","coordinates":[[[50.244238,53.4309037],[50.2442399,53.4309493],[50.2441607,53.4309505],[50.2441588,53.4309049],[50.244238,53.4309037]]]},"properties":{"source_type":"ml"}},{"type":"Feature","geometry":{"type":"Polygon","coordinates":[[[50.243942,53.4312511],[50.2440037,53.4312506],[50.244005,53.4313033],[50.2439434,53.4313039],[50.243942,53.4312511]]]},"properties":{"source_type":"ml"}},{"type":"Feature","geometry":{"type":"Polygon","coordinates":[[[50.2438796,53.4315022],[50.2438769,53.4315381],[50.2438302,53.4315369],[50.2438329,53.4315009],[50.2438796,53.4315022]]]},"properties":{"source_type":"ml"}},{"type":"Feature","geometry":{"type":"Polygon","coordinates":[[[50.2438381,53.4319849],[50.2437363,53.4319869],[50.2437329,53.4319263],[50.2438347,53.4319243],[50.2438381,53.4319849]]]},"properties":{"source_type":"ml"}},{"type":"Feature","geometry":{"type":"Polygon","coordinates":[[[50.2438861,53.4324648],[50.2438702,53.4324096],[50.2439444,53.432402],[50.2439604,53.4324571],[50.2438861,53.4324648]]]},"properties":{"source_type":"ml"}},{"type":"Feature","geometry":{"type":"Polygon","coordinates":[[[50.244059,53.4321266],[50.2440647,53.4321631],[50.2440195,53.4321656],[50.2440138,53.4321291],[50.244059,53.4321266]]]},"properties":{"source_type":"ml"}},{"type":"Feature","geometry":{"type":"Polygon","coordinates":[[[50.244085,53.4321209],[50.2441673,53.4321089],[50.244184,53.4321496],[50.2441017,53.4321616],[50.244085,53.4321209]]]},"properties":{"source_type":"ml"}},{"type":"Feature","geometry":{"type":"Polygon","coordinates":[[[50.2439754,53.4326051],[50.2439719,53.4325692],[50.2440775,53.4325655],[50.244081,53.4326014],[50.2439754,53.4326051]]]},"properties":{"source_type":"ml"}},{"type":"Feature","geometry":{"type":"Polygon","coordinates":[[[50.2440323,53.4327274],[50.244008,53.4326536],[50.2441759,53.432634],[50.2442002,53.4327078],[50.2440323,53.4327274]]]},"properties":{"source_type":"ml"}},{"type":"Feature","geometry":{"type":"Polygon","coordinates":[[[50.2441088,53.4330775],[50.2441007,53.4330398],[50.2442036,53.4330319],[50.2442117,53.4330697],[50.2441088,53.4330775]]]},"properties":{"source_type":"ml"}},{"type":"Feature","geometry":{"type":"Polygon","coordinates":[[[50.2440182,53.4329713],[50.2439907,53.4329307],[50.2440254,53.4329223],[50.2440528,53.432963],[50.2440182,53.4329713]]]},"properties":{"source_type":"ml"}},{"type":"Feature","geometry":{"type":"Polygon","coordinates":[[[50.244006,53.4331153],[50.24397,53.4330452],[50.2440387,53.4330327],[50.2440619,53.433078],[50.2440436,53.4330813],[50.2440564,53.4331062],[50.244006,53.4331153]]]},"properties":{"source_type":"ml"}},{"type":"Feature","geometry":{"type":"Polygon","coordinates":[[[50.2439108,53.4329422],[50.2438874,53.4328883],[50.2440031,53.4328705],[50.2440265,53.4329244],[50.2439108,53.4329422]]]},"properties":{"source_type":"ml"}},{"type":"Feature","geometry":{"type":"Polygon","coordinates":[[[50.2438013,53.4330123],[50.2438074,53.4330519],[50.2437622,53.4330544],[50.2437561,53.4330148],[50.2438013,53.4330123]]]},"properties":{"source_type":"ml"}},{"type":"Feature","geometry":{"type":"Polygon","coordinates":[[[50.2438453,53.4334642],[50.243943,53.4334569],[50.2439539,53.4335088],[50.2438562,53.4335161],[50.2438453,53.4334642]]]},"properties":{"source_type":"ml"}},{"type":"Feature","geometry":{"type":"Polygon","coordinates":[[[50.243847,53.4341245],[50.2438434,53.4341682],[50.2437979,53.4341669],[50.2438015,53.4341231],[50.243847,53.4341245]]]},"properties":{"source_type":"ml"}},{"type":"Feature","geometry":{"type":"Polygon","coordinates":[[[50.2440372,53.4339846],[50.2440458,53.434077],[50.2439335,53.4340807],[50.2439249,53.4339883],[50.2440372,53.4339846]]]},"properties":{"source_type":"ml"}},{"type":"Feature","geometry":{"type":"Polygon","coordinates":[[[50.2440967,53.4341627],[50.2441118,53.4341971],[50.2440706,53.4342035],[50.2440857,53.4342379],[50.2440455,53.4342442],[50.2440153,53.4341754],[50.2440967,53.4341627]]]},"properties":{"source_type":"ml"}},{"type":"Feature","geometry":{"type":"Polygon","coordinates":[[[50.244209,53.4334561],[50.2442981,53.4334439],[50.2443069,53.4334666],[50.2442178,53.4334788],[50.244209,53.4334561]]]},"properties":{"source_type":"ml"}},{"type":"Feature","geometry":{"type":"Polygon","coordinates":[[[50.2443151,53.433286],[50.2444511,53.4332625],[50.2444763,53.433314],[50.2443403,53.4333376],[50.2443151,53.433286]]]},"properties":{"source_type":"ml"}},{"type":"Feature","geometry":{"type":"Polygon","coordinates":[[[50.244694,53.4340286],[50.2446984,53.4340732],[50.2446529,53.4340748],[50.2446486,53.4340302],[50.244694,53.4340286]]]},"properties":{"source_type":"ml"}},{"type":"Feature","geometry":{"type":"Polygon","coordinates":[[[50.2446141,53.434027],[50.2446212,53.4340762],[50.2445774,53.4340784],[50.2445704,53.4340292],[50.2446141,53.434027]]]},"properties":{"source_type":"ml"}},{"type":"Feature","geometry":{"type":"Polygon","coordinates":[[[50.2443181,53.4339925],[50.2443284,53.4340607],[50.2442512,53.4340648],[50.2442409,53.4339967],[50.2443181,53.4339925]]]},"properties":{"source_type":"ml"}},{"type":"Feature","geometry":{"type":"Polygon","coordinates":[[[50.2443829,53.4345197],[50.2445008,53.4345172],[50.2445049,53.4345858],[50.2443871,53.4345883],[50.2443829,53.4345197]]]},"properties":{"source_type":"ml"}},{"type":"Feature","geometry":{"type":"Polygon","coordinates":[[[50.2443296,53.4342794],[50.2443246,53.4342413],[50.2444313,53.4342364],[50.2444338,53.4342562],[50.2443885,53.4342582],[50.2443909,53.4342766],[50.2443296,53.4342794]]]},"properties":{"source_type":"ml"}},{"type":"Feature","geometry":{"type":"Polygon","coordinates":[[[50.2445346,53.4342187],[50.244537,53.4342474],[50.2444835,53.434249],[50.2444811,53.4342203],[50.2445346,53.4342187]]]},"properties":{"source_type":"ml"}},{"type":"Feature","geometry":{"type":"Polygon","coordinates":[[[50.2447211,53.4343716],[50.244731,53.4344116],[50.2446838,53.4344157],[50.2446738,53.4343758],[50.2447211,53.4343716]]]},"properties":{"source_type":"ml"}},{"type":"Feature","geometry":{"type":"Polygon","coordinates":[[[50.2446612,53.4343569],[50.2446689,53.4343832],[50.2445898,53.4343915],[50.244582,53.4343651],[50.2446612,53.4343569]]]},"properties":{"source_type":"ml"}},{"type":"Feature","geometry":{"type":"Polygon","coordinates":[[[50.2445936,53.4347018],[50.2446042,53.4346515],[50.2446386,53.434654],[50.2446279,53.4347044],[50.2445936,53.4347018]]]},"properties":{"source_type":"ml"}},{"type":"Feature","geometry":{"type":"Polygon","coordinates":[[[50.2446459,53.4351282],[50.2446539,53.4351512],[50.2445931,53.4351587],[50.2445851,53.4351357],[50.2446459,53.4351282]]]},"properties":{"source_type":"ml"}},{"type":"Feature","geometry":{"type":"Polygon","coordinates":[[[50.2446912,53.4352223],[50.2446968,53.4353037],[50.2446085,53.4353059],[50.2446029,53.4352245],[50.2446912,53.4352223]]]},"properties":{"source_type":"ml"}},{"type":"Feature","geometry":{"type":"Polygon","coordinates":[[[50.2443326,53.4350726],[50.2443454,53.4351356],[50.244245,53.4351429],[50.2442321,53.4350799],[50.2443326,53.4350726]]]},"properties":{"source_type":"ml"}},{"type":"Feature","geometry":{"type":"Polygon","coordinates":[[[50.2442237,53.4352456],[50.2442001,53.4351733],[50.2442828,53.4351637],[50.2443064,53.435236],[50.2442237,53.4352456]]]},"properties":{"source_type":"ml"}},{"type":"Feature","geometry":{"type":"Polygon","coordinates":[[[50.2441744,53.4347054],[50.2442671,53.4347037],[50.2442716,53.4347883],[50.2441789,53.4347901],[50.2441744,53.4347054]]]},"properties":{"source_type":"ml"}},{"type":"Feature","geometry":{"type":"Polygon","coordinates":[[[50.2441137,53.4345194],[50.2441986,53.4345088],[50.2442281,53.4345931],[50.2441432,53.4346036],[50.2441137,53.4345194]]]},"properties":{"source_type":"ml"}},{"type":"Feature","geometry":{"type":"Polygon","coordinates":[[[50.2441597,53.4343521],[50.2441839,53.4344217],[50.2440913,53.4344331],[50.2440671,53.4343635],[50.2441597,53.4343521]]]},"properties":{"source_type":"ml"}},{"type":"Feature","geometry":{"type":"Polygon","coordinates":[[[50.2438336,53.4344695],[50.243868,53.4344673],[50.2438762,53.4345132],[50.2438417,53.4345153],[50.2438336,53.4344695]]]},"properties":{"source_type":"ml"}},{"type":"Feature","geometry":{"type":"Polygon","coordinates":[[[50.2438301,53.4349024],[50.2438313,53.434932],[50.2437606,53.4349331],[50.2437593,53.4349034],[50.2438301,53.4349024]]]},"properties":{"source_type":"ml"}},{"type":"Feature","geometry":{"type":"Polygon","coordinates":[[[50.2438046,53.4350729],[50.2438749,53.4350865],[50.2438473,53.4351371],[50.243777,53.4351235],[50.2438046,53.4350729]]]},"properties":{"source_type":"ml"}},{"type":"Feature","geometry":{"type":"Polygon","coordinates":[[[50.2438916,53.4353803],[50.2438937,53.4354211],[50.2437544,53.4354236],[50.2437523,53.4353828],[50.2438916,53.4353803]]]},"properties":{"source_type":"ml"}},{"type":"Feature","geometry":{"type":"Polygon","coordinates":[[[50.2438594,53.4357777],[50.2438058,53.435777],[50.2438076,53.4357274],[50.2438612,53.4357282],[50.2438594,53.4357777]]]},"properties":{"source_type":"ml"}},{"type":"Feature","geometry":{"type":"Polygon","coordinates":[[[50.2438952,53.4358805],[50.2438926,53.4357712],[50.2439865,53.4357704],[50.2439891,53.4358797],[50.2438952,53.4358805]]]},"properties":{"source_type":"ml"}},{"type":"Feature","geometry":{"type":"Polygon","coordinates":[[[50.2438838,53.4353472],[50.243942,53.435343],[50.2439471,53.4353683],[50.2438889,53.4353724],[50.2438838,53.4353472]]]},"properties":{"source_type":"ml"}},{"type":"Feature","geometry":{"type":"Polygon","coordinates":[[[50.2442202,53.4353588],[50.244253,53.435495],[50.2441926,53.4355001],[50.2441875,53.4354789],[50.2441402,53.435483],[50.2441319,53.4354485],[50.2441844,53.435444],[50.244165,53.4353635],[50.2442202,53.4353588]]]},"properties":{"source_type":"ml"}},{"type":"Feature","geometry":{"type":"Polygon","coordinates":[[[50.2441129,53.4359636],[50.24409,53.4359685],[50.2440653,53.4359274],[50.24415,53.4359093],[50.244184,53.435966],[50.2441222,53.4359792],[50.2441129,53.4359636]]]},"properties":{"source_type":"ml"}},{"type":"Feature","geometry":{"type":"Polygon","coordinates":[[[50.2441233,53.4363968],[50.2442056,53.4363817],[50.2442268,53.4364225],[50.2441445,53.4364377],[50.2441233,53.4363968]]]},"properties":{"source_type":"ml"}},{"type":"Feature","geometry":{"type":"Polygon","coordinates":[[[50.2441546,53.4363674],[50.2441565,53.4363203],[50.2442128,53.4363211],[50.2442109,53.4363682],[50.2441546,53.4363674]]]},"properties":{"source_type":"ml"}},{"type":"Feature","geometry":{"type":"Polygon","coordinates":[[[50.2441197,53.4364891],[50.2439508,53.4364909],[50.2439476,53.4363823],[50.2440719,53.4363809],[50.2440729,53.4364145],[50.2441175,53.436414],[50.2441197,53.4364891]]]},"properties":{"source_type":"ml"}},{"type":"Feature","geometry":{"type":"Polygon","coordinates":[[[50.2439258,53.4359296],[50.2439284,53.4359839],[50.2438774,53.4359848],[50.2438749,53.4359305],[50.2439258,53.4359296]]]},"properties":{"source_type":"ml"}},{"type":"Feature","geometry":{"type":"Polygon","coordinates":[[[50.2439006,53.4360042],[50.2439132,53.4360591],[50.2438789,53.4360619],[50.2438663,53.436007],[50.2439006,53.4360042]]]},"properties":{"source_type":"ml"}},{"type":"Feature","geometry":{"type":"Polygon","coordinates":[[[50.2437572,53.4359993],[50.2438428,53.436002],[50.2438403,53.4360298],[50.2437547,53.4360271],[50.2437572,53.4359993]]]},"properties":{"source_type":"ml"}},{"type":"Feature","geometry":{"type":"Polygon","coordinates":[[[50.2440634,53.4369891],[50.2439562,53.4369912],[50.243954,53.4369506],[50.2440612,53.4369485],[50.2440634,53.4369891]]]},"properties":{"source_type":"ml"}},{"type":"Feature","geometry":{"type":"Polygon","coordinates":[[[50.2437667,53.4369493],[50.2438498,53.4369484],[50.2438518,53.4370155],[50.2437687,53.4370164],[50.2437667,53.4369493]]]},"properties":{"source_type":"ml"}},{"type":"Feature","geometry":{"type":"Polygon","coordinates":[[[50.2441141,53.4374173],[50.2441102,53.4374923],[50.2440191,53.4374906],[50.244023,53.4374156],[50.2441141,53.4374173]]]},"properties":{"source_type":"ml"}},{"type":"Feature","geometry":{"type":"Polygon","coordinates":[[[50.2441174,53.437365],[50.2441129,53.4374015],[50.2440633,53.4373993],[50.2440678,53.4373628],[50.2441174,53.437365]]]},"properties":{"source_type":"ml"}},{"type":"Feature","geometry":{"type":"Polygon","coordinates":[[[50.2441265,53.437448],[50.2441694,53.4374484],[50.2441685,53.4374835],[50.2441256,53.4374832],[50.2441265,53.437448]]]},"properties":{"source_type":"ml"}},{"type":"Feature","geometry":{"type":"Polygon","coordinates":[[[50.2440818,53.4370241],[50.2440797,53.4369426],[50.2442138,53.4369414],[50.2442158,53.4370229],[50.2440818,53.4370241]]]},"properties":{"source_type":"ml"}},{"type":"Feature","geometry":{"type":"Polygon","coordinates":[[[50.2444277,53.4367545],[50.2444309,53.4367944],[50.244372,53.436796],[50.2443688,53.4367562],[50.2444277,53.4367545]]]},"properties":{"source_type":"ml"}},{"type":"Feature","geometry":{"type":"Polygon","coordinates":[[[50.2444163,53.4373906],[50.2444181,53.4374697],[50.2443576,53.4374702],[50.2443558,53.4373911],[50.2444163,53.4373906]]]},"properties":{"source_type":"ml"}},{"type":"Feature","geometry":{"type":"Polygon","coordinates":[[[50.2444275,53.4372815],[50.2443658,53.437281],[50.2443674,53.4372123],[50.2444291,53.4372128],[50.2444275,53.4372815]]]},"properties":{"source_type":"ml"}},{"type":"Feature","geometry":{"type":"Polygon","coordinates":[[[50.244408,53.4371541],[50.2444034,53.4370759],[50.2444398,53.4370751],[50.2444444,53.4371533],[50.244408,53.4371541]]]},"properties":{"source_type":"ml"}},{"type":"Feature","geometry":{"type":"Polygon","coordinates":[[[50.2446277,53.4374931],[50.2446012,53.4374421],[50.2447519,53.4374143],[50.2447784,53.4374653],[50.2446277,53.4374931]]]},"properties":{"source_type":"ml"}},{"type":"Feature","geometry":{"type":"Polygon","coordinates":[[[50.2447537,53.4371887],[50.2447815,53.4372783],[50.2446804,53.4372895],[50.2446525,53.4371999],[50.2447537,53.4371887]]]},"properties":{"source_type":"ml"}},{"type":"Feature","geometry":{"type":"Polygon","coordinates":[[[50.2447053,53.436804],[50.2447022,53.4367697],[50.2447546,53.436768],[50.2447577,53.4368023],[50.2447053,53.436804]]]},"properties":{"source_type":"ml"}},{"type":"Feature","geometry":{"type":"Polygon","coordinates":[[[50.2446103,53.4367607],[50.2446064,53.4366993],[50.2447065,53.436697],[50.2447105,53.4367584],[50.2446103,53.4367607]]]},"properties":{"source_type":"ml"}},{"type":"Feature","geometry":{"type":"Polygon","coordinates":[[[50.2447152,53.4361909],[50.244607,53.4361998],[50.244592,53.4361354],[50.2447002,53.4361265],[50.2447152,53.4361909]]]},"properties":{"source_type":"my"}},{"type":"Feature","geometry":{"type":"Polygon","coordinates":[[[50.2444971,53.4364143],[50.2444934,53.4363512],[50.2446006,53.436349],[50.2446042,53.4364121],[50.2444971,53.4364143]]]},"properties":{"source_type":"ml"}},{"type":"Feature","geometry":{"type":"Polygon","coordinates":[[[50.2444136,53.436387],[50.2444872,53.4363787],[50.2444974,53.4364111],[50.2444239,53.4364194],[50.2444136,53.436387]]]},"properties":{"source_type":"ml"}},{"type":"Feature","geometry":{"type":"Polygon","coordinates":[[[50.2444546,53.436332],[50.2444484,53.4363022],[50.2445171,53.436297],[50.2445233,53.4363269],[50.2444546,53.436332]]]},"properties":{"source_type":"ml"}},{"type":"Feature","geometry":{"type":"Polygon","coordinates":[[[50.2442993,53.4360465],[50.2442953,53.4359827],[50.2443863,53.4359807],[50.2443903,53.4360445],[50.2442993,53.4360465]]]},"properties":{"source_type":"ml"}},{"type":"Feature","geometry":{"type":"Polygon","coordinates":[[[50.2444531,53.4359978],[50.2445121,53.4359972],[50.2445129,53.4360235],[50.2444539,53.4360241],[50.2444531,53.4359978]]]},"properties":{"source_type":"ml"}},{"type":"Feature","geometry":{"type":"Polygon","coordinates":[[[50.2445365,53.4356075],[50.2445508,53.435692],[50.2444429,53.4356985],[50.2444286,53.435614],[50.2445365,53.4356075]]]},"properties":{"source_type":"ml"}},{"type":"Feature","geometry":{"type":"Polygon","coordinates":[[[50.2443371,53.435476],[50.2443453,53.4355177],[50.2443003,53.4355208],[50.2442921,53.4354791],[50.2443371,53.435476]]]},"properties":{"source_type":"ml"}},{"type":"Feature","geometry":{"type":"Polygon","coordinates":[[[50.2445078,53.4354553],[50.2445114,53.4355047],[50.2444552,53.4355062],[50.2444516,53.4354568],[50.2445078,53.4354553]]]},"properties":{"source_type":"ml"}},{"type":"Feature","geometry":{"type":"Polygon","coordinates":[[[50.2444838,53.4358199],[50.2445748,53.4358078],[50.2445948,53.435861],[50.2445038,53.4358731],[50.2444838,53.4358199]]]},"properties":{"source_type":"ml"}},{"type":"Feature","geometry":{"type":"Polygon","coordinates":[[[50.2446818,53.43562],[50.2447516,53.435612],[50.2447635,53.435649],[50.2446936,53.435657],[50.2446818,53.43562]]]},"properties":{"source_type":"ml"}},{"type":"Feature","geometry":{"type":"Polygon","coordinates":[[[50.2445942,53.4353774],[50.244694,53.4353687],[50.2447114,53.435439],[50.2447875,53.4354324],[50.2447962,53.4354675],[50.2446203,53.4354829],[50.2445942,53.4353774]]]},"properties":{"source_type":"ml"}},{"type":"Feature","geometry":{"type":"Polygon","coordinates":[[[50.244799,53.4358602],[50.2447361,53.435864],[50.2447214,53.4357788],[50.2447843,53.435775],[50.244799,53.4358602]]]},"properties":{"source_type":"my"}},{"type":"Feature","geometry":{"type":"Polygon","coordinates":[[[50.2449559,53.4361944],[50.2448474,53.4362059],[50.2448236,53.4361257],[50.244932,53.4361143],[50.2449559,53.4361944]]]},"properties":{"source_type":"my"}},{"type":"Feature","geometry":{"type":"Polygon","coordinates":[[[50.2450914,53.4361602],[50.2450796,53.4361265],[50.2451721,53.436115],[50.2451839,53.4361487],[50.2450914,53.4361602]]]},"properties":{"source_type":"ml"}},{"type":"Feature","geometry":{"type":"Polygon","coordinates":[[[50.2450883,53.4357631],[50.2451553,53.4357623],[50.2451563,53.4357887],[50.2450892,53.4357895],[50.2450883,53.4357631]]]},"properties":{"source_type":"ml"}},{"type":"Feature","geometry":{"type":"Polygon","coordinates":[[[50.244998,53.4356169],[50.2450544,53.4356169],[50.2450544,53.4356441],[50.244998,53.4356441],[50.244998,53.4356169]]]},"properties":{"source_type":"ml"}},{"type":"Feature","geometry":{"type":"Polygon","coordinates":[[[50.2451807,53.4353661],[50.2452182,53.4353652],[50.2452213,53.4354082],[50.2451838,53.4354092],[50.2451807,53.4353661]]]},"properties":{"source_type":"ml"}},{"type":"Feature","geometry":{"type":"Polygon","coordinates":[[[50.2453323,53.4353495],[50.2453367,53.4354149],[50.2452269,53.4354175],[50.2452225,53.4353521],[50.2453323,53.4353495]]]},"properties":{"source_type":"ml"}},{"type":"Feature","geometry":{"type":"Polygon","coordinates":[[[50.2452609,53.4355033],[50.2453645,53.4354972],[50.245378,53.4355779],[50.2452744,53.435584],[50.2452609,53.4355033]]]},"properties":{"source_type":"ml"}},{"type":"Feature","geometry":{"type":"Polygon","coordinates":[[[50.2453079,53.4357643],[50.2453066,53.4357212],[50.245438,53.4357198],[50.2454392,53.435763],[50.2453079,53.4357643]]]},"properties":{"source_type":"ml"}},{"type":"Feature","geometry":{"type":"Polygon","coordinates":[[[50.2454148,53.4356754],[50.2454169,53.4357177],[50.2453,53.4357198],[50.2452979,53.4356774],[50.2454148,53.4356754]]]},"properties":{"source_type":"ml"}},{"type":"Feature","geometry":{"type":"Polygon","coordinates":[[[50.2455187,53.4354582],[50.2455884,53.4354599],[50.2455852,53.4355061],[50.2455156,53.4355045],[50.2455187,53.4354582]]]},"properties":{"source_type":"ml"}},{"type":"Feature","geometry":{"type":"Polygon","coordinates":[[[50.2456903,53.4356053],[50.2456937,53.4356635],[50.2455795,53.4356659],[50.2455761,53.4356076],[50.2456903,53.4356053]]]},"properties":{"source_type":"ml"}},{"type":"Feature","geometry":{"type":"Polygon","coordinates":[[[50.2456516,53.4357981],[50.2456657,53.4358462],[50.2457454,53.4358379],[50.2457573,53.4358782],[50.2456141,53.4358931],[50.2455882,53.4358047],[50.2456516,53.4357981]]]},"properties":{"source_type":"ml"}},{"type":"Feature","geometry":{"type":"Polygon","coordinates":[[[50.2455106,53.4363899],[50.2455068,53.4363069],[50.2456086,53.4363052],[50.2456125,53.4363882],[50.2455106,53.4363899]]]},"properties":{"source_type":"ml"}},{"type":"Feature","geometry":{"type":"Polygon","coordinates":[[[50.2454712,53.4362923],[50.2454636,53.4362167],[50.2455545,53.4362134],[50.2455621,53.4362891],[50.2454712,53.4362923]]]},"properties":{"source_type":"ml"}},{"type":"Feature","geometry":{"type":"Polygon","coordinates":[[[50.2454834,53.4358677],[50.2454987,53.4359221],[50.245377,53.4359343],[50.2453618,53.4358799],[50.2454834,53.4358677]]]},"properties":{"source_type":"ml"}},{"type":"Feature","geometry":{"type":"Polygon","coordinates":[[[50.2453554,53.4365279],[50.2453143,53.4365332],[50.2453423,53.4366111],[50.2452525,53.4366225],[50.2452152,53.4365186],[50.245346,53.436502],[50.2453554,53.4365279]]]},"properties":{"source_type":"ml"}},{"type":"Feature","geometry":{"type":"Polygon","coordinates":[[[50.2453195,53.4369583],[50.2453212,53.4368792],[50.2454365,53.4368801],[50.2454348,53.4369591],[50.2453195,53.4369583]]]},"properties":{"source_type":"ml"}},{"type":"Feature","geometry":{"type":"Polygon","coordinates":[[[50.2453775,53.4366957],[50.2453716,53.4366772],[50.2454699,53.436666],[50.2454758,53.4366845],[50.2453775,53.4366957]]]},"properties":{"source_type":"ml"}},{"type":"Feature","geometry":{"type":"Polygon","coordinates":[[[50.2454001,53.4366023],[50.2453863,53.4366668],[50.245343,53.4366635],[50.2453569,53.436599],[50.2454001,53.4366023]]]},"properties":{"source_type":"ml"}},{"type":"Feature","geometry":{"type":"Polygon","coordinates":[[[50.2455982,53.4366271],[50.2455925,53.436557],[50.2457033,53.4365538],[50.2457089,53.4366239],[50.2455982,53.4366271]]]},"properties":{"source_type":"ml"}},{"type":"Feature","geometry":{"type":"Polygon","coordinates":[[[50.2455203,53.4369979],[50.2455245,53.4370489],[50.2454924,53.4370498],[50.2454881,53.4369988],[50.2455203,53.4369979]]]},"properties":{"source_type":"ml"}},{"type":"Feature","geometry":{"type":"Polygon","coordinates":[[[50.2454166,53.4370072],[50.2454862,53.4370088],[50.2454843,53.4370383],[50.2454147,53.4370367],[50.2454166,53.4370072]]]},"properties":{"source_type":"ml"}},{"type":"Feature","geometry":{"type":"Polygon","coordinates":[[[50.2453671,53.4372643],[50.2452821,53.437274],[50.2452501,53.4371744],[50.245335,53.4371647],[50.2453671,53.4372643]]]},"properties":{"source_type":"my"}},{"type":"Feature","geometry":{"type":"Polygon","coordinates":[[[50.2451124,53.4373406],[50.2451156,53.4374077],[50.2450326,53.4374091],[50.2450293,53.437342],[50.2451124,53.4373406]]]},"properties":{"source_type":"ml"}},{"type":"Feature","geometry":{"type":"Polygon","coordinates":[[[50.245197,53.4370602],[50.2452126,53.4371063],[50.2451508,53.4371137],[50.2451352,53.4370676],[50.245197,53.4370602]]]},"properties":{"source_type":"ml"}},{"type":"Feature","geometry":{"type":"Polygon","coordinates":[[[50.2450048,53.4366971],[50.2449843,53.4366508],[50.2450871,53.4366347],[50.2451076,53.436681],[50.2450048,53.4366971]]]},"properties":{"source_type":"ml"}},{"type":"Feature","geometry":{"type":"Polygon","coordinates":[[[50.2451446,53.4368394],[50.245063,53.4368543],[50.2450215,53.4367736],[50.2451031,53.4367587],[50.2451446,53.4368394]]]},"properties":{"source_type":"my"}},{"type":"Feature","geometry":{"type":"Polygon","coordinates":[[[50.2449455,53.4368378],[50.2449555,53.4368874],[50.2448327,53.4368961],[50.2448228,53.4368465],[50.2449455,53.4368378]]]},"properties":{"source_type":"ml"}},{"type":"Feature","geometry":{"type":"Polygon","coordinates":[[[50.24487,53.4370132],[50.2449574,53.4370074],[50.2449725,53.4370888],[50.2448851,53.4370945],[50.24487,53.4370132]]]},"properties":{"source_type":"ml"}},{"type":"Feature","geometry":{"type":"Polygon","coordinates":[[[50.244712,53.4375628],[50.24481,53.4375563],[50.2448152,53.4375839],[50.2447172,53.4375904],[50.244712,53.4375628]]]},"properties":{"source_type":"ml"}},{"type":"Feature","geometry":{"type":"Polygon","coordinates":[[[50.2451201,53.4377685],[50.2451866,53.4377452],[50.2452746,53.4378341],[50.245208,53.4378575],[50.2451201,53.4377685]]]},"properties":{"source_type":"ml"}},{"type":"Feature","geometry":{"type":"Polygon","coordinates":[[[50.2453114,53.4376835],[50.2451895,53.4376983],[50.2451479,53.4375766],[50.2452698,53.4375618],[50.2453114,53.4376835]]]},"properties":{"source_type":"my"}},{"type":"Feature","geometry":{"type":"Polygon","coordinates":[[[50.2453971,53.4376346],[50.2454093,53.4376596],[50.2453573,53.4376686],[50.2453451,53.4376436],[50.2453971,53.4376346]]]},"properties":{"source_type":"ml"}},{"type":"Feature","geometry":{"type":"Polygon","coordinates":[[[50.2453198,53.4392005],[50.2453351,53.4391759],[50.2454153,53.4391937],[50.2454,53.4392182],[50.2453198,53.4392005]]]},"properties":{"source_type":"ml"}},{"type":"Feature","geometry":{"type":"Polygon","coordinates":[[[50.2454843,53.4393389],[50.2455574,53.439355],[50.2455061,53.439438],[50.2454329,53.4394219],[50.2454843,53.4393389]]]},"properties":{"source_type":"ml"}},{"type":"Feature","geometry":{"type":"Polygon","coordinates":[[[50.2455841,53.4393942],[50.2456167,53.439328],[50.2456821,53.4393395],[50.2456495,53.4394057],[50.2455841,53.4393942]]]},"properties":{"source_type":"ml"}},{"type":"Feature","geometry":{"type":"Polygon","coordinates":[[[50.2454812,53.4396378],[50.2455369,53.4396412],[50.2455266,53.4397021],[50.2454708,53.4396987],[50.2454812,53.4396378]]]},"properties":{"source_type":"ml"}},{"type":"Feature","geometry":{"type":"Polygon","coordinates":[[[50.2452892,53.4396761],[50.245151,53.4396565],[50.2451787,53.4395869],[50.245317,53.4396065],[50.2452892,53.4396761]]]},"properties":{"source_type":"ml"}},{"type":"Feature","geometry":{"type":"Polygon","coordinates":[[[50.2447722,53.4397915],[50.2448116,53.4397192],[50.2449075,53.4397378],[50.2448681,53.43981],[50.2447722,53.4397915]]]},"properties":{"source_type":"ml"}},{"type":"Feature","geometry":{"type":"Polygon","coordinates":[[[50.2447384,53.439784],[50.2446564,53.4397754],[50.2446819,53.4396886],[50.2447639,53.4396972],[50.2447384,53.439784]]]},"properties":{"source_type":"ml"}},{"type":"Feature","geometry":{"type":"Polygon","coordinates":[[[50.2446021,53.4382587],[50.2446636,53.4382603],[50.244658,53.4383385],[50.2445964,53.4383369],[50.2446021,53.4382587]]]},"properties":{"source_type":"ml"}},{"type":"Feature","geometry":{"type":"Polygon","coordinates":[[[50.2446472,53.4376135],[50.2447564,53.4376347],[50.2447154,53.4377098],[50.2445833,53.4376843],[50.2446054,53.4376438],[50.2446283,53.4376482],[50.2446472,53.4376135]]]},"properties":{"source_type":"ml"}},{"type":"Feature","geometry":{"type":"Polygon","coordinates":[[[50.244581,53.4376059],[50.2445783,53.4375756],[50.2446264,53.4375741],[50.2446291,53.4376044],[50.244581,53.4376059]]]},"properties":{"source_type":"ml"}},{"type":"Feature","geometry":{"type":"Polygon","coordinates":[[[50.2443749,53.4379286],[50.2443848,53.4378693],[50.2444644,53.437874],[50.2444545,53.4379333],[50.2443749,53.4379286]]]},"properties":{"source_type":"ml"}},{"type":"Feature","geometry":{"type":"Polygon","coordinates":[[[50.2443487,53.4376698],[50.2443342,53.4376031],[50.2443937,53.4375985],[50.2444082,53.4376652],[50.2443487,53.4376698]]]},"properties":{"source_type":"ml"}},{"type":"Feature","geometry":{"type":"Polygon","coordinates":[[[50.2443547,53.4383625],[50.2443095,53.4383555],[50.2443324,53.4383031],[50.2443776,53.4383101],[50.2443547,53.4383625]]]},"properties":{"source_type":"ml"}},{"type":"Feature","geometry":{"type":"Polygon","coordinates":[[[50.2443738,53.438357],[50.2443748,53.438313],[50.2444701,53.4383138],[50.244469,53.4383578],[50.2443738,53.438357]]]},"properties":{"source_type":"ml"}},{"type":"Feature","geometry":{"type":"Polygon","coordinates":[[[50.2443171,53.4384744],[50.244348,53.4384163],[50.2444078,53.4384276],[50.2443769,53.4384857],[50.2443171,53.4384744]]]},"properties":{"source_type":"ml"}},{"type":"Feature","geometry":{"type":"Polygon","coordinates":[[[50.2443431,53.4385872],[50.2442126,53.438558],[50.2442545,53.4384915],[50.2443849,53.4385207],[50.2443431,53.4385872]]]},"properties":{"source_type":"ml"}},{"type":"Feature","geometry":{"type":"Polygon","coordinates":[[[50.2441289,53.4385532],[50.2441127,53.438614],[50.2440447,53.4386076],[50.2440608,53.4385468],[50.2441289,53.4385532]]]},"properties":{"source_type":"ml"}},{"type":"Feature","geometry":{"type":"Polygon","coordinates":[[[50.2441026,53.4379176],[50.2439124,53.4378946],[50.2439515,53.4377798],[50.2441418,53.4378028],[50.2441026,53.4379176]]]},"properties":{"source_type":"osm"}},{"type":"Feature","geometry":{"type":"Polygon","coordinates":[[[50.2440013,53.4379842],[50.2440687,53.4379408],[50.2441178,53.4379679],[50.2440504,53.4380113],[50.2440013,53.4379842]]]},"properties":{"source_type":"ml"}},{"type":"Feature","geometry":{"type":"Polygon","coordinates":[[[50.2440503,53.4386588],[50.243952,53.4386528],[50.2439566,53.4386259],[50.2440549,53.4386319],[50.2440503,53.4386588]]]},"properties":{"source_type":"ml"}},{"type":"Feature","geometry":{"type":"Polygon","coordinates":[[[50.2437792,53.4388802],[50.2437359,53.4388742],[50.2437703,53.4387854],[50.2438136,53.4387913],[50.2437792,53.4388802]]]},"properties":{"source_type":"ml"}},{"type":"Feature","geometry":{"type":"Polygon","coordinates":[[[50.2438245,53.4392475],[50.2437052,53.4392146],[50.2437435,53.4391652],[50.2438629,53.439198],[50.2438245,53.4392475]]]},"properties":{"source_type":"ml"}},{"type":"Feature","geometry":{"type":"Polygon","coordinates":[[[50.2438403,53.4391247],[50.243871,53.4390998],[50.2439146,53.4391188],[50.2438839,53.4391437],[50.2438403,53.4391247]]]},"properties":{"source_type":"ml"}},{"type":"Feature","geometry":{"type":"Polygon","coordinates":[[[50.2438608,53.4391908],[50.2438814,53.439136],[50.2439337,53.439143],[50.2439131,53.4391978],[50.2438608,53.4391908]]]},"properties":{"source_type":"ml"}},{"type":"Feature","geometry":{"type":"Polygon","coordinates":[[[50.2442139,53.4396939],[50.2441191,53.4396714],[50.2441726,53.4395914],[50.2442675,53.439614],[50.2442139,53.4396939]]]},"properties":{"source_type":"ml"}},{"type":"Feature","geometry":{"type":"Polygon","coordinates":[[[50.2440344,53.4395399],[50.2440651,53.4394882],[50.2441843,53.4395133],[50.2441536,53.439565],[50.2440344,53.4395399]]]},"properties":{"source_type":"ml"}},{"type":"Feature","geometry":{"type":"Polygon","coordinates":[[[50.243946,53.439823],[50.2440249,53.4398498],[50.243999,53.4398768],[50.2439201,53.43985],[50.243946,53.439823]]]},"properties":{"source_type":"ml"}},{"type":"Feature","geometry":{"type":"Polygon","coordinates":[[[50.2441546,53.4404602],[50.2441567,53.4403979],[50.2443202,53.4403998],[50.2443176,53.4404781],[50.2441997,53.4404767],[50.2442002,53.4404607],[50.2441546,53.4404602]]]},"properties":{"source_type":"ml"}},{"type":"Feature","geometry":{"type":"Polygon","coordinates":[[[50.2444614,53.4400281],[50.2444855,53.4399787],[50.2446611,53.4400091],[50.244637,53.4400585],[50.2444614,53.4400281]]]},"properties":{"source_type":"ml"}},{"type":"Feature","geometry":{"type":"Polygon","coordinates":[[[50.2444884,53.4405301],[50.2444825,53.4404487],[50.244556,53.4404469],[50.2445618,53.4405282],[50.2444884,53.4405301]]]},"properties":{"source_type":"ml"}},{"type":"Feature","geometry":{"type":"Polygon","coordinates":[[[50.2444017,53.4403409],[50.2445184,53.4403384],[50.2445209,53.4403799],[50.2444042,53.4403823],[50.2444017,53.4403409]]]},"properties":{"source_type":"ml"}},{"type":"Feature","geometry":{"type":"Polygon","coordinates":[[[50.2441919,53.4409381],[50.2442801,53.4409068],[50.2443603,53.440987],[50.2442721,53.4410183],[50.2441919,53.4409381]]]},"properties":{"source_type":"ml"}},{"type":"Feature","geometry":{"type":"Polygon","coordinates":[[[50.2442618,53.441296],[50.2442395,53.4412521],[50.2442689,53.4412467],[50.2442913,53.4412906],[50.2442618,53.441296]]]},"properties":{"source_type":"ml"}},{"type":"Feature","geometry":{"type":"Polygon","coordinates":[[[50.2443094,53.441294],[50.2442634,53.4412446],[50.2443577,53.4412134],[50.2444038,53.4412629],[50.2443094,53.441294]]]},"properties":{"source_type":"ml"}},{"type":"Feature","geometry":{"type":"Polygon","coordinates":[[[50.2443521,53.4410865],[50.24444,53.4410619],[50.2444931,53.4411293],[50.2444052,53.4411539],[50.2443521,53.4410865]]]},"properties":{"source_type":"ml"}},{"type":"Feature","geometry":{"type":"Polygon","coordinates":[[[50.2446223,53.4413689],[50.2445534,53.4412831],[50.2446342,53.4412601],[50.2447031,53.4413459],[50.2446223,53.4413689]]]},"properties":{"source_type":"ml"}},{"type":"Feature","geometry":{"type":"Polygon","coordinates":[[[50.2443921,53.4419925],[50.2443397,53.4419354],[50.2444223,53.4419085],[50.2444747,53.4419656],[50.2443921,53.4419925]]]},"properties":{"source_type":"ml"}},{"type":"Feature","geometry":{"type":"Polygon","coordinates":[[[50.2444064,53.4417958],[50.2444597,53.4418556],[50.2443564,53.4418883],[50.2443031,53.4418284],[50.2444064,53.4417958]]]},"properties":{"source_type":"ml"}},{"type":"Feature","geometry":{"type":"Polygon","coordinates":[[[50.2441392,53.4419364],[50.2441943,53.4419112],[50.2442176,53.4419293],[50.2441625,53.4419545],[50.2441392,53.4419364]]]},"properties":{"source_type":"ml"}},{"type":"Feature","geometry":{"type":"Polygon","coordinates":[[[50.2439858,53.4418316],[50.2439746,53.4418114],[50.2440472,53.4417971],[50.2440584,53.4418173],[50.2439858,53.4418316]]]},"properties":{"source_type":"ml"}},{"type":"Feature","geometry":{"type":"Polygon","coordinates":[[[50.2441978,53.4415825],[50.2442454,53.4416362],[50.2441385,53.4416699],[50.2440909,53.4416162],[50.2441978,53.4415825]]]},"properties":{"source_type":"ml"}},{"type":"Feature","geometry":{"type":"Polygon","coordinates":[[[50.2441734,53.4412797],[50.2442124,53.4412677],[50.2442441,53.4413043],[50.2442051,53.4413163],[50.2441734,53.4412797]]]},"properties":{"source_type":"ml"}},{"type":"Feature","geometry":{"type":"Polygon","coordinates":[[[50.2440565,53.4413823],[50.2440914,53.4414649],[50.2439274,53.4414895],[50.2438926,53.4414068],[50.2440565,53.4413823]]]},"properties":{"source_type":"ml"}},{"type":"Feature","geometry":{"type":"Polygon","coordinates":[[[50.243848,53.4409399],[50.243807,53.4408882],[50.2438376,53.4408796],[50.2438786,53.4409312],[50.243848,53.4409399]]]},"properties":{"source_type":"ml"}},{"type":"Feature","geometry":{"type":"Polygon","coordinates":[[[50.2437933,53.441326],[50.2438428,53.4412981],[50.2439079,53.441339],[50.2438584,53.4413669],[50.2437933,53.441326]]]},"properties":{"source_type":"ml"}},{"type":"Feature","geometry":{"type":"Polygon","coordinates":[[[50.2438723,53.4417628],[50.2439973,53.4417352],[50.2440288,53.4417857],[50.2439038,53.4418133],[50.2438723,53.4417628]]]},"properties":{"source_type":"ml"}},{"type":"Feature","geometry":{"type":"Polygon","coordinates":[[[50.2437911,53.4419515],[50.2439399,53.4419104],[50.2439869,53.4419709],[50.2438382,53.442012],[50.2437911,53.4419515]]]},"properties":{"source_type":"ml"}},{"type":"Feature","geometry":{"type":"Polygon","coordinates":[[[50.2437996,53.4423631],[50.2437371,53.4422948],[50.2437763,53.442282],[50.2438388,53.4423503],[50.2437996,53.4423631]]]},"properties":{"source_type":"ml"}},{"type":"Feature","geometry":{"type":"Polygon","coordinates":[[[50.2442012,53.4421465],[50.2441334,53.4421486],[50.2441282,53.4420897],[50.2442442,53.442086],[50.2442481,53.4421299],[50.2441999,53.4421314],[50.2442012,53.4421465]]]},"properties":{"source_type":"ml"}},{"type":"Feature","geometry":{"type":"Polygon","coordinates":[[[50.244102,53.442746],[50.2440508,53.4426888],[50.244101,53.4426729],[50.2441522,53.4427301],[50.244102,53.442746]]]},"properties":{"source_type":"ml"}},{"type":"Feature","geometry":{"type":"Polygon","coordinates":[[[50.2443965,53.4422657],[50.2444393,53.442319],[50.2443432,53.4423464],[50.2443004,53.442293],[50.2443965,53.4422657]]]},"properties":{"source_type":"ml"}},{"type":"Feature","geometry":{"type":"Polygon","coordinates":[[[50.2445819,53.4424674],[50.2446067,53.4425155],[50.2444851,53.4425378],[50.2444603,53.4424896],[50.2445819,53.4424674]]]},"properties":{"source_type":"ml"}},{"type":"Feature","geometry":{"type":"Polygon","coordinates":[[[50.2446328,53.4422283],[50.2445827,53.4421465],[50.2447263,53.4421153],[50.2447764,53.4421971],[50.2446328,53.4422283]]]},"properties":{"source_type":"ml"}},{"type":"Feature","geometry":{"type":"Polygon","coordinates":[[[50.2447336,53.4424779],[50.244731,53.4424419],[50.2447782,53.4424407],[50.2447808,53.4424766],[50.2447336,53.4424779]]]},"properties":{"source_type":"ml"}},{"type":"Feature","geometry":{"type":"Polygon","coordinates":[[[50.2449019,53.4425902],[50.2448028,53.4425923],[50.2447999,53.4425444],[50.244899,53.4425423],[50.2449019,53.4425902]]]},"properties":{"source_type":"ml"}},{"type":"Feature","geometry":{"type":"Polygon","coordinates":[[[50.2449176,53.4424308],[50.2449196,53.4424978],[50.2448017,53.4424991],[50.2447996,53.442432],[50.2449176,53.4424308]]]},"properties":{"source_type":"ml"}},{"type":"Feature","geometry":{"type":"Polygon","coordinates":[[[50.245185,53.4424875],[50.2451845,53.4425203],[50.2451255,53.4425201],[50.2451259,53.4424873],[50.245185,53.4424875]]]},"properties":{"source_type":"ml"}},{"type":"Feature","geometry":{"type":"Polygon","coordinates":[[[50.2450127,53.4422822],[50.2450446,53.4422803],[50.2450536,53.4423357],[50.2450217,53.4423376],[50.2450127,53.4422822]]]},"properties":{"source_type":"ml"}},{"type":"Feature","geometry":{"type":"Polygon","coordinates":[[[50.2453344,53.4426014],[50.2453367,53.442544],[50.2453688,53.4425444],[50.2453666,53.4426019],[50.2453344,53.4426014]]]},"properties":{"source_type":"ml"}},{"type":"Feature","geometry":{"type":"Polygon","coordinates":[[[50.2453323,53.4421271],[50.2453019,53.4420797],[50.2454017,53.442057],[50.2454321,53.4421044],[50.2453323,53.4421271]]]},"properties":{"source_type":"ml"}},{"type":"Feature","geometry":{"type":"Polygon","coordinates":[[[50.2455228,53.4423044],[50.2454649,53.4422354],[50.245555,53.4422085],[50.2456129,53.4422776],[50.2455228,53.4423044]]]},"properties":{"source_type":"ml"}},{"type":"Feature","geometry":{"type":"Polygon","coordinates":[[[50.2456393,53.4423214],[50.2456112,53.4422894],[50.2456989,53.4422621],[50.245727,53.4422941],[50.2456393,53.4423214]]]},"properties":{"source_type":"ml"}},{"type":"Feature","geometry":{"type":"Polygon","coordinates":[[[50.2457039,53.4419542],[50.2457264,53.4419454],[50.2457756,53.4419901],[50.2456724,53.4420304],[50.2456054,53.4419695],[50.2456861,53.441938],[50.2457039,53.4419542]]]},"properties":{"source_type":"ml"}},{"type":"Feature","geometry":{"type":"Polygon","coordinates":[[[50.2454973,53.4416372],[50.2454757,53.441613],[50.2455355,53.441594],[50.2455572,53.4416183],[50.2454973,53.4416372]]]},"properties":{"source_type":"ml"}},{"type":"Feature","geometry":{"type":"Polygon","coordinates":[[[50.2456603,53.4411371],[50.2456534,53.4411041],[50.2457273,53.4410986],[50.2457342,53.4411317],[50.2456603,53.4411371]]]},"properties":{"source_type":"ml"}},{"type":"Feature","geometry":{"type":"Polygon","coordinates":[[[50.2454633,53.4410194],[50.2453911,53.4409529],[50.2454818,53.440918],[50.2455308,53.440963],[50.2455629,53.4409506],[50.2456008,53.4409855],[50.2455687,53.4409979],[50.245614,53.4410395],[50.2455252,53.4410738],[50.2454652,53.4410186],[50.2454633,53.4410194]]]},"properties":{"source_type":"ml"}},{"type":"Feature","geometry":{"type":"Polygon","coordinates":[[[50.2455219,53.4414311],[50.2454918,53.4413893],[50.2455303,53.4413794],[50.2455605,53.4414213],[50.2455219,53.4414311]]]},"properties":{"source_type":"ml"}},{"type":"Feature","geometry":{"type":"Polygon","coordinates":[[[50.2454088,53.4412278],[50.2453575,53.4411791],[50.2454017,53.4411626],[50.2454531,53.4412113],[50.2454088,53.4412278]]]},"properties":{"source_type":"ml"}},{"type":"Feature","geometry":{"type":"Polygon","coordinates":[[[50.2453679,53.4410282],[50.2453326,53.4409759],[50.2453889,53.4409624],[50.2454242,53.4410146],[50.2453679,53.4410282]]]},"properties":{"source_type":"ml"}},{"type":"Feature","geometry":{"type":"Polygon","coordinates":[[[50.2453566,53.4416345],[50.2454171,53.4416888],[50.2453401,53.4417193],[50.2452795,53.4416649],[50.2453566,53.4416345]]]},"properties":{"source_type":"ml"}},{"type":"Feature","geometry":{"type":"Polygon","coordinates":[[[50.2453343,53.4417464],[50.2454481,53.4417003],[50.2455136,53.4417577],[50.2453997,53.4418038],[50.2453343,53.4417464]]]},"properties":{"source_type":"ml"}},{"type":"Feature","geometry":{"type":"Polygon","coordinates":[[[50.245248,53.4418929],[50.2452998,53.4419519],[50.2452028,53.4419821],[50.2451511,53.4419231],[50.245248,53.4418929]]]},"properties":{"source_type":"ml"}},{"type":"Feature","geometry":{"type":"Polygon","coordinates":[[[50.2451333,53.4417785],[50.2451145,53.4417608],[50.2451712,53.4417394],[50.24519,53.4417571],[50.2451333,53.4417785]]]},"properties":{"source_type":"ml"}},{"type":"Feature","geometry":{"type":"Polygon","coordinates":[[[50.2447818,53.4418708],[50.244832,53.4419331],[50.2447251,53.4419636],[50.2446749,53.4419013],[50.2447818,53.4418708]]]},"properties":{"source_type":"ml"}},{"type":"Feature","geometry":{"type":"Polygon","coordinates":[[[50.2447539,53.4415167],[50.2447087,53.441453],[50.2448019,53.4414295],[50.2448472,53.4414932],[50.2447539,53.4415167]]]},"properties":{"source_type":"ml"}},{"type":"Feature","geometry":{"type":"Polygon","coordinates":[[[50.2448248,53.4416864],[50.244897,53.4416705],[50.2449162,53.4417014],[50.244844,53.4417173],[50.2448248,53.4416864]]]},"properties":{"source_type":"ml"}},{"type":"Feature","geometry":{"type":"Polygon","coordinates":[[[50.244908,53.4416798],[50.2448554,53.441611],[50.2449487,53.4415857],[50.2450013,53.4416545],[50.244908,53.4416798]]]},"properties":{"source_type":"ml"}},{"type":"Feature","geometry":{"type":"Polygon","coordinates":[[[50.2447246,53.4410425],[50.2446912,53.4410088],[50.2447548,53.4409864],[50.2447882,53.4410201],[50.2447246,53.4410425]]]},"properties":{"source_type":"ml"}},{"type":"Feature","geometry":{"type":"Polygon","coordinates":[[[50.2449846,53.4408803],[50.2450462,53.4409506],[50.244983,53.4409702],[50.2449214,53.4408999],[50.2449846,53.4408803]]]},"properties":{"source_type":"ml"}},{"type":"Feature","geometry":{"type":"Polygon","coordinates":[[[50.2451466,53.4413131],[50.2452767,53.4414145],[50.2451565,53.4414692],[50.2450264,53.4413679],[50.2451466,53.4413131]]]},"properties":{"source_type":"ml"}},{"type":"Feature","geometry":{"type":"Polygon","coordinates":[[[50.245229,53.4409378],[50.245247,53.4409899],[50.2451864,53.4409973],[50.2451683,53.4409452],[50.245229,53.4409378]]]},"properties":{"source_type":"ml"}},{"type":"Feature","geometry":{"type":"Polygon","coordinates":[[[50.2450661,53.4408467],[50.2451542,53.4408222],[50.2452,53.4408806],[50.2451119,53.4409051],[50.2450661,53.4408467]]]},"properties":{"source_type":"ml"}},{"type":"Feature","geometry":{"type":"Polygon","coordinates":[[[50.244971,53.4408179],[50.2450294,53.4408631],[50.2449856,53.4408831],[50.2449272,53.440838],[50.244971,53.4408179]]]},"properties":{"source_type":"ml"}},{"type":"Feature","geometry":{"type":"Polygon","coordinates":[[[50.2448563,53.4400971],[50.2448808,53.4400462],[50.244929,53.4400544],[50.2449045,53.4401053],[50.2448563,53.4400971]]]},"properties":{"source_type":"ml"}},{"type":"Feature","geometry":{"type":"Polygon","coordinates":[[[50.2449792,53.4398355],[50.2450267,53.4397588],[50.2451188,53.439779],[50.2450714,53.4398557],[50.2449792,53.4398355]]]},"properties":{"source_type":"ml"}},{"type":"Feature","geometry":{"type":"Polygon","coordinates":[[[50.2451873,53.4398886],[50.2450914,53.4398714],[50.2451032,53.439848],[50.2451991,53.4398652],[50.2451873,53.4398886]]]},"properties":{"source_type":"ml"}},{"type":"Feature","geometry":{"type":"Polygon","coordinates":[[[50.2452149,53.4398951],[50.2452417,53.4398077],[50.2454182,53.4398269],[50.2453914,53.4399142],[50.2452149,53.4398951]]]},"properties":{"source_type":"ml"}},{"type":"Feature","geometry":{"type":"Polygon","coordinates":[[[50.2454418,53.4400124],[50.2454613,53.4400495],[50.2453563,53.4400691],[50.2453368,53.440032],[50.2454418,53.4400124]]]},"properties":{"source_type":"ml"}},{"type":"Feature","geometry":{"type":"Polygon","coordinates":[[[50.2452558,53.4405147],[50.2452525,53.4404188],[50.2453759,53.4404174],[50.2453791,53.4405132],[50.2452558,53.4405147]]]},"properties":{"source_type":"ml"}},{"type":"Feature","geometry":{"type":"Polygon","coordinates":[[[50.2453715,53.4407776],[50.2454196,53.4408394],[50.245308,53.4408703],[50.2452599,53.4408085],[50.2453715,53.4407776]]]},"properties":{"source_type":"ml"}},{"type":"Feature","geometry":{"type":"Polygon","coordinates":[[[50.2454506,53.439936],[50.2454892,53.4398266],[50.2455688,53.4398365],[50.2455302,53.439946],[50.2454506,53.439936]]]},"properties":{"source_type":"ml"}},{"type":"Feature","geometry":{"type":"Polygon","coordinates":[[[50.2456218,53.4408524],[50.2457179,53.4408205],[50.2457738,53.4408802],[50.2456777,53.4409121],[50.2456218,53.4408524]]]},"properties":{"source_type":"ml"}},{"type":"Feature","geometry":{"type":"Polygon","coordinates":[[[50.246086,53.4408621],[50.2460465,53.4408147],[50.2460809,53.4408045],[50.2461205,53.4408519],[50.246086,53.4408621]]]},"properties":{"source_type":"ml"}},{"type":"Feature","geometry":{"type":"Polygon","coordinates":[[[50.2461542,53.4398379],[50.2460523,53.4398278],[50.2460614,53.4397952],[50.2461632,53.4398052],[50.2461542,53.4398379]]]},"properties":{"source_type":"ml"}},{"type":"Feature","geometry":{"type":"Polygon","coordinates":[[[50.2463749,53.4402912],[50.2463809,53.4403806],[50.2462538,53.4403836],[50.2462479,53.4402943],[50.2463749,53.4402912]]]},"properties":{"source_type":"ml"}},{"type":"Feature","geometry":{"type":"Polygon","coordinates":[[[50.2465205,53.4402028],[50.2465287,53.4402405],[50.2464879,53.4402436],[50.2464798,53.4402059],[50.2465205,53.4402028]]]},"properties":{"source_type":"ml"}},{"type":"Feature","geometry":{"type":"Polygon","coordinates":[[[50.2463698,53.440729],[50.2464751,53.440703],[50.2465287,53.4407801],[50.2464234,53.4408061],[50.2463698,53.440729]]]},"properties":{"source_type":"ml"}},{"type":"Feature","geometry":{"type":"Polygon","coordinates":[[[50.2463735,53.4404587],[50.2464393,53.4404574],[50.2464409,53.4404885],[50.2463751,53.4404898],[50.2463735,53.4404587]]]},"properties":{"source_type":"ml"}},{"type":"Feature","geometry":{"type":"Polygon","coordinates":[[[50.2462631,53.4407557],[50.2462214,53.4407046],[50.2462496,53.4406965],[50.2462913,53.4407475],[50.2462631,53.4407557]]]},"properties":{"source_type":"ml"}},{"type":"Feature","geometry":{"type":"Polygon","coordinates":[[[50.2462493,53.4408083],[50.2462911,53.4408643],[50.2462274,53.4408812],[50.2461856,53.4408251],[50.2462493,53.4408083]]]},"properties":{"source_type":"ml"}},{"type":"Feature","geometry":{"type":"Polygon","coordinates":[[[50.2463008,53.4408706],[50.2463721,53.4409277],[50.2463272,53.4409476],[50.2462559,53.4408905],[50.2463008,53.4408706]]]},"properties":{"source_type":"ml"}},{"type":"Feature","geometry":{"type":"Polygon","coordinates":[[[50.2464741,53.4409007],[50.2466221,53.4408635],[50.2466778,53.4409421],[50.2465298,53.4409793],[50.2464741,53.4409007]]]},"properties":{"source_type":"ml"}},{"type":"Feature","geometry":{"type":"Polygon","coordinates":[[[50.2464751,53.4414804],[50.246544,53.4415429],[50.2465046,53.4415583],[50.2464357,53.4414957],[50.2464751,53.4414804]]]},"properties":{"source_type":"ml"}},{"type":"Feature","geometry":{"type":"Polygon","coordinates":[[[50.2465902,53.441817],[50.2465619,53.4417875],[50.2466084,53.4417717],[50.2466367,53.4418012],[50.2465902,53.441817]]]},"properties":{"source_type":"ml"}},{"type":"Feature","geometry":{"type":"Polygon","coordinates":[[[50.2464102,53.4418443],[50.2464838,53.4419143],[50.2464029,53.4419445],[50.2463293,53.4418745],[50.2464102,53.4418443]]]},"properties":{"source_type":"ml"}},{"type":"Feature","geometry":{"type":"Polygon","coordinates":[[[50.2462976,53.4415487],[50.246428,53.441496],[50.2465015,53.4415606],[50.2463711,53.4416133],[50.2462976,53.4415487]]]},"properties":{"source_type":"ml"}},{"type":"Feature","geometry":{"type":"Polygon","coordinates":[[[50.2461595,53.4417419],[50.2462967,53.4416959],[50.2463706,53.4417741],[50.2462335,53.4418201],[50.2461595,53.4417419]]]},"properties":{"source_type":"ml"}},{"type":"Feature","geometry":{"type":"Polygon","coordinates":[[[50.2460346,53.4415959],[50.2460016,53.4415334],[50.2461187,53.4415114],[50.2461517,53.4415739],[50.2460346,53.4415959]]]},"properties":{"source_type":"ml"}},{"type":"Feature","geometry":{"type":"Polygon","coordinates":[[[50.2460433,53.4416039],[50.2460986,53.4415856],[50.2461265,53.4416154],[50.2460713,53.4416338],[50.2460433,53.4416039]]]},"properties":{"source_type":"ml"}},{"type":"Feature","geometry":{"type":"Polygon","coordinates":[[[50.2461005,53.4416236],[50.2462151,53.4415901],[50.2462544,53.4416378],[50.2461398,53.4416712],[50.2461005,53.4416236]]]},"properties":{"source_type":"ml"}},{"type":"Feature","geometry":{"type":"Polygon","coordinates":[[[50.2461681,53.4414108],[50.2460882,53.4413209],[50.2461565,53.4412994],[50.2462364,53.4413893],[50.2461681,53.4414108]]]},"properties":{"source_type":"ml"}},{"type":"Feature","geometry":{"type":"Polygon","coordinates":[[[50.2459508,53.4410636],[50.2460081,53.4411048],[50.2459436,53.4411367],[50.2458863,53.4410955],[50.2459508,53.4410636]]]},"properties":{"source_type":"ml"}},{"type":"Feature","geometry":{"type":"Polygon","coordinates":[[[50.2458742,53.4414171],[50.2459779,53.4413836],[50.2460352,53.4414466],[50.2459316,53.4414801],[50.2458742,53.4414171]]]},"properties":{"source_type":"ml"}},{"type":"Feature","geometry":{"type":"Polygon","coordinates":[[[50.2458955,53.4413019],[50.2459221,53.4413283],[50.2458414,53.4413572],[50.2458147,53.4413308],[50.2458955,53.4413019]]]},"properties":{"source_type":"ml"}},{"type":"Feature","geometry":{"type":"Polygon","coordinates":[[[50.2457388,53.4412885],[50.2456845,53.4412331],[50.2457665,53.4412045],[50.2458208,53.4412599],[50.2457388,53.4412885]]]},"properties":{"source_type":"ml"}},{"type":"Feature","geometry":{"type":"Polygon","coordinates":[[[50.2457263,53.4417039],[50.2457768,53.4417496],[50.2457394,53.4417642],[50.2456889,53.4417185],[50.2457263,53.4417039]]]},"properties":{"source_type":"ml"}},{"type":"Feature","geometry":{"type":"Polygon","coordinates":[[[50.2456452,53.4423758],[50.2457286,53.4423606],[50.2457556,53.4424132],[50.2456722,53.4424284],[50.2456452,53.4423758]]]},"properties":{"source_type":"ml"}},{"type":"Feature","geometry":{"type":"Polygon","coordinates":[[[50.2458316,53.4422433],[50.2457992,53.4422121],[50.2458942,53.4421771],[50.2459266,53.4422083],[50.2458316,53.4422433]]]},"properties":{"source_type":"ml"}},{"type":"Feature","geometry":{"type":"Polygon","coordinates":[[[50.2461623,53.4425849],[50.2460909,53.4425298],[50.2461868,53.4424858],[50.2462581,53.4425409],[50.2461623,53.4425849]]]},"properties":{"source_type":"ml"}},{"type":"Feature","geometry":{"type":"Polygon","coordinates":[[[50.2460785,53.4425188],[50.2460189,53.4424592],[50.2461239,53.442422],[50.2461834,53.4424815],[50.2460785,53.4425188]]]},"properties":{"source_type":"ml"}},{"type":"Feature","geometry":{"type":"Polygon","coordinates":[[[50.2459651,53.4426341],[50.246014,53.4427072],[50.2459075,53.4427325],[50.2458586,53.4426594],[50.2459651,53.4426341]]]},"properties":{"source_type":"ml"}},{"type":"Feature","geometry":{"type":"Polygon","coordinates":[[[50.2461164,53.4428452],[50.2461147,53.4428947],[50.2460664,53.4428941],[50.2460681,53.4428446],[50.2461164,53.4428452]]]},"properties":{"source_type":"ml"}},{"type":"Feature","geometry":{"type":"Polygon","coordinates":[[[50.2462792,53.4421381],[50.2462512,53.442096],[50.2462921,53.4420864],[50.2463201,53.4421285],[50.2462792,53.4421381]]]},"properties":{"source_type":"ml"}},{"type":"Feature","geometry":{"type":"Polygon","coordinates":[[[50.2464507,53.4421347],[50.2463877,53.4420781],[50.2464826,53.4420406],[50.2465457,53.4420971],[50.2464507,53.4421347]]]},"properties":{"source_type":"ml"}},{"type":"Feature","geometry":{"type":"Polygon","coordinates":[[[50.2466248,53.4422666],[50.2465839,53.4422225],[50.2467038,53.4421831],[50.2467447,53.4422271],[50.2466248,53.4422666]]]},"properties":{"source_type":"ml"}},{"type":"Feature","geometry":{"type":"Polygon","coordinates":[[[50.2467897,53.4424111],[50.2467244,53.4423299],[50.2468342,53.4422985],[50.2468995,53.4423797],[50.2467897,53.4424111]]]},"properties":{"source_type":"ml"}},{"type":"Feature","geometry":{"type":"Polygon","coordinates":[[[50.2468782,53.4425042],[50.2468323,53.4424439],[50.2469479,53.4424127],[50.2469938,53.4424729],[50.2468782,53.4425042]]]},"properties":{"source_type":"ml"}},{"type":"Feature","geometry":{"type":"Polygon","coordinates":[[[50.2471239,53.4430207],[50.2470354,53.4429493],[50.2471361,53.4429051],[50.2472246,53.4429764],[50.2471239,53.4430207]]]},"properties":{"source_type":"ml"}},{"type":"Feature","geometry":{"type":"Polygon","coordinates":[[[50.246871,53.4428265],[50.2469604,53.442792],[50.2469911,53.4428201],[50.2470175,53.4428099],[50.2470977,53.4428835],[50.2469932,53.4429239],[50.2469472,53.4428818],[50.2469359,53.4428861],[50.246871,53.4428265]]]},"properties":{"source_type":"ml"}},{"type":"Feature","geometry":{"type":"Polygon","coordinates":[[[50.2475294,53.4428176],[50.2476376,53.4427761],[50.2476985,53.4428327],[50.2475903,53.4428741],[50.2475294,53.4428176]]]},"properties":{"source_type":"ml"}},{"type":"Feature","geometry":{"type":"Polygon","coordinates":[[[50.2471086,53.4423645],[50.2471857,53.4423408],[50.2472173,53.4423774],[50.2471402,53.4424011],[50.2471086,53.4423645]]]},"properties":{"source_type":"ml"}},{"type":"Feature","geometry":{"type":"Polygon","coordinates":[[[50.2472041,53.4422583],[50.2471433,53.4421851],[50.2471886,53.4421718],[50.2472493,53.4422449],[50.2472041,53.4422583]]]},"properties":{"source_type":"ml"}},{"type":"Feature","geometry":{"type":"Polygon","coordinates":[[[50.247536,53.4423506],[50.2475017,53.442326],[50.2475903,53.4422823],[50.2476246,53.442307],[50.247536,53.4423506]]]},"properties":{"source_type":"ml"}},{"type":"Feature","geometry":{"type":"Polygon","coordinates":[[[50.2474866,53.4421919],[50.2476382,53.4421531],[50.2476859,53.4422191],[50.2475343,53.442258],[50.2474866,53.4421919]]]},"properties":{"source_type":"ml"}},{"type":"Feature","geometry":{"type":"Polygon","coordinates":[[[50.247513,53.4419717],[50.2475648,53.4420198],[50.2475344,53.4420314],[50.2474826,53.4419833],[50.247513,53.4419717]]]},"properties":{"source_type":"ml"}},{"type":"Feature","geometry":{"type":"Polygon","coordinates":[[[50.2474787,53.4419004],[50.2474265,53.4418345],[50.2475165,53.4418092],[50.2475687,53.4418752],[50.2474787,53.4419004]]]},"properties":{"source_type":"ml"}},{"type":"Feature","geometry":{"type":"Polygon","coordinates":[[[50.2475507,53.4415925],[50.2476375,53.4415499],[50.2476921,53.4415893],[50.2476053,53.441632],[50.2475507,53.4415925]]]},"properties":{"source_type":"ml"}},{"type":"Feature","geometry":{"type":"Polygon","coordinates":[[[50.2474163,53.4413811],[50.2473568,53.4413156],[50.2474427,53.441288],[50.2475022,53.4413535],[50.2474163,53.4413811]]]},"properties":{"source_type":"ml"}},{"type":"Feature","geometry":{"type":"Polygon","coordinates":[[[50.2472081,53.4412158],[50.2471463,53.4411668],[50.2472877,53.4411036],[50.2473495,53.4411526],[50.2472081,53.4412158]]]},"properties":{"source_type":"ml"}},{"type":"Feature","geometry":{"type":"Polygon","coordinates":[[[50.2471667,53.4413789],[50.247205,53.4413639],[50.2472462,53.4414014],[50.247208,53.4414163],[50.2471667,53.4413789]]]},"properties":{"source_type":"ml"}},{"type":"Feature","geometry":{"type":"Polygon","coordinates":[[[50.2471376,53.4416037],[50.247074,53.4415192],[50.2472224,53.4414796],[50.2472859,53.4415642],[50.2471376,53.4416037]]]},"properties":{"source_type":"ml"}},{"type":"Feature","geometry":{"type":"Polygon","coordinates":[[[50.2473827,53.4416384],[50.2474492,53.441725],[50.247296,53.4417667],[50.2472296,53.4416801],[50.2473827,53.4416384]]]},"properties":{"source_type":"ml"}},{"type":"Feature","geometry":{"type":"Polygon","coordinates":[[[50.2470587,53.4418135],[50.2470956,53.4417961],[50.2471505,53.4418373],[50.2471136,53.4418547],[50.2470587,53.4418135]]]},"properties":{"source_type":"ml"}},{"type":"Feature","geometry":{"type":"Polygon","coordinates":[[[50.2470263,53.441541],[50.2469883,53.4414876],[50.2470269,53.4414778],[50.247065,53.4415313],[50.2470263,53.441541]]]},"properties":{"source_type":"ml"}},{"type":"Feature","geometry":{"type":"Polygon","coordinates":[[[50.2468935,53.4418997],[50.2469363,53.4419273],[50.2469074,53.4419432],[50.2468646,53.4419157],[50.2468935,53.4418997]]]},"properties":{"source_type":"ml"}},{"type":"Feature","geometry":{"type":"Polygon","coordinates":[[[50.2466986,53.4418945],[50.2467975,53.4418705],[50.2468613,53.4419637],[50.2467624,53.4419877],[50.2466986,53.4418945]]]},"properties":{"source_type":"ml"}},{"type":"Feature","geometry":{"type":"Polygon","coordinates":[[[50.2466937,53.4414201],[50.2466517,53.4413853],[50.2467324,53.4413508],[50.2467743,53.4413856],[50.2466937,53.4414201]]]},"properties":{"source_type":"ml"}},{"type":"Feature","geometry":{"type":"Polygon","coordinates":[[[50.2467055,53.441022],[50.2467936,53.4409895],[50.2468716,53.4410647],[50.2467835,53.4410971],[50.2467055,53.441022]]]},"properties":{"source_type":"ml"}},{"type":"Feature","geometry":{"type":"Polygon","coordinates":[[[50.2469507,53.4409629],[50.2469221,53.4409324],[50.246965,53.4409181],[50.2469936,53.4409486],[50.2469507,53.4409629]]]},"properties":{"source_type":"ml"}},{"type":"Feature","geometry":{"type":"Polygon","coordinates":[[[50.2468577,53.4412788],[50.2469841,53.4412379],[50.2470527,53.4413132],[50.2469843,53.4413353],[50.2469393,53.441286],[50.2468813,53.4413047],[50.2468577,53.4412788]]]},"properties":{"source_type":"ml"}},{"type":"Feature","geometry":{"type":"Polygon","coordinates":[[[50.2470453,53.4410458],[50.2469963,53.4409957],[50.2470643,53.4409721],[50.2471133,53.4410221],[50.2470453,53.4410458]]]},"properties":{"source_type":"ml"}},{"type":"Feature","geometry":{"type":"Polygon","coordinates":[[[50.2471056,53.4407429],[50.2471375,53.4407924],[50.2470453,53.4408135],[50.2470134,53.440764],[50.2471056,53.4407429]]]},"properties":{"source_type":"ml"}},{"type":"Feature","geometry":{"type":"Polygon","coordinates":[[[50.2471009,53.4403849],[50.2471037,53.4404464],[50.2470206,53.4404477],[50.2470178,53.4403863],[50.2471009,53.4403849]]]},"properties":{"source_type":"ml"}},{"type":"Feature","geometry":{"type":"Polygon","coordinates":[[[50.2467921,53.4404323],[50.2466025,53.4403807],[50.2466907,53.4402657],[50.2467937,53.4402937],[50.2468095,53.4402732],[50.246896,53.4402968],[50.2467921,53.4404323]]]},"properties":{"source_type":"ml"}},{"type":"Feature","geometry":{"type":"Polygon","coordinates":[[[50.2468568,53.4404599],[50.2468474,53.4404143],[50.2468897,53.4404112],[50.2468991,53.4404569],[50.2468568,53.4404599]]]},"properties":{"source_type":"ml"}},{"type":"Feature","geometry":{"type":"Polygon","coordinates":[[[50.2468238,53.4401619],[50.2467913,53.4402119],[50.2467447,53.4402012],[50.2467772,53.4401512],[50.2468238,53.4401619]]]},"properties":{"source_type":"ml"}},{"type":"Feature","geometry":{"type":"Polygon","coordinates":[[[50.2469905,53.4401305],[50.2470783,53.4401095],[50.2470987,53.4401398],[50.2470109,53.4401608],[50.2469905,53.4401305]]]},"properties":{"source_type":"ml"}},{"type":"Feature","geometry":{"type":"Polygon","coordinates":[[[50.2469737,53.4403441],[50.2469766,53.4402787],[50.2470892,53.4402805],[50.2470862,53.440346],[50.2469737,53.4403441]]]},"properties":{"source_type":"ml"}},{"type":"Feature","geometry":{"type":"Polygon","coordinates":[[[50.2473046,53.4400696],[50.2473227,53.4401133],[50.2472417,53.4401251],[50.2472237,53.4400815],[50.2473046,53.4400696]]]},"properties":{"source_type":"ml"}},{"type":"Feature","geometry":{"type":"Polygon","coordinates":[[[50.2471476,53.440372],[50.2471451,53.4403193],[50.2471788,53.4403188],[50.2471813,53.4403715],[50.2471476,53.440372]]]},"properties":{"source_type":"ml"}},{"type":"Feature","geometry":{"type":"Polygon","coordinates":[[[50.2475832,53.4405934],[50.2477216,53.4407475],[50.2476578,53.4407678],[50.2475195,53.4406137],[50.2475832,53.4405934]]]},"properties":{"source_type":"ml"}},{"type":"Feature","geometry":{"type":"Polygon","coordinates":[[[50.2467956,53.4377167],[50.2468569,53.4377135],[50.2468622,53.43775],[50.246801,53.4377531],[50.2467956,53.4377167]]]},"properties":{"source_type":"ml"}},{"type":"Feature","geometry":{"type":"Polygon","coordinates":[[[50.2468902,53.4392541],[50.2468971,53.439209],[50.2469636,53.4392126],[50.2469567,53.4392577],[50.2468902,53.4392541]]]},"properties":{"source_type":"ml"}},{"type":"Feature","geometry":{"type":"Polygon","coordinates":[[[50.2469875,53.4392404],[50.2470515,53.4392488],[50.2470431,53.4392717],[50.2469791,53.4392633],[50.2469875,53.4392404]]]},"properties":{"source_type":"ml"}},{"type":"Feature","geometry":{"type":"Polygon","coordinates":[[[50.2471275,53.4394048],[50.247182,53.4394187],[50.247148,53.4394659],[50.2470936,53.4394521],[50.2471275,53.4394048]]]},"properties":{"source_type":"ml"}},{"type":"Feature","geometry":{"type":"Polygon","coordinates":[[[50.2470305,53.4396077],[50.2469848,53.4395945],[50.2470222,53.4395485],[50.2470678,53.4395617],[50.2470305,53.4396077]]]},"properties":{"source_type":"ml"}},{"type":"Feature","geometry":{"type":"Polygon","coordinates":[[[50.2467501,53.4395819],[50.2467784,53.4395142],[50.2469237,53.4395357],[50.2468955,53.4396034],[50.2467501,53.4395819]]]},"properties":{"source_type":"ml"}},{"type":"Feature","geometry":{"type":"Polygon","coordinates":[[[50.2466327,53.4395141],[50.2466027,53.4395607],[50.2464892,53.4395348],[50.2465193,53.4394882],[50.2466327,53.4395141]]]},"properties":{"source_type":"ml"}},{"type":"Feature","geometry":{"type":"Polygon","coordinates":[[[50.2463158,53.4394887],[50.2463244,53.4394568],[50.2464564,53.4394695],[50.2464389,53.4395341],[50.24635,53.4395255],[50.2463589,53.4394928],[50.2463158,53.4394887]]]},"properties":{"source_type":"ml"}},{"type":"Feature","geometry":{"type":"Polygon","coordinates":[[[50.2461291,53.4394338],[50.2461378,53.4394044],[50.2461872,53.4394096],[50.2461785,53.439439],[50.2461291,53.4394338]]]},"properties":{"source_type":"ml"}},{"type":"Feature","geometry":{"type":"Polygon","coordinates":[[[50.2460022,53.4394481],[50.2461241,53.4394594],[50.2461069,53.4395249],[50.2459851,53.4395136],[50.2460022,53.4394481]]]},"properties":{"source_type":"ml"}},{"type":"Feature","geometry":{"type":"Polygon","coordinates":[[[50.2460225,53.4398],[50.2459085,53.4397927],[50.2459212,53.4397216],[50.2460353,53.4397289],[50.2460225,53.4398]]]},"properties":{"source_type":"ml"}},{"type":"Feature","geometry":{"type":"Polygon","coordinates":[[[50.246469,53.4376032],[50.246497,53.4376571],[50.2464274,53.43767],[50.2463993,53.437616],[50.246469,53.4376032]]]},"properties":{"source_type":"ml"}},{"type":"Feature","geometry":{"type":"Polygon","coordinates":[[[50.2464702,53.4376062],[50.246448,53.4375476],[50.2465118,53.437539],[50.2465,53.4375079],[50.2466403,53.437489],[50.246668,53.4375619],[50.2465481,53.4375781],[50.2465544,53.4375948],[50.2464702,53.4376062]]]},"properties":{"source_type":"ml"}},{"type":"Feature","geometry":{"type":"Polygon","coordinates":[[[50.2464867,53.4373429],[50.2464755,53.43732],[50.2465497,53.4373072],[50.2465609,53.43733],[50.2464867,53.4373429]]]},"properties":{"source_type":"ml"}},{"type":"Feature","geometry":{"type":"Polygon","coordinates":[[[50.2467455,53.4371592],[50.2465116,53.4371943],[50.2464811,53.4371223],[50.2467151,53.4370872],[50.2467455,53.4371592]]]},"properties":{"source_type":"my"}},{"type":"Feature","geometry":{"type":"Polygon","coordinates":[[[50.2465765,53.4370072],[50.2466862,53.4370038],[50.2466907,53.4370573],[50.246581,53.4370606],[50.2465765,53.4370072]]]},"properties":{"source_type":"ml"}},{"type":"Feature","geometry":{"type":"Polygon","coordinates":[[[50.246639,53.4368737],[50.2466504,53.4369353],[50.2465009,53.4369451],[50.2464895,53.4368836],[50.246639,53.4368737]]]},"properties":{"source_type":"ml"}},{"type":"Feature","geometry":{"type":"Polygon","coordinates":[[[50.2466059,53.4366547],[50.2466327,53.436728],[50.2465405,53.4367399],[50.2465302,53.4367117],[50.2464825,53.4367179],[50.2464661,53.4366729],[50.2466059,53.4366547]]]},"properties":{"source_type":"ml"}},{"type":"Feature","geometry":{"type":"Polygon","coordinates":[[[50.2462245,53.4369672],[50.2462699,53.4369776],[50.2462529,53.437004],[50.2462075,53.4369937],[50.2462245,53.4369672]]]},"properties":{"source_type":"ml"}},{"type":"Feature","geometry":{"type":"Polygon","coordinates":[[[50.246049,53.4371859],[50.2461301,53.4371783],[50.2461463,53.4372391],[50.2460651,53.4372467],[50.246049,53.4371859]]]},"properties":{"source_type":"ml"}},{"type":"Feature","geometry":{"type":"Polygon","coordinates":[[[50.2460756,53.4375433],[50.2459554,53.4375569],[50.245935,53.4374928],[50.2460552,53.4374792],[50.2460756,53.4375433]]]},"properties":{"source_type":"my"}},{"type":"Feature","geometry":{"type":"Polygon","coordinates":[[[50.245842,53.4371676],[50.2458202,53.4370833],[50.2459003,53.4370759],[50.2459221,53.4371602],[50.245842,53.4371676]]]},"properties":{"source_type":"ml"}},{"type":"Feature","geometry":{"type":"Polygon","coordinates":[[[50.2458304,53.4369001],[50.2458435,53.4369816],[50.245725,53.4369884],[50.2457118,53.4369069],[50.2458304,53.4369001]]]},"properties":{"source_type":"ml"}},{"type":"Feature","geometry":{"type":"Polygon","coordinates":[[[50.2457776,53.4367431],[50.245784,53.4368004],[50.245668,53.436805],[50.2456617,53.4367477],[50.2457776,53.4367431]]]},"properties":{"source_type":"ml"}},{"type":"Feature","geometry":{"type":"Polygon","coordinates":[[[50.245804,53.4365129],[50.2458923,53.4365018],[50.245901,53.4365262],[50.2459514,53.4365199],[50.2459823,53.4366071],[50.2458437,53.4366245],[50.245804,53.4365129]]]},"properties":{"source_type":"ml"}},{"type":"Feature","geometry":{"type":"Polygon","coordinates":[[[50.2460292,53.4368007],[50.2459127,53.4368088],[50.2458909,53.4366964],[50.2460074,53.4366883],[50.2460292,53.4368007]]]},"properties":{"source_type":"my"}},{"type":"Feature","geometry":{"type":"Polygon","coordinates":[[[50.2460978,53.4370302],[50.2459864,53.4370438],[50.2459597,53.4369662],[50.2460711,53.4369526],[50.2460978,53.4370302]]]},"properties":{"source_type":"my"}},{"type":"Feature","geometry":{"type":"Polygon","coordinates":[[[50.2461021,53.436603],[50.2462026,53.4365958],[50.2462086,53.4366257],[50.2461082,53.4366329],[50.2461021,53.436603]]]},"properties":{"source_type":"ml"}},{"type":"Feature","geometry":{"type":"Polygon","coordinates":[[[50.2460526,53.43623],[50.2460432,53.436186],[50.2460908,53.4361824],[50.2461001,53.4362264],[50.2460526,53.43623]]]},"properties":{"source_type":"ml"}},{"type":"Feature","geometry":{"type":"Polygon","coordinates":[[[50.2457617,53.4363779],[50.245839,53.4363742],[50.2458477,53.4364393],[50.2457704,53.436443],[50.2457617,53.4363779]]]},"properties":{"source_type":"ml"}},{"type":"Feature","geometry":{"type":"Polygon","coordinates":[[[50.2457193,53.4362599],[50.2457052,53.4362269],[50.245805,53.4362118],[50.2458191,53.4362448],[50.2457193,53.4362599]]]},"properties":{"source_type":"ml"}},{"type":"Feature","geometry":{"type":"Polygon","coordinates":[[[50.2456807,53.4360078],[50.2457953,53.4359992],[50.245813,53.4360834],[50.2456985,53.436092],[50.2456807,53.4360078]]]},"properties":{"source_type":"ml"}},{"type":"Feature","geometry":{"type":"Polygon","coordinates":[[[50.2458392,53.4359157],[50.2458367,53.4358654],[50.2459412,53.4358636],[50.2459437,53.4359138],[50.2458392,53.4359157]]]},"properties":{"source_type":"ml"}},{"type":"Feature","geometry":{"type":"Polygon","coordinates":[[[50.2458588,53.4356563],[50.2459285,53.4356552],[50.2459297,53.4356831],[50.24586,53.4356843],[50.2458588,53.4356563]]]},"properties":{"source_type":"ml"}},{"type":"Feature","geometry":{"type":"Polygon","coordinates":[[[50.2459047,53.435541],[50.2459675,53.435535],[50.2459797,53.435581],[50.2459169,53.4355869],[50.2459047,53.435541]]]},"properties":{"source_type":"ml"}},{"type":"Feature","geometry":{"type":"Polygon","coordinates":[[[50.2460794,53.4356699],[50.2460782,53.435717],[50.2459414,53.4357157],[50.2459427,53.4356686],[50.2460794,53.4356699]]]},"properties":{"source_type":"ml"}},{"type":"Feature","geometry":{"type":"Polygon","coordinates":[[[50.2461014,53.435443],[50.2461032,53.4353983],[50.2461997,53.4353997],[50.2461979,53.4354444],[50.2461014,53.435443]]]},"properties":{"source_type":"ml"}},{"type":"Feature","geometry":{"type":"Polygon","coordinates":[[[50.2461483,53.4355497],[50.246218,53.4355487],[50.2462206,53.4356142],[50.2461509,53.4356152],[50.2461483,53.4355497]]]},"properties":{"source_type":"ml"}},{"type":"Feature","geometry":{"type":"Polygon","coordinates":[[[50.2463568,53.4353662],[50.246469,53.4353585],[50.2464802,53.4354169],[50.246368,53.4354245],[50.2463568,53.4353662]]]},"properties":{"source_type":"ml"}},{"type":"Feature","geometry":{"type":"Polygon","coordinates":[[[50.246379,53.435513],[50.2463859,53.4354808],[50.2464476,53.4354855],[50.2464407,53.4355177],[50.246379,53.435513]]]},"properties":{"source_type":"ml"}},{"type":"Feature","geometry":{"type":"Polygon","coordinates":[[[50.2461175,53.435663],[50.2462033,53.4356647],[50.2462039,53.4356535],[50.2462575,53.4356546],[50.2462544,53.4357089],[50.2461151,53.4357061],[50.2461175,53.435663]]]},"properties":{"source_type":"ml"}},{"type":"Feature","geometry":{"type":"Polygon","coordinates":[[[50.2461704,53.4357221],[50.2462829,53.4357197],[50.2462901,53.4358378],[50.2461776,53.4358402],[50.2461704,53.4357221]]]},"properties":{"source_type":"ml"}},{"type":"Feature","geometry":{"type":"Polygon","coordinates":[[[50.2463165,53.4361359],[50.2464081,53.4361273],[50.2464246,53.4361896],[50.246333,53.4361982],[50.2463165,53.4361359]]]},"properties":{"source_type":"ml"}},{"type":"Feature","geometry":{"type":"Polygon","coordinates":[[[50.2463636,53.4359774],[50.2462765,53.4359841],[50.246267,53.4359401],[50.246354,53.4359334],[50.2463636,53.4359774]]]},"properties":{"source_type":"ml"}},{"type":"Feature","geometry":{"type":"Polygon","coordinates":[[[50.2463739,53.4362215],[50.2464425,53.436208],[50.2464689,53.4362555],[50.2464003,53.4362691],[50.2463739,53.4362215]]]},"properties":{"source_type":"ml"}},{"type":"Feature","geometry":{"type":"Polygon","coordinates":[[[50.2466755,53.4363264],[50.2466762,53.4363552],[50.2466075,53.4363558],[50.2466068,53.4363271],[50.2466755,53.4363264]]]},"properties":{"source_type":"ml"}},{"type":"Feature","geometry":{"type":"Polygon","coordinates":[[[50.2465477,53.436077],[50.2466548,53.4360744],[50.2466589,53.4361318],[50.2465518,53.4361345],[50.2465477,53.436077]]]},"properties":{"source_type":"ml"}},{"type":"Feature","geometry":{"type":"Polygon","coordinates":[[[50.24658,53.4361487],[50.2466389,53.4361472],[50.2466406,53.4361711],[50.2465817,53.4361726],[50.24658,53.4361487]]]},"properties":{"source_type":"ml"}},{"type":"Feature","geometry":{"type":"Polygon","coordinates":[[[50.2465283,53.4359379],[50.246627,53.4359334],[50.2466307,53.4359619],[50.246532,53.4359665],[50.2465283,53.4359379]]]},"properties":{"source_type":"ml"}},{"type":"Feature","geometry":{"type":"Polygon","coordinates":[[[50.2465867,53.4358166],[50.2465904,53.4358388],[50.2464922,53.4358446],[50.2464884,53.4358225],[50.2465867,53.4358166]]]},"properties":{"source_type":"ml"}},{"type":"Feature","geometry":{"type":"Polygon","coordinates":[[[50.2465294,53.4357284],[50.2465396,53.4357739],[50.2464579,53.4357804],[50.2464477,53.4357349],[50.2465294,53.4357284]]]},"properties":{"source_type":"ml"}},{"type":"Feature","geometry":{"type":"Polygon","coordinates":[[[50.2464223,53.4356064],[50.2464207,53.4355641],[50.2464958,53.4355631],[50.2464973,53.4356054],[50.2464223,53.4356064]]]},"properties":{"source_type":"ml"}},{"type":"Feature","geometry":{"type":"Polygon","coordinates":[[[50.2469127,53.4356814],[50.2469144,53.4357181],[50.2468286,53.4357195],[50.2468269,53.4356828],[50.2469127,53.4356814]]]},"properties":{"source_type":"ml"}},{"type":"Feature","geometry":{"type":"Polygon","coordinates":[[[50.2468159,53.435722],[50.2469124,53.4357206],[50.2469131,53.4357398],[50.2468166,53.4357411],[50.2468159,53.435722]]]},"properties":{"source_type":"ml"}},{"type":"Feature","geometry":{"type":"Polygon","coordinates":[[[50.2470462,53.4355624],[50.247053,53.4355889],[50.2469299,53.4356002],[50.246923,53.4355737],[50.2470462,53.4355624]]]},"properties":{"source_type":"ml"}},{"type":"Feature","geometry":{"type":"Polygon","coordinates":[[[50.247039,53.4358356],[50.2470324,53.4357582],[50.2471207,53.4357556],[50.2471273,53.4358329],[50.247039,53.4358356]]]},"properties":{"source_type":"ml"}},{"type":"Feature","geometry":{"type":"Polygon","coordinates":[[[50.2469198,53.436052],[50.2469749,53.4360471],[50.2469978,53.4361385],[50.2469427,53.4361434],[50.2469198,53.436052]]]},"properties":{"source_type":"ml"}},{"type":"Feature","geometry":{"type":"Polygon","coordinates":[[[50.2470003,53.4363941],[50.2470475,53.4363929],[50.2470499,53.4364272],[50.2469438,53.4364298],[50.2469396,53.4363692],[50.2469985,53.4363677],[50.2470003,53.4363941]]]},"properties":{"source_type":"ml"}},{"type":"Feature","geometry":{"type":"Polygon","coordinates":[[[50.2467829,53.436267],[50.2469437,53.4362641],[50.2469459,53.4363072],[50.2467851,53.4363101],[50.2467829,53.436267]]]},"properties":{"source_type":"ml"}},{"type":"Feature","geometry":{"type":"Polygon","coordinates":[[[50.2467755,53.4364656],[50.2467782,53.4365103],[50.2467005,53.436512],[50.2466978,53.4364673],[50.2467755,53.4364656]]]},"properties":{"source_type":"ml"}},{"type":"Feature","geometry":{"type":"Polygon","coordinates":[[[50.2466909,53.4364396],[50.2467535,53.4364377],[50.2467556,53.4364632],[50.246693,53.4364651],[50.2466909,53.4364396]]]},"properties":{"source_type":"ml"}},{"type":"Feature","geometry":{"type":"Polygon","coordinates":[[[50.2467544,53.4365696],[50.2467931,53.436565],[50.2468091,53.4366127],[50.2467704,53.4366173],[50.2467544,53.4365696]]]},"properties":{"source_type":"ml"}},{"type":"Feature","geometry":{"type":"Polygon","coordinates":[[[50.2467279,53.4366991],[50.2467237,53.4366417],[50.2468415,53.4366387],[50.2468457,53.4366961],[50.2467279,53.4366991]]]},"properties":{"source_type":"ml"}},{"type":"Feature","geometry":{"type":"Polygon","coordinates":[[[50.2468583,53.436828],[50.2468541,53.4367786],[50.2469397,53.436776],[50.2469439,53.4368254],[50.2468583,53.436828]]]},"properties":{"source_type":"ml"}},{"type":"Feature","geometry":{"type":"Polygon","coordinates":[[[50.246699,53.4373434],[50.2467118,53.4373852],[50.2466702,53.4373897],[50.2466574,53.4373479],[50.246699,53.4373434]]]},"properties":{"source_type":"ml"}},{"type":"Feature","geometry":{"type":"Polygon","coordinates":[[[50.2468787,53.4374022],[50.2469274,53.4373959],[50.2469416,53.4374349],[50.2468929,53.4374411],[50.2468787,53.4374022]]]},"properties":{"source_type":"ml"}},{"type":"Feature","geometry":{"type":"Polygon","coordinates":[[[50.2469903,53.437436],[50.247096,53.4374283],[50.2471086,53.4374897],[50.2470029,53.4374974],[50.2469903,53.437436]]]},"properties":{"source_type":"ml"}},{"type":"Feature","geometry":{"type":"Polygon","coordinates":[[[50.2470722,53.4368139],[50.2470694,53.436857],[50.2470052,53.4368555],[50.2470079,53.4368124],[50.2470722,53.4368139]]]},"properties":{"source_type":"ml"}},{"type":"Feature","geometry":{"type":"Polygon","coordinates":[[[50.2469346,53.43659],[50.2469312,53.4365325],[50.2469875,53.4365313],[50.2469909,53.4365888],[50.2469346,53.43659]]]},"properties":{"source_type":"ml"}},{"type":"Feature","geometry":{"type":"Polygon","coordinates":[[[50.2470545,53.4366501],[50.2471991,53.436647],[50.2472035,53.4367196],[50.2470588,53.4367227],[50.2470545,53.4366501]]]},"properties":{"source_type":"ml"}},{"type":"Feature","geometry":{"type":"Polygon","coordinates":[[[50.2471678,53.436717],[50.2472429,53.4367157],[50.2472443,53.4367445],[50.2471692,53.4367458],[50.2471678,53.436717]]]},"properties":{"source_type":"ml"}},{"type":"Feature","geometry":{"type":"Polygon","coordinates":[[[50.2473226,53.437095],[50.2472897,53.4370271],[50.2474357,53.437002],[50.2474815,53.4370964],[50.2473949,53.4371113],[50.247382,53.4370848],[50.2473226,53.437095]]]},"properties":{"source_type":"ml"}},{"type":"Feature","geometry":{"type":"Polygon","coordinates":[[[50.2475889,53.4363818],[50.2476126,53.4364269],[50.2474905,53.4364497],[50.2474668,53.4364046],[50.2475889,53.4363818]]]},"properties":{"source_type":"ml"}},{"type":"Feature","geometry":{"type":"Polygon","coordinates":[[[50.2475161,53.4361933],[50.2475185,53.4362476],[50.2474194,53.4362491],[50.2474169,53.4361948],[50.2475161,53.4361933]]]},"properties":{"source_type":"ml"}},{"type":"Feature","geometry":{"type":"Polygon","coordinates":[[[50.2472977,53.4363963],[50.2473031,53.4364744],[50.2471826,53.4364774],[50.2471772,53.4363992],[50.2472977,53.4363963]]]},"properties":{"source_type":"ml"}},{"type":"Feature","geometry":{"type":"Polygon","coordinates":[[[50.2471606,53.4362751],[50.2471576,53.4362176],[50.2472488,53.4362159],[50.2472517,53.4362734],[50.2471606,53.4362751]]]},"properties":{"source_type":"ml"}},{"type":"Feature","geometry":{"type":"Polygon","coordinates":[[[50.2472369,53.4360047],[50.2472474,53.4360624],[50.2471599,53.4360681],[50.2471494,53.4360104],[50.2472369,53.4360047]]]},"properties":{"source_type":"ml"}},{"type":"Feature","geometry":{"type":"Polygon","coordinates":[[[50.2473769,53.4355309],[50.2472416,53.4355358],[50.2472377,53.4354984],[50.247373,53.4354935],[50.2473769,53.4355309]]]},"properties":{"source_type":"ml"}},{"type":"Feature","geometry":{"type":"Polygon","coordinates":[[[50.2474693,53.4354792],[50.2475283,53.4354783],[50.2475295,53.435507],[50.2474705,53.4355079],[50.2474693,53.4354792]]]},"properties":{"source_type":"ml"}},{"type":"Feature","geometry":{"type":"Polygon","coordinates":[[[50.2474999,53.4355379],[50.2474985,53.4355179],[50.2475691,53.4355161],[50.2475705,53.4355361],[50.2474999,53.4355379]]]},"properties":{"source_type":"ml"}},{"type":"Feature","geometry":{"type":"Polygon","coordinates":[[[50.2478973,53.4354949],[50.2479018,53.435566],[50.2478188,53.4355678],[50.2478143,53.4354967],[50.2478973,53.4354949]]]},"properties":{"source_type":"ml"}},{"type":"Feature","geometry":{"type":"Polygon","coordinates":[[[50.2477836,53.4355921],[50.2477767,53.4356219],[50.2477214,53.4356174],[50.2477283,53.4355876],[50.2477836,53.4355921]]]},"properties":{"source_type":"ml"}},{"type":"Feature","geometry":{"type":"Polygon","coordinates":[[[50.2478108,53.4362161],[50.2478145,53.4361475],[50.2478842,53.4361488],[50.2478805,53.4362174],[50.2478108,53.4362161]]]},"properties":{"source_type":"ml"}},{"type":"Feature","geometry":{"type":"Polygon","coordinates":[[[50.2479369,53.4359539],[50.2479471,53.4360237],[50.2478619,53.4360281],[50.2478517,53.4359584],[50.2479369,53.4359539]]]},"properties":{"source_type":"ml"}},{"type":"Feature","geometry":{"type":"Polygon","coordinates":[[[50.2478788,53.4363464],[50.2478761,53.436289],[50.2479565,53.4362876],[50.2479592,53.4363451],[50.2478788,53.4363464]]]},"properties":{"source_type":"ml"}},{"type":"Feature","geometry":{"type":"Polygon","coordinates":[[[50.2479956,53.4360457],[50.2481019,53.4360315],[50.2481239,53.43609],[50.2480176,53.4361042],[50.2479956,53.4360457]]]},"properties":{"source_type":"ml"}},{"type":"Feature","geometry":{"type":"Polygon","coordinates":[[[50.247907,53.4358571],[50.247999,53.4358548],[50.2480011,53.4358851],[50.2479091,53.4358874],[50.247907,53.4358571]]]},"properties":{"source_type":"ml"}},{"type":"Feature","geometry":{"type":"Polygon","coordinates":[[[50.2478995,53.4357872],[50.2479815,53.435785],[50.2479845,53.4358249],[50.2479024,53.4358271],[50.2478995,53.4357872]]]},"properties":{"source_type":"ml"}},{"type":"Feature","geometry":{"type":"Polygon","coordinates":[[[50.2478372,53.4354145],[50.2479402,53.4354036],[50.2479564,53.4354578],[50.2478533,53.4354687],[50.2478372,53.4354145]]]},"properties":{"source_type":"ml"}},{"type":"Feature","geometry":{"type":"Polygon","coordinates":[[[50.2481089,53.4356152],[50.2481059,53.4355698],[50.2482281,53.4355669],[50.2482311,53.4356123],[50.2481089,53.4356152]]]},"properties":{"source_type":"ml"}},{"type":"Feature","geometry":{"type":"Polygon","coordinates":[[[50.2481616,53.4356592],[50.2481754,53.4357139],[50.2481177,53.4357191],[50.2481039,53.4356644],[50.2481616,53.4356592]]]},"properties":{"source_type":"ml"}},{"type":"Feature","geometry":{"type":"Polygon","coordinates":[[[50.2482207,53.4357351],[50.248318,53.4357268],[50.2483253,53.4357572],[50.2482281,53.4357655],[50.2482207,53.4357351]]]},"properties":{"source_type":"ml"}},{"type":"Feature","geometry":{"type":"Polygon","coordinates":[[[50.2483273,53.4357601],[50.2483378,53.435804],[50.2482485,53.4358116],[50.248238,53.4357677],[50.2483273,53.4357601]]]},"properties":{"source_type":"ml"}},{"type":"Feature","geometry":{"type":"Polygon","coordinates":[[[50.2483926,53.4362741],[50.2483889,53.4362496],[50.2484671,53.4362454],[50.2484708,53.4362699],[50.2483926,53.4362741]]]},"properties":{"source_type":"ml"}},{"type":"Feature","geometry":{"type":"Polygon","coordinates":[[[50.248437,53.4361645],[50.2484547,53.4362339],[50.2483436,53.4362439],[50.2483259,53.4361745],[50.248437,53.4361645]]]},"properties":{"source_type":"ml"}},{"type":"Feature","geometry":{"type":"Polygon","coordinates":[[[50.2482787,53.4360755],[50.2483429,53.4360736],[50.2483485,53.4361382],[50.2482843,53.4361402],[50.2482787,53.4360755]]]},"properties":{"source_type":"ml"}},{"type":"Feature","geometry":{"type":"Polygon","coordinates":[[[50.2483297,53.4359368],[50.248334,53.435979],[50.2482414,53.4359824],[50.2482371,53.4359401],[50.2483297,53.4359368]]]},"properties":{"source_type":"ml"}},{"type":"Feature","geometry":{"type":"Polygon","coordinates":[[[50.2481823,53.4365012],[50.2482345,53.4364961],[50.2482492,53.436549],[50.2481969,53.4365541],[50.2481823,53.4365012]]]},"properties":{"source_type":"ml"}},{"type":"Feature","geometry":{"type":"Polygon","coordinates":[[[50.2480914,53.436753],[50.2480748,53.4366989],[50.2481786,53.4366875],[50.2481952,53.4367417],[50.2480914,53.436753]]]},"properties":{"source_type":"ml"}},{"type":"Feature","geometry":{"type":"Polygon","coordinates":[[[50.2481132,53.4367879],[50.248195,53.4367819],[50.2482019,53.4368149],[50.2481201,53.436821],[50.2481132,53.4367879]]]},"properties":{"source_type":"ml"}},{"type":"Feature","geometry":{"type":"Polygon","coordinates":[[[50.2482971,53.4366918],[50.2483359,53.4366842],[50.2483643,53.4367362],[50.2483255,53.4367438],[50.2482971,53.4366918]]]},"properties":{"source_type":"ml"}},{"type":"Feature","geometry":{"type":"Polygon","coordinates":[[[50.2481958,53.436687],[50.2482486,53.4366763],[50.2482745,53.4367214],[50.2482216,53.4367322],[50.2481958,53.436687]]]},"properties":{"source_type":"ml"}},{"type":"Feature","geometry":{"type":"Polygon","coordinates":[[[50.2483132,53.4366],[50.2483908,53.4365977],[50.2483954,53.4366519],[50.2483178,53.4366542],[50.2483132,53.4366]]]},"properties":{"source_type":"ml"}},{"type":"Feature","geometry":{"type":"Polygon","coordinates":[[[50.2483925,53.4365834],[50.248537,53.4365585],[50.2485897,53.436667],[50.2484451,53.4366919],[50.2483925,53.4365834]]]},"properties":{"source_type":"ml"}},{"type":"Feature","geometry":{"type":"Polygon","coordinates":[[[50.2484582,53.4369372],[50.2484733,53.4369867],[50.2483876,53.436996],[50.2483725,53.4369465],[50.2484582,53.4369372]]]},"properties":{"source_type":"ml"}},{"type":"Feature","geometry":{"type":"Polygon","coordinates":[[[50.2483126,53.4372275],[50.2484536,53.4372031],[50.2484859,53.4372694],[50.2483449,53.4372938],[50.2483126,53.4372275]]]},"properties":{"source_type":"ml"}},{"type":"Feature","geometry":{"type":"Polygon","coordinates":[[[50.247604,53.4367962],[50.2476965,53.4367741],[50.2477265,53.4368188],[50.2476341,53.4368409],[50.247604,53.4367962]]]},"properties":{"source_type":"ml"}},{"type":"Feature","geometry":{"type":"Polygon","coordinates":[[[50.247786,53.4372549],[50.247664,53.4372627],[50.2476519,53.4371956],[50.2477739,53.4371878],[50.247786,53.4372549]]]},"properties":{"source_type":"ml"}},{"type":"Feature","geometry":{"type":"Polygon","coordinates":[[[50.2486138,53.4395838],[50.2486112,53.4396221],[50.2485376,53.4396203],[50.2485402,53.439582],[50.2486138,53.4395838]]]},"properties":{"source_type":"ml"}},{"type":"Feature","geometry":{"type":"Polygon","coordinates":[[[50.2483163,53.437829],[50.2484347,53.4378169],[50.2484513,53.4378743],[50.2483328,53.4378864],[50.2483163,53.437829]]]},"properties":{"source_type":"ml"}},{"type":"Feature","geometry":{"type":"Polygon","coordinates":[[[50.2487031,53.4375339],[50.2487419,53.4376194],[50.2486905,53.4376277],[50.2486517,53.4375422],[50.2487031,53.4375339]]]},"properties":{"source_type":"ml"}},{"type":"Feature","geometry":{"type":"Polygon","coordinates":[[[50.2485551,53.4377759],[50.2486625,53.4377585],[50.2486931,53.4378254],[50.2485857,53.4378428],[50.2485551,53.4377759]]]},"properties":{"source_type":"ml"}},{"type":"Feature","geometry":{"type":"Polygon","coordinates":[[[50.2486409,53.4392725],[50.2485866,53.4392606],[50.2486101,53.4392226],[50.2486644,53.4392346],[50.2486409,53.4392725]]]},"properties":{"source_type":"ml"}},{"type":"Feature","geometry":{"type":"Polygon","coordinates":[[[50.2487519,53.4392711],[50.2488592,53.4392724],[50.2488576,53.4393187],[50.2489434,53.4393197],[50.2489415,53.4393763],[50.2487485,53.439374],[50.2487519,53.4392711]]]},"properties":{"source_type":"ml"}},{"type":"Feature","geometry":{"type":"Polygon","coordinates":[[[50.2492293,53.437539],[50.2493175,53.437524],[50.2493473,53.4375861],[50.2492591,53.4376011],[50.2492293,53.437539]]]},"properties":{"source_type":"ml"}},{"type":"Feature","geometry":{"type":"Polygon","coordinates":[[[50.249299,53.4376304],[50.2494182,53.4376223],[50.2494284,53.437676],[50.2493092,53.437684],[50.249299,53.4376304]]]},"properties":{"source_type":"ml"}},{"type":"Feature","geometry":{"type":"Polygon","coordinates":[[[50.2494985,53.4365344],[50.2495402,53.4365259],[50.2495595,53.4365594],[50.2495177,53.4365679],[50.2494985,53.4365344]]]},"properties":{"source_type":"ml"}},{"type":"Feature","geometry":{"type":"Polygon","coordinates":[[[50.2493781,53.4365664],[50.2494128,53.4366345],[50.2492875,53.4366572],[50.2492528,53.436589],[50.2493781,53.4365664]]]},"properties":{"source_type":"ml"}},{"type":"Feature","geometry":{"type":"Polygon","coordinates":[[[50.2493743,53.4366894],[50.2493763,53.4367069],[50.2492882,53.4367104],[50.2492862,53.4366929],[50.2493743,53.4366894]]]},"properties":{"source_type":"ml"}},{"type":"Feature","geometry":{"type":"Polygon","coordinates":[[[50.24907,53.4371815],[50.2491654,53.4371826],[50.2491639,53.4372305],[50.2490685,53.4372294],[50.24907,53.4371815]]]},"properties":{"source_type":"ml"}},{"type":"Feature","geometry":{"type":"Polygon","coordinates":[[[50.2491071,53.4373039],[50.2490966,53.4372842],[50.2491868,53.4372672],[50.2491973,53.4372869],[50.2491071,53.4373039]]]},"properties":{"source_type":"ml"}},{"type":"Feature","geometry":{"type":"Polygon","coordinates":[[[50.2489449,53.437521],[50.2490127,53.4375089],[50.2490289,53.4375411],[50.2489611,53.4375532],[50.2489449,53.437521]]]},"properties":{"source_type":"ml"}},{"type":"Feature","geometry":{"type":"Polygon","coordinates":[[[50.2487989,53.4371344],[50.2488678,53.43713],[50.2488763,53.4371774],[50.2488074,53.4371818],[50.2487989,53.4371344]]]},"properties":{"source_type":"ml"}},{"type":"Feature","geometry":{"type":"Polygon","coordinates":[[[50.2488076,53.4375553],[50.2487964,53.4375323],[50.2488608,53.4375212],[50.2488719,53.4375442],[50.2488076,53.4375553]]]},"properties":{"source_type":"ml"}},{"type":"Feature","geometry":{"type":"Polygon","coordinates":[[[50.2487807,53.4371468],[50.2487958,53.437176],[50.2487419,53.4371859],[50.2487268,53.4371567],[50.2487807,53.4371468]]]},"properties":{"source_type":"ml"}},{"type":"Feature","geometry":{"type":"Polygon","coordinates":[[[50.2486779,53.4369132],[50.2486533,53.4369176],[50.2486662,53.4369431],[50.2485886,53.4369571],[50.2485355,53.4368525],[50.2486377,53.4368341],[50.2486779,53.4369132]]]},"properties":{"source_type":"ml"}},{"type":"Feature","geometry":{"type":"Polygon","coordinates":[[[50.2487733,53.4364568],[50.248927,53.436441],[50.2489602,53.4365559],[50.2488064,53.4365716],[50.2487733,53.4364568]]]},"properties":{"source_type":"ml"}},{"type":"Feature","geometry":{"type":"Polygon","coordinates":[[[50.2488443,53.4366559],[50.2488292,53.4366311],[50.2489002,53.4366157],[50.2489154,53.4366405],[50.2488443,53.4366559]]]},"properties":{"source_type":"ml"}},{"type":"Feature","geometry":{"type":"Polygon","coordinates":[[[50.2488912,53.4369122],[50.2488767,53.4368332],[50.2489854,53.4368262],[50.2489998,53.4369051],[50.2488912,53.4369122]]]},"properties":{"source_type":"ml"}},{"type":"Feature","geometry":{"type":"Polygon","coordinates":[[[50.248935,53.4369815],[50.2489127,53.4369231],[50.2490005,53.4369113],[50.2490227,53.4369696],[50.248935,53.4369815]]]},"properties":{"source_type":"ml"}},{"type":"Feature","geometry":{"type":"Polygon","coordinates":[[[50.248983,53.4364318],[50.2489697,53.4363985],[50.2490509,53.436387],[50.2490642,53.4364202],[50.248983,53.4364318]]]},"properties":{"source_type":"ml"}},{"type":"Feature","geometry":{"type":"Polygon","coordinates":[[[50.2489353,53.4363605],[50.248931,53.4363239],[50.2490468,53.4363191],[50.2490511,53.4363557],[50.2489353,53.4363605]]]},"properties":{"source_type":"ml"}},{"type":"Feature","geometry":{"type":"Polygon","coordinates":[[[50.2489495,53.4360815],[50.2489483,53.4360464],[50.2490116,53.4360456],[50.2490129,53.4360807],[50.2489495,53.4360815]]]},"properties":{"source_type":"ml"}},{"type":"Feature","geometry":{"type":"Polygon","coordinates":[[[50.2488232,53.4359386],[50.2488184,53.4358774],[50.2489218,53.4358745],[50.2489266,53.4359358],[50.2488232,53.4359386]]]},"properties":{"source_type":"ml"}},{"type":"Feature","geometry":{"type":"Polygon","coordinates":[[[50.2486323,53.4364361],[50.2486112,53.4363757],[50.2486986,53.4363649],[50.2487197,53.4364253],[50.2486323,53.4364361]]]},"properties":{"source_type":"ml"}},{"type":"Feature","geometry":{"type":"Polygon","coordinates":[[[50.2486086,53.4360762],[50.2486068,53.436021],[50.2487168,53.4360197],[50.2487186,53.436075],[50.2486086,53.4360762]]]},"properties":{"source_type":"ml"}},{"type":"Feature","geometry":{"type":"Polygon","coordinates":[[[50.2487734,53.4359374],[50.2487721,53.4359054],[50.2488176,53.4359047],[50.248819,53.4359367],[50.2487734,53.4359374]]]},"properties":{"source_type":"ml"}},{"type":"Feature","geometry":{"type":"Polygon","coordinates":[[[50.2487678,53.435701],[50.2487704,53.4356428],[50.2488418,53.4356439],[50.2488392,53.4357021],[50.2487678,53.435701]]]},"properties":{"source_type":"ml"}},{"type":"Feature","geometry":{"type":"Polygon","coordinates":[[[50.2487085,53.4355288],[50.2487018,53.4355644],[50.2486435,53.4355605],[50.2486502,53.4355249],[50.2487085,53.4355288]]]},"properties":{"source_type":"ml"}},{"type":"Feature","geometry":{"type":"Polygon","coordinates":[[[50.2486334,53.4353302],[50.2487424,53.435324],[50.2487487,53.4353636],[50.2486397,53.4353698],[50.2486334,53.4353302]]]},"properties":{"source_type":"ml"}},{"type":"Feature","geometry":{"type":"Polygon","coordinates":[[[50.2487754,53.4355664],[50.248863,53.4355611],[50.2488687,53.4355943],[50.2487811,53.4355996],[50.2487754,53.4355664]]]},"properties":{"source_type":"ml"}},{"type":"Feature","geometry":{"type":"Polygon","coordinates":[[[50.2489937,53.4356615],[50.2490803,53.4356496],[50.2491026,53.4357073],[50.249016,53.4357192],[50.2489937,53.4356615]]]},"properties":{"source_type":"ml"}},{"type":"Feature","geometry":{"type":"Polygon","coordinates":[[[50.2490145,53.4355326],[50.2490024,53.4354711],[50.2490711,53.4354663],[50.2490833,53.4355277],[50.2490145,53.4355326]]]},"properties":{"source_type":"ml"}},{"type":"Feature","geometry":{"type":"Polygon","coordinates":[[[50.2491372,53.4359291],[50.2491293,53.4359094],[50.2492055,53.4358986],[50.2492133,53.4359183],[50.2491372,53.4359291]]]},"properties":{"source_type":"ml"}},{"type":"Feature","geometry":{"type":"Polygon","coordinates":[[[50.2492581,53.4360369],[50.2492779,53.436096],[50.2491499,53.4361112],[50.2491301,53.4360522],[50.2492581,53.4360369]]]},"properties":{"source_type":"ml"}},{"type":"Feature","geometry":{"type":"Polygon","coordinates":[[[50.2494815,53.4363486],[50.2494842,53.4364157],[50.2493716,53.4364173],[50.2493689,53.4363502],[50.2494815,53.4363486]]]},"properties":{"source_type":"ml"}},{"type":"Feature","geometry":{"type":"Polygon","coordinates":[[[50.2493655,53.4356721],[50.2494231,53.4356629],[50.2494358,53.4356913],[50.2493782,53.4357005],[50.2493655,53.4356721]]]},"properties":{"source_type":"ml"}},{"type":"Feature","geometry":{"type":"Polygon","coordinates":[[[50.2493347,53.4355724],[50.2493111,53.4355128],[50.2493898,53.4355017],[50.2494135,53.4355614],[50.2493347,53.4355724]]]},"properties":{"source_type":"ml"}},{"type":"Feature","geometry":{"type":"Polygon","coordinates":[[[50.2492865,53.4354265],[50.2492771,53.4353702],[50.2493514,53.4353658],[50.2493609,53.4354221],[50.2492865,53.4354265]]]},"properties":{"source_type":"ml"}},{"type":"Feature","geometry":{"type":"Polygon","coordinates":[[[50.2496162,53.435642],[50.249612,53.4355888],[50.2496806,53.4355868],[50.2496848,53.4356401],[50.2496162,53.435642]]]},"properties":{"source_type":"ml"}},{"type":"Feature","geometry":{"type":"Polygon","coordinates":[[[50.2495763,53.4358631],[50.2495481,53.4357294],[50.2496114,53.4357247],[50.2496141,53.4357373],[50.2497329,53.4357284],[50.2497585,53.4358495],[50.2495763,53.4358631]]]},"properties":{"source_type":"ml"}},{"type":"Feature","geometry":{"type":"Polygon","coordinates":[[[50.2499107,53.4354263],[50.2497722,53.4354257],[50.249773,53.435365],[50.2499114,53.4353656],[50.2499107,53.4354263]]]},"properties":{"source_type":"ml"}},{"type":"Feature","geometry":{"type":"Polygon","coordinates":[[[50.2499287,53.4355098],[50.2499391,53.4355666],[50.2498517,53.4355723],[50.2498413,53.4355155],[50.2499287,53.4355098]]]},"properties":{"source_type":"ml"}},{"type":"Feature","geometry":{"type":"Polygon","coordinates":[[[50.2499847,53.4359487],[50.2500625,53.4359477],[50.2500655,53.436034],[50.2499877,53.4360349],[50.2499847,53.4359487]]]},"properties":{"source_type":"ml"}},{"type":"Feature","geometry":{"type":"Polygon","coordinates":[[[50.2499989,53.4363585],[50.2500447,53.4363472],[50.2500627,53.4363731],[50.2500169,53.4363844],[50.2499989,53.4363585]]]},"properties":{"source_type":"ml"}},{"type":"Feature","geometry":{"type":"Polygon","coordinates":[[[50.2496902,53.435953],[50.2497609,53.4359523],[50.2497629,53.4360226],[50.2496922,53.4360233],[50.2496902,53.435953]]]},"properties":{"source_type":"ml"}},{"type":"Feature","geometry":{"type":"Polygon","coordinates":[[[50.2496583,53.436609],[50.2496874,53.4366661],[50.2496447,53.4366738],[50.2496156,53.4366167],[50.2496583,53.436609]]]},"properties":{"source_type":"ml"}},{"type":"Feature","geometry":{"type":"Polygon","coordinates":[[[50.2497202,53.437023],[50.2496984,53.4369789],[50.2497527,53.4369694],[50.2497745,53.4370135],[50.2497202,53.437023]]]},"properties":{"source_type":"ml"}},{"type":"Feature","geometry":{"type":"Polygon","coordinates":[[[50.2496243,53.4368854],[50.2497229,53.4368766],[50.24974,53.4369444],[50.2496414,53.4369532],[50.2496243,53.4368854]]]},"properties":{"source_type":"ml"}},{"type":"Feature","geometry":{"type":"Polygon","coordinates":[[[50.2496046,53.4367128],[50.2496344,53.4367696],[50.2495464,53.436786],[50.2495166,53.4367292],[50.2496046,53.4367128]]]},"properties":{"source_type":"ml"}},{"type":"Feature","geometry":{"type":"Polygon","coordinates":[[[50.2496045,53.4369241],[50.2496234,53.4369533],[50.2495777,53.4369638],[50.2495588,53.4369346],[50.2496045,53.4369241]]]},"properties":{"source_type":"ml"}},{"type":"Feature","geometry":{"type":"Polygon","coordinates":[[[50.2496407,53.4373963],[50.2497018,53.4373861],[50.2497123,53.4374084],[50.2496512,53.4374185],[50.2496407,53.4373963]]]},"properties":{"source_type":"ml"}},{"type":"Feature","geometry":{"type":"Polygon","coordinates":[[[50.2497779,53.4372316],[50.2497981,53.4372982],[50.2497176,53.4373069],[50.2496974,53.4372403],[50.2497779,53.4372316]]]},"properties":{"source_type":"ml"}},{"type":"Feature","geometry":{"type":"Polygon","coordinates":[[[50.2499182,53.4374747],[50.2498925,53.4374062],[50.2499844,53.437394],[50.2500101,53.4374625],[50.2499182,53.4374747]]]},"properties":{"source_type":"ml"}},{"type":"Feature","geometry":{"type":"Polygon","coordinates":[[[50.2498715,53.4364979],[50.2498759,53.4365617],[50.2497849,53.436564],[50.2497804,53.4365002],[50.2498715,53.4364979]]]},"properties":{"source_type":"ml"}},{"type":"Feature","geometry":{"type":"Polygon","coordinates":[[[50.2500236,53.4367063],[50.2499544,53.4367096],[50.2499573,53.4367309],[50.2498443,53.4367364],[50.2498338,53.4366595],[50.2499574,53.4366535],[50.2499612,53.4366812],[50.2500198,53.4366783],[50.2500236,53.4367063]]]},"properties":{"source_type":"ml"}},{"type":"Feature","geometry":{"type":"Polygon","coordinates":[[[50.2499503,53.4365622],[50.2500337,53.4365471],[50.2500554,53.4365895],[50.2499719,53.4366046],[50.2499503,53.4365622]]]},"properties":{"source_type":"ml"}},{"type":"Feature","geometry":{"type":"Polygon","coordinates":[[[50.2499926,53.4369543],[50.2499786,53.4369162],[50.2501116,53.4368988],[50.2501526,53.4370101],[50.2500374,53.4370252],[50.2500105,53.436952],[50.2499926,53.4369543]]]},"properties":{"source_type":"ml"}},{"type":"Feature","geometry":{"type":"Polygon","coordinates":[[[50.2501905,53.4372591],[50.2502187,53.4373286],[50.2501224,53.4373424],[50.2500942,53.437273],[50.2501905,53.4372591]]]},"properties":{"source_type":"ml"}},{"type":"Feature","geometry":{"type":"Polygon","coordinates":[[[50.2504138,53.437043],[50.250433,53.4370948],[50.2503537,53.4371052],[50.2503345,53.4370534],[50.2504138,53.437043]]]},"properties":{"source_type":"ml"}},{"type":"Feature","geometry":{"type":"Polygon","coordinates":[[[50.2502519,53.4374831],[50.2502327,53.4374353],[50.2503189,53.437423],[50.2503382,53.4374707],[50.2502519,53.4374831]]]},"properties":{"source_type":"ml"}},{"type":"Feature","geometry":{"type":"Polygon","coordinates":[[[50.2503146,53.4374843],[50.2503275,53.4375132],[50.2502513,53.4375253],[50.2502384,53.4374964],[50.2503146,53.4374843]]]},"properties":{"source_type":"ml"}},{"type":"Feature","geometry":{"type":"Polygon","coordinates":[[[50.2503744,53.4374325],[50.2503664,53.4374095],[50.2504861,53.4373947],[50.2504941,53.4374177],[50.2503744,53.4374325]]]},"properties":{"source_type":"ml"}},{"type":"Feature","geometry":{"type":"Polygon","coordinates":[[[50.2504589,53.4372441],[50.2504561,53.4372097],[50.2505123,53.4372081],[50.2505151,53.4372425],[50.2504589,53.4372441]]]},"properties":{"source_type":"ml"}},{"type":"Feature","geometry":{"type":"Polygon","coordinates":[[[50.2504346,53.4371709],[50.2504955,53.4371667],[50.2505021,53.4372008],[50.2504412,53.437205],[50.2504346,53.4371709]]]},"properties":{"source_type":"ml"}},{"type":"Feature","geometry":{"type":"Polygon","coordinates":[[[50.2502849,53.4369807],[50.2502466,53.4369629],[50.2502817,53.4369361],[50.25032,53.4369539],[50.2502849,53.4369807]]]},"properties":{"source_type":"ml"}},{"type":"Feature","geometry":{"type":"Polygon","coordinates":[[[50.2503123,53.4367692],[50.250365,53.436765],[50.250382,53.4368403],[50.2503293,53.4368446],[50.2503123,53.4367692]]]},"properties":{"source_type":"ml"}},{"type":"Feature","geometry":{"type":"Polygon","coordinates":[[[50.2502487,53.4365277],[50.2502854,53.43652],[50.2503057,53.4365541],[50.250269,53.4365618],[50.2502487,53.4365277]]]},"properties":{"source_type":"ml"}},{"type":"Feature","geometry":{"type":"Polygon","coordinates":[[[50.2504292,53.4364823],[50.2503857,53.4364188],[50.2504823,53.4363953],[50.2505258,53.4364589],[50.2504292,53.4364823]]]},"properties":{"source_type":"ml"}},{"type":"Feature","geometry":{"type":"Polygon","coordinates":[[[50.2503572,53.4362271],[50.2504671,53.4362093],[50.2504989,53.4362792],[50.250389,53.436297],[50.2503572,53.4362271]]]},"properties":{"source_type":"ml"}},{"type":"Feature","geometry":{"type":"Polygon","coordinates":[[[50.2501855,53.4356554],[50.2501754,53.4356099],[50.2502149,53.4356068],[50.2502251,53.4356523],[50.2501855,53.4356554]]]},"properties":{"source_type":"ml"}},{"type":"Feature","geometry":{"type":"Polygon","coordinates":[[[50.2500884,53.4353878],[50.2501301,53.4353802],[50.2501511,53.4354212],[50.2501093,53.4354288],[50.2500884,53.4353878]]]},"properties":{"source_type":"ml"}},{"type":"Feature","geometry":{"type":"Polygon","coordinates":[[[50.2502735,53.4357886],[50.25026,53.4357404],[50.2503382,53.4357326],[50.2503518,53.4357808],[50.2502735,53.4357886]]]},"properties":{"source_type":"ml"}},{"type":"Feature","geometry":{"type":"Polygon","coordinates":[[[50.2504803,53.435667],[50.250481,53.435683],[50.2505667,53.4356817],[50.2505682,53.4357175],[50.2504315,53.4357195],[50.2504294,53.4356678],[50.2504803,53.435667]]]},"properties":{"source_type":"ml"}},{"type":"Feature","geometry":{"type":"Polygon","coordinates":[[[50.2504039,53.4354814],[50.2504859,53.4354755],[50.2504973,53.4355322],[50.2504153,53.4355381],[50.2504039,53.4354814]]]},"properties":{"source_type":"ml"}},{"type":"Feature","geometry":{"type":"Polygon","coordinates":[[[50.2504403,53.4353125],[50.250444,53.4353763],[50.2503476,53.4353783],[50.2503438,53.4353145],[50.2504403,53.4353125]]]},"properties":{"source_type":"ml"}},{"type":"Feature","geometry":{"type":"Polygon","coordinates":[[[50.2505786,53.4355658],[50.250584,53.4355942],[50.2505063,53.4355995],[50.2505009,53.4355711],[50.2505786,53.4355658]]]},"properties":{"source_type":"ml"}},{"type":"Feature","geometry":{"type":"Polygon","coordinates":[[[50.2507164,53.4355323],[50.2507045,53.4354698],[50.2507866,53.4354643],[50.2507985,53.4355268],[50.2507164,53.4355323]]]},"properties":{"source_type":"ml"}},{"type":"Feature","geometry":{"type":"Polygon","coordinates":[[[50.2505019,53.4357544],[50.2505019,53.4357208],[50.2506253,53.4357208],[50.2506253,53.4357544],[50.2505019,53.4357544]]]},"properties":{"source_type":"ml"}},{"type":"Feature","geometry":{"type":"Polygon","coordinates":[[[50.2505198,53.4359464],[50.2505026,53.4358875],[50.2505772,53.4358798],[50.2505944,53.4359387],[50.2505198,53.4359464]]]},"properties":{"source_type":"ml"}},{"type":"Feature","geometry":{"type":"Polygon","coordinates":[[[50.2508036,53.4360743],[50.2508167,53.4361042],[50.2507675,53.4361118],[50.2507543,53.4360819],[50.2508036,53.4360743]]]},"properties":{"source_type":"ml"}},{"type":"Feature","geometry":{"type":"Polygon","coordinates":[[[50.2508689,53.4363334],[50.2508884,53.4363858],[50.2507555,53.4364034],[50.250736,53.436351],[50.2508689,53.4363334]]]},"properties":{"source_type":"ml"}},{"type":"Feature","geometry":{"type":"Polygon","coordinates":[[[50.2508574,53.4357907],[50.2508672,53.4358363],[50.2507695,53.4358437],[50.2507598,53.4357981],[50.2508574,53.4357907]]]},"properties":{"source_type":"ml"}},{"type":"Feature","geometry":{"type":"Polygon","coordinates":[[[50.2508415,53.4358618],[50.2508656,53.435911],[50.2508112,53.4359204],[50.2507871,53.4358713],[50.2508415,53.4358618]]]},"properties":{"source_type":"ml"}},{"type":"Feature","geometry":{"type":"Polygon","coordinates":[[[50.2507455,53.4355641],[50.2508629,53.4355591],[50.2508703,53.4356195],[50.2507529,53.4356245],[50.2507455,53.4355641]]]},"properties":{"source_type":"ml"}},{"type":"Feature","geometry":{"type":"Polygon","coordinates":[[[50.250965,53.435367],[50.2508982,53.4353644],[50.2509016,53.4353342],[50.2509683,53.4353368],[50.250965,53.435367]]]},"properties":{"source_type":"ml"}},{"type":"Feature","geometry":{"type":"Polygon","coordinates":[[[50.2511214,53.4354283],[50.2511485,53.4355042],[50.2510612,53.4355152],[50.2510342,53.4354393],[50.2511214,53.4354283]]]},"properties":{"source_type":"ml"}},{"type":"Feature","geometry":{"type":"Polygon","coordinates":[[[50.2509687,53.4356515],[50.2510527,53.4356534],[50.2510494,53.435707],[50.2509654,53.4357052],[50.2509687,53.4356515]]]},"properties":{"source_type":"ml"}},{"type":"Feature","geometry":{"type":"Polygon","coordinates":[[[50.2510682,53.435704],[50.251059,53.4356713],[50.2511242,53.4356648],[50.2511334,53.4356974],[50.2510682,53.435704]]]},"properties":{"source_type":"ml"}},{"type":"Feature","geometry":{"type":"Polygon","coordinates":[[[50.2513451,53.4355666],[50.2513467,53.4356081],[50.2512324,53.4356097],[50.2512308,53.4355681],[50.2513451,53.4355666]]]},"properties":{"source_type":"ml"}},{"type":"Feature","geometry":{"type":"Polygon","coordinates":[[[50.2514783,53.4357501],[50.2515074,53.4358054],[50.2514074,53.4358241],[50.2513928,53.4357965],[50.2514318,53.4357892],[50.2514172,53.4357615],[50.2514783,53.4357501]]]},"properties":{"source_type":"ml"}},{"type":"Feature","geometry":{"type":"Polygon","coordinates":[[[50.2513899,53.4357902],[50.2513994,53.435826],[50.2512765,53.4358377],[50.2512815,53.4358564],[50.2511166,53.435872],[50.2510967,53.4357972],[50.251251,53.4357826],[50.2512564,53.4358028],[50.2513899,53.4357902]]]},"properties":{"source_type":"ml"}},{"type":"Feature","geometry":{"type":"Polygon","coordinates":[[[50.251381,53.4362703],[50.2513728,53.4362391],[50.2514497,53.4362319],[50.251458,53.4362631],[50.251381,53.4362703]]]},"properties":{"source_type":"ml"}},{"type":"Feature","geometry":{"type":"Polygon","coordinates":[[[50.2514096,53.4363499],[50.251507,53.4363291],[50.2515343,53.4363744],[50.2514369,53.4363952],[50.2514096,53.4363499]]]},"properties":{"source_type":"ml"}},{"type":"Feature","geometry":{"type":"Polygon","coordinates":[[[50.2511528,53.4363634],[50.2512094,53.4363583],[50.2512202,53.4364005],[50.2511635,53.4364056],[50.2511528,53.4363634]]]},"properties":{"source_type":"ml"}},{"type":"Feature","geometry":{"type":"Polygon","coordinates":[[[50.2510359,53.4360302],[50.2510089,53.4359916],[50.2511118,53.4359661],[50.2511898,53.4360777],[50.2510572,53.4361106],[50.2510062,53.4360376],[50.2510359,53.4360302]]]},"properties":{"source_type":"ml"}},{"type":"Feature","geometry":{"type":"Polygon","coordinates":[[[50.2509351,53.4369258],[50.2509904,53.4369212],[50.2509769,53.4368626],[50.2510769,53.4368544],[50.2510957,53.436936],[50.2509404,53.4369487],[50.2509351,53.4369258]]]},"properties":{"source_type":"ml"}},{"type":"Feature","geometry":{"type":"Polygon","coordinates":[[[50.2511176,53.4365164],[50.2511023,53.4364619],[50.2511415,53.4364581],[50.2511567,53.4365125],[50.2511176,53.4365164]]]},"properties":{"source_type":"ml"}},{"type":"Feature","geometry":{"type":"Polygon","coordinates":[[[50.2513899,53.4368452],[50.2513669,53.4368088],[50.2514209,53.4367967],[50.2514439,53.436833],[50.2513899,53.4368452]]]},"properties":{"source_type":"ml"}},{"type":"Feature","geometry":{"type":"Polygon","coordinates":[[[50.2513127,53.4368079],[50.2513594,53.4368028],[50.2513975,53.4369258],[50.2513067,53.4369358],[50.2512876,53.436874],[50.2513317,53.4368691],[50.2513127,53.4368079]]]},"properties":{"source_type":"ml"}},{"type":"Feature","geometry":{"type":"Polygon","coordinates":[[[50.2512401,53.4370892],[50.2513225,53.4370759],[50.2513424,53.4371196],[50.25126,53.4371329],[50.2512401,53.4370892]]]},"properties":{"source_type":"ml"}},{"type":"Feature","geometry":{"type":"Polygon","coordinates":[[[50.2512784,53.4372888],[50.2512727,53.4372713],[50.2513607,53.4372612],[50.2513663,53.4372787],[50.2512784,53.4372888]]]},"properties":{"source_type":"ml"}},{"type":"Feature","geometry":{"type":"Polygon","coordinates":[[[50.2513708,53.4370368],[50.251366,53.4369816],[50.2514099,53.4369802],[50.2514147,53.4370354],[50.2513708,53.4370368]]]},"properties":{"source_type":"ml"}},{"type":"Feature","geometry":{"type":"Polygon","coordinates":[[[50.2512917,53.4374993],[50.2512625,53.4374406],[50.2513648,53.4374226],[50.2513939,53.4374814],[50.2512917,53.4374993]]]},"properties":{"source_type":"ml"}},{"type":"Feature","geometry":{"type":"Polygon","coordinates":[[[50.2512729,53.4373716],[50.2512868,53.4374148],[50.2512091,53.4374236],[50.2511953,53.4373805],[50.2512729,53.4373716]]]},"properties":{"source_type":"ml"}},{"type":"Feature","geometry":{"type":"Polygon","coordinates":[[[50.2511653,53.437263],[50.2511328,53.4372074],[50.2512381,53.4371856],[50.2512706,53.4372412],[50.2511653,53.437263]]]},"properties":{"source_type":"ml"}},{"type":"Feature","geometry":{"type":"Polygon","coordinates":[[[50.2510597,53.4371024],[50.251034,53.4370199],[50.2511481,53.4370073],[50.2511738,53.4370897],[50.2510597,53.4371024]]]},"properties":{"source_type":"ml"}},{"type":"Feature","geometry":{"type":"Polygon","coordinates":[[[50.2510624,53.437486],[50.2510662,53.4375316],[50.2509833,53.4375341],[50.2509794,53.4374885],[50.2510624,53.437486]]]},"properties":{"source_type":"ml"}},{"type":"Feature","geometry":{"type":"Polygon","coordinates":[[[50.2508954,53.4373241],[50.2509992,53.4373187],[50.2510071,53.4373726],[50.2509033,53.437378],[50.2508954,53.4373241]]]},"properties":{"source_type":"ml"}},{"type":"Feature","geometry":{"type":"Polygon","coordinates":[[[50.2508477,53.4371257],[50.250843,53.43707],[50.2509125,53.4370679],[50.2509172,53.4371237],[50.2508477,53.4371257]]]},"properties":{"source_type":"ml"}},{"type":"Feature","geometry":{"type":"Polygon","coordinates":[[[50.2509382,53.4371428],[50.2509635,53.4372012],[50.250873,53.4372151],[50.2508477,53.4371567],[50.2509382,53.4371428]]]},"properties":{"source_type":"ml"}},{"type":"Feature","geometry":{"type":"Polygon","coordinates":[[[50.2509183,53.4367353],[50.2509038,53.4366758],[50.2510126,53.4366665],[50.251027,53.4367259],[50.2509183,53.4367353]]]},"properties":{"source_type":"ml"}},{"type":"Feature","geometry":{"type":"Polygon","coordinates":[[[50.2507946,53.4365101],[50.2509252,53.4364933],[50.2509535,53.4365711],[50.2508229,53.436588],[50.2507946,53.4365101]]]},"properties":{"source_type":"ml"}},{"type":"Feature","geometry":{"type":"Polygon","coordinates":[[[50.250704,53.4369835],[50.2506776,53.4369342],[50.2507882,53.4369132],[50.2508146,53.4369626],[50.250704,53.4369835]]]},"properties":{"source_type":"ml"}},{"type":"Feature","geometry":{"type":"Polygon","coordinates":[[[50.2505626,53.4367188],[50.2506829,53.4367073],[50.2507075,53.4367986],[50.2505872,53.4368101],[50.2505626,53.4367188]]]},"properties":{"source_type":"ml"}},{"type":"Feature","geometry":{"type":"Polygon","coordinates":[[[50.2507344,53.4364869],[50.2507111,53.4364364],[50.2507734,53.4364262],[50.2507967,53.4364767],[50.2507344,53.4364869]]]},"properties":{"source_type":"ml"}},{"type":"Feature","geometry":{"type":"Polygon","coordinates":[[[50.2505776,53.4365375],[50.2505971,53.4366228],[50.2504855,53.4366319],[50.250466,53.4365465],[50.2505776,53.4365375]]]},"properties":{"source_type":"ml"}},{"type":"Feature","geometry":{"type":"Polygon","coordinates":[[[50.2505143,53.4372041],[50.2504962,53.4371632],[50.2505439,53.4371557],[50.250562,53.4371966],[50.2505143,53.4372041]]]},"properties":{"source_type":"ml"}},{"type":"Feature","geometry":{"type":"Polygon","coordinates":[[[50.2506083,53.4373895],[50.2506008,53.4373648],[50.2506787,53.4373564],[50.2506863,53.4373811],[50.2506083,53.4373895]]]},"properties":{"source_type":"ml"}},{"type":"Feature","geometry":{"type":"Polygon","coordinates":[[[50.2506659,53.4374983],[50.250696,53.4375495],[50.250622,53.437565],[50.2505918,53.4375137],[50.2506659,53.4374983]]]},"properties":{"source_type":"ml"}},{"type":"Feature","geometry":{"type":"Polygon","coordinates":[[[50.2512128,53.4376334],[50.2512452,53.4377286],[50.2510469,53.4377526],[50.2510272,53.4376948],[50.2511417,53.437681],[50.251129,53.4376436],[50.2512128,53.4376334]]]},"properties":{"source_type":"ml"}},{"type":"Feature","geometry":{"type":"Polygon","coordinates":[[[50.2512676,53.4376032],[50.2513259,53.4375949],[50.2513391,53.4376276],[50.2512807,53.4376359],[50.2512676,53.4376032]]]},"properties":{"source_type":"ml"}},{"type":"Feature","geometry":{"type":"Polygon","coordinates":[[[50.2511514,53.4392304],[50.2511243,53.4391906],[50.2511796,53.4391773],[50.2512067,53.4392171],[50.2511514,53.4392304]]]},"properties":{"source_type":"ml"}},{"type":"Feature","geometry":{"type":"Polygon","coordinates":[[[50.2513922,53.4392336],[50.2514109,53.4392771],[50.251309,53.4392927],[50.2512903,53.4392492],[50.2513922,53.4392336]]]},"properties":{"source_type":"ml"}},{"type":"Feature","geometry":{"type":"Polygon","coordinates":[[[50.2512957,53.4396629],[50.2513935,53.4396424],[50.2514221,53.4396907],[50.2513243,53.4397112],[50.2512957,53.4396629]]]},"properties":{"source_type":"ml"}},{"type":"Feature","geometry":{"type":"Polygon","coordinates":[[[50.2513074,53.4398031],[50.2512909,53.4397746],[50.2513388,53.4397647],[50.2513554,53.4397933],[50.2513074,53.4398031]]]},"properties":{"source_type":"ml"}},{"type":"Feature","geometry":{"type":"Polygon","coordinates":[[[50.2511552,53.4392466],[50.2512413,53.4392358],[50.2512499,53.4392603],[50.2511639,53.4392711],[50.2511552,53.4392466]]]},"properties":{"source_type":"ml"}},{"type":"Feature","geometry":{"type":"Polygon","coordinates":[[[50.2510292,53.4392973],[50.2511394,53.4392875],[50.2511504,53.4393312],[50.2510402,53.439341],[50.2510292,53.4392973]]]},"properties":{"source_type":"ml"}},{"type":"Feature","geometry":{"type":"Polygon","coordinates":[[[50.2509169,53.4394947],[50.2509424,53.439553],[50.2508897,53.4395612],[50.2508641,53.4395029],[50.2509169,53.4394947]]]},"properties":{"source_type":"ml"}},{"type":"Feature","geometry":{"type":"Polygon","coordinates":[[[50.2508711,53.4397378],[50.2509034,53.4397282],[50.2509323,53.4397629],[50.2509,53.4397724],[50.2508711,53.4397378]]]},"properties":{"source_type":"ml"}},{"type":"Feature","geometry":{"type":"Polygon","coordinates":[[[50.2508531,53.4393747],[50.2508874,53.4394305],[50.25082,53.4394452],[50.2507856,53.4393894],[50.2508531,53.4393747]]]},"properties":{"source_type":"ml"}},{"type":"Feature","geometry":{"type":"Polygon","coordinates":[[[50.2510104,53.4391299],[50.2510482,53.4391957],[50.2509761,53.4392104],[50.2509384,53.4391446],[50.2510104,53.4391299]]]},"properties":{"source_type":"ml"}},{"type":"Feature","geometry":{"type":"Polygon","coordinates":[[[50.2509559,53.4391289],[50.2509374,53.439097],[50.2510224,53.4390794],[50.251041,53.4391114],[50.2509559,53.4391289]]]},"properties":{"source_type":"ml"}},{"type":"Feature","geometry":{"type":"Polygon","coordinates":[[[50.2507434,53.4391398],[50.250755,53.4391658],[50.2507048,53.4391737],[50.2506933,53.4391477],[50.2507434,53.4391398]]]},"properties":{"source_type":"ml"}},{"type":"Feature","geometry":{"type":"Polygon","coordinates":[[[50.2506935,53.4394634],[50.250727,53.4395465],[50.250604,53.4395641],[50.2505705,53.439481],[50.2506935,53.4394634]]]},"properties":{"source_type":"ml"}},{"type":"Feature","geometry":{"type":"Polygon","coordinates":[[[50.2503886,53.4393321],[50.2503805,53.4392976],[50.2504568,53.4392913],[50.2504649,53.4393258],[50.2503886,53.4393321]]]},"properties":{"source_type":"ml"}},{"type":"Feature","geometry":{"type":"Polygon","coordinates":[[[50.2503582,53.4393872],[50.2502945,53.4393755],[50.2503233,53.4393201],[50.250387,53.4393318],[50.2503582,53.4393872]]]},"properties":{"source_type":"ml"}},{"type":"Feature","geometry":{"type":"Polygon","coordinates":[[[50.2504496,53.4375813],[50.2504685,53.4376415],[50.2503364,53.4376562],[50.2503175,53.437596],[50.2504496,53.4375813]]]},"properties":{"source_type":"ml"}},{"type":"Feature","geometry":{"type":"Polygon","coordinates":[[[50.2503648,53.4378327],[50.2503378,53.4377996],[50.2504137,53.4377776],[50.2504407,53.4378107],[50.2503648,53.4378327]]]},"properties":{"source_type":"ml"}},{"type":"Feature","geometry":{"type":"Polygon","coordinates":[[[50.2500224,53.4376442],[50.2500175,53.437582],[50.2500978,53.4375798],[50.2501027,53.4376419],[50.2500224,53.4376442]]]},"properties":{"source_type":"ml"}},{"type":"Feature","geometry":{"type":"Polygon","coordinates":[[[50.2499503,53.4378409],[50.2499117,53.4378456],[50.2499169,53.437861],[50.2498268,53.4378719],[50.2498084,53.4378182],[50.2499372,53.4378026],[50.2499503,53.4378409]]]},"properties":{"source_type":"ml"}},{"type":"Feature","geometry":{"type":"Polygon","coordinates":[[[50.249745,53.4377041],[50.2497349,53.4376504],[50.2498209,53.4376447],[50.2498309,53.4376984],[50.249745,53.4377041]]]},"properties":{"source_type":"ml"}},{"type":"Feature","geometry":{"type":"Polygon","coordinates":[[[50.2496001,53.4379337],[50.2495783,53.4378726],[50.2496681,53.4378612],[50.2496899,53.4379223],[50.2496001,53.4379337]]]},"properties":{"source_type":"ml"}},{"type":"Feature","geometry":{"type":"Polygon","coordinates":[[[50.2499089,53.4398716],[50.2499532,53.4398614],[50.2499405,53.4398419],[50.2500362,53.4398199],[50.2500741,53.4398782],[50.2499342,53.4399105],[50.2499089,53.4398716]]]},"properties":{"source_type":"ml"}},{"type":"Feature","geometry":{"type":"Polygon","coordinates":[[[50.2498756,53.4403381],[50.2498449,53.4402559],[50.2499471,53.4402423],[50.2499778,53.4403245],[50.2498756,53.4403381]]]},"properties":{"source_type":"ml"}},{"type":"Feature","geometry":{"type":"Polygon","coordinates":[[[50.2498188,53.4408142],[50.2498168,53.4407806],[50.2498929,53.440779],[50.2498949,53.4408125],[50.2498188,53.4408142]]]},"properties":{"source_type":"ml"}},{"type":"Feature","geometry":{"type":"Polygon","coordinates":[[[50.2496524,53.4412851],[50.2496287,53.4412491],[50.2496658,53.4412405],[50.2496896,53.4412764],[50.2496524,53.4412851]]]},"properties":{"source_type":"ml"}},{"type":"Feature","geometry":{"type":"Polygon","coordinates":[[[50.2495791,53.4418064],[50.249644,53.4418547],[50.2496025,53.4418745],[50.2495376,53.4418262],[50.2495791,53.4418064]]]},"properties":{"source_type":"ml"}},{"type":"Feature","geometry":{"type":"Polygon","coordinates":[[[50.2497411,53.4417704],[50.2497879,53.4417605],[50.2498081,53.4417946],[50.2497614,53.4418044],[50.2497411,53.4417704]]]},"properties":{"source_type":"ml"}},{"type":"Feature","geometry":{"type":"Polygon","coordinates":[[[50.2498935,53.4417654],[50.2499774,53.4418273],[50.2498655,53.4418812],[50.2497816,53.4418193],[50.2498935,53.4417654]]]},"properties":{"source_type":"ml"}},{"type":"Feature","geometry":{"type":"Polygon","coordinates":[[[50.2498845,53.4412584],[50.2498227,53.4411882],[50.2499321,53.4411541],[50.2499939,53.4412243],[50.2498845,53.4412584]]]},"properties":{"source_type":"ml"}},{"type":"Feature","geometry":{"type":"Polygon","coordinates":[[[50.2497512,53.4410582],[50.2498418,53.4410463],[50.2498547,53.4410814],[50.2497641,53.4410932],[50.2497512,53.4410582]]]},"properties":{"source_type":"ml"}},{"type":"Feature","geometry":{"type":"Polygon","coordinates":[[[50.2501862,53.4415037],[50.2501254,53.4415257],[50.2501408,53.4415409],[50.250069,53.4415668],[50.2500103,53.4415091],[50.2501429,53.4414612],[50.2501862,53.4415037]]]},"properties":{"source_type":"ml"}},{"type":"Feature","geometry":{"type":"Polygon","coordinates":[[[50.2500214,53.4420017],[50.2499731,53.4419654],[50.2500685,53.4419203],[50.2501168,53.4419566],[50.2500214,53.4420017]]]},"properties":{"source_type":"ml"}},{"type":"Feature","geometry":{"type":"Polygon","coordinates":[[[50.2503427,53.4414637],[50.250372,53.441455],[50.2503938,53.4414811],[50.2502528,53.441523],[50.2501935,53.4414521],[50.2503053,53.4414189],[50.2503427,53.4414637]]]},"properties":{"source_type":"ml"}},{"type":"Feature","geometry":{"type":"Polygon","coordinates":[[[50.2503841,53.4415233],[50.250431,53.4415706],[50.2503905,53.4415849],[50.2503435,53.4415375],[50.2503841,53.4415233]]]},"properties":{"source_type":"ml"}},{"type":"Feature","geometry":{"type":"Polygon","coordinates":[[[50.2504202,53.4416442],[50.250463,53.4416757],[50.2503619,53.4417244],[50.2503191,53.441693],[50.2504202,53.4416442]]]},"properties":{"source_type":"ml"}},{"type":"Feature","geometry":{"type":"Polygon","coordinates":[[[50.250234,53.4418111],[50.2502875,53.4417942],[50.2503739,53.4418908],[50.2502736,53.4419226],[50.250199,53.4418392],[50.2502458,53.4418244],[50.250234,53.4418111]]]},"properties":{"source_type":"ml"}},{"type":"Feature","geometry":{"type":"Polygon","coordinates":[[[50.2503459,53.4419226],[50.2503961,53.44196],[50.2503437,53.4419849],[50.2502935,53.4419475],[50.2503459,53.4419226]]]},"properties":{"source_type":"ml"}},{"type":"Feature","geometry":{"type":"Polygon","coordinates":[[[50.2503488,53.4416619],[50.2503291,53.4416392],[50.2504394,53.4416054],[50.2504591,53.4416281],[50.2503488,53.4416619]]]},"properties":{"source_type":"ml"}},{"type":"Feature","geometry":{"type":"Polygon","coordinates":[[[50.2503024,53.4406114],[50.2504035,53.4405887],[50.2504459,53.4406559],[50.2503449,53.4406785],[50.2503024,53.4406114]]]},"properties":{"source_type":"ml"}},{"type":"Feature","geometry":{"type":"Polygon","coordinates":[[[50.2500812,53.4407706],[50.2500689,53.4407404],[50.2502359,53.4407161],[50.2502483,53.4407463],[50.2500812,53.4407706]]]},"properties":{"source_type":"ml"}},{"type":"Feature","geometry":{"type":"Polygon","coordinates":[[[50.2501399,53.4406588],[50.2501496,53.4407077],[50.2500305,53.4407161],[50.2500208,53.4406672],[50.2501399,53.4406588]]]},"properties":{"source_type":"ml"}},{"type":"Feature","geometry":{"type":"Polygon","coordinates":[[[50.2500056,53.4404433],[50.2500925,53.4404286],[50.2501305,53.4405084],[50.2500436,53.4405231],[50.2500056,53.4404433]]]},"properties":{"source_type":"ml"}},{"type":"Feature","geometry":{"type":"Polygon","coordinates":[[[50.2499905,53.4403434],[50.2500432,53.4403316],[50.250087,53.4404007],[50.2500343,53.4404125],[50.2499905,53.4403434]]]},"properties":{"source_type":"ml"}},{"type":"Feature","geometry":{"type":"Polygon","coordinates":[[[50.2502086,53.4404104],[50.2503062,53.4404004],[50.2503241,53.4404625],[50.2502266,53.4404725],[50.2502086,53.4404104]]]},"properties":{"source_type":"ml"}},{"type":"Feature","geometry":{"type":"Polygon","coordinates":[[[50.2500953,53.44016],[50.2501581,53.4401417],[50.2501997,53.4401925],[50.2501369,53.4402108],[50.2500953,53.44016]]]},"properties":{"source_type":"ml"}},{"type":"Feature","geometry":{"type":"Polygon","coordinates":[[[50.2500389,53.4400569],[50.2500046,53.440011],[50.2500606,53.4399962],[50.2500948,53.440042],[50.2500389,53.4400569]]]},"properties":{"source_type":"ml"}},{"type":"Feature","geometry":{"type":"Polygon","coordinates":[[[50.2501932,53.4397847],[50.2502273,53.439777],[50.2502565,53.4398231],[50.2502224,53.4398308],[50.2501932,53.4397847]]]},"properties":{"source_type":"ml"}},{"type":"Feature","geometry":{"type":"Polygon","coordinates":[[[50.2504897,53.4397989],[50.2505876,53.4397784],[50.2506119,53.4398197],[50.2505141,53.4398402],[50.2504897,53.4397989]]]},"properties":{"source_type":"ml"}},{"type":"Feature","geometry":{"type":"Polygon","coordinates":[[[50.2505285,53.4401314],[50.2505237,53.4400772],[50.2505986,53.4400749],[50.2506034,53.440129],[50.2505285,53.4401314]]]},"properties":{"source_type":"ml"}},{"type":"Feature","geometry":{"type":"Polygon","coordinates":[[[50.2505985,53.440586],[50.2506709,53.440586],[50.2506709,53.440618],[50.2505985,53.440618],[50.2505985,53.440586]]]},"properties":{"source_type":"ml"}},{"type":"Feature","geometry":{"type":"Polygon","coordinates":[[[50.2509264,53.4400976],[50.2509543,53.4401626],[50.2508269,53.4401819],[50.2507991,53.4401169],[50.2509264,53.4400976]]]},"properties":{"source_type":"ml"}},{"type":"Feature","geometry":{"type":"Polygon","coordinates":[[[50.2507336,53.4400172],[50.2506913,53.4399576],[50.2508062,53.4399286],[50.2508486,53.4399882],[50.2507336,53.4400172]]]},"properties":{"source_type":"ml"}},{"type":"Feature","geometry":{"type":"Polygon","coordinates":[[[50.2509976,53.4403086],[50.2509915,53.4402885],[50.2510773,53.4402794],[50.2510935,53.4403336],[50.2509621,53.4403475],[50.2509519,53.4403134],[50.2509976,53.4403086]]]},"properties":{"source_type":"ml"}},{"type":"Feature","geometry":{"type":"Polygon","coordinates":[[[50.2511104,53.4401382],[50.251089,53.4400474],[50.2512126,53.440037],[50.2512341,53.4401279],[50.2511104,53.4401382]]]},"properties":{"source_type":"ml"}},{"type":"Feature","geometry":{"type":"Polygon","coordinates":[[[50.2513939,53.4398751],[50.2513815,53.4398088],[50.2514451,53.4398046],[50.2514575,53.4398709],[50.2513939,53.4398751]]]},"properties":{"source_type":"ml"}},{"type":"Feature","geometry":{"type":"Polygon","coordinates":[[[50.2512123,53.4403911],[50.2513175,53.44038],[50.2513375,53.4404471],[50.2512324,53.4404583],[50.2512123,53.4403911]]]},"properties":{"source_type":"ml"}},{"type":"Feature","geometry":{"type":"Polygon","coordinates":[[[50.2512917,53.4407983],[50.2514886,53.4409525],[50.2513866,53.4409987],[50.2511897,53.4408445],[50.2512917,53.4407983]]]},"properties":{"source_type":"ml"}},{"type":"Feature","geometry":{"type":"Polygon","coordinates":[[[50.2511341,53.4409192],[50.2511039,53.4408698],[50.251201,53.4408487],[50.2512312,53.4408981],[50.2511341,53.4409192]]]},"properties":{"source_type":"ml"}},{"type":"Feature","geometry":{"type":"Polygon","coordinates":[[[50.2511318,53.440395],[50.251165,53.4404557],[50.2510171,53.4404844],[50.2509839,53.4404237],[50.2511318,53.440395]]]},"properties":{"source_type":"ml"}},{"type":"Feature","geometry":{"type":"Polygon","coordinates":[[[50.2511674,53.441333],[50.2512398,53.4413833],[50.2512034,53.4414019],[50.2511309,53.4413516],[50.2511674,53.441333]]]},"properties":{"source_type":"ml"}},{"type":"Feature","geometry":{"type":"Polygon","coordinates":[[[50.2512409,53.4413963],[50.2512617,53.4414223],[50.2512122,53.4414363],[50.2511914,53.4414103],[50.2512409,53.4413963]]]},"properties":{"source_type":"ml"}},{"type":"Feature","geometry":{"type":"Polygon","coordinates":[[[50.2512819,53.4413951],[50.2514738,53.4413186],[50.2515428,53.44138],[50.2513509,53.4414565],[50.2512819,53.4413951]]]},"properties":{"source_type":"ml"}},{"type":"Feature","geometry":{"type":"Polygon","coordinates":[[[50.2512413,53.4412957],[50.2512248,53.441274],[50.2512971,53.4412546],[50.2513135,53.4412763],[50.2512413,53.4412957]]]},"properties":{"source_type":"ml"}},{"type":"Feature","geometry":{"type":"Polygon","coordinates":[[[50.2512227,53.4412626],[50.2511911,53.4412251],[50.2512775,53.4411992],[50.2513092,53.4412367],[50.2512227,53.4412626]]]},"properties":{"source_type":"ml"}},{"type":"Feature","geometry":{"type":"Polygon","coordinates":[[[50.2510946,53.4418004],[50.2511168,53.4418186],[50.2510561,53.4418449],[50.2510339,53.4418268],[50.2510946,53.4418004]]]},"properties":{"source_type":"ml"}},{"type":"Feature","geometry":{"type":"Polygon","coordinates":[[[50.2509861,53.4418361],[50.250877,53.4417485],[50.2509688,53.441708],[50.2510778,53.4417956],[50.2509861,53.4418361]]]},"properties":{"source_type":"ml"}},{"type":"Feature","geometry":{"type":"Polygon","coordinates":[[[50.2507184,53.4419621],[50.2507627,53.4419379],[50.2507903,53.4419558],[50.2507459,53.44198],[50.2507184,53.4419621]]]},"properties":{"source_type":"ml"}},{"type":"Feature","geometry":{"type":"Polygon","coordinates":[[[50.2508496,53.4418105],[50.2509031,53.4418702],[50.2508363,53.4418914],[50.2507828,53.4418318],[50.2508496,53.4418105]]]},"properties":{"source_type":"ml"}},{"type":"Feature","geometry":{"type":"Polygon","coordinates":[[[50.2507898,53.4416253],[50.2508656,53.4416002],[50.2509123,53.4416502],[50.2508365,53.4416753],[50.2507898,53.4416253]]]},"properties":{"source_type":"ml"}},{"type":"Feature","geometry":{"type":"Polygon","coordinates":[[[50.2508688,53.4409883],[50.2509888,53.4409374],[50.251061,53.4409979],[50.250941,53.4410487],[50.2508688,53.4409883]]]},"properties":{"source_type":"ml"}},{"type":"Feature","geometry":{"type":"Polygon","coordinates":[[[50.2507333,53.4418989],[50.2507724,53.4419307],[50.2507107,53.4419576],[50.2506716,53.4419258],[50.2507333,53.4418989]]]},"properties":{"source_type":"ml"}},{"type":"Feature","geometry":{"type":"Polygon","coordinates":[[[50.2506458,53.4425549],[50.2507626,53.4425198],[50.2508187,53.442586],[50.250702,53.4426211],[50.2506458,53.4425549]]]},"properties":{"source_type":"ml"}},{"type":"Feature","geometry":{"type":"Polygon","coordinates":[[[50.2506164,53.4424979],[50.2506535,53.442543],[50.2505951,53.4425601],[50.250558,53.442515],[50.2506164,53.4424979]]]},"properties":{"source_type":"ml"}},{"type":"Feature","geometry":{"type":"Polygon","coordinates":[[[50.2506164,53.4427168],[50.2506503,53.442766],[50.2505976,53.4427789],[50.2505636,53.4427297],[50.2506164,53.4427168]]]},"properties":{"source_type":"ml"}},{"type":"Feature","geometry":{"type":"Polygon","coordinates":[[[50.2506497,53.4428185],[50.2506734,53.44286],[50.2506148,53.4428719],[50.2505911,53.4428303],[50.2506497,53.4428185]]]},"properties":{"source_type":"ml"}},{"type":"Feature","geometry":{"type":"Polygon","coordinates":[[[50.2505557,53.442738],[50.2506207,53.442812],[50.2505652,53.4428293],[50.2505002,53.4427553],[50.2505557,53.442738]]]},"properties":{"source_type":"ml"}},{"type":"Feature","geometry":{"type":"Polygon","coordinates":[[[50.2508601,53.4425906],[50.2508805,53.442617],[50.2508451,53.4426266],[50.2508851,53.4426786],[50.2507921,53.442704],[50.2507317,53.4426257],[50.2508601,53.4425906]]]},"properties":{"source_type":"ml"}},{"type":"Feature","geometry":{"type":"Polygon","coordinates":[[[50.2507786,53.4430685],[50.2507172,53.4430279],[50.2507513,53.4430096],[50.2508126,53.4430502],[50.2507786,53.4430685]]]},"properties":{"source_type":"ml"}},{"type":"Feature","geometry":{"type":"Polygon","coordinates":[[[50.2507317,53.4431019],[50.2508228,53.4430695],[50.250877,53.4431237],[50.250786,53.4431561],[50.2507317,53.4431019]]]},"properties":{"source_type":"ml"}},{"type":"Feature","geometry":{"type":"Polygon","coordinates":[[[50.2508908,53.443025],[50.2509341,53.4430594],[50.2508928,53.4430778],[50.2508495,53.4430434],[50.2508908,53.443025]]]},"properties":{"source_type":"ml"}},{"type":"Feature","geometry":{"type":"Polygon","coordinates":[[[50.2509121,53.4424766],[50.2510009,53.4424399],[50.2510444,53.4424773],[50.2509556,53.4425139],[50.2509121,53.4424766]]]},"properties":{"source_type":"ml"}},{"type":"Feature","geometry":{"type":"Polygon","coordinates":[[[50.2510054,53.4422119],[50.2510273,53.4422482],[50.2509813,53.4422581],[50.2509594,53.4422218],[50.2510054,53.4422119]]]},"properties":{"source_type":"ml"}},{"type":"Feature","geometry":{"type":"Polygon","coordinates":[[[50.2510786,53.442499],[50.2511212,53.4425437],[50.2510328,53.4425737],[50.2509901,53.442529],[50.2510786,53.442499]]]},"properties":{"source_type":"ml"}},{"type":"Feature","geometry":{"type":"Polygon","coordinates":[[[50.2511236,53.4422373],[50.2511737,53.4422862],[50.2511288,53.4423025],[50.2510787,53.4422537],[50.2511236,53.4422373]]]},"properties":{"source_type":"ml"}},{"type":"Feature","geometry":{"type":"Polygon","coordinates":[[[50.2513095,53.4420804],[50.2514224,53.4420461],[50.2514556,53.442085],[50.2513428,53.4421193],[50.2513095,53.4420804]]]},"properties":{"source_type":"ml"}},{"type":"Feature","geometry":{"type":"Polygon","coordinates":[[[50.2513615,53.4423805],[50.2513842,53.4423653],[50.2514473,53.4423986],[50.2514246,53.4424138],[50.2513615,53.4423805]]]},"properties":{"source_type":"ml"}},{"type":"Feature","geometry":{"type":"Polygon","coordinates":[[[50.2513049,53.4428156],[50.2514106,53.4427781],[50.2514907,53.4428583],[50.251385,53.4428958],[50.2513049,53.4428156]]]},"properties":{"source_type":"ml"}},{"type":"Feature","geometry":{"type":"Polygon","coordinates":[[[50.2511196,53.4428466],[50.2511567,53.4428767],[50.2511201,53.4428927],[50.251083,53.4428626],[50.2511196,53.4428466]]]},"properties":{"source_type":"ml"}},{"type":"Feature","geometry":{"type":"Polygon","coordinates":[[[50.2510694,53.442643],[50.251106,53.4426301],[50.2511518,53.4426764],[50.2511152,53.4426892],[50.2510694,53.442643]]]},"properties":{"source_type":"ml"}},{"type":"Feature","geometry":{"type":"Polygon","coordinates":[[[50.2510145,53.4432533],[50.2510776,53.4432187],[50.2511556,53.4432692],[50.2510925,53.4433038],[50.2510145,53.4432533]]]},"properties":{"source_type":"ml"}},{"type":"Feature","geometry":{"type":"Polygon","coordinates":[[[50.25108,53.4436724],[50.2511645,53.4436415],[50.2512044,53.4436801],[50.25112,53.4437111],[50.25108,53.4436724]]]},"properties":{"source_type":"ml"}},{"type":"Feature","geometry":{"type":"Polygon","coordinates":[[[50.2511921,53.4435675],[50.251107,53.4434886],[50.2512403,53.4434377],[50.2513253,53.4435165],[50.2511921,53.4435675]]]},"properties":{"source_type":"osm"}},{"type":"Feature","geometry":{"type":"Polygon","coordinates":[[[50.2513502,53.4432059],[50.2512475,53.4431112],[50.2513554,53.4430697],[50.2514581,53.4431644],[50.2513502,53.4432059]]]},"properties":{"source_type":"ml"}},{"type":"Feature","geometry":{"type":"Polygon","coordinates":[[[50.2512678,53.4433924],[50.2513161,53.4434392],[50.2512751,53.4434542],[50.2512269,53.4434073],[50.2512678,53.4433924]]]},"properties":{"source_type":"ml"}},{"type":"Feature","geometry":{"type":"Polygon","coordinates":[[[50.2508373,53.4436685],[50.2507611,53.4436162],[50.2507895,53.4436015],[50.2508657,53.4436538],[50.2508373,53.4436685]]]},"properties":{"source_type":"ml"}},{"type":"Feature","geometry":{"type":"Polygon","coordinates":[[[50.2507716,53.4433852],[50.2507415,53.4433631],[50.2506988,53.4433837],[50.2506594,53.4433548],[50.2507619,53.4433053],[50.2508314,53.4433563],[50.2507716,53.4433852]]]},"properties":{"source_type":"ml"}},{"type":"Feature","geometry":{"type":"Polygon","coordinates":[[[50.2506659,53.4431804],[50.2506439,53.4431539],[50.2507042,53.4431361],[50.2507262,53.4431626],[50.2506659,53.4431804]]]},"properties":{"source_type":"ml"}},{"type":"Feature","geometry":{"type":"Polygon","coordinates":[[[50.2506412,53.443176],[50.2506745,53.4432097],[50.2506406,53.4432215],[50.2506073,53.4431879],[50.2506412,53.443176]]]},"properties":{"source_type":"ml"}},{"type":"Feature","geometry":{"type":"Polygon","coordinates":[[[50.2505323,53.4432754],[50.2506216,53.4432315],[50.2507164,53.4432999],[50.2506271,53.4433438],[50.2505323,53.4432754]]]},"properties":{"source_type":"ml"}},{"type":"Feature","geometry":{"type":"Polygon","coordinates":[[[50.2502108,53.4434811],[50.2501803,53.443448],[50.2502546,53.4434237],[50.2502851,53.4434569],[50.2502108,53.4434811]]]},"properties":{"source_type":"ml"}},{"type":"Feature","geometry":{"type":"Polygon","coordinates":[[[50.2500956,53.4433301],[50.2500698,53.4432994],[50.2501554,53.4432738],[50.2501813,53.4433044],[50.2500956,53.4433301]]]},"properties":{"source_type":"ml"}},{"type":"Feature","geometry":{"type":"Polygon","coordinates":[[[50.2501645,53.443275],[50.2501114,53.443212],[50.2502249,53.443178],[50.250278,53.443241],[50.2501645,53.443275]]]},"properties":{"source_type":"ml"}},{"type":"Feature","geometry":{"type":"Polygon","coordinates":[[[50.250276,53.4432966],[50.2503803,53.443279],[50.2504144,53.4433509],[50.2503349,53.4433643],[50.2503455,53.4433865],[50.2503182,53.4433911],[50.2502795,53.4433097],[50.250282,53.4433093],[50.250276,53.4432966]]]},"properties":{"source_type":"ml"}},{"type":"Feature","geometry":{"type":"Polygon","coordinates":[[[50.2504308,53.4434023],[50.2504585,53.4433656],[50.2505031,53.4433775],[50.2504754,53.4434142],[50.2504308,53.4434023]]]},"properties":{"source_type":"ml"}},{"type":"Feature","geometry":{"type":"Polygon","coordinates":[[[50.25034,53.4429672],[50.2503695,53.4430151],[50.2502796,53.4430348],[50.2502502,53.4429869],[50.25034,53.4429672]]]},"properties":{"source_type":"ml"}},{"type":"Feature","geometry":{"type":"Polygon","coordinates":[[[50.2503597,53.4426394],[50.2503104,53.4425977],[50.2503571,53.4425782],[50.2504063,53.4426199],[50.2503597,53.4426394]]]},"properties":{"source_type":"ml"}},{"type":"Feature","geometry":{"type":"Polygon","coordinates":[[[50.2504398,53.442643],[50.2504077,53.4426223],[50.2504613,53.4425928],[50.2504934,53.4426135],[50.2504398,53.442643]]]},"properties":{"source_type":"ml"}},{"type":"Feature","geometry":{"type":"Polygon","coordinates":[[[50.2505494,53.4424234],[50.2505719,53.4424466],[50.2504734,53.4424805],[50.2504509,53.4424573],[50.2505494,53.4424234]]]},"properties":{"source_type":"ml"}},{"type":"Feature","geometry":{"type":"Polygon","coordinates":[[[50.2504189,53.4425723],[50.2504886,53.4425483],[50.2505106,53.4425711],[50.250441,53.442595],[50.2504189,53.4425723]]]},"properties":{"source_type":"ml"}},{"type":"Feature","geometry":{"type":"Polygon","coordinates":[[[50.250456,53.442437],[50.2503969,53.44235],[50.250483,53.4423292],[50.2505421,53.4424162],[50.250456,53.442437]]]},"properties":{"source_type":"ml"}},{"type":"Feature","geometry":{"type":"Polygon","coordinates":[[[50.2503968,53.4422366],[50.2504614,53.4422966],[50.2503284,53.4423474],[50.2502748,53.4422976],[50.2503489,53.4422693],[50.2503379,53.4422591],[50.2503968,53.4422366]]]},"properties":{"source_type":"ml"}},{"type":"Feature","geometry":{"type":"Polygon","coordinates":[[[50.2503199,53.4425245],[50.2502835,53.4424879],[50.2503688,53.4424577],[50.2504053,53.4424944],[50.2503199,53.4425245]]]},"properties":{"source_type":"ml"}},{"type":"Feature","geometry":{"type":"Polygon","coordinates":[[[50.2500898,53.442501],[50.2500753,53.4424758],[50.2501424,53.442462],[50.250157,53.4424872],[50.2500898,53.442501]]]},"properties":{"source_type":"ml"}},{"type":"Feature","geometry":{"type":"Polygon","coordinates":[[[50.2502803,53.4426358],[50.2502935,53.4426605],[50.2502239,53.4426737],[50.2502106,53.4426491],[50.2502803,53.4426358]]]},"properties":{"source_type":"ml"}},{"type":"Feature","geometry":{"type":"Polygon","coordinates":[[[50.2500991,53.4428225],[50.2502004,53.4427973],[50.250231,53.4428408],[50.2501297,53.442866],[50.2500991,53.4428225]]]},"properties":{"source_type":"ml"}},{"type":"Feature","geometry":{"type":"Polygon","coordinates":[[[50.249842,53.4428287],[50.2499273,53.4429156],[50.2498433,53.4429448],[50.249758,53.4428579],[50.249842,53.4428287]]]},"properties":{"source_type":"ml"}},{"type":"Feature","geometry":{"type":"Polygon","coordinates":[[[50.2499408,53.4424059],[50.2498936,53.4423671],[50.2499183,53.4423565],[50.2499654,53.4423953],[50.2499408,53.4424059]]]},"properties":{"source_type":"ml"}},{"type":"Feature","geometry":{"type":"Polygon","coordinates":[[[50.2497849,53.4425819],[50.2497315,53.4425199],[50.2498236,53.4424918],[50.249877,53.4425537],[50.2497849,53.4425819]]]},"properties":{"source_type":"ml"}},{"type":"Feature","geometry":{"type":"Polygon","coordinates":[[[50.2496585,53.4424677],[50.2496259,53.4424367],[50.2497133,53.4424041],[50.2497459,53.4424351],[50.2496585,53.4424677]]]},"properties":{"source_type":"ml"}},{"type":"Feature","geometry":{"type":"Polygon","coordinates":[[[50.2496004,53.4421213],[50.2496504,53.4421718],[50.2496027,53.4421886],[50.2495527,53.4421381],[50.2496004,53.4421213]]]},"properties":{"source_type":"ml"}},{"type":"Feature","geometry":{"type":"Polygon","coordinates":[[[50.2495827,53.4426334],[50.2496629,53.4426006],[50.2496967,53.4426299],[50.2496165,53.4426627],[50.2495827,53.4426334]]]},"properties":{"source_type":"ml"}},{"type":"Feature","geometry":{"type":"Polygon","coordinates":[[[50.2496598,53.4426984],[50.2496435,53.4426549],[50.2497073,53.4426464],[50.2497237,53.4426899],[50.2496598,53.4426984]]]},"properties":{"source_type":"ml"}},{"type":"Feature","geometry":{"type":"Polygon","coordinates":[[[50.2496517,53.4432273],[50.2496915,53.4432798],[50.2495958,53.4433056],[50.2495559,53.4432531],[50.2496517,53.4432273]]]},"properties":{"source_type":"ml"}},{"type":"Feature","geometry":{"type":"Polygon","coordinates":[[[50.2488699,53.4429219],[50.2489383,53.442897],[50.248986,53.4429436],[50.2489176,53.4429684],[50.2488699,53.4429219]]]},"properties":{"source_type":"ml"}},{"type":"Feature","geometry":{"type":"Polygon","coordinates":[[[50.2487377,53.443048],[50.2486634,53.4429689],[50.2487254,53.4429482],[50.2487997,53.4430273],[50.2487377,53.443048]]]},"properties":{"source_type":"ml"}},{"type":"Feature","geometry":{"type":"Polygon","coordinates":[[[50.2486087,53.4426573],[50.2485695,53.4426214],[50.2486543,53.4425885],[50.2486935,53.4426244],[50.2486087,53.4426573]]]},"properties":{"source_type":"ml"}},{"type":"Feature","geometry":{"type":"Polygon","coordinates":[[[50.2486998,53.4427414],[50.2488076,53.4427131],[50.2488547,53.4427767],[50.2487469,53.442805],[50.2486998,53.4427414]]]},"properties":{"source_type":"ml"}},{"type":"Feature","geometry":{"type":"Polygon","coordinates":[[[50.2487403,53.4422693],[50.2487867,53.4422521],[50.2488168,53.4422809],[50.2487703,53.4422981],[50.2487403,53.4422693]]]},"properties":{"source_type":"ml"}},{"type":"Feature","geometry":{"type":"Polygon","coordinates":[[[50.248909,53.442077],[50.2488448,53.4420356],[50.2489245,53.4419918],[50.2489887,53.4420332],[50.248909,53.442077]]]},"properties":{"source_type":"ml"}},{"type":"Feature","geometry":{"type":"Polygon","coordinates":[[[50.2489247,53.4420826],[50.2490187,53.4420518],[50.2490656,53.4421026],[50.2489716,53.4421334],[50.2489247,53.4420826]]]},"properties":{"source_type":"ml"}},{"type":"Feature","geometry":{"type":"Polygon","coordinates":[[[50.2491368,53.44228],[50.2490789,53.4422235],[50.2491622,53.4421932],[50.2492201,53.4422497],[50.2491368,53.44228]]]},"properties":{"source_type":"ml"}},{"type":"Feature","geometry":{"type":"Polygon","coordinates":[[[50.2493142,53.4423643],[50.2493717,53.4424247],[50.2492824,53.4424549],[50.2492249,53.4423944],[50.2493142,53.4423643]]]},"properties":{"source_type":"ml"}},{"type":"Feature","geometry":{"type":"Polygon","coordinates":[[[50.2490753,53.4425163],[50.2491134,53.442493],[50.2491619,53.4425213],[50.2491238,53.4425445],[50.2490753,53.4425163]]]},"properties":{"source_type":"ml"}},{"type":"Feature","geometry":{"type":"Polygon","coordinates":[[[50.2490658,53.4429537],[50.2490492,53.4429329],[50.2491192,53.4429131],[50.2491358,53.4429339],[50.2490658,53.4429537]]]},"properties":{"source_type":"ml"}},{"type":"Feature","geometry":{"type":"Polygon","coordinates":[[[50.2493462,53.4427106],[50.2493978,53.4427707],[50.2492859,53.4428047],[50.2492343,53.4427447],[50.2493462,53.4427106]]]},"properties":{"source_type":"ml"}},{"type":"Feature","geometry":{"type":"Polygon","coordinates":[[[50.249427,53.4428146],[50.2495082,53.4428854],[50.249415,53.4429233],[50.2493338,53.4428526],[50.249427,53.4428146]]]},"properties":{"source_type":"ml"}},{"type":"Feature","geometry":{"type":"Polygon","coordinates":[[[50.2494808,53.4417095],[50.2495276,53.441753],[50.2494624,53.441778],[50.2494155,53.4417345],[50.2494808,53.4417095]]]},"properties":{"source_type":"ml"}},{"type":"Feature","geometry":{"type":"Polygon","coordinates":[[[50.2492712,53.4414492],[50.2492358,53.4414008],[50.2493755,53.4413645],[50.2494109,53.4414129],[50.2492712,53.4414492]]]},"properties":{"source_type":"ml"}},{"type":"Feature","geometry":{"type":"Polygon","coordinates":[[[50.2494273,53.4413754],[50.2493903,53.4412986],[50.2495812,53.441266],[50.2496181,53.4413428],[50.2494273,53.4413754]]]},"properties":{"source_type":"ml"}},{"type":"Feature","geometry":{"type":"Polygon","coordinates":[[[50.2493934,53.4408021],[50.2493793,53.4407279],[50.2495621,53.4407157],[50.2495761,53.4407898],[50.2493934,53.4408021]]]},"properties":{"source_type":"ml"}},{"type":"Feature","geometry":{"type":"Polygon","coordinates":[[[50.2495064,53.4408272],[50.2495308,53.4408748],[50.2494499,53.4408895],[50.2494254,53.4408419],[50.2495064,53.4408272]]]},"properties":{"source_type":"ml"}},{"type":"Feature","geometry":{"type":"Polygon","coordinates":[[[50.2493479,53.4407776],[50.2493732,53.4408562],[50.2492929,53.4408653],[50.2492677,53.4407867],[50.2493479,53.4407776]]]},"properties":{"source_type":"ml"}},{"type":"Feature","geometry":{"type":"Polygon","coordinates":[[[50.2495013,53.440141],[50.2495026,53.4401408],[50.2494624,53.440061],[50.2495595,53.4400437],[50.2496179,53.4401595],[50.2495194,53.4401771],[50.2495013,53.440141]]]},"properties":{"source_type":"ml"}},{"type":"Feature","geometry":{"type":"Polygon","coordinates":[[[50.2494123,53.4400667],[50.2494296,53.4401089],[50.2493866,53.4401152],[50.2493693,53.440073],[50.2494123,53.4400667]]]},"properties":{"source_type":"ml"}},{"type":"Feature","geometry":{"type":"Polygon","coordinates":[[[50.2492616,53.4404357],[50.2492847,53.4404785],[50.2492263,53.4404897],[50.2492032,53.4404468],[50.2492616,53.4404357]]]},"properties":{"source_type":"ml"}},{"type":"Feature","geometry":{"type":"Polygon","coordinates":[[[50.2492109,53.4403177],[50.2492994,53.4403186],[50.2492974,53.4403857],[50.2492089,53.4403848],[50.2492109,53.4403177]]]},"properties":{"source_type":"ml"}},{"type":"Feature","geometry":{"type":"Polygon","coordinates":[[[50.2492351,53.4405237],[50.2493399,53.4404974],[50.2493696,53.4405395],[50.2492648,53.4405657],[50.2492351,53.4405237]]]},"properties":{"source_type":"ml"}},{"type":"Feature","geometry":{"type":"Polygon","coordinates":[[[50.2491183,53.4406116],[50.2491573,53.4407194],[50.2490408,53.4407343],[50.2490019,53.4406265],[50.2491183,53.4406116]]]},"properties":{"source_type":"ml"}},{"type":"Feature","geometry":{"type":"Polygon","coordinates":[[[50.2488616,53.4404097],[50.2489744,53.4403892],[50.2490089,53.4404564],[50.248896,53.4404769],[50.2488616,53.4404097]]]},"properties":{"source_type":"ml"}},{"type":"Feature","geometry":{"type":"Polygon","coordinates":[[[50.2488893,53.4402289],[50.2488989,53.4402631],[50.2488285,53.4402701],[50.2488189,53.4402359],[50.2488893,53.4402289]]]},"properties":{"source_type":"ml"}},{"type":"Feature","geometry":{"type":"Polygon","coordinates":[[[50.248755,53.4400423],[50.2488062,53.440129],[50.2486951,53.4401523],[50.2486439,53.4400656],[50.248755,53.4400423]]]},"properties":{"source_type":"ml"}},{"type":"Feature","geometry":{"type":"Polygon","coordinates":[[[50.2486151,53.4405046],[50.2487059,53.4404816],[50.2487334,53.44052],[50.2486426,53.4405431],[50.2486151,53.4405046]]]},"properties":{"source_type":"ml"}},{"type":"Feature","geometry":{"type":"Polygon","coordinates":[[[50.2487428,53.4406874],[50.2487785,53.4407336],[50.2487276,53.4407475],[50.2486919,53.4407014],[50.2487428,53.4406874]]]},"properties":{"source_type":"ml"}},{"type":"Feature","geometry":{"type":"Polygon","coordinates":[[[50.2486138,53.4410271],[50.2487208,53.4409967],[50.2487625,53.4410487],[50.2486556,53.4410792],[50.2486138,53.4410271]]]},"properties":{"source_type":"ml"}},{"type":"Feature","geometry":{"type":"Polygon","coordinates":[[[50.2487962,53.4412126],[50.2489287,53.4411809],[50.2489588,53.4412254],[50.2488264,53.4412572],[50.2487962,53.4412126]]]},"properties":{"source_type":"ml"}},{"type":"Feature","geometry":{"type":"Polygon","coordinates":[[[50.2488656,53.4414819],[50.2489071,53.4415321],[50.2488661,53.4415441],[50.2488246,53.441494],[50.2488656,53.4414819]]]},"properties":{"source_type":"ml"}},{"type":"Feature","geometry":{"type":"Polygon","coordinates":[[[50.2487276,53.4415136],[50.2488246,53.4414948],[50.2488574,53.4415549],[50.2487604,53.4415737],[50.2487276,53.4415136]]]},"properties":{"source_type":"ml"}},{"type":"Feature","geometry":{"type":"Polygon","coordinates":[[[50.2486516,53.4416284],[50.2486134,53.4415791],[50.2486931,53.4415572],[50.2487313,53.4416065],[50.2486516,53.4416284]]]},"properties":{"source_type":"ml"}},{"type":"Feature","geometry":{"type":"Polygon","coordinates":[[[50.2482677,53.4418379],[50.2483408,53.4418688],[50.2483181,53.4418879],[50.2482449,53.441857],[50.2482677,53.4418379]]]},"properties":{"source_type":"ml"}},{"type":"Feature","geometry":{"type":"Polygon","coordinates":[[[50.2482576,53.441958],[50.2483226,53.4419947],[50.2482342,53.4420503],[50.2481692,53.4420136],[50.2482576,53.441958]]]},"properties":{"source_type":"ml"}},{"type":"Feature","geometry":{"type":"Polygon","coordinates":[[[50.2482985,53.4412848],[50.24825,53.4412192],[50.2483905,53.4411823],[50.2484391,53.4412478],[50.2482985,53.4412848]]]},"properties":{"source_type":"ml"}},{"type":"Feature","geometry":{"type":"Polygon","coordinates":[[[50.2484224,53.440346],[50.2485175,53.4403245],[50.2485335,53.4403497],[50.2484384,53.4403712],[50.2484224,53.440346]]]},"properties":{"source_type":"ml"}},{"type":"Feature","geometry":{"type":"Polygon","coordinates":[[[50.2484981,53.4404424],[50.2484932,53.4404026],[50.2485439,53.4404005],[50.2485488,53.4404402],[50.2484981,53.4404424]]]},"properties":{"source_type":"ml"}},{"type":"Feature","geometry":{"type":"Polygon","coordinates":[[[50.2485649,53.4398436],[50.2485866,53.4399081],[50.2484835,53.4399204],[50.2484618,53.4398559],[50.2485649,53.4398436]]]},"properties":{"source_type":"ml"}},{"type":"Feature","geometry":{"type":"Polygon","coordinates":[[[50.2484178,53.4398688],[50.2484425,53.4399325],[50.2483941,53.4399392],[50.2483694,53.4398755],[50.2484178,53.4398688]]]},"properties":{"source_type":"ml"}},{"type":"Feature","geometry":{"type":"Polygon","coordinates":[[[50.2482364,53.4401946],[50.2482322,53.4401411],[50.2482762,53.4401398],[50.2482804,53.4401934],[50.2482364,53.4401946]]]},"properties":{"source_type":"ml"}},{"type":"Feature","geometry":{"type":"Polygon","coordinates":[[[50.2483461,53.4401054],[50.2483504,53.4401612],[50.2482674,53.4401634],[50.2482609,53.4400773],[50.2482956,53.4400764],[50.248298,53.4401067],[50.2483461,53.4401054]]]},"properties":{"source_type":"ml"}},{"type":"Feature","geometry":{"type":"Polygon","coordinates":[[[50.2480785,53.4402773],[50.2481381,53.4402658],[50.2481534,53.4402939],[50.2480938,53.4403054],[50.2480785,53.4402773]]]},"properties":{"source_type":"ml"}},{"type":"Feature","geometry":{"type":"Polygon","coordinates":[[[50.2481367,53.4403379],[50.2482651,53.4403338],[50.2482711,53.4404007],[50.2481427,53.4404048],[50.2481367,53.4403379]]]},"properties":{"source_type":"ml"}},{"type":"Feature","geometry":{"type":"Polygon","coordinates":[[[50.2482396,53.4406232],[50.2482121,53.4405791],[50.2483147,53.4405563],[50.2483423,53.4406004],[50.2482396,53.4406232]]]},"properties":{"source_type":"ml"}},{"type":"Feature","geometry":{"type":"Polygon","coordinates":[[[50.2482885,53.4406937],[50.2482751,53.4406581],[50.2483834,53.4406436],[50.2484054,53.4407021],[50.2483186,53.4407137],[50.24831,53.4406909],[50.2482885,53.4406937]]]},"properties":{"source_type":"ml"}},{"type":"Feature","geometry":{"type":"Polygon","coordinates":[[[50.2481612,53.4408086],[50.2482354,53.4407829],[50.2482767,53.4408252],[50.2482025,53.4408509],[50.2481612,53.4408086]]]},"properties":{"source_type":"ml"}},{"type":"Feature","geometry":{"type":"Polygon","coordinates":[[[50.2478795,53.4405925],[50.2478397,53.4405099],[50.2480578,53.4404726],[50.2480976,53.4405553],[50.2478795,53.4405925]]]},"properties":{"source_type":"ml"}},{"type":"Feature","geometry":{"type":"Polygon","coordinates":[[[50.2481235,53.4405862],[50.2481503,53.4406371],[50.2480428,53.4406572],[50.248016,53.4406063],[50.2481235,53.4405862]]]},"properties":{"source_type":"ml"}},{"type":"Feature","geometry":{"type":"Polygon","coordinates":[[[50.2477986,53.4400004],[50.2478003,53.4399141],[50.2479451,53.4399151],[50.2479434,53.4400014],[50.2477986,53.4400004]]]},"properties":{"source_type":"ml"}},{"type":"Feature","geometry":{"type":"Polygon","coordinates":[[[50.247838,53.440215],[50.2478647,53.4402798],[50.2477989,53.4402895],[50.2477722,53.4402246],[50.247838,53.440215]]]},"properties":{"source_type":"ml"}},{"type":"Feature","geometry":{"type":"Polygon","coordinates":[[[50.2477002,53.4401591],[50.2477913,53.4401495],[50.2478,53.440179],[50.2477089,53.4401885],[50.2477002,53.4401591]]]},"properties":{"source_type":"ml"}},{"type":"Feature","geometry":{"type":"Polygon","coordinates":[[[50.2478205,53.4401429],[50.2477654,53.4401517],[50.2477473,53.4401115],[50.2478024,53.4401027],[50.2478205,53.4401429]]]},"properties":{"source_type":"ml"}},{"type":"Feature","geometry":{"type":"Polygon","coordinates":[[[50.247914,53.4414568],[50.2479523,53.4414839],[50.2479036,53.4415083],[50.2478653,53.4414812],[50.247914,53.4414568]]]},"properties":{"source_type":"ml"}},{"type":"Feature","geometry":{"type":"Polygon","coordinates":[[[50.2480235,53.4415013],[50.248048,53.4415461],[50.2479713,53.441561],[50.2479468,53.4415162],[50.2480235,53.4415013]]]},"properties":{"source_type":"ml"}},{"type":"Feature","geometry":{"type":"Polygon","coordinates":[[[50.2480583,53.4417533],[50.2480071,53.4417187],[50.2480382,53.4417024],[50.2480894,53.441737],[50.2480583,53.4417533]]]},"properties":{"source_type":"ml"}},{"type":"Feature","geometry":{"type":"Polygon","coordinates":[[[50.2478695,53.4418789],[50.2479706,53.4418423],[50.2480194,53.4418901],[50.2479184,53.4419267],[50.2478695,53.4418789]]]},"properties":{"source_type":"ml"}},{"type":"Feature","geometry":{"type":"Polygon","coordinates":[[[50.2477084,53.4416885],[50.2478182,53.4416625],[50.2478734,53.4417453],[50.2477636,53.4417713],[50.2477084,53.4416885]]]},"properties":{"source_type":"ml"}},{"type":"Feature","geometry":{"type":"Polygon","coordinates":[[[50.2476116,53.4419913],[50.247718,53.4419617],[50.2477747,53.4420337],[50.2476683,53.4420634],[50.2476116,53.4419913]]]},"properties":{"source_type":"ml"}},{"type":"Feature","geometry":{"type":"Polygon","coordinates":[[[50.2477551,53.4420343],[50.2478105,53.4420384],[50.2478045,53.4420667],[50.2477491,53.4420626],[50.2477551,53.4420343]]]},"properties":{"source_type":"ml"}},{"type":"Feature","geometry":{"type":"Polygon","coordinates":[[[50.2477077,53.4422063],[50.2477348,53.4421917],[50.2477849,53.4422247],[50.2477578,53.4422393],[50.2477077,53.4422063]]]},"properties":{"source_type":"ml"}},{"type":"Feature","geometry":{"type":"Polygon","coordinates":[[[50.2477293,53.4430254],[50.2477114,53.4429975],[50.2478097,53.4429751],[50.2478276,53.443003],[50.2477293,53.4430254]]]},"properties":{"source_type":"ml"}},{"type":"Feature","geometry":{"type":"Polygon","coordinates":[[[50.2480173,53.4431232],[50.2480995,53.4430886],[50.2481438,53.4431259],[50.2480615,53.4431605],[50.2480173,53.4431232]]]},"properties":{"source_type":"ml"}},{"type":"Feature","geometry":{"type":"Polygon","coordinates":[[[50.2479989,53.4423854],[50.2481014,53.4423462],[50.2481673,53.4424072],[50.2480648,53.4424465],[50.2479989,53.4423854]]]},"properties":{"source_type":"ml"}},{"type":"Feature","geometry":{"type":"Polygon","coordinates":[[[50.2480641,53.44203],[50.2481169,53.4420834],[50.2480791,53.4420966],[50.2480263,53.4420433],[50.2480641,53.44203]]]},"properties":{"source_type":"ml"}},{"type":"Feature","geometry":{"type":"Polygon","coordinates":[[[50.2481803,53.4421072],[50.2481547,53.4420834],[50.248229,53.4420551],[50.2482545,53.4420789],[50.2481803,53.4421072]]]},"properties":{"source_type":"ml"}},{"type":"Feature","geometry":{"type":"Polygon","coordinates":[[[50.2482439,53.4424323],[50.2482807,53.4424768],[50.2482462,53.4424869],[50.2482094,53.4424425],[50.2482439,53.4424323]]]},"properties":{"source_type":"ml"}},{"type":"Feature","geometry":{"type":"Polygon","coordinates":[[[50.2482049,53.4425361],[50.2482976,53.4425073],[50.2483427,53.4425588],[50.24825,53.4425876],[50.2482049,53.4425361]]]},"properties":{"source_type":"ml"}},{"type":"Feature","geometry":{"type":"Polygon","coordinates":[[[50.2484045,53.4422692],[50.2483402,53.4422249],[50.2484026,53.4421928],[50.2484669,53.4422371],[50.2484045,53.4422692]]]},"properties":{"source_type":"ml"}},{"type":"Feature","geometry":{"type":"Polygon","coordinates":[[[50.2484484,53.442493],[50.2484138,53.4424569],[50.2484927,53.44243],[50.2485273,53.4424662],[50.2484484,53.442493]]]},"properties":{"source_type":"ml"}},{"type":"Feature","geometry":{"type":"Polygon","coordinates":[[[50.2483645,53.4427496],[50.2483306,53.4427055],[50.2484348,53.4426771],[50.2484687,53.4427212],[50.2483645,53.4427496]]]},"properties":{"source_type":"ml"}},{"type":"Feature","geometry":{"type":"Polygon","coordinates":[[[50.2485217,53.4428008],[50.2486088,53.4428763],[50.2485068,53.4429181],[50.2484197,53.4428426],[50.2485217,53.4428008]]]},"properties":{"source_type":"ml"}},{"type":"Feature","geometry":{"type":"Polygon","coordinates":[[[50.2482684,53.4429219],[50.2482967,53.4429569],[50.2482279,53.4429767],[50.2481996,53.4429417],[50.2482684,53.4429219]]]},"properties":{"source_type":"ml"}},{"type":"Feature","geometry":{"type":"Polygon","coordinates":[[[50.248332,53.4425953],[50.2483577,53.4426311],[50.2482974,53.4426465],[50.2482716,53.4426106],[50.248332,53.4425953]]]},"properties":{"source_type":"ml"}},{"type":"Feature","geometry":{"type":"Polygon","coordinates":[[[50.251154,53.4482224],[50.2512469,53.4482368],[50.2512351,53.4482637],[50.2511422,53.4482493],[50.251154,53.4482224]]]},"properties":{"source_type":"ml"}},{"type":"Feature","geometry":{"type":"Polygon","coordinates":[[[50.2398822,53.4416195],[50.2398778,53.4416871],[50.2397289,53.4416837],[50.2397372,53.4415545],[50.2398337,53.4415567],[50.2398297,53.4416183],[50.2398822,53.4416195]]]},"properties":{"source_type":"ml"}},{"type":"Feature","geometry":{"type":"Polygon","coordinates":[[[50.2394526,53.4409867],[50.2395315,53.4409881],[50.2395282,53.4410545],[50.2394493,53.4410531],[50.2394526,53.4409867]]]},"properties":{"source_type":"ml"}},{"type":"Feature","geometry":{"type":"Polygon","coordinates":[[[50.2397125,53.4409985],[50.2397061,53.4410686],[50.2395574,53.4410638],[50.2395639,53.4409937],[50.2397125,53.4409985]]]},"properties":{"source_type":"ml"}},{"type":"Feature","geometry":{"type":"Polygon","coordinates":[[[50.2398897,53.4413664],[50.2398867,53.4413951],[50.2397959,53.4413918],[50.2397988,53.4413631],[50.2398897,53.4413664]]]},"properties":{"source_type":"ml"}},{"type":"Feature","geometry":{"type":"Polygon","coordinates":[[[50.2398451,53.4406433],[50.2398521,53.4406158],[50.2399465,53.4406243],[50.2399395,53.4406518],[50.2398451,53.4406433]]]},"properties":{"source_type":"ml"}},{"type":"Feature","geometry":{"type":"Polygon","coordinates":[[[50.2397659,53.440881],[50.2397605,53.4408029],[50.2398702,53.4408001],[50.2398757,53.4408783],[50.2397659,53.440881]]]},"properties":{"source_type":"ml"}},{"type":"Feature","geometry":{"type":"Polygon","coordinates":[[[50.239847,53.4400576],[50.2398271,53.4400359],[50.2398953,53.4400137],[50.2399152,53.4400354],[50.239847,53.4400576]]]},"properties":{"source_type":"ml"}},{"type":"Feature","geometry":{"type":"Polygon","coordinates":[[[50.2397624,53.4399161],[50.2398908,53.4398704],[50.2399593,53.4399386],[50.239831,53.4399844],[50.2397624,53.4399161]]]},"properties":{"source_type":"ml"}},{"type":"Feature","geometry":{"type":"Polygon","coordinates":[[[50.2397427,53.4398267],[50.2398146,53.439795],[50.2398625,53.4398336],[50.2397906,53.4398653],[50.2397427,53.4398267]]]},"properties":{"source_type":"ml"}},{"type":"Feature","geometry":{"type":"Polygon","coordinates":[[[50.2397963,53.4397707],[50.2398197,53.439792],[50.2397681,53.4398121],[50.2397447,53.4397909],[50.2397963,53.4397707]]]},"properties":{"source_type":"ml"}},{"type":"Feature","geometry":{"type":"Polygon","coordinates":[[[50.23967,53.4403513],[50.2396766,53.4403182],[50.2397242,53.4403216],[50.2397176,53.4403546],[50.23967,53.4403513]]]},"properties":{"source_type":"ml"}},{"type":"Feature","geometry":{"type":"Polygon","coordinates":[[[50.2396054,53.4400108],[50.2396537,53.4400487],[50.2396019,53.4400721],[50.2395536,53.4400343],[50.2396054,53.4400108]]]},"properties":{"source_type":"ml"}},{"type":"Feature","geometry":{"type":"Polygon","coordinates":[[[50.2394839,53.4405719],[50.2395083,53.4405971],[50.2394609,53.4406134],[50.2394365,53.4405883],[50.2394839,53.4405719]]]},"properties":{"source_type":"ml"}},{"type":"Feature","geometry":{"type":"Polygon","coordinates":[[[50.2397139,53.4408108],[50.2396976,53.4408384],[50.2396237,53.4408228],[50.23964,53.4407953],[50.2397139,53.4408108]]]},"properties":{"source_type":"ml"}},{"type":"Feature","geometry":{"type":"Polygon","coordinates":[[[50.2392907,53.4407736],[50.2391484,53.4407622],[50.2391678,53.4406759],[50.2393101,53.4406873],[50.2392907,53.4407736]]]},"properties":{"source_type":"ml"}},{"type":"Feature","geometry":{"type":"Polygon","coordinates":[[[50.2392385,53.4403851],[50.2391492,53.4403773],[50.2391629,53.4403216],[50.2392522,53.4403294],[50.2392385,53.4403851]]]},"properties":{"source_type":"ml"}},{"type":"Feature","geometry":{"type":"Polygon","coordinates":[[[50.2392233,53.4399393],[50.2391709,53.4399622],[50.2391883,53.4399763],[50.2390958,53.4400167],[50.2390515,53.4399807],[50.2391964,53.4399175],[50.2392233,53.4399393]]]},"properties":{"source_type":"ml"}},{"type":"Feature","geometry":{"type":"Polygon","coordinates":[[[50.2388904,53.4399088],[50.239002,53.4398772],[50.2390702,53.4399628],[50.2389585,53.4399944],[50.2388904,53.4399088]]]},"properties":{"source_type":"ml"}},{"type":"Feature","geometry":{"type":"Polygon","coordinates":[[[50.239099,53.4409371],[50.2390207,53.4409315],[50.2390315,53.440878],[50.2391097,53.4408836],[50.239099,53.4409371]]]},"properties":{"source_type":"ml"}},{"type":"Feature","geometry":{"type":"Polygon","coordinates":[[[50.2392098,53.4411819],[50.2391589,53.4411819],[50.2391589,53.4411516],[50.2392098,53.4411516],[50.2392098,53.4411819]]]},"properties":{"source_type":"ml"}},{"type":"Feature","geometry":{"type":"Polygon","coordinates":[[[50.2391503,53.440964],[50.2391052,53.4409612],[50.2391116,53.4409239],[50.2391685,53.4409274],[50.2391734,53.4408989],[50.239236,53.4409028],[50.2392221,53.4409834],[50.2391477,53.4409788],[50.2391503,53.440964]]]},"properties":{"source_type":"ml"}},{"type":"Feature","geometry":{"type":"Polygon","coordinates":[[[50.2392823,53.440946],[50.2393289,53.440949],[50.2393214,53.44099],[50.2392748,53.440987],[50.2392823,53.440946]]]},"properties":{"source_type":"ml"}},{"type":"Feature","geometry":{"type":"Polygon","coordinates":[[[50.2393054,53.4419548],[50.2392616,53.4419493],[50.2392734,53.4419157],[50.2393171,53.4419211],[50.2393054,53.4419548]]]},"properties":{"source_type":"ml"}},{"type":"Feature","geometry":{"type":"Polygon","coordinates":[[[50.2390619,53.4419845],[50.2390665,53.4418936],[50.2392273,53.4418965],[50.2392226,53.4419875],[50.2390619,53.4419845]]]},"properties":{"source_type":"ml"}},{"type":"Feature","geometry":{"type":"Polygon","coordinates":[[[50.2390149,53.4415231],[50.2391231,53.4415256],[50.2391191,53.4415894],[50.2390109,53.441587],[50.2390149,53.4415231]]]},"properties":{"source_type":"ml"}},{"type":"Feature","geometry":{"type":"Polygon","coordinates":[[[50.2390465,53.4417666],[50.2390444,53.4418043],[50.2389801,53.4418031],[50.2389822,53.4417654],[50.2390465,53.4417666]]]},"properties":{"source_type":"ml"}},{"type":"Feature","geometry":{"type":"Polygon","coordinates":[[[50.238937,53.4415092],[50.2389268,53.4415726],[50.2388311,53.4415671],[50.2388413,53.4415038],[50.238937,53.4415092]]]},"properties":{"source_type":"ml"}},{"type":"Feature","geometry":{"type":"Polygon","coordinates":[[[50.2387336,53.4419936],[50.2387409,53.4419044],[50.2389059,53.4419092],[50.2388986,53.4419984],[50.2387336,53.4419936]]]},"properties":{"source_type":"ml"}},{"type":"Feature","geometry":{"type":"Polygon","coordinates":[[[50.2385354,53.4418981],[50.2387132,53.4419115],[50.2386997,53.441975],[50.2385218,53.4419616],[50.2385354,53.4418981]]]},"properties":{"source_type":"ml"}},{"type":"Feature","geometry":{"type":"Polygon","coordinates":[[[50.238631,53.4416654],[50.2385038,53.4416477],[50.2385239,53.4415962],[50.2386511,53.4416138],[50.238631,53.4416654]]]},"properties":{"source_type":"ml"}},{"type":"Feature","geometry":{"type":"Polygon","coordinates":[[[50.2384928,53.4414543],[50.2385129,53.4414277],[50.2385575,53.4414397],[50.2385374,53.4414663],[50.2384928,53.4414543]]]},"properties":{"source_type":"ml"}},{"type":"Feature","geometry":{"type":"Polygon","coordinates":[[[50.2385998,53.4411644],[50.2386116,53.4411385],[50.2386701,53.441148],[50.2386582,53.4411739],[50.2385998,53.4411644]]]},"properties":{"source_type":"ml"}},{"type":"Feature","geometry":{"type":"Polygon","coordinates":[[[50.238866,53.4412192],[50.2388632,53.4412607],[50.2388096,53.4412594],[50.2388125,53.4412179],[50.238866,53.4412192]]]},"properties":{"source_type":"ml"}},{"type":"Feature","geometry":{"type":"Polygon","coordinates":[[[50.2388607,53.4414432],[50.2388641,53.4414194],[50.2389653,53.4414246],[50.2389619,53.4414484],[50.2388607,53.4414432]]]},"properties":{"source_type":"ml"}},{"type":"Feature","geometry":{"type":"Polygon","coordinates":[[[50.2388348,53.4408839],[50.2389499,53.4408868],[50.2389447,53.4409602],[50.2388296,53.4409573],[50.2388348,53.4408839]]]},"properties":{"source_type":"ml"}},{"type":"Feature","geometry":{"type":"Polygon","coordinates":[[[50.238846,53.440502],[50.2387852,53.4404978],[50.23879,53.4404732],[50.2388509,53.4404774],[50.238846,53.440502]]]},"properties":{"source_type":"ml"}},{"type":"Feature","geometry":{"type":"Polygon","coordinates":[[[50.2387802,53.4400648],[50.2386728,53.4400353],[50.2387237,53.4399694],[50.2388311,53.4399989],[50.2387802,53.4400648]]]},"properties":{"source_type":"ml"}},{"type":"Feature","geometry":{"type":"Polygon","coordinates":[[[50.2387203,53.4401457],[50.2387525,53.4401466],[50.2387485,53.4401945],[50.2387164,53.4401935],[50.2387203,53.4401457]]]},"properties":{"source_type":"ml"}},{"type":"Feature","geometry":{"type":"Polygon","coordinates":[[[50.2387596,53.4401866],[50.2388414,53.4401974],[50.2388231,53.4402467],[50.2387413,53.4402359],[50.2387596,53.4401866]]]},"properties":{"source_type":"ml"}},{"type":"Feature","geometry":{"type":"Polygon","coordinates":[[[50.2387401,53.4402411],[50.238818,53.4402582],[50.2388005,53.4402863],[50.2387226,53.4402692],[50.2387401,53.4402411]]]},"properties":{"source_type":"ml"}},{"type":"Feature","geometry":{"type":"Polygon","coordinates":[[[50.2385815,53.4397982],[50.2386732,53.4398517],[50.2385922,53.4399009],[50.2385005,53.4398474],[50.2385815,53.4397982]]]},"properties":{"source_type":"ml"}},{"type":"Feature","geometry":{"type":"Polygon","coordinates":[[[50.2384694,53.439797],[50.2385203,53.4397652],[50.2385717,53.4397943],[50.2385208,53.4398262],[50.2384694,53.439797]]]},"properties":{"source_type":"ml"}},{"type":"Feature","geometry":{"type":"Polygon","coordinates":[[[50.2384395,53.4407895],[50.2385339,53.4408],[50.2385036,53.4408973],[50.2384091,53.4408868],[50.2384395,53.4407895]]]},"properties":{"source_type":"ml"}},{"type":"Feature","geometry":{"type":"Polygon","coordinates":[[[50.2383128,53.4405483],[50.2384429,53.4405619],[50.2384087,53.4406772],[50.2382787,53.4406636],[50.2383128,53.4405483]]]},"properties":{"source_type":"ml"}},{"type":"Feature","geometry":{"type":"Polygon","coordinates":[[[50.2383916,53.4402269],[50.2382647,53.4402152],[50.238288,53.4401257],[50.2384149,53.4401373],[50.2383916,53.4402269]]]},"properties":{"source_type":"ml"}},{"type":"Feature","geometry":{"type":"Polygon","coordinates":[[[50.2382427,53.4403322],[50.238207,53.4403273],[50.2382229,53.4402863],[50.2382585,53.4402912],[50.2382427,53.4403322]]]},"properties":{"source_type":"ml"}},{"type":"Feature","geometry":{"type":"Polygon","coordinates":[[[50.238169,53.439984],[50.2381916,53.4399306],[50.2382659,53.4399417],[50.2382432,53.4399952],[50.238169,53.439984]]]},"properties":{"source_type":"ml"}},{"type":"Feature","geometry":{"type":"Polygon","coordinates":[[[50.2381144,53.4407959],[50.2381202,53.4407514],[50.2382135,53.4407558],[50.2382077,53.4408002],[50.2381144,53.4407959]]]},"properties":{"source_type":"ml"}},{"type":"Feature","geometry":{"type":"Polygon","coordinates":[[[50.2380776,53.4408165],[50.2379584,53.4408086],[50.2379649,53.4407739],[50.2379898,53.4407756],[50.2379981,53.4407314],[50.2380924,53.4407376],[50.2380776,53.4408165]]]},"properties":{"source_type":"ml"}},{"type":"Feature","geometry":{"type":"Polygon","coordinates":[[[50.2381024,53.441457],[50.2379578,53.4414447],[50.2379846,53.4413326],[50.2381292,53.4413449],[50.2381024,53.441457]]]},"properties":{"source_type":"ml"}},{"type":"Feature","geometry":{"type":"Polygon","coordinates":[[[50.2383832,53.4414691],[50.2385128,53.4414931],[50.2384975,53.4415222],[50.238368,53.4414982],[50.2383832,53.4414691]]]},"properties":{"source_type":"ml"}},{"type":"Feature","geometry":{"type":"Polygon","coordinates":[[[50.2384279,53.441963],[50.2385091,53.4419746],[50.2384928,53.4420154],[50.2384116,53.4420038],[50.2384279,53.441963]]]},"properties":{"source_type":"ml"}},{"type":"Feature","geometry":{"type":"Polygon","coordinates":[[[50.2379685,53.4415697],[50.2380355,53.4415708],[50.2380343,53.441598],[50.2379673,53.4415968],[50.2379685,53.4415697]]]},"properties":{"source_type":"ml"}},{"type":"Feature","geometry":{"type":"Polygon","coordinates":[[[50.2379383,53.4417604],[50.2380656,53.4417644],[50.238056,53.4418728],[50.2379286,53.4418688],[50.2379383,53.4417604]]]},"properties":{"source_type":"ml"}},{"type":"Feature","geometry":{"type":"Polygon","coordinates":[[[50.2374512,53.4407129],[50.2375401,53.4407254],[50.2375234,53.4407678],[50.2374344,53.4407553],[50.2374512,53.4407129]]]},"properties":{"source_type":"ml"}},{"type":"Feature","geometry":{"type":"Polygon","coordinates":[[[50.2371744,53.4409174],[50.2372086,53.440821],[50.2373396,53.4408376],[50.2373053,53.4409339],[50.2371744,53.4409174]]]},"properties":{"source_type":"ml"}},{"type":"Feature","geometry":{"type":"Polygon","coordinates":[[[50.2372235,53.4412501],[50.2372503,53.4411957],[50.2372898,53.4412026],[50.237263,53.441257],[50.2372235,53.4412501]]]},"properties":{"source_type":"ml"}},{"type":"Feature","geometry":{"type":"Polygon","coordinates":[[[50.2370949,53.4414222],[50.237029,53.4414232],[50.2370273,53.4413833],[50.2370836,53.4413824],[50.2370819,53.4413425],[50.2371865,53.441341],[50.2371892,53.4414056],[50.2370943,53.441407],[50.2370949,53.4414222]]]},"properties":{"source_type":"ml"}},{"type":"Feature","geometry":{"type":"Polygon","coordinates":[[[50.2370138,53.4416746],[50.2370053,53.4416337],[50.2370661,53.4416293],[50.2370745,53.4416702],[50.2370138,53.4416746]]]},"properties":{"source_type":"ml"}},{"type":"Feature","geometry":{"type":"Polygon","coordinates":[[[50.2371122,53.4420285],[50.2370822,53.4419838],[50.2371168,53.4419756],[50.2371469,53.4420202],[50.2371122,53.4420285]]]},"properties":{"source_type":"ml"}},{"type":"Feature","geometry":{"type":"Polygon","coordinates":[[[50.2373377,53.441554],[50.2374516,53.4415575],[50.2374727,53.4415917],[50.2374826,53.4415947],[50.2375405,53.441689],[50.2375952,53.4417056],[50.2375923,53.4417385],[50.237583,53.4417494],[50.237611,53.441795],[50.2375651,53.4418487],[50.2374987,53.4418632],[50.2373755,53.4418258],[50.2373781,53.4417957],[50.2373545,53.4417573],[50.2372444,53.4417813],[50.2371671,53.4417578],[50.2370833,53.4416215],[50.2371551,53.4416058],[50.2371387,53.4416053],[50.2372001,53.441592],[50.2372033,53.4415549],[50.2371894,53.4415323],[50.2372106,53.4415074],[50.2372218,53.4415108],[50.2372372,53.4415359],[50.2372221,53.4415536],[50.2372896,53.4415557],[50.2372732,53.441529],[50.2373026,53.4415225],[50.2373301,53.4415309],[50.237316,53.4415474],[50.2373377,53.441554]]]},"properties":{"source_type":"ml"}},{"type":"Feature","geometry":{"type":"Polygon","coordinates":[[[50.2374331,53.440966],[50.2373885,53.440962],[50.2374026,53.4409049],[50.2374473,53.4409088],[50.2374331,53.440966]]]},"properties":{"source_type":"ml"}},{"type":"Feature","geometry":{"type":"Polygon","coordinates":[[[50.2376961,53.4410513],[50.2376471,53.441044],[50.2376685,53.4409929],[50.2377175,53.4410002],[50.2376961,53.4410513]]]},"properties":{"source_type":"ml"}},{"type":"Feature","geometry":{"type":"Polygon","coordinates":[[[50.2378076,53.4412875],[50.2377794,53.4413753],[50.2376914,53.4413653],[50.2377197,53.4412774],[50.2378076,53.4412875]]]},"properties":{"source_type":"ml"}},{"type":"Feature","geometry":{"type":"Polygon","coordinates":[[[50.2376546,53.441312],[50.2376506,53.4413806],[50.2375418,53.4413783],[50.2375458,53.4413097],[50.2376546,53.441312]]]},"properties":{"source_type":"ml"}},{"type":"Feature","geometry":{"type":"Polygon","coordinates":[[[50.2378105,53.4415042],[50.23792,53.4415118],[50.2378947,53.4416404],[50.237846,53.441637],[50.2378566,53.4415834],[50.2377296,53.4415745],[50.2377388,53.4415279],[50.2378049,53.4415325],[50.2378105,53.4415042]]]},"properties":{"source_type":"ml"}},{"type":"Feature","geometry":{"type":"Polygon","coordinates":[[[50.2378072,53.4414271],[50.237812,53.44134],[50.2378592,53.4413409],[50.2378609,53.4413099],[50.2379638,53.4413119],[50.2379573,53.44143],[50.2378072,53.4414271]]]},"properties":{"source_type":"ml"}},{"type":"Feature","geometry":{"type":"Polygon","coordinates":[[[50.2377269,53.4412718],[50.2377302,53.4412496],[50.2378074,53.4412537],[50.2378041,53.4412759],[50.2377269,53.4412718]]]},"properties":{"source_type":"ml"}},{"type":"Feature","geometry":{"type":"Polygon","coordinates":[[[50.2378485,53.4410917],[50.237843,53.4411217],[50.2377344,53.4411147],[50.2377399,53.4410847],[50.2378485,53.4410917]]]},"properties":{"source_type":"ml"}},{"type":"Feature","geometry":{"type":"Polygon","coordinates":[[[50.2380152,53.4411251],[50.2379268,53.4411269],[50.2379245,53.441087],[50.2380129,53.4410852],[50.2380152,53.4411251]]]},"properties":{"source_type":"ml"}},{"type":"Feature","geometry":{"type":"Polygon","coordinates":[[[50.2375576,53.439969],[50.2375064,53.4399593],[50.2375426,53.4398911],[50.2375938,53.4399007],[50.2375576,53.439969]]]},"properties":{"source_type":"ml"}},{"type":"Feature","geometry":{"type":"Polygon","coordinates":[[[50.2377475,53.4397706],[50.2377638,53.4397945],[50.2377122,53.4398071],[50.2376958,53.4397832],[50.2377475,53.4397706]]]},"properties":{"source_type":"ml"}},{"type":"Feature","geometry":{"type":"Polygon","coordinates":[[[50.2378,53.4400983],[50.2378154,53.4400456],[50.2378973,53.440054],[50.2378819,53.4401068],[50.2378,53.4400983]]]},"properties":{"source_type":"ml"}},{"type":"Feature","geometry":{"type":"Polygon","coordinates":[[[50.2377387,53.4396983],[50.2377686,53.4397648],[50.2376798,53.4397789],[50.23765,53.4397125],[50.2377387,53.4396983]]]},"properties":{"source_type":"ml"}},{"type":"Feature","geometry":{"type":"Polygon","coordinates":[[[50.2376263,53.4395744],[50.2376715,53.4396648],[50.2375976,53.4396779],[50.2375524,53.4395875],[50.2376263,53.4395744]]]},"properties":{"source_type":"ml"}},{"type":"Feature","geometry":{"type":"Polygon","coordinates":[[[50.237496,53.4387596],[50.2375888,53.4387378],[50.2376209,53.4387861],[50.2375282,53.438808],[50.237496,53.4387596]]]},"properties":{"source_type":"ml"}},{"type":"Feature","geometry":{"type":"Polygon","coordinates":[[[50.2374739,53.4386842],[50.237542,53.4386606],[50.23757,53.4386892],[50.2375019,53.4387128],[50.2374739,53.4386842]]]},"properties":{"source_type":"ml"}},{"type":"Feature","geometry":{"type":"Polygon","coordinates":[[[50.2377194,53.4390131],[50.2378507,53.4389795],[50.2379023,53.439051],[50.2377709,53.4390846],[50.2377194,53.4390131]]]},"properties":{"source_type":"ml"}},{"type":"Feature","geometry":{"type":"Polygon","coordinates":[[[50.2378513,53.4392669],[50.237797,53.439179],[50.2379387,53.4391479],[50.237993,53.4392358],[50.2378513,53.4392669]]]},"properties":{"source_type":"ml"}},{"type":"Feature","geometry":{"type":"Polygon","coordinates":[[[50.2378614,53.4381731],[50.2378781,53.4381978],[50.2377881,53.4382194],[50.2377713,53.4381947],[50.2378614,53.4381731]]]},"properties":{"source_type":"ml"}},{"type":"Feature","geometry":{"type":"Polygon","coordinates":[[[50.237835,53.4382767],[50.2378016,53.4382343],[50.2378884,53.43821],[50.2379219,53.4382524],[50.237835,53.4382767]]]},"properties":{"source_type":"ml"}},{"type":"Feature","geometry":{"type":"Polygon","coordinates":[[[50.2378641,53.4376362],[50.2379332,53.4377339],[50.2378421,53.4377568],[50.237773,53.4376591],[50.2378641,53.4376362]]]},"properties":{"source_type":"ml"}},{"type":"Feature","geometry":{"type":"Polygon","coordinates":[[[50.2378317,53.4380215],[50.2378189,53.438001],[50.2378826,53.4379869],[50.2379325,53.4380669],[50.2378336,53.4380889],[50.2377964,53.4380293],[50.2378317,53.4380215]]]},"properties":{"source_type":"ml"}},{"type":"Feature","geometry":{"type":"Polygon","coordinates":[[[50.2375592,53.4376273],[50.2375082,53.4375635],[50.2375541,53.4375505],[50.2376051,53.4376143],[50.2375592,53.4376273]]]},"properties":{"source_type":"ml"}},{"type":"Feature","geometry":{"type":"Polygon","coordinates":[[[50.2375495,53.4381988],[50.2376621,53.4381713],[50.2376913,53.4382138],[50.2375787,53.4382412],[50.2375495,53.4381988]]]},"properties":{"source_type":"ml"}},{"type":"Feature","geometry":{"type":"Polygon","coordinates":[[[50.2378018,53.4383498],[50.2377292,53.4383717],[50.23774,53.4383844],[50.2377068,53.4383944],[50.2376658,53.438346],[50.2377716,53.4383142],[50.2378018,53.4383498]]]},"properties":{"source_type":"ml"}},{"type":"Feature","geometry":{"type":"Polygon","coordinates":[[[50.2374826,53.4380941],[50.2374659,53.4380656],[50.2375281,53.4380526],[50.2375448,53.4380811],[50.2374826,53.4380941]]]},"properties":{"source_type":"ml"}},{"type":"Feature","geometry":{"type":"Polygon","coordinates":[[[50.2374124,53.4380831],[50.2374614,53.4380741],[50.2374865,53.438123],[50.2374375,53.4381319],[50.2374124,53.4380831]]]},"properties":{"source_type":"ml"}},{"type":"Feature","geometry":{"type":"Polygon","coordinates":[[[50.2373544,53.4376201],[50.2374025,53.437682],[50.2373119,53.437707],[50.2372638,53.4376451],[50.2373544,53.4376201]]]},"properties":{"source_type":"ml"}},{"type":"Feature","geometry":{"type":"Polygon","coordinates":[[[50.2370696,53.4387088],[50.2370221,53.4386496],[50.2371695,53.4386076],[50.237217,53.4386669],[50.2370696,53.4387088]]]},"properties":{"source_type":"ml"}},{"type":"Feature","geometry":{"type":"Polygon","coordinates":[[[50.2370709,53.438494],[50.2371458,53.4385793],[50.2370195,53.4386186],[50.2369446,53.4385333],[50.2370709,53.438494]]]},"properties":{"source_type":"ml"}},{"type":"Feature","geometry":{"type":"Polygon","coordinates":[[[50.2373816,53.4390053],[50.2374901,53.4389836],[50.2375349,53.4390632],[50.2374264,53.4390849],[50.2373816,53.4390053]]]},"properties":{"source_type":"ml"}},{"type":"Feature","geometry":{"type":"Polygon","coordinates":[[[50.2371747,53.4395721],[50.2372734,53.4395444],[50.2373076,53.4395876],[50.2372088,53.4396153],[50.2371747,53.4395721]]]},"properties":{"source_type":"ml"}},{"type":"Feature","geometry":{"type":"Polygon","coordinates":[[[50.2368404,53.4388954],[50.236884,53.4388829],[50.2369133,53.4389193],[50.2368697,53.4389317],[50.2368404,53.4388954]]]},"properties":{"source_type":"ml"}},{"type":"Feature","geometry":{"type":"Polygon","coordinates":[[[50.2367713,53.4386776],[50.2368503,53.4386554],[50.2368721,53.4386829],[50.2367931,53.438705],[50.2367713,53.4386776]]]},"properties":{"source_type":"ml"}},{"type":"Feature","geometry":{"type":"Polygon","coordinates":[[[50.2366351,53.439277],[50.2366485,53.4393085],[50.2365755,53.4393196],[50.236562,53.4392881],[50.2366351,53.439277]]]},"properties":{"source_type":"ml"}},{"type":"Feature","geometry":{"type":"Polygon","coordinates":[[[50.23619,53.4393554],[50.2362092,53.4393917],[50.2361738,53.4393983],[50.2361546,53.439362],[50.23619,53.4393554]]]},"properties":{"source_type":"ml"}},{"type":"Feature","geometry":{"type":"Polygon","coordinates":[[[50.2361527,53.438729],[50.2361741,53.4387547],[50.2361288,53.438768],[50.2361075,53.4387423],[50.2361527,53.438729]]]},"properties":{"source_type":"ml"}},{"type":"Feature","geometry":{"type":"Polygon","coordinates":[[[50.2365498,53.4384213],[50.2364444,53.4382493],[50.2365012,53.438237],[50.2365482,53.4383138],[50.2365873,53.4383053],[50.2366457,53.4384005],[50.2365498,53.4384213]]]},"properties":{"source_type":"ml"}},{"type":"Feature","geometry":{"type":"Polygon","coordinates":[[[50.2360512,53.4386801],[50.2360142,53.438634],[50.2360928,53.4386116],[50.2361298,53.4386577],[50.2360512,53.4386801]]]},"properties":{"source_type":"ml"}},{"type":"Feature","geometry":{"type":"Polygon","coordinates":[[[50.2364235,53.4377829],[50.2364954,53.4377692],[50.2365215,53.4378178],[50.2364496,53.4378315],[50.2364235,53.4377829]]]},"properties":{"source_type":"ml"}},{"type":"Feature","geometry":{"type":"Polygon","coordinates":[[[50.2366086,53.4377031],[50.2365953,53.4376785],[50.2366537,53.4376673],[50.236667,53.437692],[50.2366086,53.4377031]]]},"properties":{"source_type":"ml"}},{"type":"Feature","geometry":{"type":"Polygon","coordinates":[[[50.2367288,53.4375653],[50.2367917,53.4376367],[50.2366929,53.4376676],[50.2366299,53.4375962],[50.2367288,53.4375653]]]},"properties":{"source_type":"ml"}},{"type":"Feature","geometry":{"type":"Polygon","coordinates":[[[50.2367816,53.437687],[50.2368045,53.4377377],[50.2367519,53.4377461],[50.2367291,53.4376954],[50.2367816,53.437687]]]},"properties":{"source_type":"ml"}},{"type":"Feature","geometry":{"type":"Polygon","coordinates":[[[50.2367577,53.4382583],[50.2367484,53.4382078],[50.2368583,53.4382006],[50.2368676,53.4382512],[50.2367577,53.4382583]]]},"properties":{"source_type":"ml"}},{"type":"Feature","geometry":{"type":"Polygon","coordinates":[[[50.2368393,53.4384087],[50.2368907,53.4383925],[50.2369129,53.4384175],[50.2368614,53.4384336],[50.2368393,53.4384087]]]},"properties":{"source_type":"ml"}},{"type":"Feature","geometry":{"type":"Polygon","coordinates":[[[50.236973,53.4376022],[50.2369435,53.4375366],[50.2370411,53.437521],[50.2370615,53.4375664],[50.2370139,53.437574],[50.237023,53.4375942],[50.236973,53.4376022]]]},"properties":{"source_type":"ml"}},{"type":"Feature","geometry":{"type":"Polygon","coordinates":[[[50.2369565,53.4368809],[50.2370428,53.4369879],[50.2369534,53.4370135],[50.2368671,53.4369064],[50.2369565,53.4368809]]]},"properties":{"source_type":"ml"}},{"type":"Feature","geometry":{"type":"Polygon","coordinates":[[[50.2366388,53.4373513],[50.2366195,53.4373242],[50.2367082,53.4373018],[50.2367275,53.4373289],[50.2366388,53.4373513]]]},"properties":{"source_type":"ml"}},{"type":"Feature","geometry":{"type":"Polygon","coordinates":[[[50.236607,53.4375585],[50.2365792,53.4375286],[50.2366695,53.4374988],[50.2366973,53.4375287],[50.236607,53.4375585]]]},"properties":{"source_type":"ml"}},{"type":"Feature","geometry":{"type":"Polygon","coordinates":[[[50.2364697,53.437507],[50.2364439,53.4374754],[50.2365306,53.4374502],[50.2365564,53.4374818],[50.2364697,53.437507]]]},"properties":{"source_type":"ml"}},{"type":"Feature","geometry":{"type":"Polygon","coordinates":[[[50.2364076,53.4373842],[50.2365301,53.4373779],[50.2365382,53.4374334],[50.2364157,53.4374397],[50.2364076,53.4373842]]]},"properties":{"source_type":"ml"}},{"type":"Feature","geometry":{"type":"Polygon","coordinates":[[[50.2363882,53.4373215],[50.236551,53.4372761],[50.2365901,53.4373259],[50.2364274,53.4373713],[50.2363882,53.4373215]]]},"properties":{"source_type":"ml"}},{"type":"Feature","geometry":{"type":"Polygon","coordinates":[[[50.2365552,53.4371324],[50.2365763,53.4371582],[50.2364876,53.437184],[50.2364665,53.4371582],[50.2365552,53.4371324]]]},"properties":{"source_type":"ml"}},{"type":"Feature","geometry":{"type":"Polygon","coordinates":[[[50.2362934,53.4372179],[50.236439,53.4371874],[50.2364835,53.4372628],[50.2363379,53.4372933],[50.2362934,53.4372179]]]},"properties":{"source_type":"ml"}},{"type":"Feature","geometry":{"type":"Polygon","coordinates":[[[50.236077,53.4374131],[50.2361834,53.4373899],[50.2362311,53.4374673],[50.2361247,53.4374906],[50.236077,53.4374131]]]},"properties":{"source_type":"ml"}},{"type":"Feature","geometry":{"type":"Polygon","coordinates":[[[50.2362671,53.4372012],[50.2362035,53.4371146],[50.2362994,53.4370897],[50.2363629,53.4371762],[50.2362671,53.4372012]]]},"properties":{"source_type":"ml"}},{"type":"Feature","geometry":{"type":"Polygon","coordinates":[[[50.2362809,53.4361857],[50.2363816,53.4361556],[50.2364349,53.4362189],[50.2363341,53.436249],[50.2362809,53.4361857]]]},"properties":{"source_type":"ml"}},{"type":"Feature","geometry":{"type":"Polygon","coordinates":[[[50.2361657,53.4364084],[50.2361473,53.4363847],[50.2362357,53.4363604],[50.2362541,53.4363841],[50.2361657,53.4364084]]]},"properties":{"source_type":"ml"}},{"type":"Feature","geometry":{"type":"Polygon","coordinates":[[[50.2362318,53.4360936],[50.2362158,53.4360561],[50.2362678,53.4360483],[50.2362838,53.4360858],[50.2362318,53.4360936]]]},"properties":{"source_type":"ml"}},{"type":"Feature","geometry":{"type":"Polygon","coordinates":[[[50.2362246,53.4361134],[50.236325,53.4360822],[50.23638,53.436145],[50.2362796,53.4361762],[50.2362246,53.4361134]]]},"properties":{"source_type":"ml"}},{"type":"Feature","geometry":{"type":"Polygon","coordinates":[[[50.2362407,53.4356733],[50.2362049,53.4355995],[50.2363609,53.4355727],[50.2363967,53.4356464],[50.2362407,53.4356733]]]},"properties":{"source_type":"ml"}},{"type":"Feature","geometry":{"type":"Polygon","coordinates":[[[50.2360018,53.435847],[50.2361149,53.4358179],[50.2361598,53.4358799],[50.2360467,53.435909],[50.2360018,53.435847]]]},"properties":{"source_type":"ml"}},{"type":"Feature","geometry":{"type":"Polygon","coordinates":[[[50.2361858,53.4355918],[50.2361464,53.4355286],[50.2362384,53.4355083],[50.2362778,53.4355715],[50.2361858,53.4355918]]]},"properties":{"source_type":"ml"}},{"type":"Feature","geometry":{"type":"Polygon","coordinates":[[[50.2363814,53.435842],[50.236464,53.4358261],[50.2364761,53.4358485],[50.2365207,53.4358399],[50.2365548,53.435903],[50.2364275,53.4359274],[50.2363814,53.435842]]]},"properties":{"source_type":"ml"}},{"type":"Feature","geometry":{"type":"Polygon","coordinates":[[[50.23655,53.4353467],[50.2365685,53.4353733],[50.2365135,53.4353869],[50.236495,53.4353602],[50.23655,53.4353467]]]},"properties":{"source_type":"ml"}},{"type":"Feature","geometry":{"type":"Polygon","coordinates":[[[50.2365171,53.4353889],[50.2365663,53.4353777],[50.2365921,53.4354181],[50.236543,53.4354293],[50.2365171,53.4353889]]]},"properties":{"source_type":"ml"}},{"type":"Feature","geometry":{"type":"Polygon","coordinates":[[[50.2366747,53.4356503],[50.2366587,53.4356243],[50.2367155,53.435612],[50.2367315,53.435638],[50.2366747,53.4356503]]]},"properties":{"source_type":"ml"}},{"type":"Feature","geometry":{"type":"Polygon","coordinates":[[[50.2369255,53.4363173],[50.2369763,53.4363783],[50.2368772,53.4364076],[50.2368265,53.4363465],[50.2369255,53.4363173]]]},"properties":{"source_type":"ml"}},{"type":"Feature","geometry":{"type":"Polygon","coordinates":[[[50.2369793,53.4358134],[50.237013,53.4358504],[50.2369653,53.4358658],[50.2369316,53.4358288],[50.2369793,53.4358134]]]},"properties":{"source_type":"ml"}},{"type":"Feature","geometry":{"type":"Polygon","coordinates":[[[50.2368325,53.4357728],[50.2368073,53.435732],[50.2369113,53.4357092],[50.2369365,53.43575],[50.2368325,53.4357728]]]},"properties":{"source_type":"ml"}},{"type":"Feature","geometry":{"type":"Polygon","coordinates":[[[50.2368505,53.4356604],[50.2368169,53.43562],[50.2369103,53.4355924],[50.2369439,53.4356328],[50.2368505,53.4356604]]]},"properties":{"source_type":"ml"}},{"type":"Feature","geometry":{"type":"Polygon","coordinates":[[[50.2369467,53.4353045],[50.2369929,53.4353724],[50.2369137,53.4353915],[50.2368675,53.4353236],[50.2369467,53.4353045]]]},"properties":{"source_type":"ml"}},{"type":"Feature","geometry":{"type":"Polygon","coordinates":[[[50.2369793,53.4353932],[50.2370251,53.4354605],[50.2369237,53.4354849],[50.2368779,53.4354177],[50.2369793,53.4353932]]]},"properties":{"source_type":"ml"}},{"type":"Feature","geometry":{"type":"Polygon","coordinates":[[[50.2371737,53.4356129],[50.2372195,53.4356591],[50.2371837,53.4356717],[50.2371379,53.4356255],[50.2371737,53.4356129]]]},"properties":{"source_type":"ml"}},{"type":"Feature","geometry":{"type":"Polygon","coordinates":[[[50.2372406,53.4358079],[50.2372984,53.4358737],[50.2372057,53.4359025],[50.2371479,53.4358368],[50.2372406,53.4358079]]]},"properties":{"source_type":"ml"}},{"type":"Feature","geometry":{"type":"Polygon","coordinates":[[[50.2373729,53.4360624],[50.2373309,53.4360006],[50.2374531,53.4359712],[50.2374951,53.4360329],[50.2373729,53.4360624]]]},"properties":{"source_type":"ml"}},{"type":"Feature","geometry":{"type":"Polygon","coordinates":[[[50.2374773,53.4360528],[50.2374889,53.4361021],[50.2373757,53.4361115],[50.2373642,53.4360622],[50.2374773,53.4360528]]]},"properties":{"source_type":"ml"}},{"type":"Feature","geometry":{"type":"Polygon","coordinates":[[[50.2373365,53.4363132],[50.2373758,53.436364],[50.237344,53.4363728],[50.2373047,53.436322],[50.2373365,53.4363132]]]},"properties":{"source_type":"ml"}},{"type":"Feature","geometry":{"type":"Polygon","coordinates":[[[50.237075,53.4359875],[50.2371097,53.4360465],[50.237061,53.4360567],[50.2370263,53.4359977],[50.237075,53.4359875]]]},"properties":{"source_type":"ml"}},{"type":"Feature","geometry":{"type":"Polygon","coordinates":[[[50.2369998,53.4362738],[50.2369829,53.4362464],[50.2370751,53.4362262],[50.237092,53.4362536],[50.2369998,53.4362738]]]},"properties":{"source_type":"ml"}},{"type":"Feature","geometry":{"type":"Polygon","coordinates":[[[50.2370723,53.4364617],[50.2371178,53.4365502],[50.2370124,53.4365694],[50.2369669,53.436481],[50.2370723,53.4364617]]]},"properties":{"source_type":"ml"}},{"type":"Feature","geometry":{"type":"Polygon","coordinates":[[[50.2372093,53.4367064],[50.2372267,53.4367373],[50.237123,53.436758],[50.2371056,53.4367271],[50.2372093,53.4367064]]]},"properties":{"source_type":"ml"}},{"type":"Feature","geometry":{"type":"Polygon","coordinates":[[[50.2372152,53.4367734],[50.237256,53.4368414],[50.2371681,53.4368602],[50.2371272,53.4367922],[50.2372152,53.4367734]]]},"properties":{"source_type":"ml"}},{"type":"Feature","geometry":{"type":"Polygon","coordinates":[[[50.2371558,53.4375167],[50.2371653,53.4375427],[50.2370808,53.4375536],[50.2370713,53.4375277],[50.2371558,53.4375167]]]},"properties":{"source_type":"ml"}},{"type":"Feature","geometry":{"type":"Polygon","coordinates":[[[50.2372965,53.437242],[50.2373325,53.4373013],[50.2371926,53.4373314],[50.2371566,53.4372721],[50.2372965,53.437242]]]},"properties":{"source_type":"ml"}},{"type":"Feature","geometry":{"type":"Polygon","coordinates":[[[50.2372537,53.4371628],[50.2372899,53.4372064],[50.237249,53.4372185],[50.2372128,53.4371748],[50.2372537,53.4371628]]]},"properties":{"source_type":"ml"}},{"type":"Feature","geometry":{"type":"Polygon","coordinates":[[[50.2373006,53.4374387],[50.2372872,53.4374198],[50.23736,53.4374014],[50.2374071,53.4374678],[50.2372934,53.4374965],[50.2372597,53.4374491],[50.2373006,53.4374387]]]},"properties":{"source_type":"ml"}},{"type":"Feature","geometry":{"type":"Polygon","coordinates":[[[50.2373767,53.4371058],[50.2374407,53.4370865],[50.2374861,53.4371399],[50.2374221,53.4371592],[50.2373767,53.4371058]]]},"properties":{"source_type":"ml"}},{"type":"Feature","geometry":{"type":"Polygon","coordinates":[[[50.237282,53.4368973],[50.2372612,53.4368616],[50.2374144,53.4368299],[50.2374352,53.4368655],[50.237282,53.4368973]]]},"properties":{"source_type":"ml"}},{"type":"Feature","geometry":{"type":"Polygon","coordinates":[[[50.2374984,53.436749],[50.2374664,53.4367005],[50.2375059,53.4366913],[50.2375379,53.4367397],[50.2374984,53.436749]]]},"properties":{"source_type":"ml"}},{"type":"Feature","geometry":{"type":"Polygon","coordinates":[[[50.2376887,53.4367192],[50.2377274,53.4367693],[50.2376124,53.4368009],[50.2375736,53.4367508],[50.2376887,53.4367192]]]},"properties":{"source_type":"ml"}},{"type":"Feature","geometry":{"type":"Polygon","coordinates":[[[50.2377227,53.4369105],[50.237774,53.436963],[50.2377359,53.4369762],[50.2376846,53.4369237],[50.2377227,53.4369105]]]},"properties":{"source_type":"ml"}},{"type":"Feature","geometry":{"type":"Polygon","coordinates":[[[50.2374557,53.4368088],[50.2375665,53.4367779],[50.2375902,53.436808],[50.2374794,53.436839],[50.2374557,53.4368088]]]},"properties":{"source_type":"ml"}},{"type":"Feature","geometry":{"type":"Polygon","coordinates":[[[50.2375371,53.4373464],[50.2374977,53.4373056],[50.237534,53.4372931],[50.2375734,53.437334],[50.2375371,53.4373464]]]},"properties":{"source_type":"ml"}},{"type":"Feature","geometry":{"type":"Polygon","coordinates":[[[50.2376861,53.43734],[50.2377249,53.437392],[50.2376129,53.4374216],[50.2375741,53.4373696],[50.2376861,53.43734]]]},"properties":{"source_type":"ml"}},{"type":"Feature","geometry":{"type":"Polygon","coordinates":[[[50.2377355,53.4375176],[50.237719,53.437489],[50.237791,53.4374742],[50.2378075,53.4375028],[50.2377355,53.4375176]]]},"properties":{"source_type":"ml"}},{"type":"Feature","geometry":{"type":"Polygon","coordinates":[[[50.2378267,53.4366674],[50.2378056,53.4366186],[50.2378971,53.4366045],[50.237904,53.4366204],[50.2379331,53.4366159],[50.2379503,53.4366554],[50.237906,53.4366623],[50.2379006,53.4366496],[50.2378895,53.4366513],[50.2379216,53.4367254],[50.2377808,53.436747],[50.2377513,53.436679],[50.2378267,53.4366674]]]},"properties":{"source_type":"ml"}},{"type":"Feature","geometry":{"type":"Polygon","coordinates":[[[50.2377194,53.4364759],[50.2378522,53.4364678],[50.2378638,53.4365358],[50.2377311,53.4365439],[50.2377194,53.4364759]]]},"properties":{"source_type":"ml"}},{"type":"Feature","geometry":{"type":"Polygon","coordinates":[[[50.2378966,53.4359854],[50.2378819,53.4359458],[50.2379459,53.4359374],[50.2379605,53.435977],[50.2378966,53.4359854]]]},"properties":{"source_type":"ml"}},{"type":"Feature","geometry":{"type":"Polygon","coordinates":[[[50.237798,53.4363835],[50.2378333,53.4364357],[50.2377894,53.4364462],[50.2377541,53.436394],[50.237798,53.4363835]]]},"properties":{"source_type":"ml"}},{"type":"Feature","geometry":{"type":"Polygon","coordinates":[[[50.237593,53.4363878],[50.2375639,53.4363326],[50.2377153,53.4363043],[50.2377444,53.4363595],[50.237593,53.4363878]]]},"properties":{"source_type":"ml"}},{"type":"Feature","geometry":{"type":"Polygon","coordinates":[[[50.2374652,53.4361602],[50.2375765,53.4361375],[50.2376123,53.4361995],[50.2375011,53.4362223],[50.2374652,53.4361602]]]},"properties":{"source_type":"ml"}},{"type":"Feature","geometry":{"type":"Polygon","coordinates":[[[50.2375026,53.4360311],[50.237554,53.4360247],[50.2375712,53.4360737],[50.2375198,53.4360801],[50.2375026,53.4360311]]]},"properties":{"source_type":"ml"}},{"type":"Feature","geometry":{"type":"Polygon","coordinates":[[[50.2376136,53.4359576],[50.2377256,53.4359421],[50.2377436,53.4359882],[50.2376316,53.4360037],[50.2376136,53.4359576]]]},"properties":{"source_type":"ml"}},{"type":"Feature","geometry":{"type":"Polygon","coordinates":[[[50.2376642,53.4355264],[50.2376514,53.435478],[50.2377168,53.4354719],[50.2377296,53.4355202],[50.2376642,53.4355264]]]},"properties":{"source_type":"ml"}},{"type":"Feature","geometry":{"type":"Polygon","coordinates":[[[50.2377308,53.4356098],[50.2377934,53.4355988],[50.2378181,53.4356488],[50.2377556,53.4356598],[50.2377308,53.4356098]]]},"properties":{"source_type":"ml"}},{"type":"Feature","geometry":{"type":"Polygon","coordinates":[[[50.2378869,53.4355961],[50.2378731,53.435543],[50.2379805,53.4355331],[50.2379943,53.4355862],[50.2378869,53.4355961]]]},"properties":{"source_type":"ml"}},{"type":"Feature","geometry":{"type":"Polygon","coordinates":[[[50.2380308,53.435626],[50.2380697,53.4356857],[50.2379672,53.4357094],[50.2379282,53.4356497],[50.2380308,53.435626]]]},"properties":{"source_type":"ml"}},{"type":"Feature","geometry":{"type":"Polygon","coordinates":[[[50.237958,53.4362082],[50.237938,53.4361705],[50.2380624,53.4361471],[50.2380824,53.4361849],[50.237958,53.4362082]]]},"properties":{"source_type":"ml"}},{"type":"Feature","geometry":{"type":"Polygon","coordinates":[[[50.2382436,53.4361587],[50.2383292,53.4361396],[50.238345,53.4361648],[50.2382595,53.4361839],[50.2382436,53.4361587]]]},"properties":{"source_type":"ml"}},{"type":"Feature","geometry":{"type":"Polygon","coordinates":[[[50.2382226,53.4361458],[50.2381959,53.4360709],[50.238319,53.4360553],[50.2383458,53.4361302],[50.2382226,53.4361458]]]},"properties":{"source_type":"ml"}},{"type":"Feature","geometry":{"type":"Polygon","coordinates":[[[50.2384676,53.4362975],[50.2385267,53.4363677],[50.2384153,53.436401],[50.2383562,53.4363308],[50.2384676,53.4362975]]]},"properties":{"source_type":"ml"}},{"type":"Feature","geometry":{"type":"Polygon","coordinates":[[[50.2384586,53.4356644],[50.2384596,53.4357187],[50.2384015,53.4357191],[50.2384005,53.4356648],[50.2384586,53.4356644]]]},"properties":{"source_type":"ml"}},{"type":"Feature","geometry":{"type":"Polygon","coordinates":[[[50.2383429,53.4355211],[50.2383447,53.4355482],[50.238276,53.4355497],[50.2382743,53.4355226],[50.2383429,53.4355211]]]},"properties":{"source_type":"ml"}},{"type":"Feature","geometry":{"type":"Polygon","coordinates":[[[50.2385007,53.4357175],[50.2385036,53.4356568],[50.2386429,53.4356591],[50.2386401,53.4357198],[50.2385007,53.4357175]]]},"properties":{"source_type":"ml"}},{"type":"Feature","geometry":{"type":"Polygon","coordinates":[[[50.2385782,53.4354995],[50.2385807,53.4354564],[50.2387388,53.4354597],[50.2387363,53.4355028],[50.2385782,53.4354995]]]},"properties":{"source_type":"ml"}},{"type":"Feature","geometry":{"type":"Polygon","coordinates":[[[50.238926,53.4356007],[50.2389219,53.4357195],[50.2388361,53.4357185],[50.2388402,53.4355996],[50.238926,53.4356007]]]},"properties":{"source_type":"ml"}},{"type":"Feature","geometry":{"type":"Polygon","coordinates":[[[50.2388015,53.4359211],[50.2386861,53.435921],[50.2386865,53.4358475],[50.2388018,53.4358476],[50.2388015,53.4359211]]]},"properties":{"source_type":"ml"}},{"type":"Feature","geometry":{"type":"Polygon","coordinates":[[[50.2389601,53.4358529],[50.2389641,53.4359366],[50.2388275,53.4359389],[50.2388235,53.4358552],[50.2389601,53.4358529]]]},"properties":{"source_type":"ml"}},{"type":"Feature","geometry":{"type":"Polygon","coordinates":[[[50.238821,53.4363426],[50.2387369,53.4363441],[50.2387343,53.4362898],[50.2388184,53.4362883],[50.238821,53.4363426]]]},"properties":{"source_type":"ml"}},{"type":"Feature","geometry":{"type":"Polygon","coordinates":[[[50.2385345,53.4358798],[50.238563,53.435943],[50.2384654,53.4359586],[50.2384369,53.4358953],[50.2385345,53.4358798]]]},"properties":{"source_type":"ml"}},{"type":"Feature","geometry":{"type":"Polygon","coordinates":[[[50.2386465,53.4369331],[50.2386675,53.4369611],[50.2385924,53.4369811],[50.2385714,53.4369531],[50.2386465,53.4369331]]]},"properties":{"source_type":"ml"}},{"type":"Feature","geometry":{"type":"Polygon","coordinates":[[[50.2386834,53.4369661],[50.2387006,53.4370135],[50.238639,53.4370214],[50.2386219,53.436974],[50.2386834,53.4369661]]]},"properties":{"source_type":"ml"}},{"type":"Feature","geometry":{"type":"Polygon","coordinates":[[[50.2385372,53.4365614],[50.2386554,53.4365404],[50.2386981,53.4366254],[50.23858,53.4366465],[50.2385372,53.4365614]]]},"properties":{"source_type":"ml"}},{"type":"Feature","geometry":{"type":"Polygon","coordinates":[[[50.2388141,53.4367972],[50.2388637,53.4368591],[50.2387536,53.4368904],[50.238704,53.4368285],[50.2388141,53.4367972]]]},"properties":{"source_type":"ml"}},{"type":"Feature","geometry":{"type":"Polygon","coordinates":[[[50.2387823,53.4372102],[50.238773,53.4371893],[50.238838,53.4371789],[50.2388474,53.4371998],[50.2387823,53.4372102]]]},"properties":{"source_type":"ml"}},{"type":"Feature","geometry":{"type":"Polygon","coordinates":[[[50.2387801,53.4371255],[50.2388122,53.437115],[50.2388427,53.4371481],[50.2388106,53.4371586],[50.2387801,53.4371255]]]},"properties":{"source_type":"ml"}},{"type":"Feature","geometry":{"type":"Polygon","coordinates":[[[50.2388834,53.4370965],[50.238898,53.4371428],[50.2388514,53.437148],[50.2388368,53.4371017],[50.2388834,53.4370965]]]},"properties":{"source_type":"ml"}},{"type":"Feature","geometry":{"type":"Polygon","coordinates":[[[50.2388622,53.4373563],[50.238885,53.437442],[50.2387699,53.4374529],[50.2387471,53.4373672],[50.2388622,53.4373563]]]},"properties":{"source_type":"ml"}},{"type":"Feature","geometry":{"type":"Polygon","coordinates":[[[50.2385267,53.4371434],[50.2386291,53.4371049],[50.2386982,53.43717],[50.2385957,53.4372085],[50.2385267,53.4371434]]]},"properties":{"source_type":"ml"}},{"type":"Feature","geometry":{"type":"Polygon","coordinates":[[[50.2383785,53.4375365],[50.2383087,53.4374526],[50.238481,53.4374018],[50.2385508,53.4374856],[50.2383785,53.4375365]]]},"properties":{"source_type":"ml"}},{"type":"Feature","geometry":{"type":"Polygon","coordinates":[[[50.2383006,53.4370284],[50.2384096,53.4372059],[50.2382653,53.4372374],[50.2382091,53.4371458],[50.2382668,53.4371332],[50.2382141,53.4370472],[50.2383006,53.4370284]]]},"properties":{"source_type":"ml"}},{"type":"Feature","geometry":{"type":"Polygon","coordinates":[[[50.2383748,53.4369649],[50.2383306,53.4369006],[50.2384409,53.4368737],[50.2384851,53.436938],[50.2383748,53.4369649]]]},"properties":{"source_type":"ml"}},{"type":"Feature","geometry":{"type":"Polygon","coordinates":[[[50.2380628,53.436505],[50.2380281,53.436469],[50.2381107,53.4364407],[50.2381455,53.4364767],[50.2380628,53.436505]]]},"properties":{"source_type":"ml"}},{"type":"Feature","geometry":{"type":"Polygon","coordinates":[[[50.2379833,53.43688],[50.2379269,53.4368232],[50.2380579,53.4367769],[50.2381144,53.4368337],[50.2379833,53.43688]]]},"properties":{"source_type":"ml"}},{"type":"Feature","geometry":{"type":"Polygon","coordinates":[[[50.2381167,53.4370249],[50.2381966,53.4369921],[50.2382285,53.4370196],[50.2381486,53.4370524],[50.2381167,53.4370249]]]},"properties":{"source_type":"ml"}},{"type":"Feature","geometry":{"type":"Polygon","coordinates":[[[50.2380096,53.437324],[50.2380464,53.4373837],[50.2380052,53.4373927],[50.2379684,53.437333],[50.2380096,53.437324]]]},"properties":{"source_type":"ml"}},{"type":"Feature","geometry":{"type":"Polygon","coordinates":[[[50.2380629,53.4376507],[50.2381291,53.4376324],[50.2381541,53.4376645],[50.2380879,53.4376828],[50.2380629,53.4376507]]]},"properties":{"source_type":"ml"}},{"type":"Feature","geometry":{"type":"Polygon","coordinates":[[[50.2382202,53.4380117],[50.2381245,53.4380375],[50.2380942,53.4379978],[50.2381288,53.4379884],[50.2381244,53.4379826],[50.2381855,53.4379661],[50.2382202,53.4380117]]]},"properties":{"source_type":"ml"}},{"type":"Feature","geometry":{"type":"Polygon","coordinates":[[[50.2382443,53.4377928],[50.2383354,53.4377681],[50.2383617,53.4378026],[50.2382705,53.4378272],[50.2382443,53.4377928]]]},"properties":{"source_type":"ml"}},{"type":"Feature","geometry":{"type":"Polygon","coordinates":[[[50.2384086,53.437861],[50.2384597,53.4379277],[50.2383754,53.4379506],[50.2383243,53.437884],[50.2384086,53.437861]]]},"properties":{"source_type":"ml"}},{"type":"Feature","geometry":{"type":"Polygon","coordinates":[[[50.2383427,53.4379312],[50.2383604,53.4379653],[50.238238,53.4379879],[50.2382203,53.4379537],[50.2383427,53.4379312]]]},"properties":{"source_type":"ml"}},{"type":"Feature","geometry":{"type":"Polygon","coordinates":[[[50.2381875,53.4380703],[50.2383135,53.4380287],[50.2383677,53.4380868],[50.2382417,53.4381285],[50.2381875,53.4380703]]]},"properties":{"source_type":"ml"}},{"type":"Feature","geometry":{"type":"Polygon","coordinates":[[[50.238292,53.4387109],[50.2382449,53.4386444],[50.2383633,53.4386147],[50.2384104,53.4386811],[50.238292,53.4387109]]]},"properties":{"source_type":"ml"}},{"type":"Feature","geometry":{"type":"Polygon","coordinates":[[[50.2382002,53.4385648],[50.2382425,53.4385554],[50.2382733,53.4386044],[50.238231,53.4386139],[50.2382002,53.4385648]]]},"properties":{"source_type":"ml"}},{"type":"Feature","geometry":{"type":"Polygon","coordinates":[[[50.2381977,53.4384033],[50.2382309,53.438453],[50.2381232,53.4384785],[50.2380901,53.4384288],[50.2381977,53.4384033]]]},"properties":{"source_type":"ml"}},{"type":"Feature","geometry":{"type":"Polygon","coordinates":[[[50.2380946,53.4384945],[50.2382349,53.4384604],[50.2382626,53.4385009],[50.2381223,53.438535],[50.2380946,53.4384945]]]},"properties":{"source_type":"ml"}},{"type":"Feature","geometry":{"type":"Polygon","coordinates":[[[50.2381207,53.438828],[50.2381662,53.4388758],[50.2381023,53.4388974],[50.2380568,53.4388496],[50.2381207,53.438828]]]},"properties":{"source_type":"ml"}},{"type":"Feature","geometry":{"type":"Polygon","coordinates":[[[50.2380297,53.4390896],[50.2380141,53.4390745],[50.2380903,53.4390468],[50.2381059,53.4390619],[50.2380297,53.4390896]]]},"properties":{"source_type":"ml"}},{"type":"Feature","geometry":{"type":"Polygon","coordinates":[[[50.2379287,53.4395612],[50.2380017,53.4395412],[50.2380639,53.4396216],[50.2379909,53.4396416],[50.2379287,53.4395612]]]},"properties":{"source_type":"ml"}},{"type":"Feature","geometry":{"type":"Polygon","coordinates":[[[50.2382991,53.4389043],[50.2383392,53.4389574],[50.2382991,53.4389682],[50.2382589,53.4389151],[50.2382991,53.4389043]]]},"properties":{"source_type":"ml"}},{"type":"Feature","geometry":{"type":"Polygon","coordinates":[[[50.2383563,53.4388567],[50.238337,53.4388197],[50.2384569,53.4387975],[50.2384762,53.4388345],[50.2383563,53.4388567]]]},"properties":{"source_type":"ml"}},{"type":"Feature","geometry":{"type":"Polygon","coordinates":[[[50.2387279,53.4395673],[50.2387732,53.4396309],[50.238647,53.4396628],[50.2386017,53.4395992],[50.2387279,53.4395673]]]},"properties":{"source_type":"ml"}},{"type":"Feature","geometry":{"type":"Polygon","coordinates":[[[50.2388399,53.4392606],[50.2388815,53.4393119],[50.2388499,53.439321],[50.2388761,53.4393534],[50.2388282,53.4393671],[50.2387605,53.4392834],[50.2388399,53.4392606]]]},"properties":{"source_type":"ml"}},{"type":"Feature","geometry":{"type":"Polygon","coordinates":[[[50.2387826,53.4393504],[50.2388211,53.4393888],[50.2387875,53.4394007],[50.238749,53.4393623],[50.2387826,53.4393504]]]},"properties":{"source_type":"ml"}},{"type":"Feature","geometry":{"type":"Polygon","coordinates":[[[50.238697,53.4396978],[50.2388029,53.4396638],[50.2388478,53.4397132],[50.2387419,53.4397473],[50.238697,53.4396978]]]},"properties":{"source_type":"ml"}},{"type":"Feature","geometry":{"type":"Polygon","coordinates":[[[50.2388419,53.4396243],[50.2390189,53.4395757],[50.2390613,53.4396306],[50.2388842,53.4396791],[50.2388419,53.4396243]]]},"properties":{"source_type":"ml"}},{"type":"Feature","geometry":{"type":"Polygon","coordinates":[[[50.2388208,53.4389452],[50.2388435,53.4388844],[50.2389176,53.4388942],[50.2388949,53.4389551],[50.2388208,53.4389452]]]},"properties":{"source_type":"ml"}},{"type":"Feature","geometry":{"type":"Polygon","coordinates":[[[50.2388806,53.4382525],[50.2389048,53.438281],[50.2387705,53.4383216],[50.2387462,53.4382932],[50.2388806,53.4382525]]]},"properties":{"source_type":"ml"}},{"type":"Feature","geometry":{"type":"Polygon","coordinates":[[[50.2387424,53.4382666],[50.2387088,53.4382033],[50.2388428,53.438178],[50.2388765,53.4382413],[50.2387424,53.4382666]]]},"properties":{"source_type":"ml"}},{"type":"Feature","geometry":{"type":"Polygon","coordinates":[[[50.238734,53.438429],[50.2387714,53.4384695],[50.2387137,53.4384884],[50.2386764,53.4384478],[50.238734,53.438429]]]},"properties":{"source_type":"ml"}},{"type":"Feature","geometry":{"type":"Polygon","coordinates":[[[50.238781,53.4384682],[50.2387342,53.4384096],[50.2388008,53.4383907],[50.2388477,53.4384493],[50.238781,53.4384682]]]},"properties":{"source_type":"ml"}},{"type":"Feature","geometry":{"type":"Polygon","coordinates":[[[50.2387013,53.4385246],[50.2388379,53.4384699],[50.2388685,53.4384969],[50.2387318,53.4385517],[50.2387013,53.4385246]]]},"properties":{"source_type":"ml"}},{"type":"Feature","geometry":{"type":"Polygon","coordinates":[[[50.2385185,53.4385598],[50.2386304,53.4385349],[50.238673,53.4386031],[50.2385611,53.4386279],[50.2385185,53.4385598]]]},"properties":{"source_type":"ml"}},{"type":"Feature","geometry":{"type":"Polygon","coordinates":[[[50.2383917,53.4384337],[50.2385602,53.4383913],[50.2386092,53.4384605],[50.2384408,53.4385029],[50.2383917,53.4384337]]]},"properties":{"source_type":"ml"}},{"type":"Feature","geometry":{"type":"Polygon","coordinates":[[[50.2385685,53.4381428],[50.2386158,53.4381287],[50.2386457,53.4381646],[50.2385984,53.4381786],[50.2385685,53.4381428]]]},"properties":{"source_type":"ml"}},{"type":"Feature","geometry":{"type":"Polygon","coordinates":[[[50.2386157,53.438366],[50.238593,53.4383372],[50.2387271,53.4382997],[50.2387498,53.4383285],[50.2386157,53.438366]]]},"properties":{"source_type":"ml"}},{"type":"Feature","geometry":{"type":"Polygon","coordinates":[[[50.2386981,53.4381462],[50.2387217,53.4381841],[50.2386793,53.4381935],[50.2386557,53.4381556],[50.2386981,53.4381462]]]},"properties":{"source_type":"ml"}},{"type":"Feature","geometry":{"type":"Polygon","coordinates":[[[50.2385801,53.438082],[50.238606,53.4381166],[50.238568,53.4381268],[50.2385421,53.4380921],[50.2385801,53.438082]]]},"properties":{"source_type":"ml"}},{"type":"Feature","geometry":{"type":"Polygon","coordinates":[[[50.238488,53.4380916],[50.2385204,53.4380821],[50.2385555,53.4381245],[50.2385231,53.438134],[50.238488,53.4380916]]]},"properties":{"source_type":"ml"}},{"type":"Feature","geometry":{"type":"Polygon","coordinates":[[[50.2387496,53.4376994],[50.2388246,53.4377823],[50.2387011,53.437822],[50.238626,53.4377391],[50.2387496,53.4376994]]]},"properties":{"source_type":"ml"}},{"type":"Feature","geometry":{"type":"Polygon","coordinates":[[[50.2389267,53.4376149],[50.2390398,53.4375841],[50.2390905,53.4376501],[50.2389774,53.437681],[50.2389267,53.4376149]]]},"properties":{"source_type":"ml"}},{"type":"Feature","geometry":{"type":"Polygon","coordinates":[[[50.2390423,53.4380736],[50.2389908,53.4380198],[50.2390839,53.4379881],[50.2391354,53.4380419],[50.2390423,53.4380736]]]},"properties":{"source_type":"ml"}},{"type":"Feature","geometry":{"type":"Polygon","coordinates":[[[50.2391691,53.4378283],[50.2392687,53.4377742],[50.2393697,53.4378401],[50.2392701,53.4378942],[50.2391691,53.4378283]]]},"properties":{"source_type":"ml"}},{"type":"Feature","geometry":{"type":"Polygon","coordinates":[[[50.2393567,53.437593],[50.239475,53.4376501],[50.2394553,53.4376645],[50.2394861,53.4376794],[50.2394328,53.4377186],[50.2392838,53.4376467],[50.2393567,53.437593]]]},"properties":{"source_type":"ml"}},{"type":"Feature","geometry":{"type":"Polygon","coordinates":[[[50.2393856,53.4381184],[50.2394456,53.438181],[50.2393739,53.4382054],[50.2393138,53.4381428],[50.2393856,53.4381184]]]},"properties":{"source_type":"ml"}},{"type":"Feature","geometry":{"type":"Polygon","coordinates":[[[50.2394317,53.4382205],[50.2395133,53.4383133],[50.2394165,53.4383435],[50.2393977,53.4383222],[50.2393293,53.4383436],[50.2392664,53.4382721],[50.2394317,53.4382205]]]},"properties":{"source_type":"ml"}},{"type":"Feature","geometry":{"type":"Polygon","coordinates":[[[50.2389366,53.4383115],[50.2389984,53.4382928],[50.2390505,53.4383536],[50.2389887,53.4383724],[50.2389366,53.4383115]]]},"properties":{"source_type":"ml"}},{"type":"Feature","geometry":{"type":"Polygon","coordinates":[[[50.2389999,53.4387226],[50.2390613,53.4387767],[50.239019,53.4387938],[50.2389575,53.4387396],[50.2389999,53.4387226]]]},"properties":{"source_type":"ml"}},{"type":"Feature","geometry":{"type":"Polygon","coordinates":[[[50.2390283,53.4388336],[50.239133,53.4387937],[50.2391939,53.4388504],[50.2390892,53.4388903],[50.2390283,53.4388336]]]},"properties":{"source_type":"ml"}},{"type":"Feature","geometry":{"type":"Polygon","coordinates":[[[50.2391969,53.4391296],[50.2392181,53.4391594],[50.2391544,53.4391755],[50.2391332,53.4391457],[50.2391969,53.4391296]]]},"properties":{"source_type":"ml"}},{"type":"Feature","geometry":{"type":"Polygon","coordinates":[[[50.2391417,53.4392638],[50.2391059,53.4392334],[50.2392047,53.4391921],[50.2392406,53.4392224],[50.2391417,53.4392638]]]},"properties":{"source_type":"ml"}},{"type":"Feature","geometry":{"type":"Polygon","coordinates":[[[50.2389527,53.4390181],[50.2390022,53.4389992],[50.2389917,53.4389895],[50.2390355,53.4389728],[50.2391134,53.4390454],[50.2390201,53.4390809],[50.2389527,53.4390181]]]},"properties":{"source_type":"ml"}},{"type":"Feature","geometry":{"type":"Polygon","coordinates":[[[50.2390021,53.4393372],[50.2390519,53.4393989],[50.2389648,53.4394239],[50.2389149,53.4393621],[50.2390021,53.4393372]]]},"properties":{"source_type":"ml"}},{"type":"Feature","geometry":{"type":"Polygon","coordinates":[[[50.2390647,53.4395908],[50.2390259,53.4395471],[50.2390594,53.4395365],[50.2390982,53.4395802],[50.2390647,53.4395908]]]},"properties":{"source_type":"ml"}},{"type":"Feature","geometry":{"type":"Polygon","coordinates":[[[50.2391322,53.4397406],[50.2391777,53.4397917],[50.2391463,53.4398016],[50.2391008,53.4397505],[50.2391322,53.4397406]]]},"properties":{"source_type":"ml"}},{"type":"Feature","geometry":{"type":"Polygon","coordinates":[[[50.2391884,53.4395868],[50.2392346,53.4396576],[50.2391729,53.4396719],[50.2391267,53.4396011],[50.2391884,53.4395868]]]},"properties":{"source_type":"ml"}},{"type":"Feature","geometry":{"type":"Polygon","coordinates":[[[50.2392737,53.4393462],[50.2391838,53.4392743],[50.2392614,53.4392398],[50.2393513,53.4393118],[50.2392737,53.4393462]]]},"properties":{"source_type":"ml"}},{"type":"Feature","geometry":{"type":"Polygon","coordinates":[[[50.2392112,53.4397664],[50.2391711,53.439714],[50.2392076,53.4397041],[50.2392478,53.4397564],[50.2392112,53.4397664]]]},"properties":{"source_type":"ml"}},{"type":"Feature","geometry":{"type":"Polygon","coordinates":[[[50.2394348,53.4393828],[50.2395124,53.4394746],[50.2394225,53.4395015],[50.2393449,53.4394098],[50.2394348,53.4393828]]]},"properties":{"source_type":"ml"}},{"type":"Feature","geometry":{"type":"Polygon","coordinates":[[[50.2392737,53.4391079],[50.2393935,53.4390689],[50.2394003,53.4390762],[50.2394395,53.4390635],[50.239496,53.439125],[50.239337,53.4391767],[50.2392737,53.4391079]]]},"properties":{"source_type":"ml"}},{"type":"Feature","geometry":{"type":"Polygon","coordinates":[[[50.2392968,53.4386479],[50.2393457,53.438705],[50.2393052,53.4387173],[50.2392564,53.4386602],[50.2392968,53.4386479]]]},"properties":{"source_type":"ml"}},{"type":"Feature","geometry":{"type":"Polygon","coordinates":[[[50.2393899,53.4387791],[50.2393494,53.4387347],[50.2394249,53.4387102],[50.2394654,53.4387546],[50.2393899,53.4387791]]]},"properties":{"source_type":"ml"}},{"type":"Feature","geometry":{"type":"Polygon","coordinates":[[[50.2395649,53.4387031],[50.2395371,53.4386719],[50.2395821,53.4386577],[50.2396099,53.4386888],[50.2395649,53.4387031]]]},"properties":{"source_type":"ml"}},{"type":"Feature","geometry":{"type":"Polygon","coordinates":[[[50.2395917,53.4388984],[50.2395613,53.438884],[50.2396084,53.4388488],[50.2396388,53.4388632],[50.2395917,53.4388984]]]},"properties":{"source_type":"ml"}},{"type":"Feature","geometry":{"type":"Polygon","coordinates":[[[50.2396471,53.4390514],[50.2396073,53.4390021],[50.2396846,53.4389799],[50.2397244,53.4390292],[50.2396471,53.4390514]]]},"properties":{"source_type":"ml"}},{"type":"Feature","geometry":{"type":"Polygon","coordinates":[[[50.2395426,53.4391572],[50.2395762,53.4391956],[50.2395372,53.4392078],[50.2395036,53.4391693],[50.2395426,53.4391572]]]},"properties":{"source_type":"ml"}},{"type":"Feature","geometry":{"type":"Polygon","coordinates":[[[50.239502,53.4393306],[50.2394462,53.4392755],[50.2395357,53.4392434],[50.2395915,53.4392985],[50.239502,53.4393306]]]},"properties":{"source_type":"ml"}},{"type":"Feature","geometry":{"type":"Polygon","coordinates":[[[50.2394368,53.4395683],[50.2394031,53.4395389],[50.2394379,53.4395247],[50.2394716,53.4395542],[50.2394368,53.4395683]]]},"properties":{"source_type":"ml"}},{"type":"Feature","geometry":{"type":"Polygon","coordinates":[[[50.2394686,53.4395464],[50.2394443,53.4395188],[50.2395305,53.4394918],[50.2395548,53.4395194],[50.2394686,53.4395464]]]},"properties":{"source_type":"ml"}},{"type":"Feature","geometry":{"type":"Polygon","coordinates":[[[50.2396116,53.4397368],[50.2395293,53.4396565],[50.2396309,53.4396196],[50.2397132,53.4396999],[50.2396116,53.4397368]]]},"properties":{"source_type":"ml"}},{"type":"Feature","geometry":{"type":"Polygon","coordinates":[[[50.2397419,53.43934],[50.2398006,53.4394063],[50.2397691,53.4394162],[50.2397978,53.4394487],[50.2396644,53.4394906],[50.2395771,53.4393917],[50.2397419,53.43934]]]},"properties":{"source_type":"ml"}},{"type":"Feature","geometry":{"type":"Polygon","coordinates":[[[50.2397482,53.4397077],[50.2397645,53.4397334],[50.2396916,53.4397497],[50.2396754,53.439724],[50.2397482,53.4397077]]]},"properties":{"source_type":"ml"}},{"type":"Feature","geometry":{"type":"Polygon","coordinates":[[[50.2398141,53.4396526],[50.2397505,53.4395672],[50.2398468,53.4395417],[50.2399105,53.4396271],[50.2398141,53.4396526]]]},"properties":{"source_type":"ml"}},{"type":"Feature","geometry":{"type":"Polygon","coordinates":[[[50.2398694,53.4397188],[50.2398409,53.4396884],[50.2399176,53.4396629],[50.2399461,53.4396933],[50.2398694,53.4397188]]]},"properties":{"source_type":"ml"}},{"type":"Feature","geometry":{"type":"Polygon","coordinates":[[[50.2398661,53.4392224],[50.2399092,53.4392816],[50.2398064,53.4393081],[50.2397633,53.4392489],[50.2398661,53.4392224]]]},"properties":{"source_type":"ml"}},{"type":"Feature","geometry":{"type":"Polygon","coordinates":[[[50.2396989,53.4390707],[50.2396738,53.439053],[50.2397396,53.4390199],[50.2397647,53.4390376],[50.2396989,53.4390707]]]},"properties":{"source_type":"ml"}},{"type":"Feature","geometry":{"type":"Polygon","coordinates":[[[50.2398895,53.4387312],[50.2398648,53.4387073],[50.239925,53.4386852],[50.2399497,53.438709],[50.2398895,53.4387312]]]},"properties":{"source_type":"ml"}},{"type":"Feature","geometry":{"type":"Polygon","coordinates":[[[50.2398981,53.4383404],[50.239941,53.4383579],[50.2399155,53.4383801],[50.2398726,53.4383625],[50.2398981,53.4383404]]]},"properties":{"source_type":"ml"}},{"type":"Feature","geometry":{"type":"Polygon","coordinates":[[[50.2397683,53.4383857],[50.2398623,53.438353],[50.2399114,53.438403],[50.2398174,53.4384357],[50.2397683,53.4383857]]]},"properties":{"source_type":"ml"}},{"type":"Feature","geometry":{"type":"Polygon","coordinates":[[[50.2397831,53.4385869],[50.2398189,53.4386457],[50.2396944,53.4386725],[50.2396586,53.4386138],[50.2397831,53.4385869]]]},"properties":{"source_type":"ml"}},{"type":"Feature","geometry":{"type":"Polygon","coordinates":[[[50.2395446,53.4384516],[50.2396011,53.4385231],[50.2394847,53.4385557],[50.2394282,53.4384843],[50.2395446,53.4384516]]]},"properties":{"source_type":"ml"}},{"type":"Feature","geometry":{"type":"Polygon","coordinates":[[[50.2396735,53.437826],[50.2397496,53.437886],[50.2396598,53.4379264],[50.2395837,53.4378664],[50.2396735,53.437826]]]},"properties":{"source_type":"ml"}},{"type":"Feature","geometry":{"type":"Polygon","coordinates":[[[50.2395326,53.4379209],[50.2396047,53.437898],[50.2396449,53.4379427],[50.2395728,53.4379656],[50.2395326,53.4379209]]]},"properties":{"source_type":"ml"}},{"type":"Feature","geometry":{"type":"Polygon","coordinates":[[[50.2394059,53.4379555],[50.2395196,53.4379201],[50.2395831,53.4379924],[50.2394693,53.4380278],[50.2394059,53.4379555]]]},"properties":{"source_type":"ml"}},{"type":"Feature","geometry":{"type":"Polygon","coordinates":[[[50.2397718,53.4372452],[50.2397746,53.4372995],[50.2397168,53.4373005],[50.239714,53.4372462],[50.2397718,53.4372452]]]},"properties":{"source_type":"ml"}},{"type":"Feature","geometry":{"type":"Polygon","coordinates":[[[50.239745,53.4370217],[50.2397406,53.4370903],[50.2396591,53.4370885],[50.2396635,53.4370199],[50.239745,53.4370217]]]},"properties":{"source_type":"ml"}},{"type":"Feature","geometry":{"type":"Polygon","coordinates":[[[50.2396819,53.4364906],[50.2397875,53.4364919],[50.2397853,53.4365542],[50.2396797,53.4365529],[50.2396819,53.4364906]]]},"properties":{"source_type":"ml"}},{"type":"Feature","geometry":{"type":"Polygon","coordinates":[[[50.2397236,53.4365915],[50.2396711,53.4365903],[50.2396733,53.4365552],[50.2397259,53.4365564],[50.2397236,53.4365915]]]},"properties":{"source_type":"ml"}},{"type":"Feature","geometry":{"type":"Polygon","coordinates":[[[50.2395095,53.4364178],[50.2395052,53.4365082],[50.2393937,53.4365063],[50.2393965,53.4364457],[50.2394732,53.436447],[50.2394746,53.4364172],[50.2395095,53.4364178]]]},"properties":{"source_type":"ml"}},{"type":"Feature","geometry":{"type":"Polygon","coordinates":[[[50.2396119,53.4370378],[50.2396575,53.4370386],[50.2396554,53.4370833],[50.2396098,53.4370825],[50.2396119,53.4370378]]]},"properties":{"source_type":"ml"}},{"type":"Feature","geometry":{"type":"Polygon","coordinates":[[[50.2391809,53.4374955],[50.2391669,53.4374719],[50.2392288,53.4374588],[50.2392429,53.4374824],[50.2391809,53.4374955]]]},"properties":{"source_type":"ml"}},{"type":"Feature","geometry":{"type":"Polygon","coordinates":[[[50.2391403,53.4373588],[50.2391253,53.4373278],[50.2392045,53.4373142],[50.2392195,53.4373452],[50.2391403,53.4373588]]]},"properties":{"source_type":"ml"}},{"type":"Feature","geometry":{"type":"Polygon","coordinates":[[[50.2390972,53.437052],[50.23914,53.4371032],[50.239085,53.4371195],[50.2390422,53.4370683],[50.2390972,53.437052]]]},"properties":{"source_type":"ml"}},{"type":"Feature","geometry":{"type":"Polygon","coordinates":[[[50.2390595,53.4367429],[50.2391246,53.4368503],[50.2390748,53.436861],[50.2390097,53.4367536],[50.2390595,53.4367429]]]},"properties":{"source_type":"ml"}},{"type":"Feature","geometry":{"type":"Polygon","coordinates":[[[50.2390226,53.4364842],[50.2391023,53.4365987],[50.239019,53.4366193],[50.2389393,53.4365047],[50.2390226,53.4364842]]]},"properties":{"source_type":"ml"}},{"type":"Feature","geometry":{"type":"Polygon","coordinates":[[[50.2393603,53.4366496],[50.2392595,53.4366484],[50.2392616,53.4365846],[50.2393624,53.4365857],[50.2393603,53.4366496]]]},"properties":{"source_type":"ml"}},{"type":"Feature","geometry":{"type":"Polygon","coordinates":[[[50.2391996,53.4369188],[50.2394462,53.436888],[50.2394686,53.4369517],[50.239222,53.4369825],[50.2391996,53.4369188]]]},"properties":{"source_type":"ml"}},{"type":"Feature","geometry":{"type":"Polygon","coordinates":[[[50.2393073,53.4364997],[50.2392829,53.4364549],[50.2393469,53.4364426],[50.2393713,53.4364874],[50.2393073,53.4364997]]]},"properties":{"source_type":"ml"}},{"type":"Feature","geometry":{"type":"Polygon","coordinates":[[[50.2393472,53.4362576],[50.2394517,53.4362552],[50.2394555,53.4363126],[50.239351,53.4363151],[50.2393472,53.4362576]]]},"properties":{"source_type":"ml"}},{"type":"Feature","geometry":{"type":"Polygon","coordinates":[[[50.2394609,53.4360616],[50.2394622,53.436085],[50.2393872,53.4360865],[50.2393859,53.4360632],[50.2394609,53.4360616]]]},"properties":{"source_type":"ml"}},{"type":"Feature","geometry":{"type":"Polygon","coordinates":[[[50.2392078,53.4362402],[50.2392065,53.4362194],[50.2392664,53.4362181],[50.2392731,53.436326],[50.2391167,53.4363294],[50.2391113,53.4362423],[50.2392078,53.4362402]]]},"properties":{"source_type":"ml"}},{"type":"Feature","geometry":{"type":"Polygon","coordinates":[[[50.2391401,53.4356959],[50.2391362,53.4356744],[50.2391008,53.4356767],[50.239093,53.4356334],[50.2392414,53.4356238],[50.2392532,53.4356886],[50.2391401,53.4356959]]]},"properties":{"source_type":"ml"}},{"type":"Feature","geometry":{"type":"Polygon","coordinates":[[[50.2390668,53.4358493],[50.2390837,53.4358883],[50.2390434,53.4358945],[50.2390266,53.4358555],[50.2390668,53.4358493]]]},"properties":{"source_type":"ml"}},{"type":"Feature","geometry":{"type":"Polygon","coordinates":[[[50.2391662,53.4353389],[50.2392379,53.4353347],[50.2392471,53.4353901],[50.2391754,53.4353943],[50.2391662,53.4353389]]]},"properties":{"source_type":"ml"}},{"type":"Feature","geometry":{"type":"Polygon","coordinates":[[[50.2392772,53.4358202],[50.2392803,53.4358777],[50.2391597,53.4358799],[50.2391566,53.4358225],[50.2392772,53.4358202]]]},"properties":{"source_type":"ml"}},{"type":"Feature","geometry":{"type":"Polygon","coordinates":[[[50.2394,53.435465],[50.2393972,53.4355145],[50.2393061,53.4355127],[50.2393089,53.4354632],[50.2394,53.435465]]]},"properties":{"source_type":"ml"}},{"type":"Feature","geometry":{"type":"Polygon","coordinates":[[[50.239438,53.4357114],[50.2394418,53.435638],[50.2395687,53.4356403],[50.2395649,53.4357137],[50.239438,53.4357114]]]},"properties":{"source_type":"ml"}},{"type":"Feature","geometry":{"type":"Polygon","coordinates":[[[50.2394363,53.435907],[50.2394335,53.4358501],[50.2395273,53.4358485],[50.2395301,53.4359053],[50.2394363,53.435907]]]},"properties":{"source_type":"ml"}},{"type":"Feature","geometry":{"type":"Polygon","coordinates":[[[50.2395479,53.4362951],[50.2395466,53.4363207],[50.2394715,53.4363193],[50.2394745,53.4362602],[50.2395961,53.4362624],[50.2395944,53.436296],[50.2395479,53.4362951]]]},"properties":{"source_type":"ml"}},{"type":"Feature","geometry":{"type":"Polygon","coordinates":[[[50.2396233,53.4364417],[50.2396266,53.436404],[50.2396801,53.4364057],[50.2396768,53.4364433],[50.2396233,53.4364417]]]},"properties":{"source_type":"ml"}},{"type":"Feature","geometry":{"type":"Polygon","coordinates":[[[50.2397367,53.4363011],[50.2397372,53.4363241],[50.2396461,53.4363249],[50.2396455,53.4363019],[50.2397367,53.4363011]]]},"properties":{"source_type":"ml"}},{"type":"Feature","geometry":{"type":"Polygon","coordinates":[[[50.2397189,53.4364456],[50.2397081,53.4364018],[50.2397528,53.4363979],[50.2397636,53.4364417],[50.2397189,53.4364456]]]},"properties":{"source_type":"ml"}},{"type":"Feature","geometry":{"type":"Polygon","coordinates":[[[50.2399092,53.436192],[50.2399116,53.4362399],[50.2398731,53.4362406],[50.2398757,53.4362933],[50.2397391,53.4362957],[50.239734,53.4361951],[50.2399092,53.436192]]]},"properties":{"source_type":"ml"}},{"type":"Feature","geometry":{"type":"Polygon","coordinates":[[[50.2398662,53.4358486],[50.2398674,53.4358949],[50.2397655,53.4358959],[50.2397643,53.4358495],[50.2398662,53.4358486]]]},"properties":{"source_type":"ml"}},{"type":"Feature","geometry":{"type":"Polygon","coordinates":[[[50.2399602,53.4356777],[50.239956,53.4356347],[50.2400094,53.4356328],[50.2400136,53.4356758],[50.2399602,53.4356777]]]},"properties":{"source_type":"ml"}},{"type":"Feature","geometry":{"type":"Polygon","coordinates":[[[50.2401348,53.435442],[50.2402741,53.4354389],[50.2402762,53.435474],[50.2401825,53.4354761],[50.2401814,53.4354585],[50.2401359,53.4354595],[50.2401348,53.435442]]]},"properties":{"source_type":"ml"}},{"type":"Feature","geometry":{"type":"Polygon","coordinates":[[[50.2404441,53.4356866],[50.2403271,53.4356887],[50.2403237,53.43562],[50.2404407,53.435618],[50.2404441,53.4356866]]]},"properties":{"source_type":"ml"}},{"type":"Feature","geometry":{"type":"Polygon","coordinates":[[[50.2401314,53.4358703],[50.2401302,53.4358447],[50.2402803,53.4358423],[50.2402833,53.4359078],[50.240085,53.435911],[50.2400832,53.435871],[50.2401314,53.4358703]]]},"properties":{"source_type":"ml"}},{"type":"Feature","geometry":{"type":"Polygon","coordinates":[[[50.2401426,53.4365197],[50.2400031,53.4365198],[50.2400029,53.4364511],[50.2401423,53.436451],[50.2401426,53.4365197]]]},"properties":{"source_type":"ml"}},{"type":"Feature","geometry":{"type":"Polygon","coordinates":[[[50.2400821,53.4369656],[50.2402096,53.4369639],[50.2402109,53.4369975],[50.2400833,53.4369992],[50.2400821,53.4369656]]]},"properties":{"source_type":"ml"}},{"type":"Feature","geometry":{"type":"Polygon","coordinates":[[[50.2399152,53.4370177],[50.2400196,53.4370149],[50.2400233,53.4370643],[50.2399189,53.4370671],[50.2399152,53.4370177]]]},"properties":{"source_type":"ml"}},{"type":"Feature","geometry":{"type":"Polygon","coordinates":[[[50.240084,53.4374768],[50.2400798,53.4375598],[50.2399672,53.4375578],[50.2399715,53.4374748],[50.240084,53.4374768]]]},"properties":{"source_type":"ml"}},{"type":"Feature","geometry":{"type":"Polygon","coordinates":[[[50.2401306,53.4372747],[50.2401289,53.4372443],[50.2402066,53.4372428],[50.2402083,53.4372731],[50.2401306,53.4372747]]]},"properties":{"source_type":"ml"}},{"type":"Feature","geometry":{"type":"Polygon","coordinates":[[[50.240268,53.4372839],[50.240327,53.4372845],[50.2403256,53.4373324],[50.2402667,53.4373318],[50.240268,53.4372839]]]},"properties":{"source_type":"ml"}},{"type":"Feature","geometry":{"type":"Polygon","coordinates":[[[50.240404,53.4375473],[50.2402808,53.43755],[50.2402765,53.4374798],[50.2403998,53.4374771],[50.240404,53.4375473]]]},"properties":{"source_type":"ml"}},{"type":"Feature","geometry":{"type":"Polygon","coordinates":[[[50.2402277,53.4370828],[50.2402247,53.4370125],[50.240348,53.4370107],[50.240351,53.4370809],[50.2402277,53.4370828]]]},"properties":{"source_type":"ml"}},{"type":"Feature","geometry":{"type":"Polygon","coordinates":[[[50.2405829,53.4365121],[50.2404531,53.4365139],[50.2404506,53.4364511],[50.2405804,53.4364493],[50.2405829,53.4365121]]]},"properties":{"source_type":"ml"}},{"type":"Feature","geometry":{"type":"Polygon","coordinates":[[[50.2405266,53.4372015],[50.2405296,53.4372451],[50.2404948,53.437246],[50.2404918,53.4372023],[50.2405266,53.4372015]]]},"properties":{"source_type":"ml"}},{"type":"Feature","geometry":{"type":"Polygon","coordinates":[[[50.2405707,53.4375437],[50.2405742,53.4374581],[50.2407071,53.43746],[50.2407036,53.4375456],[50.2405707,53.4375437]]]},"properties":{"source_type":"ml"}},{"type":"Feature","geometry":{"type":"Polygon","coordinates":[[[50.2406862,53.4370275],[50.240689,53.4371159],[50.2405711,53.4371173],[50.2405682,53.4370288],[50.2406862,53.4370275]]]},"properties":{"source_type":"ml"}},{"type":"Feature","geometry":{"type":"Polygon","coordinates":[[[50.2407621,53.4369329],[50.2405949,53.4369294],[50.2405978,53.43688],[50.240765,53.4368834],[50.2407621,53.4369329]]]},"properties":{"source_type":"ml"}},{"type":"Feature","geometry":{"type":"Polygon","coordinates":[[[50.2407171,53.4365179],[50.2406331,53.4365152],[50.2406386,53.4364557],[50.2407226,53.4364584],[50.2407171,53.4365179]]]},"properties":{"source_type":"ml"}},{"type":"Feature","geometry":{"type":"Polygon","coordinates":[[[50.2408253,53.4361327],[50.2408229,53.436088],[50.2408872,53.4360868],[50.2408896,53.4361315],[50.2408253,53.4361327]]]},"properties":{"source_type":"ml"}},{"type":"Feature","geometry":{"type":"Polygon","coordinates":[[[50.2406408,53.4360789],[50.2406387,53.436047],[50.2406966,53.4360456],[50.2406987,53.4360775],[50.2406408,53.4360789]]]},"properties":{"source_type":"ml"}},{"type":"Feature","geometry":{"type":"Polygon","coordinates":[[[50.2407588,53.4361916],[50.2406783,53.4361908],[50.2406788,53.4361733],[50.2407592,53.436174],[50.2407588,53.4361916]]]},"properties":{"source_type":"ml"}},{"type":"Feature","geometry":{"type":"Polygon","coordinates":[[[50.2405199,53.4364161],[50.2405223,53.4363714],[50.240592,53.4363727],[50.2405896,53.4364174],[50.2405199,53.4364161]]]},"properties":{"source_type":"ml"}},{"type":"Feature","geometry":{"type":"Polygon","coordinates":[[[50.2405502,53.4362243],[50.2403759,53.4362257],[50.2403747,53.436173],[50.240549,53.4361716],[50.2405502,53.4362243]]]},"properties":{"source_type":"ml"}},{"type":"Feature","geometry":{"type":"Polygon","coordinates":[[[50.2405051,53.435819],[50.2405038,53.435779],[50.2406165,53.4357778],[50.2406177,53.4358177],[50.2405051,53.435819]]]},"properties":{"source_type":"ml"}},{"type":"Feature","geometry":{"type":"Polygon","coordinates":[[[50.2404444,53.4359038],[50.2403629,53.4359046],[50.240361,53.4358359],[50.2404424,53.4358351],[50.2404444,53.4359038]]]},"properties":{"source_type":"ml"}},{"type":"Feature","geometry":{"type":"Polygon","coordinates":[[[50.2406492,53.4354729],[50.2405968,53.435475],[50.2405922,53.4354352],[50.2406446,53.4354331],[50.2406492,53.4354729]]]},"properties":{"source_type":"ml"}},{"type":"Feature","geometry":{"type":"Polygon","coordinates":[[[50.2406199,53.4355855],[50.2407378,53.4355827],[50.2407397,53.4356108],[50.2406218,53.4356136],[50.2406199,53.4355855]]]},"properties":{"source_type":"ml"}},{"type":"Feature","geometry":{"type":"Polygon","coordinates":[[[50.2407701,53.4357982],[50.2407724,53.4358908],[50.2406598,53.4358918],[50.2406575,53.4357992],[50.2407701,53.4357982]]]},"properties":{"source_type":"ml"}},{"type":"Feature","geometry":{"type":"Polygon","coordinates":[[[50.2408431,53.4355666],[50.2408386,53.435507],[50.2409082,53.4355051],[50.2409127,53.4355647],[50.2408431,53.4355666]]]},"properties":{"source_type":"ml"}},{"type":"Feature","geometry":{"type":"Polygon","coordinates":[[[50.2409582,53.4358058],[50.2410627,53.4358044],[50.2410651,53.4358635],[50.2409605,53.4358649],[50.2409582,53.4358058]]]},"properties":{"source_type":"ml"}},{"type":"Feature","geometry":{"type":"Polygon","coordinates":[[[50.2410583,53.4362494],[50.2410528,53.4361552],[50.2412243,53.4361517],[50.2412297,53.4362459],[50.2410583,53.4362494]]]},"properties":{"source_type":"ml"}},{"type":"Feature","geometry":{"type":"Polygon","coordinates":[[[50.241338,53.4363996],[50.2413321,53.4364985],[50.2412234,53.4364962],[50.2412292,53.4363973],[50.241338,53.4363996]]]},"properties":{"source_type":"ml"}},{"type":"Feature","geometry":{"type":"Polygon","coordinates":[[[50.2412666,53.4360765],[50.2412684,53.4360563],[50.241362,53.4360593],[50.2413602,53.4360794],[50.2412666,53.4360765]]]},"properties":{"source_type":"ml"}},{"type":"Feature","geometry":{"type":"Polygon","coordinates":[[[50.2413664,53.4356067],[50.2413636,53.4356705],[50.2412474,53.4356687],[50.2412502,53.4356048],[50.2413664,53.4356067]]]},"properties":{"source_type":"ml"}},{"type":"Feature","geometry":{"type":"Polygon","coordinates":[[[50.241271,53.4358746],[50.2412718,53.435889],[50.2412226,53.43589],[50.2412171,53.4357926],[50.2413779,53.4357894],[50.2413826,53.4358724],[50.241271,53.4358746]]]},"properties":{"source_type":"ml"}},{"type":"Feature","geometry":{"type":"Polygon","coordinates":[[[50.2411566,53.4354462],[50.2411638,53.4354737],[50.241114,53.4354783],[50.2411069,53.4354508],[50.2411566,53.4354462]]]},"properties":{"source_type":"ml"}},{"type":"Feature","geometry":{"type":"Polygon","coordinates":[[[50.241271,53.4354129],[50.2412772,53.4354476],[50.2412189,53.4354513],[50.2412126,53.4354166],[50.241271,53.4354129]]]},"properties":{"source_type":"ml"}},{"type":"Feature","geometry":{"type":"Polygon","coordinates":[[[50.2415162,53.4357987],[50.2414213,53.4357993],[50.2414207,53.4357609],[50.2415155,53.4357603],[50.2415162,53.4357987]]]},"properties":{"source_type":"ml"}},{"type":"Feature","geometry":{"type":"Polygon","coordinates":[[[50.2415538,53.4354541],[50.2414975,53.4354535],[50.2414989,53.4354094],[50.2415552,53.43541],[50.2415538,53.4354541]]]},"properties":{"source_type":"ml"}},{"type":"Feature","geometry":{"type":"Polygon","coordinates":[[[50.2416402,53.4358196],[50.2416428,53.4358595],[50.2416803,53.4358586],[50.2416825,53.4358915],[50.2415342,53.435895],[50.2415324,53.4358678],[50.2415655,53.4358671],[50.2415625,53.4358214],[50.2416402,53.4358196]]]},"properties":{"source_type":"ml"}},{"type":"Feature","geometry":{"type":"Polygon","coordinates":[[[50.2416308,53.436093],[50.2416908,53.4360942],[50.2416882,53.4361373],[50.2416283,53.4361361],[50.2416308,53.436093]]]},"properties":{"source_type":"ml"}},{"type":"Feature","geometry":{"type":"Polygon","coordinates":[[[50.2417755,53.4363775],[50.2417782,53.4364557],[50.2418024,53.4364554],[50.241803,53.4364746],[50.2418432,53.4364741],[50.2418437,53.4364869],[50.2417498,53.436488],[50.2417485,53.4364481],[50.2416385,53.4364494],[50.2416361,53.4363792],[50.2417755,53.4363775]]]},"properties":{"source_type":"ml"}},{"type":"Feature","geometry":{"type":"Polygon","coordinates":[[[50.2415029,53.4362443],[50.2414011,53.4362459],[50.2413988,53.4361964],[50.2415007,53.4361948],[50.2415029,53.4362443]]]},"properties":{"source_type":"ml"}},{"type":"Feature","geometry":{"type":"Polygon","coordinates":[[[50.2415155,53.4366776],[50.2415163,53.4367016],[50.2414305,53.4367026],[50.2414297,53.4366786],[50.2415155,53.4366776]]]},"properties":{"source_type":"ml"}},{"type":"Feature","geometry":{"type":"Polygon","coordinates":[[[50.241371,53.4366657],[50.2413717,53.4366513],[50.2413197,53.4366505],[50.2413225,53.4365914],[50.2414645,53.4365938],[50.2414611,53.4366672],[50.241371,53.4366657]]]},"properties":{"source_type":"ml"}},{"type":"Feature","geometry":{"type":"Polygon","coordinates":[[[50.2413791,53.4367248],[50.2414595,53.4367259],[50.2414574,53.4367802],[50.241377,53.4367791],[50.2413791,53.4367248]]]},"properties":{"source_type":"ml"}},{"type":"Feature","geometry":{"type":"Polygon","coordinates":[[[50.2417686,53.436645],[50.2418464,53.4366441],[50.2418475,53.4366776],[50.2417698,53.4366786],[50.2417686,53.436645]]]},"properties":{"source_type":"ml"}},{"type":"Feature","geometry":{"type":"Polygon","coordinates":[[[50.2416189,53.4370494],[50.2416169,53.4370031],[50.2417134,53.4370016],[50.2417154,53.4370479],[50.2416189,53.4370494]]]},"properties":{"source_type":"ml"}},{"type":"Feature","geometry":{"type":"Polygon","coordinates":[[[50.2412903,53.4374516],[50.2412931,53.4375299],[50.2411832,53.4375313],[50.2411792,53.4374211],[50.2412436,53.4374203],[50.2412447,53.4374522],[50.2412903,53.4374516]]]},"properties":{"source_type":"ml"}},{"type":"Feature","geometry":{"type":"Polygon","coordinates":[[[50.241183,53.4369932],[50.24129,53.4369898],[50.2412964,53.4370599],[50.2411894,53.4370633],[50.241183,53.4369932]]]},"properties":{"source_type":"ml"}},{"type":"Feature","geometry":{"type":"Polygon","coordinates":[[[50.2410725,53.4368282],[50.2410736,53.4368665],[50.2409942,53.4368673],[50.2409931,53.436829],[50.2410725,53.4368282]]]},"properties":{"source_type":"ml"}},{"type":"Feature","geometry":{"type":"Polygon","coordinates":[[[50.2409919,53.4370227],[50.2409891,53.4370834],[50.2408486,53.4370811],[50.2408514,53.4370204],[50.2409919,53.4370227]]]},"properties":{"source_type":"ml"}},{"type":"Feature","geometry":{"type":"Polygon","coordinates":[[[50.2410421,53.4372964],[50.2411118,53.4372956],[50.2411127,53.4373244],[50.241043,53.4373251],[50.2410421,53.4372964]]]},"properties":{"source_type":"ml"}},{"type":"Feature","geometry":{"type":"Polygon","coordinates":[[[50.2409634,53.4374546],[50.2410331,53.4374537],[50.2410355,53.4375144],[50.240983,53.4375151],[50.2409838,53.4375359],[50.2408727,53.4375374],[50.2408676,53.4374048],[50.2409614,53.4374035],[50.2409634,53.4374546]]]},"properties":{"source_type":"ml"}},{"type":"Feature","geometry":{"type":"Polygon","coordinates":[[[50.240991,53.4380445],[50.2409871,53.4379582],[50.2410782,53.4379568],[50.2410821,53.438043],[50.2410943,53.4380428],[50.2410958,53.4380758],[50.2410449,53.4380766],[50.2410434,53.4380436],[50.240991,53.4380445]]]},"properties":{"source_type":"ml"}},{"type":"Feature","geometry":{"type":"Polygon","coordinates":[[[50.2411448,53.4383105],[50.2411429,53.4382754],[50.2412649,53.4382731],[50.2412668,53.4383082],[50.2411448,53.4383105]]]},"properties":{"source_type":"ml"}},{"type":"Feature","geometry":{"type":"Polygon","coordinates":[[[50.2411939,53.4384154],[50.2412291,53.4383415],[50.2413607,53.4383637],[50.241298,53.4384953],[50.241236,53.4384849],[50.2412634,53.4384272],[50.2411939,53.4384154]]]},"properties":{"source_type":"ml"}},{"type":"Feature","geometry":{"type":"Polygon","coordinates":[[[50.2413269,53.4385762],[50.2412769,53.4385681],[50.2413076,53.4385006],[50.2413576,53.4385086],[50.2413269,53.4385762]]]},"properties":{"source_type":"ml"}},{"type":"Feature","geometry":{"type":"Polygon","coordinates":[[[50.2412028,53.4380009],[50.2412023,53.4380264],[50.2411191,53.4380257],[50.2411197,53.4380002],[50.2412028,53.4380009]]]},"properties":{"source_type":"ml"}},{"type":"Feature","geometry":{"type":"Polygon","coordinates":[[[50.2414096,53.4376866],[50.2414073,53.4376275],[50.2414904,53.4376263],[50.2414927,53.4376854],[50.2414096,53.4376866]]]},"properties":{"source_type":"ml"}},{"type":"Feature","geometry":{"type":"Polygon","coordinates":[[[50.2415161,53.4376218],[50.2415884,53.4376201],[50.2415925,53.4376823],[50.2415202,53.437684],[50.2415161,53.4376218]]]},"properties":{"source_type":"ml"}},{"type":"Feature","geometry":{"type":"Polygon","coordinates":[[[50.2418488,53.4379244],[50.241755,53.4379268],[50.2417505,53.4378624],[50.2418442,53.43786],[50.2418488,53.4379244]]]},"properties":{"source_type":"ml"}},{"type":"Feature","geometry":{"type":"Polygon","coordinates":[[[50.2418638,53.4379908],[50.2418662,53.4380259],[50.2417778,53.438028],[50.2417754,53.4379929],[50.2418638,53.4379908]]]},"properties":{"source_type":"ml"}},{"type":"Feature","geometry":{"type":"Polygon","coordinates":[[[50.2418641,53.4380305],[50.2418638,53.438057],[50.2417699,53.4380566],[50.2417703,53.43803],[50.2418641,53.4380305]]]},"properties":{"source_type":"ml"}},{"type":"Feature","geometry":{"type":"Polygon","coordinates":[[[50.2416669,53.4379853],[50.2417634,53.4379839],[50.2417649,53.4380212],[50.2416684,53.4380227],[50.2416669,53.4379853]]]},"properties":{"source_type":"ml"}},{"type":"Feature","geometry":{"type":"Polygon","coordinates":[[[50.2414961,53.4383362],[50.2414908,53.4384234],[50.2413703,53.4384208],[50.2413756,53.4383336],[50.2414961,53.4383362]]]},"properties":{"source_type":"ml"}},{"type":"Feature","geometry":{"type":"Polygon","coordinates":[[[50.2414618,53.438203],[50.2413933,53.438202],[50.2413964,53.4381339],[50.2414648,53.438135],[50.2414618,53.438203]]]},"properties":{"source_type":"ml"}},{"type":"Feature","geometry":{"type":"Polygon","coordinates":[[[50.2415443,53.4392061],[50.2415578,53.4391763],[50.2416503,53.4391911],[50.2416369,53.4392209],[50.2415443,53.4392061]]]},"properties":{"source_type":"ml"}},{"type":"Feature","geometry":{"type":"Polygon","coordinates":[[[50.2415546,53.4387976],[50.2415283,53.4388378],[50.2414864,53.4388281],[50.2415127,53.4387879],[50.2415546,53.4387976]]]},"properties":{"source_type":"ml"}},{"type":"Feature","geometry":{"type":"Polygon","coordinates":[[[50.2417144,53.439237],[50.2418304,53.4392544],[50.2417975,53.4393319],[50.2416815,53.4393145],[50.2417144,53.439237]]]},"properties":{"source_type":"ml"}},{"type":"Feature","geometry":{"type":"Polygon","coordinates":[[[50.2418253,53.4395385],[50.2417654,53.4394817],[50.2418308,53.4394572],[50.2418907,53.439514],[50.2418253,53.4395385]]]},"properties":{"source_type":"ml"}},{"type":"Feature","geometry":{"type":"Polygon","coordinates":[[[50.2414667,53.4396701],[50.2415774,53.4396294],[50.2416258,53.4396761],[50.2415152,53.4397168],[50.2414667,53.4396701]]]},"properties":{"source_type":"ml"}},{"type":"Feature","geometry":{"type":"Polygon","coordinates":[[[50.2414743,53.4395622],[50.2415142,53.4396143],[50.2414609,53.4396288],[50.241421,53.4395767],[50.2414743,53.4395622]]]},"properties":{"source_type":"ml"}},{"type":"Feature","geometry":{"type":"Polygon","coordinates":[[[50.2411577,53.4395784],[50.2412421,53.4395522],[50.2413146,53.4396352],[50.2412302,53.4396613],[50.2411577,53.4395784]]]},"properties":{"source_type":"ml"}},{"type":"Feature","geometry":{"type":"Polygon","coordinates":[[[50.2412973,53.4392064],[50.2413405,53.439252],[50.2412937,53.4392677],[50.2412505,53.4392221],[50.2412973,53.4392064]]]},"properties":{"source_type":"ml"}},{"type":"Feature","geometry":{"type":"Polygon","coordinates":[[[50.2412279,53.4394159],[50.2413305,53.4393835],[50.2413849,53.4394446],[50.2412824,53.439477],[50.2412279,53.4394159]]]},"properties":{"source_type":"ml"}},{"type":"Feature","geometry":{"type":"Polygon","coordinates":[[[50.2413677,53.4387599],[50.2413304,53.4388365],[50.241182,53.4388109],[50.2412193,53.4387342],[50.2413677,53.4387599]]]},"properties":{"source_type":"ml"}},{"type":"Feature","geometry":{"type":"Polygon","coordinates":[[[50.2409572,53.4388895],[50.2409917,53.4389281],[50.2409604,53.438938],[50.2409259,53.4388994],[50.2409572,53.4388895]]]},"properties":{"source_type":"ml"}},{"type":"Feature","geometry":{"type":"Polygon","coordinates":[[[50.240926,53.4388325],[50.2409624,53.4388716],[50.2409296,53.4388824],[50.2408932,53.4388433],[50.240926,53.4388325]]]},"properties":{"source_type":"ml"}},{"type":"Feature","geometry":{"type":"Polygon","coordinates":[[[50.2409474,53.4392618],[50.2409893,53.4393049],[50.240937,53.4393229],[50.2408952,53.4392798],[50.2409474,53.4392618]]]},"properties":{"source_type":"ml"}},{"type":"Feature","geometry":{"type":"Polygon","coordinates":[[[50.2408825,53.4394206],[50.2408262,53.4393689],[50.2408829,53.439347],[50.2409392,53.4393987],[50.2408825,53.4394206]]]},"properties":{"source_type":"ml"}},{"type":"Feature","geometry":{"type":"Polygon","coordinates":[[[50.2407845,53.4392775],[50.2408093,53.4393081],[50.2408854,53.4392862],[50.2409194,53.4393281],[50.2407303,53.4393826],[50.2406714,53.4393101],[50.2407845,53.4392775]]]},"properties":{"source_type":"ml"}},{"type":"Feature","geometry":{"type":"Polygon","coordinates":[[[50.2408345,53.4393858],[50.2408828,53.4394317],[50.2407904,53.4394662],[50.2407421,53.4394203],[50.2408345,53.4393858]]]},"properties":{"source_type":"ml"}},{"type":"Feature","geometry":{"type":"Polygon","coordinates":[[[50.2405967,53.439587],[50.2407006,53.4395445],[50.2407632,53.4395988],[50.2406593,53.4396413],[50.2405967,53.439587]]]},"properties":{"source_type":"ml"}},{"type":"Feature","geometry":{"type":"Polygon","coordinates":[[[50.2405232,53.4394823],[50.2406472,53.4394475],[50.2407034,53.4395186],[50.2405794,53.4395534],[50.2405232,53.4394823]]]},"properties":{"source_type":"ml"}},{"type":"Feature","geometry":{"type":"Polygon","coordinates":[[[50.2403699,53.4389968],[50.2404197,53.4389746],[50.2404905,53.4390309],[50.2404407,53.4390531],[50.2403699,53.4389968]]]},"properties":{"source_type":"ml"}},{"type":"Feature","geometry":{"type":"Polygon","coordinates":[[[50.2406902,53.4386972],[50.2407725,53.4386742],[50.2408624,53.438788],[50.24078,53.4388111],[50.2406902,53.4386972]]]},"properties":{"source_type":"ml"}},{"type":"Feature","geometry":{"type":"Polygon","coordinates":[[[50.2407889,53.438064],[50.2408997,53.4380531],[50.2409162,53.4381122],[50.2408053,53.4381231],[50.2407889,53.438064]]]},"properties":{"source_type":"ml"}},{"type":"Feature","geometry":{"type":"Polygon","coordinates":[[[50.2408054,53.4379523],[50.240884,53.4379451],[50.2408916,53.4379748],[50.2408602,53.4379777],[50.2408702,53.4380167],[50.240823,53.438021],[50.2408054,53.4379523]]]},"properties":{"source_type":"ml"}},{"type":"Feature","geometry":{"type":"Polygon","coordinates":[[[50.2408012,53.4378811],[50.2408897,53.4378819],[50.2408883,53.4379368],[50.2407998,53.437936],[50.2408012,53.4378811]]]},"properties":{"source_type":"ml"}},{"type":"Feature","geometry":{"type":"Polygon","coordinates":[[[50.240811,53.4378115],[50.2408699,53.4378106],[50.2408709,53.4378346],[50.2408119,53.4378354],[50.240811,53.4378115]]]},"properties":{"source_type":"ml"}},{"type":"Feature","geometry":{"type":"Polygon","coordinates":[[[50.2407329,53.4378105],[50.2407368,53.4378605],[50.2406057,53.4378641],[50.2406018,53.4378141],[50.2407329,53.4378105]]]},"properties":{"source_type":"ml"}},{"type":"Feature","geometry":{"type":"Polygon","coordinates":[[[50.2405809,53.4376021],[50.2406372,53.4376011],[50.2406397,53.4376538],[50.2405834,53.4376548],[50.2405809,53.4376021]]]},"properties":{"source_type":"ml"}},{"type":"Feature","geometry":{"type":"Polygon","coordinates":[[[50.2403645,53.4378698],[50.2403612,53.4378348],[50.2404441,53.437832],[50.2404474,53.4378671],[50.2403645,53.4378698]]]},"properties":{"source_type":"ml"}},{"type":"Feature","geometry":{"type":"Polygon","coordinates":[[[50.2405197,53.438438],[50.2405612,53.4384219],[50.2405999,53.4384575],[50.2405584,53.4384736],[50.2405197,53.438438]]]},"properties":{"source_type":"ml"}},{"type":"Feature","geometry":{"type":"Polygon","coordinates":[[[50.240441,53.4384583],[50.2405104,53.4385256],[50.2404131,53.4385612],[50.2403437,53.4384939],[50.240441,53.4384583]]]},"properties":{"source_type":"ml"}},{"type":"Feature","geometry":{"type":"Polygon","coordinates":[[[50.2403153,53.4386038],[50.2403482,53.4386379],[50.2403099,53.438651],[50.240277,53.4386169],[50.2403153,53.4386038]]]},"properties":{"source_type":"ml"}},{"type":"Feature","geometry":{"type":"Polygon","coordinates":[[[50.2401968,53.4386998],[50.2401595,53.4386714],[50.2402193,53.4386435],[50.2402566,53.4386719],[50.2401968,53.4386998]]]},"properties":{"source_type":"ml"}},{"type":"Feature","geometry":{"type":"Polygon","coordinates":[[[50.2403563,53.4378522],[50.2403573,53.4378793],[50.2402917,53.4378802],[50.2402907,53.437853],[50.2403563,53.4378522]]]},"properties":{"source_type":"ml"}},{"type":"Feature","geometry":{"type":"Polygon","coordinates":[[[50.240289,53.4376235],[50.2403869,53.4376252],[50.2403837,53.4376881],[50.2402858,53.4376863],[50.240289,53.4376235]]]},"properties":{"source_type":"ml"}},{"type":"Feature","geometry":{"type":"Polygon","coordinates":[[[50.2400639,53.43843],[50.2401203,53.4384107],[50.2401683,53.4384604],[50.2401118,53.4384797],[50.2400639,53.43843]]]},"properties":{"source_type":"ml"}},{"type":"Feature","geometry":{"type":"Polygon","coordinates":[[[50.2401211,53.4389359],[50.2401693,53.4389818],[50.2401327,53.4389955],[50.2400845,53.4389496],[50.2401211,53.4389359]]]},"properties":{"source_type":"ml"}},{"type":"Feature","geometry":{"type":"Polygon","coordinates":[[[50.2401621,53.4386715],[50.240204,53.4387234],[50.2400995,53.4387534],[50.2400576,53.4387015],[50.2401621,53.4386715]]]},"properties":{"source_type":"ml"}},{"type":"Feature","geometry":{"type":"Polygon","coordinates":[[[50.240186,53.4391949],[50.2402698,53.4391606],[50.24035,53.43923],[50.2402662,53.4392643],[50.240186,53.4391949]]]},"properties":{"source_type":"ml"}},{"type":"Feature","geometry":{"type":"Polygon","coordinates":[[[50.240418,53.4392169],[50.2404526,53.4392763],[50.2403747,53.4392924],[50.2403401,53.439233],[50.240418,53.4392169]]]},"properties":{"source_type":"ml"}},{"type":"Feature","geometry":{"type":"Polygon","coordinates":[[[50.2403714,53.439601],[50.2404091,53.4396525],[50.2403605,53.4396651],[50.2403229,53.4396136],[50.2403714,53.439601]]]},"properties":{"source_type":"ml"}},{"type":"Feature","geometry":{"type":"Polygon","coordinates":[[[50.2402457,53.4396645],[50.2403154,53.4396393],[50.2403522,53.4396756],[50.2402825,53.4397007],[50.2402457,53.4396645]]]},"properties":{"source_type":"ml"}},{"type":"Feature","geometry":{"type":"Polygon","coordinates":[[[50.2401284,53.4394997],[50.2400957,53.4394617],[50.2401392,53.4394484],[50.2401719,53.4394864],[50.2401284,53.4394997]]]},"properties":{"source_type":"ml"}},{"type":"Feature","geometry":{"type":"Polygon","coordinates":[[[50.2399865,53.4393575],[50.239951,53.4393099],[50.2400004,53.4392969],[50.2400358,53.4393444],[50.2399865,53.4393575]]]},"properties":{"source_type":"ml"}},{"type":"Feature","geometry":{"type":"Polygon","coordinates":[[[50.2399218,53.4397564],[50.2400524,53.4397214],[50.2400955,53.4397785],[50.239965,53.4398135],[50.2399218,53.4397564]]]},"properties":{"source_type":"ml"}},{"type":"Feature","geometry":{"type":"Polygon","coordinates":[[[50.2399802,53.4399748],[50.2400235,53.4400163],[50.2399365,53.4400486],[50.2398932,53.4400071],[50.2399802,53.4399748]]]},"properties":{"source_type":"ml"}},{"type":"Feature","geometry":{"type":"Polygon","coordinates":[[[50.2400643,53.4401757],[50.2400002,53.4401126],[50.2400955,53.4400782],[50.2401355,53.4401176],[50.2400774,53.4401385],[50.2401016,53.4401623],[50.2400643,53.4401757]]]},"properties":{"source_type":"ml"}},{"type":"Feature","geometry":{"type":"Polygon","coordinates":[[[50.2399041,53.4400678],[50.2399696,53.4400517],[50.2399865,53.4400764],[50.239921,53.4400924],[50.2399041,53.4400678]]]},"properties":{"source_type":"ml"}},{"type":"Feature","geometry":{"type":"Polygon","coordinates":[[[50.2400529,53.4403746],[50.2400598,53.4403351],[50.2401872,53.440343],[50.2401839,53.4403619],[50.2402476,53.4403659],[50.2402294,53.4404702],[50.2401035,53.4404624],[50.2401002,53.4404814],[50.240051,53.4404784],[50.2400568,53.4404452],[50.2399601,53.4404392],[50.2399721,53.4403696],[50.2400529,53.4403746]]]},"properties":{"source_type":"ml"}},{"type":"Feature","geometry":{"type":"Polygon","coordinates":[[[50.2400989,53.4399312],[50.2401748,53.4398954],[50.2402317,53.4399383],[50.2401559,53.4399741],[50.2400989,53.4399312]]]},"properties":{"source_type":"ml"}},{"type":"Feature","geometry":{"type":"Polygon","coordinates":[[[50.2401467,53.4399838],[50.240233,53.4399501],[50.2402826,53.4399952],[50.2401963,53.4400289],[50.2401467,53.4399838]]]},"properties":{"source_type":"ml"}},{"type":"Feature","geometry":{"type":"Polygon","coordinates":[[[50.2405181,53.4399217],[50.2404754,53.4398821],[50.2405001,53.4398727],[50.2405428,53.4399123],[50.2405181,53.4399217]]]},"properties":{"source_type":"ml"}},{"type":"Feature","geometry":{"type":"Polygon","coordinates":[[[50.2403057,53.4401343],[50.2404665,53.4401015],[50.2404769,53.4401196],[50.2404841,53.4401181],[50.2405181,53.4401773],[50.2404245,53.4401964],[50.2404078,53.4401673],[50.2403333,53.4401824],[50.2403057,53.4401343]]]},"properties":{"source_type":"ml"}},{"type":"Feature","geometry":{"type":"Polygon","coordinates":[[[50.2405109,53.4398289],[50.2405665,53.4398139],[50.240623,53.439888],[50.2405675,53.4399031],[50.2405109,53.4398289]]]},"properties":{"source_type":"ml"}},{"type":"Feature","geometry":{"type":"Polygon","coordinates":[[[50.2408264,53.4401567],[50.2408129,53.4401617],[50.24077,53.4401208],[50.2408452,53.4400928],[50.2409669,53.4402088],[50.2409052,53.4402318],[50.2408264,53.4401567]]]},"properties":{"source_type":"ml"}},{"type":"Feature","geometry":{"type":"Polygon","coordinates":[[[50.2406933,53.4405055],[50.2406361,53.4404995],[50.2406551,53.4404354],[50.2407123,53.4404414],[50.2406933,53.4405055]]]},"properties":{"source_type":"ml"}},{"type":"Feature","geometry":{"type":"Polygon","coordinates":[[[50.2408906,53.4406913],[50.2408254,53.4406888],[50.2408298,53.440648],[50.240895,53.4406505],[50.2408906,53.4406913]]]},"properties":{"source_type":"ml"}},{"type":"Feature","geometry":{"type":"Polygon","coordinates":[[[50.2405571,53.4413528],[50.240626,53.4413606],[50.2406123,53.4414038],[50.2405434,53.441396],[50.2405571,53.4413528]]]},"properties":{"source_type":"ml"}},{"type":"Feature","geometry":{"type":"Polygon","coordinates":[[[50.2405881,53.4411549],[50.2404338,53.4411292],[50.2404671,53.4410581],[50.2406214,53.4410837],[50.2405881,53.4411549]]]},"properties":{"source_type":"ml"}},{"type":"Feature","geometry":{"type":"Polygon","coordinates":[[[50.2407282,53.4411825],[50.2406628,53.4411788],[50.2406684,53.441144],[50.2407338,53.4411477],[50.2407282,53.4411825]]]},"properties":{"source_type":"ml"}},{"type":"Feature","geometry":{"type":"Polygon","coordinates":[[[50.2406733,53.4410722],[50.2407591,53.4410812],[50.2407496,53.4411132],[50.2406638,53.4411041],[50.2406733,53.4410722]]]},"properties":{"source_type":"ml"}},{"type":"Feature","geometry":{"type":"Polygon","coordinates":[[[50.2407374,53.4411456],[50.2406647,53.4411377],[50.2406728,53.4411114],[50.2407455,53.4411193],[50.2407374,53.4411456]]]},"properties":{"source_type":"ml"}},{"type":"Feature","geometry":{"type":"Polygon","coordinates":[[[50.2408109,53.440984],[50.2408305,53.4409042],[50.2409171,53.4409117],[50.2408976,53.4409915],[50.2408109,53.440984]]]},"properties":{"source_type":"ml"}},{"type":"Feature","geometry":{"type":"Polygon","coordinates":[[[50.2407908,53.4412431],[50.2407992,53.4411834],[50.240878,53.4411874],[50.2408696,53.4412471],[50.2407908,53.4412431]]]},"properties":{"source_type":"ml"}},{"type":"Feature","geometry":{"type":"Polygon","coordinates":[[[50.2406604,53.4415975],[50.240658,53.4415368],[50.2407464,53.4415356],[50.2407489,53.4415963],[50.2406604,53.4415975]]]},"properties":{"source_type":"ml"}},{"type":"Feature","geometry":{"type":"Polygon","coordinates":[[[50.2405811,53.4417543],[50.2406043,53.4416768],[50.240794,53.441697],[50.240756,53.441824],[50.2406426,53.4418119],[50.2406575,53.4417624],[50.2405811,53.4417543]]]},"properties":{"source_type":"ml"}},{"type":"Feature","geometry":{"type":"Polygon","coordinates":[[[50.2405801,53.4415826],[50.2406241,53.4415856],[50.2406139,53.4416392],[50.2405699,53.4416363],[50.2405801,53.4415826]]]},"properties":{"source_type":"ml"}},{"type":"Feature","geometry":{"type":"Polygon","coordinates":[[[50.2403514,53.4415525],[50.2403691,53.4414904],[50.2404046,53.441494],[50.2403869,53.4415561],[50.2403514,53.4415525]]]},"properties":{"source_type":"ml"}},{"type":"Feature","geometry":{"type":"Polygon","coordinates":[[[50.240373,53.4410639],[50.2404416,53.4410788],[50.2404156,53.4411211],[50.240347,53.4411061],[50.240373,53.4410639]]]},"properties":{"source_type":"ml"}},{"type":"Feature","geometry":{"type":"Polygon","coordinates":[[[50.240243,53.4411389],[50.2401169,53.4411091],[50.2401693,53.4410304],[50.2402954,53.4410602],[50.240243,53.4411389]]]},"properties":{"source_type":"ml"}},{"type":"Feature","geometry":{"type":"Polygon","coordinates":[[[50.2400307,53.440918],[50.240045,53.4408766],[50.2401932,53.4408948],[50.2401789,53.4409361],[50.2400307,53.440918]]]},"properties":{"source_type":"ml"}},{"type":"Feature","geometry":{"type":"Polygon","coordinates":[[[50.2398469,53.4410863],[50.2398659,53.4410162],[50.2401352,53.441042],[50.2401162,53.4411121],[50.2398469,53.4410863]]]},"properties":{"source_type":"ml"}},{"type":"Feature","geometry":{"type":"Polygon","coordinates":[[[50.2401902,53.4415427],[50.2400696,53.4415358],[50.2400752,53.441501],[50.2401958,53.4415078],[50.2401902,53.4415427]]]},"properties":{"source_type":"ml"}},{"type":"Feature","geometry":{"type":"Polygon","coordinates":[[[50.2401447,53.4417328],[50.2400494,53.4417239],[50.2400682,53.4416522],[50.2401635,53.441661],[50.2401447,53.4417328]]]},"properties":{"source_type":"ml"}},{"type":"Feature","geometry":{"type":"Polygon","coordinates":[[[50.2400767,53.4421431],[50.2398798,53.4421044],[50.2399245,53.4420238],[50.2401214,53.4420624],[50.2400767,53.4421431]]]},"properties":{"source_type":"ml"}},{"type":"Feature","geometry":{"type":"Polygon","coordinates":[[[50.2400772,53.4421947],[50.2399753,53.4421937],[50.2399763,53.442157],[50.2400782,53.442158],[50.2400772,53.4421947]]]},"properties":{"source_type":"ml"}},{"type":"Feature","geometry":{"type":"Polygon","coordinates":[[[50.2408395,53.4421649],[50.24086,53.4421249],[50.2409124,53.4421344],[50.2408919,53.4421744],[50.2408395,53.4421649]]]},"properties":{"source_type":"ml"}},{"type":"Feature","geometry":{"type":"Polygon","coordinates":[[[50.24126,53.4420038],[50.2413055,53.4420081],[50.2412796,53.4421069],[50.241167,53.4420964],[50.2412029,53.4419592],[50.2412701,53.4419654],[50.24126,53.4420038]]]},"properties":{"source_type":"ml"}},{"type":"Feature","geometry":{"type":"Polygon","coordinates":[[[50.2414871,53.4420599],[50.2413719,53.4420572],[50.2413768,53.4419844],[50.2414919,53.4419871],[50.2414871,53.4420599]]]},"properties":{"source_type":"ml"}},{"type":"Feature","geometry":{"type":"Polygon","coordinates":[[[50.2418497,53.4413878],[50.2418461,53.4414452],[50.2417963,53.4414441],[50.2417998,53.4413867],[50.2418497,53.4413878]]]},"properties":{"source_type":"ml"}},{"type":"Feature","geometry":{"type":"Polygon","coordinates":[[[50.2416789,53.4411341],[50.2416775,53.4410964],[50.2417323,53.4410957],[50.2417336,53.4411334],[50.2416789,53.4411341]]]},"properties":{"source_type":"ml"}},{"type":"Feature","geometry":{"type":"Polygon","coordinates":[[[50.2415279,53.4412999],[50.2414524,53.4412922],[50.2414782,53.4412027],[50.2415537,53.4412105],[50.2415279,53.4412999]]]},"properties":{"source_type":"ml"}},{"type":"Feature","geometry":{"type":"Polygon","coordinates":[[[50.2415074,53.4410711],[50.241657,53.4410872],[50.2416485,53.441115],[50.241499,53.4410989],[50.2415074,53.4410711]]]},"properties":{"source_type":"ml"}},{"type":"Feature","geometry":{"type":"Polygon","coordinates":[[[50.2410056,53.4420358],[50.241024,53.4419613],[50.2411405,53.4419716],[50.2411221,53.442046],[50.2410056,53.4420358]]]},"properties":{"source_type":"ml"}},{"type":"Feature","geometry":{"type":"Polygon","coordinates":[[[50.2409541,53.4419098],[50.240938,53.4419647],[50.2408183,53.4419523],[50.2408343,53.4418974],[50.2409541,53.4419098]]]},"properties":{"source_type":"ml"}},{"type":"Feature","geometry":{"type":"Polygon","coordinates":[[[50.2411041,53.4411843],[50.2411849,53.4411889],[50.2411751,53.4412497],[50.2410943,53.441245],[50.2411041,53.4411843]]]},"properties":{"source_type":"ml"}},{"type":"Feature","geometry":{"type":"Polygon","coordinates":[[[50.2412836,53.4410211],[50.2413783,53.4410319],[50.2413595,53.4410904],[50.2411949,53.4410717],[50.2412093,53.441027],[50.2412791,53.4410349],[50.2412836,53.4410211]]]},"properties":{"source_type":"ml"}},{"type":"Feature","geometry":{"type":"Polygon","coordinates":[[[50.2412807,53.4406031],[50.2414581,53.4406152],[50.2414394,53.440713],[50.241262,53.4407009],[50.2412807,53.4406031]]]},"properties":{"source_type":"ml"}},{"type":"Feature","geometry":{"type":"Polygon","coordinates":[[[50.2412126,53.4406826],[50.2410489,53.4406734],[50.2410564,53.4406264],[50.2412201,53.4406357],[50.2412126,53.4406826]]]},"properties":{"source_type":"ml"}},{"type":"Feature","geometry":{"type":"Polygon","coordinates":[[[50.2409567,53.4397816],[50.241025,53.4398615],[50.2409048,53.439898],[50.2408364,53.439818],[50.2409567,53.4397816]]]},"properties":{"source_type":"ml"}},{"type":"Feature","geometry":{"type":"Polygon","coordinates":[[[50.241133,53.4399496],[50.2411862,53.4400087],[50.2410717,53.4400453],[50.2410185,53.4399862],[50.241133,53.4399496]]]},"properties":{"source_type":"ml"}},{"type":"Feature","geometry":{"type":"Polygon","coordinates":[[[50.2412886,53.440109],[50.2413516,53.4401826],[50.2412473,53.4402143],[50.2411843,53.4401407],[50.2412886,53.440109]]]},"properties":{"source_type":"ml"}},{"type":"Feature","geometry":{"type":"Polygon","coordinates":[[[50.2414573,53.4399738],[50.2415014,53.4400304],[50.2413832,53.440063],[50.2413392,53.4400065],[50.2414573,53.4399738]]]},"properties":{"source_type":"ml"}},{"type":"Feature","geometry":{"type":"Polygon","coordinates":[[[50.2415616,53.4403462],[50.2416232,53.4404144],[50.2415774,53.440429],[50.2415159,53.4403609],[50.2415616,53.4403462]]]},"properties":{"source_type":"ml"}},{"type":"Feature","geometry":{"type":"Polygon","coordinates":[[[50.2418323,53.4406258],[50.2417739,53.4406149],[50.2418048,53.4405565],[50.2418632,53.4405674],[50.2418323,53.4406258]]]},"properties":{"source_type":"osm"}},{"type":"Feature","geometry":{"type":"Polygon","coordinates":[[[50.2417822,53.4398843],[50.2417975,53.4398969],[50.241824,53.4398856],[50.2418629,53.4399178],[50.2417755,53.4399553],[50.2417213,53.4399104],[50.2417822,53.4398843]]]},"properties":{"source_type":"ml"}},{"type":"Feature","geometry":{"type":"Polygon","coordinates":[[[50.2422892,53.4400773],[50.242241,53.4400759],[50.2422475,53.4399921],[50.2422957,53.4399934],[50.2422892,53.4400773]]]},"properties":{"source_type":"ml"}},{"type":"Feature","geometry":{"type":"Polygon","coordinates":[[[50.242686,53.4408682],[50.2426213,53.4408576],[50.2426396,53.4408181],[50.2427044,53.4408288],[50.242686,53.4408682]]]},"properties":{"source_type":"ml"}},{"type":"Feature","geometry":{"type":"Polygon","coordinates":[[[50.2425757,53.4408787],[50.2425371,53.4408796],[50.2425334,53.4408238],[50.242572,53.4408229],[50.2425757,53.4408787]]]},"properties":{"source_type":"ml"}},{"type":"Feature","geometry":{"type":"Polygon","coordinates":[[[50.2423381,53.4412158],[50.2424049,53.4412242],[50.2423957,53.4412502],[50.2423289,53.4412418],[50.2423381,53.4412158]]]},"properties":{"source_type":"ml"}},{"type":"Feature","geometry":{"type":"Polygon","coordinates":[[[50.2424738,53.4413421],[50.2424585,53.4413998],[50.2424156,53.4413958],[50.2424309,53.4413381],[50.2424738,53.4413421]]]},"properties":{"source_type":"ml"}},{"type":"Feature","geometry":{"type":"Polygon","coordinates":[[[50.2428194,53.4414636],[50.2427159,53.4414481],[50.2427478,53.4413723],[50.2428513,53.4413878],[50.2428194,53.4414636]]]},"properties":{"source_type":"ml"}},{"type":"Feature","geometry":{"type":"Polygon","coordinates":[[[50.2425948,53.4413759],[50.2426007,53.4413509],[50.2427007,53.4413593],[50.2426947,53.4413843],[50.2425948,53.4413759]]]},"properties":{"source_type":"ml"}},{"type":"Feature","geometry":{"type":"Polygon","coordinates":[[[50.2425501,53.4412638],[50.2425663,53.4412281],[50.2427214,53.441253],[50.2427052,53.4412887],[50.2425501,53.4412638]]]},"properties":{"source_type":"ml"}},{"type":"Feature","geometry":{"type":"Polygon","coordinates":[[[50.2427111,53.4416447],[50.2427751,53.4416577],[50.2427595,53.4416849],[50.2426955,53.4416719],[50.2427111,53.4416447]]]},"properties":{"source_type":"ml"}},{"type":"Feature","geometry":{"type":"Polygon","coordinates":[[[50.2428341,53.44193],[50.2425865,53.4419005],[50.2426113,53.4418268],[50.2427428,53.4418425],[50.2427418,53.4418455],[50.2428578,53.4418594],[50.2428341,53.44193]]]},"properties":{"source_type":"ml"}},{"type":"Feature","geometry":{"type":"Polygon","coordinates":[[[50.2426018,53.4418021],[50.2426082,53.4417535],[50.2426599,53.4417559],[50.2426534,53.4418045],[50.2426018,53.4418021]]]},"properties":{"source_type":"ml"}},{"type":"Feature","geometry":{"type":"Polygon","coordinates":[[[50.2425149,53.4419041],[50.2424123,53.4418878],[50.2424611,53.4417789],[50.2425638,53.4417953],[50.2425149,53.4419041]]]},"properties":{"source_type":"ml"}},{"type":"Feature","geometry":{"type":"Polygon","coordinates":[[[50.2424169,53.4416381],[50.2424335,53.4415957],[50.2425292,53.441609],[50.2425126,53.4416514],[50.2424169,53.4416381]]]},"properties":{"source_type":"ml"}},{"type":"Feature","geometry":{"type":"Polygon","coordinates":[[[50.242397,53.441543],[50.242495,53.4415581],[50.2424819,53.4415881],[50.242384,53.4415729],[50.242397,53.441543]]]},"properties":{"source_type":"ml"}},{"type":"Feature","geometry":{"type":"Polygon","coordinates":[[[50.242349,53.441641],[50.2424033,53.4416505],[50.2423784,53.4417011],[50.2423241,53.4416916],[50.242349,53.441641]]]},"properties":{"source_type":"ml"}},{"type":"Feature","geometry":{"type":"Polygon","coordinates":[[[50.2423107,53.4418097],[50.2423697,53.4418105],[50.2423674,53.4418737],[50.2423085,53.441873],[50.2423107,53.4418097]]]},"properties":{"source_type":"ml"}},{"type":"Feature","geometry":{"type":"Polygon","coordinates":[[[50.2423501,53.4419564],[50.2423446,53.4420153],[50.2423018,53.4420139],[50.2422993,53.442041],[50.2422431,53.4420391],[50.2422511,53.4419531],[50.2423501,53.4419564]]]},"properties":{"source_type":"ml"}},{"type":"Feature","geometry":{"type":"Polygon","coordinates":[[[50.2422695,53.4418239],[50.2422515,53.4418555],[50.242213,53.4418477],[50.242231,53.4418162],[50.2422695,53.4418239]]]},"properties":{"source_type":"ml"}},{"type":"Feature","geometry":{"type":"Polygon","coordinates":[[[50.2422171,53.4418339],[50.2420762,53.4418302],[50.2420791,53.4417919],[50.2422199,53.4417956],[50.2422171,53.4418339]]]},"properties":{"source_type":"ml"}},{"type":"Feature","geometry":{"type":"Polygon","coordinates":[[[50.2423917,53.4409656],[50.2422282,53.4409478],[50.2422443,53.4408952],[50.2424078,53.440913],[50.2423917,53.4409656]]]},"properties":{"source_type":"ml"}},{"type":"Feature","geometry":{"type":"Polygon","coordinates":[[[50.2419499,53.4410315],[50.2419029,53.4410298],[50.2419065,53.4409932],[50.2419535,53.4409948],[50.2419499,53.4410315]]]},"properties":{"source_type":"ml"}},{"type":"Feature","geometry":{"type":"Polygon","coordinates":[[[50.2418417,53.4410295],[50.2419515,53.4410316],[50.2419454,53.4411433],[50.2418811,53.4411421],[50.2418834,53.441099],[50.2418379,53.4410981],[50.2418417,53.4410295]]]},"properties":{"source_type":"ml"}},{"type":"Feature","geometry":{"type":"Polygon","coordinates":[[[50.2420057,53.4418151],[50.2420075,53.4417729],[50.2420648,53.4417738],[50.242063,53.441816],[50.2420057,53.4418151]]]},"properties":{"source_type":"ml"}},{"type":"Feature","geometry":{"type":"Polygon","coordinates":[[[50.2419638,53.4418836],[50.2420904,53.4419039],[50.2420743,53.4419397],[50.2419476,53.4419194],[50.2419638,53.4418836]]]},"properties":{"source_type":"ml"}},{"type":"Feature","geometry":{"type":"Polygon","coordinates":[[[50.2419406,53.4424335],[50.2418122,53.4424296],[50.2418188,53.4423525],[50.2419472,53.4423564],[50.2419406,53.4424335]]]},"properties":{"source_type":"ml"}},{"type":"Feature","geometry":{"type":"Polygon","coordinates":[[[50.2419681,53.4423821],[50.2422517,53.4423905],[50.2422465,53.4424533],[50.2419628,53.4424449],[50.2419681,53.4423821]]]},"properties":{"source_type":"ml"}},{"type":"Feature","geometry":{"type":"Polygon","coordinates":[[[50.2422994,53.4425154],[50.242321,53.4424783],[50.2424072,53.4424961],[50.2423857,53.4425332],[50.2422994,53.4425154]]]},"properties":{"source_type":"ml"}},{"type":"Feature","geometry":{"type":"Polygon","coordinates":[[[50.2425981,53.4420536],[50.2425374,53.442049],[50.2425508,53.4419861],[50.2426115,53.4419907],[50.2425981,53.4420536]]]},"properties":{"source_type":"ml"}},{"type":"Feature","geometry":{"type":"Polygon","coordinates":[[[50.2426748,53.4424454],[50.2427176,53.4424469],[50.2427095,53.4425345],[50.2426667,53.442533],[50.2426748,53.4424454]]]},"properties":{"source_type":"ml"}},{"type":"Feature","geometry":{"type":"Polygon","coordinates":[[[50.2426922,53.4420453],[50.2427157,53.441978],[50.242852,53.4419948],[50.2428284,53.4420622],[50.2426922,53.4420453]]]},"properties":{"source_type":"ml"}},{"type":"Feature","geometry":{"type":"Polygon","coordinates":[[[50.2429656,53.4425746],[50.2428606,53.4425549],[50.2428966,53.4424866],[50.2430016,53.4425062],[50.2429656,53.4425746]]]},"properties":{"source_type":"ml"}},{"type":"Feature","geometry":{"type":"Polygon","coordinates":[[[50.2432541,53.4421848],[50.2431363,53.4421738],[50.2431662,53.4420606],[50.2433503,53.4420779],[50.2433332,53.4421427],[50.2432668,53.4421365],[50.2432541,53.4421848]]]},"properties":{"source_type":"ml"}},{"type":"Feature","geometry":{"type":"Polygon","coordinates":[[[50.2430601,53.4424949],[50.243209,53.4425228],[50.2431668,53.4426028],[50.2430179,53.4425749],[50.2430601,53.4424949]]]},"properties":{"source_type":"ml"}},{"type":"Feature","geometry":{"type":"Polygon","coordinates":[[[50.2436361,53.4426842],[50.2435127,53.4426829],[50.243514,53.4426398],[50.2436374,53.4426411],[50.2436361,53.4426842]]]},"properties":{"source_type":"ml"}},{"type":"Feature","geometry":{"type":"Polygon","coordinates":[[[50.2433177,53.4426409],[50.2433331,53.4425982],[50.2434732,53.4426161],[50.2434578,53.4426588],[50.2433177,53.4426409]]]},"properties":{"source_type":"ml"}},{"type":"Feature","geometry":{"type":"Polygon","coordinates":[[[50.2433473,53.4425265],[50.2433955,53.4425262],[50.2433961,53.4425588],[50.2433478,53.4425591],[50.2433473,53.4425265]]]},"properties":{"source_type":"ml"}},{"type":"Feature","geometry":{"type":"Polygon","coordinates":[[[50.2435834,53.442114],[50.243551,53.4422149],[50.243432,53.4422013],[50.2434643,53.4421005],[50.2435834,53.442114]]]},"properties":{"source_type":"ml"}},{"type":"Feature","geometry":{"type":"Polygon","coordinates":[[[50.2437712,53.4421445],[50.2438071,53.4422001],[50.2437324,53.4422173],[50.2436964,53.4421616],[50.2437712,53.4421445]]]},"properties":{"source_type":"ml"}},{"type":"Feature","geometry":{"type":"Polygon","coordinates":[[[50.2436554,53.442096],[50.2437616,53.4420758],[50.2437903,53.4421295],[50.2436841,53.4421496],[50.2436554,53.442096]]]},"properties":{"source_type":"ml"}},{"type":"Feature","geometry":{"type":"Polygon","coordinates":[[[50.2435198,53.4413787],[50.2435878,53.4413542],[50.2436477,53.4414132],[50.2435796,53.4414377],[50.2435198,53.4413787]]]},"properties":{"source_type":"ml"}},{"type":"Feature","geometry":{"type":"Polygon","coordinates":[[[50.2435565,53.4409432],[50.2435899,53.4409909],[50.2435031,53.4410124],[50.2434697,53.4409648],[50.2435565,53.4409432]]]},"properties":{"source_type":"ml"}},{"type":"Feature","geometry":{"type":"Polygon","coordinates":[[[50.2433934,53.4418962],[50.2433961,53.4419754],[50.2433301,53.4419762],[50.2433274,53.441897],[50.2433934,53.4418962]]]},"properties":{"source_type":"ml"}},{"type":"Feature","geometry":{"type":"Polygon","coordinates":[[[50.2432391,53.4419765],[50.2431855,53.4419752],[50.2431883,53.4419353],[50.2432419,53.4419367],[50.2432391,53.4419765]]]},"properties":{"source_type":"ml"}},{"type":"Feature","geometry":{"type":"Polygon","coordinates":[[[50.2431555,53.4418459],[50.2432005,53.441849],[50.2431916,53.4418947],[50.2431466,53.4418916],[50.2431555,53.4418459]]]},"properties":{"source_type":"ml"}},{"type":"Feature","geometry":{"type":"Polygon","coordinates":[[[50.2430053,53.4418863],[50.2431143,53.4418965],[50.2430947,53.4419707],[50.2429351,53.4419557],[50.2429519,53.4418918],[50.2430026,53.4418966],[50.2430053,53.4418863]]]},"properties":{"source_type":"ml"}},{"type":"Feature","geometry":{"type":"Polygon","coordinates":[[[50.2428321,53.4416604],[50.2429253,53.4416709],[50.2429152,53.4417026],[50.242822,53.4416921],[50.2428321,53.4416604]]]},"properties":{"source_type":"ml"}},{"type":"Feature","geometry":{"type":"Polygon","coordinates":[[[50.2429993,53.4414571],[50.2429378,53.441455],[50.2429437,53.4413938],[50.2430052,53.4413959],[50.2429993,53.4414571]]]},"properties":{"source_type":"ml"}},{"type":"Feature","geometry":{"type":"Polygon","coordinates":[[[50.2429294,53.44145],[50.2428791,53.4414466],[50.2428885,53.4413961],[50.2429388,53.4413995],[50.2429294,53.44145]]]},"properties":{"source_type":"ml"}},{"type":"Feature","geometry":{"type":"Polygon","coordinates":[[[50.242889,53.4412692],[50.2429265,53.4412685],[50.2429286,53.4413068],[50.2427743,53.4413098],[50.2427699,53.44123],[50.2428867,53.4412277],[50.242889,53.4412692]]]},"properties":{"source_type":"ml"}},{"type":"Feature","geometry":{"type":"Polygon","coordinates":[[[50.2432436,53.4405498],[50.2431747,53.4405405],[50.2431928,53.4404934],[50.2432616,53.4405028],[50.2432436,53.4405498]]]},"properties":{"source_type":"ml"}},{"type":"Feature","geometry":{"type":"Polygon","coordinates":[[[50.2428546,53.4408488],[50.2429297,53.44085],[50.2429275,53.4408954],[50.2428525,53.4408941],[50.2428546,53.4408488]]]},"properties":{"source_type":"ml"}},{"type":"Feature","geometry":{"type":"Polygon","coordinates":[[[50.2432122,53.4403141],[50.2432074,53.4403923],[50.2431071,53.4403901],[50.2431145,53.4402698],[50.2431975,53.4402716],[50.2431994,53.4402413],[50.2432408,53.4402422],[50.2432363,53.4403147],[50.2432122,53.4403141]]]},"properties":{"source_type":"ml"}},{"type":"Feature","geometry":{"type":"Polygon","coordinates":[[[50.2435061,53.4397281],[50.2436239,53.4397767],[50.243533,53.4398549],[50.2434151,53.4398063],[50.2435061,53.4397281]]]},"properties":{"source_type":"ml"}},{"type":"Feature","geometry":{"type":"Polygon","coordinates":[[[50.2432347,53.4402845],[50.2433902,53.4402851],[50.2433894,53.4403713],[50.2432338,53.4403708],[50.2432347,53.4402845]]]},"properties":{"source_type":"ml"}},{"type":"Feature","geometry":{"type":"Polygon","coordinates":[[[50.2436796,53.4399542],[50.2436445,53.4399414],[50.2437137,53.4398739],[50.2437488,53.4398867],[50.2436796,53.4399542]]]},"properties":{"source_type":"ml"}},{"type":"Feature","geometry":{"type":"Polygon","coordinates":[[[50.2437362,53.4398601],[50.243654,53.4398243],[50.2436859,53.4397983],[50.2437681,53.4398341],[50.2437362,53.4398601]]]},"properties":{"source_type":"ml"}},{"type":"Feature","geometry":{"type":"Polygon","coordinates":[[[50.2435989,53.4396214],[50.2436649,53.4395742],[50.2437552,53.439619],[50.2436892,53.4396662],[50.2435989,53.4396214]]]},"properties":{"source_type":"ml"}},{"type":"Feature","geometry":{"type":"Polygon","coordinates":[[[50.2436284,53.4393425],[50.2436741,53.4393648],[50.2436312,53.4393959],[50.2435856,53.4393735],[50.2436284,53.4393425]]]},"properties":{"source_type":"ml"}},{"type":"Feature","geometry":{"type":"Polygon","coordinates":[[[50.2435217,53.4394088],[50.243589,53.4394298],[50.2435554,53.4394679],[50.2434881,53.4394469],[50.2435217,53.4394088]]]},"properties":{"source_type":"ml"}},{"type":"Feature","geometry":{"type":"Polygon","coordinates":[[[50.2433363,53.4396208],[50.2433688,53.4395872],[50.2434373,53.4396107],[50.2434048,53.4396443],[50.2433363,53.4396208]]]},"properties":{"source_type":"ml"}},{"type":"Feature","geometry":{"type":"Polygon","coordinates":[[[50.2433609,53.4389938],[50.2434608,53.4390293],[50.2434018,53.4390882],[50.2433019,53.4390527],[50.2433609,53.4389938]]]},"properties":{"source_type":"ml"}},{"type":"Feature","geometry":{"type":"Polygon","coordinates":[[[50.2435987,53.4389146],[50.2435079,53.4388823],[50.2435747,53.4388157],[50.2436656,53.4388481],[50.2435987,53.4389146]]]},"properties":{"source_type":"ml"}},{"type":"Feature","geometry":{"type":"Polygon","coordinates":[[[50.2435364,53.4386073],[50.2434536,53.4385628],[50.243543,53.4385038],[50.2436258,53.4385483],[50.2435364,53.4386073]]]},"properties":{"source_type":"ml"}},{"type":"Feature","geometry":{"type":"Polygon","coordinates":[[[50.243634,53.4385175],[50.2436042,53.4384973],[50.2436502,53.4384732],[50.24368,53.4384933],[50.243634,53.4385175]]]},"properties":{"source_type":"ml"}},{"type":"Feature","geometry":{"type":"Polygon","coordinates":[[[50.2435092,53.4379462],[50.2436229,53.4379505],[50.2436163,53.4380126],[50.2435026,53.4380083],[50.2435092,53.4379462]]]},"properties":{"source_type":"ml"}},{"type":"Feature","geometry":{"type":"Polygon","coordinates":[[[50.2433876,53.4375752],[50.2434937,53.4375738],[50.2434964,53.4376472],[50.2433904,53.4376487],[50.2433876,53.4375752]]]},"properties":{"source_type":"ml"}},{"type":"Feature","geometry":{"type":"Polygon","coordinates":[[[50.2435676,53.4381036],[50.2435644,53.438177],[50.243492,53.4381759],[50.2434953,53.4381025],[50.2435676,53.4381036]]]},"properties":{"source_type":"ml"}},{"type":"Feature","geometry":{"type":"Polygon","coordinates":[[[50.2435117,53.4383846],[50.2434339,53.4383838],[50.2434356,53.4383263],[50.2435133,53.4383271],[50.2435117,53.4383846]]]},"properties":{"source_type":"ml"}},{"type":"Feature","geometry":{"type":"Polygon","coordinates":[[[50.2434293,53.4385344],[50.2433934,53.4385199],[50.2434246,53.4384925],[50.2434604,53.438507],[50.2434293,53.4385344]]]},"properties":{"source_type":"ml"}},{"type":"Feature","geometry":{"type":"Polygon","coordinates":[[[50.2434272,53.4385378],[50.2434687,53.4385115],[50.2435001,53.438529],[50.2434586,53.4385553],[50.2434272,53.4385378]]]},"properties":{"source_type":"ml"}},{"type":"Feature","geometry":{"type":"Polygon","coordinates":[[[50.2432267,53.438379],[50.2432317,53.438418],[50.2431943,53.4384197],[50.2431894,53.4383807],[50.2432267,53.438379]]]},"properties":{"source_type":"ml"}},{"type":"Feature","geometry":{"type":"Polygon","coordinates":[[[50.2431193,53.4381034],[50.2431148,53.4382063],[50.2430504,53.4382053],[50.243055,53.4381024],[50.2431193,53.4381034]]]},"properties":{"source_type":"ml"}},{"type":"Feature","geometry":{"type":"Polygon","coordinates":[[[50.2430676,53.4375635],[50.2431855,53.4375651],[50.2431861,53.4375508],[50.2432317,53.4375514],[50.2432292,53.4376137],[50.2430657,53.4376114],[50.2430676,53.4375635]]]},"properties":{"source_type":"ml"}},{"type":"Feature","geometry":{"type":"Polygon","coordinates":[[[50.2429807,53.4377994],[50.2429983,53.4377642],[50.24305,53.4377734],[50.2430324,53.4378086],[50.2429807,53.4377994]]]},"properties":{"source_type":"ml"}},{"type":"Feature","geometry":{"type":"Polygon","coordinates":[[[50.2430094,53.4375599],[50.2430059,53.4376276],[50.2428987,53.4376256],[50.2429022,53.4375579],[50.2430094,53.4375599]]]},"properties":{"source_type":"ml"}},{"type":"Feature","geometry":{"type":"Polygon","coordinates":[[[50.2429919,53.4381032],[50.2429881,53.4381549],[50.2429545,53.438154],[50.2429524,53.4381827],[50.2427971,53.4381786],[50.2428031,53.4380982],[50.2429919,53.4381032]]]},"properties":{"source_type":"ml"}},{"type":"Feature","geometry":{"type":"Polygon","coordinates":[[[50.2429369,53.4384122],[50.2429396,53.4383644],[50.2429986,53.4383656],[50.2429958,53.4384135],[50.2429369,53.4384122]]]},"properties":{"source_type":"ml"}},{"type":"Feature","geometry":{"type":"Polygon","coordinates":[[[50.2428729,53.4389315],[50.2428946,53.4389074],[50.242956,53.438927],[50.2429343,53.4389511],[50.2428729,53.4389315]]]},"properties":{"source_type":"ml"}},{"type":"Feature","geometry":{"type":"Polygon","coordinates":[[[50.2427765,53.4392854],[50.2427826,53.4391577],[50.2429233,53.4391601],[50.2429172,53.4392878],[50.2427765,53.4392854]]]},"properties":{"source_type":"ml"}},{"type":"Feature","geometry":{"type":"Polygon","coordinates":[[[50.2429153,53.4388914],[50.2429541,53.4388538],[50.2430427,53.4388862],[50.2430039,53.4389238],[50.2429153,53.4388914]]]},"properties":{"source_type":"ml"}},{"type":"Feature","geometry":{"type":"Polygon","coordinates":[[[50.2430469,53.4388838],[50.2430889,53.4388934],[50.2430651,53.4389302],[50.2430231,53.4389205],[50.2430469,53.4388838]]]},"properties":{"source_type":"ml"}},{"type":"Feature","geometry":{"type":"Polygon","coordinates":[[[50.2431743,53.4388698],[50.2432762,53.4389025],[50.2431837,53.4390047],[50.2430444,53.43896],[50.2431123,53.438885],[50.2431497,53.438897],[50.2431743,53.4388698]]]},"properties":{"source_type":"ml"}},{"type":"Feature","geometry":{"type":"Polygon","coordinates":[[[50.2431423,53.4388057],[50.2431877,53.4388231],[50.2431583,53.4388502],[50.2431129,53.4388327],[50.2431423,53.4388057]]]},"properties":{"source_type":"ml"}},{"type":"Feature","geometry":{"type":"Polygon","coordinates":[[[50.2431557,53.4387784],[50.2430876,53.4387516],[50.2431135,53.4387282],[50.2431817,53.4387551],[50.2431557,53.4387784]]]},"properties":{"source_type":"ml"}},{"type":"Feature","geometry":{"type":"Polygon","coordinates":[[[50.2431425,53.4388005],[50.2431895,53.4387616],[50.2432354,53.4387813],[50.2431883,53.4388202],[50.2431425,53.4388005]]]},"properties":{"source_type":"ml"}},{"type":"Feature","geometry":{"type":"Polygon","coordinates":[[[50.243297,53.4396397],[50.2432741,53.4396587],[50.2433238,53.4396799],[50.2432439,53.4397465],[50.243125,53.4396958],[50.2432278,53.4396102],[50.243297,53.4396397]]]},"properties":{"source_type":"ml"}},{"type":"Feature","geometry":{"type":"Polygon","coordinates":[[[50.242995,53.4397286],[50.2432039,53.4397979],[50.2431481,53.4398576],[50.242847,53.4397578],[50.2428767,53.4397261],[50.2428275,53.4397098],[50.2428891,53.439644],[50.2430304,53.4396908],[50.242995,53.4397286]]]},"properties":{"source_type":"ml"}},{"type":"Feature","geometry":{"type":"Polygon","coordinates":[[[50.2427842,53.4394106],[50.2427025,53.4393644],[50.2428029,53.4393014],[50.2428847,53.4393477],[50.2427842,53.4394106]]]},"properties":{"source_type":"ml"}},{"type":"Feature","geometry":{"type":"Polygon","coordinates":[[[50.2428086,53.4390836],[50.2427516,53.4390675],[50.2427745,53.4390388],[50.2428314,53.4390549],[50.2428086,53.4390836]]]},"properties":{"source_type":"ml"}},{"type":"Feature","geometry":{"type":"Polygon","coordinates":[[[50.242747,53.4388273],[50.2426989,53.4388288],[50.2426942,53.4387746],[50.2427424,53.4387732],[50.242747,53.4388273]]]},"properties":{"source_type":"ml"}},{"type":"Feature","geometry":{"type":"Polygon","coordinates":[[[50.2425016,53.4391821],[50.2423988,53.4391597],[50.2424291,53.4391104],[50.2425319,53.4391328],[50.2425016,53.4391821]]]},"properties":{"source_type":"ml"}},{"type":"Feature","geometry":{"type":"Polygon","coordinates":[[[50.2425302,53.4395854],[50.2425218,53.4396132],[50.2424243,53.4396028],[50.2424327,53.439575],[50.2425302,53.4395854]]]},"properties":{"source_type":"ml"}},{"type":"Feature","geometry":{"type":"Polygon","coordinates":[[[50.2421962,53.4393946],[50.2422508,53.4393556],[50.2423195,53.4393898],[50.2422649,53.4394288],[50.2421962,53.4393946]]]},"properties":{"source_type":"ml"}},{"type":"Feature","geometry":{"type":"Polygon","coordinates":[[[50.2419573,53.4398361],[50.2418708,53.4397357],[50.2419121,53.4397231],[50.2419987,53.4398235],[50.2419573,53.4398361]]]},"properties":{"source_type":"ml"}},{"type":"Feature","geometry":{"type":"Polygon","coordinates":[[[50.242066,53.4392316],[50.2420057,53.4392196],[50.242025,53.4391851],[50.2420854,53.4391971],[50.242066,53.4392316]]]},"properties":{"source_type":"ml"}},{"type":"Feature","geometry":{"type":"Polygon","coordinates":[[[50.2418356,53.4390216],[50.2418376,53.4389807],[50.2419408,53.4389825],[50.2419387,53.4390234],[50.2418356,53.4390216]]]},"properties":{"source_type":"ml"}},{"type":"Feature","geometry":{"type":"Polygon","coordinates":[[[50.2420259,53.4387189],[50.2418948,53.438707],[50.2419023,53.4386774],[50.2420334,53.4386892],[50.2420259,53.4387189]]]},"properties":{"source_type":"ml"}},{"type":"Feature","geometry":{"type":"Polygon","coordinates":[[[50.2422233,53.4390544],[50.2422146,53.4390713],[50.2422636,53.4390802],[50.2422277,53.4391504],[50.2420731,53.4391223],[50.2421178,53.4390352],[50.2422233,53.4390544]]]},"properties":{"source_type":"ml"}},{"type":"Feature","geometry":{"type":"Polygon","coordinates":[[[50.2422662,53.4391854],[50.2423813,53.4391882],[50.242376,53.4392648],[50.2422608,53.4392619],[50.2422662,53.4391854]]]},"properties":{"source_type":"ml"}},{"type":"Feature","geometry":{"type":"Polygon","coordinates":[[[50.2422692,53.438735],[50.2423389,53.4387465],[50.2423168,53.438794],[50.242247,53.4387824],[50.2422692,53.438735]]]},"properties":{"source_type":"ml"}},{"type":"Feature","geometry":{"type":"Polygon","coordinates":[[[50.241883,53.4386725],[50.2418106,53.4386548],[50.2418369,53.4386165],[50.2419093,53.4386341],[50.241883,53.4386725]]]},"properties":{"source_type":"ml"}},{"type":"Feature","geometry":{"type":"Polygon","coordinates":[[[50.2419345,53.4384934],[50.2418194,53.438475],[50.2418537,53.438399],[50.2419688,53.4384174],[50.2419345,53.4384934]]]},"properties":{"source_type":"ml"}},{"type":"Feature","geometry":{"type":"Polygon","coordinates":[[[50.241884,53.4383041],[50.2418253,53.4382946],[50.2418362,53.4382708],[50.2418949,53.4382804],[50.241884,53.4383041]]]},"properties":{"source_type":"ml"}},{"type":"Feature","geometry":{"type":"Polygon","coordinates":[[[50.2420667,53.4382198],[50.2419616,53.4382148],[50.2419699,53.4381529],[50.2420751,53.4381579],[50.2420667,53.4382198]]]},"properties":{"source_type":"ml"}},{"type":"Feature","geometry":{"type":"Polygon","coordinates":[[[50.2420301,53.4380304],[50.2419378,53.4380283],[50.2419425,53.4379534],[50.2420348,53.4379554],[50.2420301,53.4380304]]]},"properties":{"source_type":"ml"}},{"type":"Feature","geometry":{"type":"Polygon","coordinates":[[[50.2419819,53.4378425],[50.241872,53.4378431],[50.241871,53.4377776],[50.241981,53.437777],[50.2419819,53.4378425]]]},"properties":{"source_type":"ml"}},{"type":"Feature","geometry":{"type":"Polygon","coordinates":[[[50.2424122,53.4375846],[50.242417,53.4376371],[50.2423234,53.4376402],[50.2423186,53.4375876],[50.2424122,53.4375846]]]},"properties":{"source_type":"ml"}},{"type":"Feature","geometry":{"type":"Polygon","coordinates":[[[50.2424428,53.4377932],[50.2424459,53.4377406],[50.2425156,53.4377421],[50.2425124,53.4377947],[50.2424428,53.4377932]]]},"properties":{"source_type":"ml"}},{"type":"Feature","geometry":{"type":"Polygon","coordinates":[[[50.2424377,53.438077],[50.2424233,53.438143],[50.2423652,53.4381385],[50.2423796,53.4380725],[50.2424377,53.438077]]]},"properties":{"source_type":"ml"}},{"type":"Feature","geometry":{"type":"Polygon","coordinates":[[[50.2423919,53.4382678],[50.2423939,53.4382423],[50.2424915,53.438245],[50.2424895,53.4382705],[50.2423919,53.4382678]]]},"properties":{"source_type":"ml"}},{"type":"Feature","geometry":{"type":"Polygon","coordinates":[[[50.2425579,53.4386245],[50.2425947,53.4386325],[50.2425494,53.4387064],[50.2425127,53.4386984],[50.2425579,53.4386245]]]},"properties":{"source_type":"ml"}},{"type":"Feature","geometry":{"type":"Polygon","coordinates":[[[50.2425965,53.4382474],[50.2425953,53.4382771],[50.2424974,53.4382758],[50.2424985,53.4382461],[50.2425965,53.4382474]]]},"properties":{"source_type":"ml"}},{"type":"Feature","geometry":{"type":"Polygon","coordinates":[[[50.2426695,53.4384793],[50.242615,53.438476],[50.2426203,53.438445],[50.2426748,53.4384483],[50.2426695,53.4384793]]]},"properties":{"source_type":"ml"}},{"type":"Feature","geometry":{"type":"Polygon","coordinates":[[[50.2427556,53.4386599],[50.2426165,53.4386337],[50.242645,53.43858],[50.2426694,53.4385846],[50.2426886,53.4385482],[50.2428033,53.4385698],[50.2427556,53.4386599]]]},"properties":{"source_type":"ml"}},{"type":"Feature","geometry":{"type":"Polygon","coordinates":[[[50.2427461,53.4379713],[50.2426441,53.4379616],[50.242667,53.4378768],[50.2427689,53.4378866],[50.2427461,53.4379713]]]},"properties":{"source_type":"ml"}},{"type":"Feature","geometry":{"type":"Polygon","coordinates":[[[50.2426084,53.4381312],[50.2426114,53.4380657],[50.2427159,53.4380674],[50.2427129,53.4381328],[50.2426084,53.4381312]]]},"properties":{"source_type":"ml"}},{"type":"Feature","geometry":{"type":"Polygon","coordinates":[[[50.2426694,53.4375645],[50.2426685,53.4376061],[50.242588,53.4376055],[50.2425889,53.4375639],[50.2426694,53.4375645]]]},"properties":{"source_type":"ml"}},{"type":"Feature","geometry":{"type":"Polygon","coordinates":[[[50.2427413,53.4376215],[50.2427368,53.4377084],[50.2426028,53.4377059],[50.2426074,53.4376191],[50.2427413,53.4376215]]]},"properties":{"source_type":"ml"}},{"type":"Feature","geometry":{"type":"Polygon","coordinates":[[[50.2426974,53.4369797],[50.2428154,53.4369782],[50.2428178,53.4370437],[50.2426998,53.4370452],[50.2426974,53.4369797]]]},"properties":{"source_type":"ml"}},{"type":"Feature","geometry":{"type":"Polygon","coordinates":[[[50.2427174,53.436573],[50.2428246,53.4365753],[50.2428218,53.43662],[50.2427147,53.4366177],[50.2427174,53.436573]]]},"properties":{"source_type":"ml"}},{"type":"Feature","geometry":{"type":"Polygon","coordinates":[[[50.2424968,53.4368923],[50.2424922,53.4368285],[50.242617,53.4368254],[50.2426215,53.4368892],[50.2424968,53.4368923]]]},"properties":{"source_type":"ml"}},{"type":"Feature","geometry":{"type":"Polygon","coordinates":[[[50.2423345,53.4365377],[50.2423908,53.4365369],[50.2423921,53.436565],[50.2423358,53.4365658],[50.2423345,53.4365377]]]},"properties":{"source_type":"ml"}},{"type":"Feature","geometry":{"type":"Polygon","coordinates":[[[50.2423384,53.4364987],[50.2423371,53.436461],[50.2424014,53.4364602],[50.2424027,53.4364979],[50.2423384,53.4364987]]]},"properties":{"source_type":"ml"}},{"type":"Feature","geometry":{"type":"Polygon","coordinates":[[[50.2423581,53.4368577],[50.2424064,53.436858],[50.2424056,53.4368989],[50.2423574,53.4368986],[50.2423581,53.4368577]]]},"properties":{"source_type":"ml"}},{"type":"Feature","geometry":{"type":"Polygon","coordinates":[[[50.2424122,53.4370516],[50.2424078,53.4369949],[50.2424918,53.4369926],[50.2424962,53.4370493],[50.2424122,53.4370516]]]},"properties":{"source_type":"ml"}},{"type":"Feature","geometry":{"type":"Polygon","coordinates":[[[50.242447,53.4371922],[50.2425316,53.4371904],[50.2425339,53.4372287],[50.2424493,53.4372305],[50.242447,53.4371922]]]},"properties":{"source_type":"ml"}},{"type":"Feature","geometry":{"type":"Polygon","coordinates":[[[50.2419575,53.4375198],[50.2419538,53.4374438],[50.2420492,53.4374422],[50.2420528,53.4375182],[50.2419575,53.4375198]]]},"properties":{"source_type":"ml"}},{"type":"Feature","geometry":{"type":"Polygon","coordinates":[[[50.2418764,53.4372718],[50.2418751,53.4372415],[50.2419678,53.4372401],[50.241969,53.4372704],[50.2418764,53.4372718]]]},"properties":{"source_type":"ml"}},{"type":"Feature","geometry":{"type":"Polygon","coordinates":[[[50.2419588,53.4370609],[50.2419577,53.436997],[50.24205,53.4369964],[50.2420511,53.4370603],[50.2419588,53.4370609]]]},"properties":{"source_type":"ml"}},{"type":"Feature","geometry":{"type":"Polygon","coordinates":[[[50.2420439,53.4372388],[50.242128,53.4372407],[50.2421259,53.4372742],[50.2420418,53.4372723],[50.2420439,53.4372388]]]},"properties":{"source_type":"ml"}},{"type":"Feature","geometry":{"type":"Polygon","coordinates":[[[50.2420169,53.4367052],[50.242015,53.4366652],[50.2420525,53.4366646],[50.2420544,53.4367045],[50.2420169,53.4367052]]]},"properties":{"source_type":"ml"}},{"type":"Feature","geometry":{"type":"Polygon","coordinates":[[[50.2421204,53.4362135],[50.2420695,53.4362126],[50.2420715,53.4361743],[50.2421224,53.4361752],[50.2421204,53.4362135]]]},"properties":{"source_type":"ml"}},{"type":"Feature","geometry":{"type":"Polygon","coordinates":[[[50.2420766,53.4362447],[50.242146,53.4362477],[50.2421426,53.4362748],[50.2420733,53.4362717],[50.2420766,53.4362447]]]},"properties":{"source_type":"ml"}},{"type":"Feature","geometry":{"type":"Polygon","coordinates":[[[50.2419598,53.4364554],[50.2417901,53.4364514],[50.2417947,53.4363822],[50.2419644,53.4363862],[50.2419598,53.4364554]]]},"properties":{"source_type":"ml"}},{"type":"Feature","geometry":{"type":"Polygon","coordinates":[[[50.2418911,53.436025],[50.2418927,53.4360499],[50.241807,53.4360519],[50.2418054,53.436027],[50.2418911,53.436025]]]},"properties":{"source_type":"ml"}},{"type":"Feature","geometry":{"type":"Polygon","coordinates":[[[50.2420938,53.4357555],[50.2420943,53.4357746],[50.2420202,53.4357754],[50.2420196,53.4357562],[50.2420938,53.4357555]]]},"properties":{"source_type":"ml"}},{"type":"Feature","geometry":{"type":"Polygon","coordinates":[[[50.2418409,53.4358897],[50.2418348,53.4357742],[50.2419491,53.435772],[50.2419552,53.4358876],[50.2418409,53.4358897]]]},"properties":{"source_type":"ml"}},{"type":"Feature","geometry":{"type":"Polygon","coordinates":[[[50.2420523,53.4354699],[50.2420543,53.43543],[50.2421213,53.4354313],[50.2421193,53.4354712],[50.2420523,53.4354699]]]},"properties":{"source_type":"ml"}},{"type":"Feature","geometry":{"type":"Polygon","coordinates":[[[50.2421868,53.4353698],[50.242189,53.4353969],[50.2421114,53.4353992],[50.2421092,53.4353721],[50.2421868,53.4353698]]]},"properties":{"source_type":"ml"}},{"type":"Feature","geometry":{"type":"Polygon","coordinates":[[[50.242163,53.4354285],[50.2422327,53.4354289],[50.2422321,53.4354672],[50.2421624,53.4354669],[50.242163,53.4354285]]]},"properties":{"source_type":"ml"}},{"type":"Feature","geometry":{"type":"Polygon","coordinates":[[[50.2421982,53.4357234],[50.2421921,53.43575],[50.2421131,53.4357436],[50.2421193,53.4357169],[50.2421982,53.4357234]]]},"properties":{"source_type":"ml"}},{"type":"Feature","geometry":{"type":"Polygon","coordinates":[[[50.2421638,53.4357827],[50.2422602,53.4357799],[50.2422653,53.4358421],[50.242169,53.4358449],[50.2421638,53.4357827]]]},"properties":{"source_type":"ml"}},{"type":"Feature","geometry":{"type":"Polygon","coordinates":[[[50.2424055,53.4353914],[50.2424096,53.4354311],[50.2423348,53.4354339],[50.2423307,53.4353941],[50.2424055,53.4353914]]]},"properties":{"source_type":"ml"}},{"type":"Feature","geometry":{"type":"Polygon","coordinates":[[[50.2424153,53.4353912],[50.242417,53.4353625],[50.2426019,53.4353664],[50.2426001,53.4353951],[50.2424153,53.4353912]]]},"properties":{"source_type":"ml"}},{"type":"Feature","geometry":{"type":"Polygon","coordinates":[[[50.2424741,53.4358646],[50.2424785,53.4357832],[50.2426098,53.4357858],[50.2426054,53.4358672],[50.2424741,53.4358646]]]},"properties":{"source_type":"ml"}},{"type":"Feature","geometry":{"type":"Polygon","coordinates":[[[50.2423198,53.4357799],[50.2423223,53.4357464],[50.2423865,53.4357481],[50.242384,53.4357816],[50.2423198,53.4357799]]]},"properties":{"source_type":"ml"}},{"type":"Feature","geometry":{"type":"Polygon","coordinates":[[[50.2423063,53.4360543],[50.242307,53.4360351],[50.2423821,53.436036],[50.2423814,53.4360552],[50.2423063,53.4360543]]]},"properties":{"source_type":"ml"}},{"type":"Feature","geometry":{"type":"Polygon","coordinates":[[[50.2424041,53.4363879],[50.2423991,53.4364597],[50.2422732,53.4364566],[50.2422782,53.4363848],[50.2424041,53.4363879]]]},"properties":{"source_type":"ml"}},{"type":"Feature","geometry":{"type":"Polygon","coordinates":[[[50.2424692,53.4363993],[50.2424654,53.4364529],[50.2424082,53.4364514],[50.242412,53.4363978],[50.2424692,53.4363993]]]},"properties":{"source_type":"ml"}},{"type":"Feature","geometry":{"type":"Polygon","coordinates":[[[50.2424457,53.4361785],[50.2424524,53.4362383],[50.2423536,53.4362422],[50.2423469,53.4361824],[50.2424457,53.4361785]]]},"properties":{"source_type":"ml"}},{"type":"Feature","geometry":{"type":"Polygon","coordinates":[[[50.2425895,53.4362359],[50.2424876,53.4362373],[50.242485,53.4361686],[50.2425869,53.4361672],[50.2425895,53.4362359]]]},"properties":{"source_type":"ml"}},{"type":"Feature","geometry":{"type":"Polygon","coordinates":[[[50.2427173,53.4364452],[50.2427219,53.4363702],[50.2428066,53.436372],[50.2428019,53.436447],[50.2427173,53.4364452]]]},"properties":{"source_type":"ml"}},{"type":"Feature","geometry":{"type":"Polygon","coordinates":[[[50.242876,53.4358514],[50.2427285,53.4358498],[50.2427305,53.4357843],[50.242878,53.4357859],[50.242876,53.4358514]]]},"properties":{"source_type":"ml"}},{"type":"Feature","geometry":{"type":"Polygon","coordinates":[[[50.2427615,53.4353905],[50.2427632,53.4353673],[50.2428312,53.4353691],[50.2428295,53.4353923],[50.2427615,53.4353905]]]},"properties":{"source_type":"ml"}},{"type":"Feature","geometry":{"type":"Polygon","coordinates":[[[50.2430282,53.435583],[50.2430335,53.4355562],[50.2430943,53.4355604],[50.2430891,53.4355872],[50.2430282,53.435583]]]},"properties":{"source_type":"ml"}},{"type":"Feature","geometry":{"type":"Polygon","coordinates":[[[50.2431069,53.4357859],[50.2432105,53.4357873],[50.2432074,53.4358631],[50.2431039,53.4358616],[50.2431069,53.4357859]]]},"properties":{"source_type":"ml"}},{"type":"Feature","geometry":{"type":"Polygon","coordinates":[[[50.243077,53.4363553],[50.2430721,53.4363925],[50.2430338,53.4363907],[50.2430387,53.4363535],[50.243077,53.4363553]]]},"properties":{"source_type":"ml"}},{"type":"Feature","geometry":{"type":"Polygon","coordinates":[[[50.2427671,53.4360237],[50.2428794,53.4360086],[50.2428892,53.4360345],[50.2427769,53.4360496],[50.2427671,53.4360237]]]},"properties":{"source_type":"ml"}},{"type":"Feature","geometry":{"type":"Polygon","coordinates":[[[50.2428303,53.4364698],[50.2428343,53.4363932],[50.2429737,53.4363958],[50.2429697,53.4364724],[50.2428303,53.4364698]]]},"properties":{"source_type":"ml"}},{"type":"Feature","geometry":{"type":"Polygon","coordinates":[[[50.2428365,53.4369765],[50.2429303,53.4369752],[50.2429328,53.4370423],[50.242839,53.4370435],[50.2428365,53.4369765]]]},"properties":{"source_type":"ml"}},{"type":"Feature","geometry":{"type":"Polygon","coordinates":[[[50.2432711,53.4373698],[50.2432671,53.4374864],[50.2431706,53.4374852],[50.2431746,53.4373686],[50.2432711,53.4373698]]]},"properties":{"source_type":"ml"}},{"type":"Feature","geometry":{"type":"Polygon","coordinates":[[[50.2431301,53.4372391],[50.2431351,53.4372129],[50.2432092,53.4372179],[50.2432043,53.437244],[50.2431301,53.4372391]]]},"properties":{"source_type":"ml"}},{"type":"Feature","geometry":{"type":"Polygon","coordinates":[[[50.2432382,53.4367573],[50.2432396,53.4367965],[50.2432005,53.4367971],[50.243199,53.4367578],[50.2432382,53.4367573]]]},"properties":{"source_type":"ml"}},{"type":"Feature","geometry":{"type":"Polygon","coordinates":[[[50.2432687,53.4369647],[50.243272,53.437035],[50.2431514,53.437037],[50.2431481,53.4369667],[50.2432687,53.4369647]]]},"properties":{"source_type":"ml"}},{"type":"Feature","geometry":{"type":"Polygon","coordinates":[[[50.2433162,53.4366029],[50.2433179,53.4365534],[50.2434611,53.4365552],[50.2434594,53.4366047],[50.2433162,53.4366029]]]},"properties":{"source_type":"ml"}},{"type":"Feature","geometry":{"type":"Polygon","coordinates":[[[50.2434387,53.4368823],[50.2434214,53.4368208],[50.2435362,53.4368094],[50.2435535,53.4368708],[50.2434387,53.4368823]]]},"properties":{"source_type":"ml"}},{"type":"Feature","geometry":{"type":"Polygon","coordinates":[[[50.2435806,53.4369545],[50.2435817,53.4370104],[50.2434573,53.4370113],[50.2434561,53.4369554],[50.2435806,53.4369545]]]},"properties":{"source_type":"ml"}},{"type":"Feature","geometry":{"type":"Polygon","coordinates":[[[50.243326,53.4372095],[50.2433277,53.4371856],[50.2434225,53.4371879],[50.2434209,53.4372118],[50.243326,53.4372095]]]},"properties":{"source_type":"ml"}},{"type":"Feature","geometry":{"type":"Polygon","coordinates":[[[50.2434435,53.4374055],[50.2435506,53.4374033],[50.2435552,53.4374806],[50.2434481,53.4374828],[50.2434435,53.4374055]]]},"properties":{"source_type":"ml"}},{"type":"Feature","geometry":{"type":"Polygon","coordinates":[[[50.2435938,53.4372119],[50.2436524,53.4372092],[50.2436575,53.4372489],[50.2435989,53.4372516],[50.2435938,53.4372119]]]},"properties":{"source_type":"ml"}},{"type":"Feature","geometry":{"type":"Polygon","coordinates":[[[50.2436347,53.4374717],[50.2435952,53.4374686],[50.2436042,53.4374278],[50.2436438,53.4374309],[50.2436347,53.4374717]]]},"properties":{"source_type":"ml"}},{"type":"Feature","geometry":{"type":"Polygon","coordinates":[[[50.2437015,53.4374476],[50.2437002,53.4374764],[50.2436439,53.4374754],[50.2436472,53.4374052],[50.2437437,53.4374068],[50.2437417,53.4374483],[50.2437015,53.4374476]]]},"properties":{"source_type":"ml"}},{"type":"Feature","geometry":{"type":"Polygon","coordinates":[[[50.243646,53.4360884],[50.2436446,53.4361347],[50.2435803,53.436134],[50.2435817,53.4360877],[50.243646,53.4360884]]]},"properties":{"source_type":"ml"}},{"type":"Feature","geometry":{"type":"Polygon","coordinates":[[[50.2433555,53.4361533],[50.2434867,53.4361565],[50.2434815,53.436233],[50.2433503,53.4362299],[50.2433555,53.4361533]]]},"properties":{"source_type":"ml"}},{"type":"Feature","geometry":{"type":"Polygon","coordinates":[[[50.2432075,53.4363846],[50.2434701,53.43638],[50.2434749,53.4364774],[50.2433061,53.4364803],[50.2433048,53.4364555],[50.2432111,53.4364571],[50.2432075,53.4363846]]]},"properties":{"source_type":"ml"}},{"type":"Feature","geometry":{"type":"Polygon","coordinates":[[[50.2434003,53.4359447],[50.2433934,53.4359165],[50.2434486,53.4359117],[50.2434555,53.4359399],[50.2434003,53.4359447]]]},"properties":{"source_type":"ml"}},{"type":"Feature","geometry":{"type":"Polygon","coordinates":[[[50.2433602,53.4357581],[50.2433588,53.4357325],[50.2434267,53.4357312],[50.2434281,53.4357567],[50.2433602,53.4357581]]]},"properties":{"source_type":"ml"}},{"type":"Feature","geometry":{"type":"Polygon","coordinates":[[[50.2433068,53.4353491],[50.2433645,53.4353439],[50.2433753,53.4353867],[50.2433176,53.4353919],[50.2433068,53.4353491]]]},"properties":{"source_type":"ml"}},{"type":"Feature","geometry":{"type":"Polygon","coordinates":[[[50.2435476,53.4356202],[50.2434967,53.4356197],[50.2434984,53.4355517],[50.2436449,53.435553],[50.2436428,53.4356377],[50.2435472,53.4356369],[50.2435476,53.4356202]]]},"properties":{"source_type":"ml"}},{"type":"Feature","geometry":{"type":"Polygon","coordinates":[[[50.2434775,53.4357758],[50.2435999,53.4357824],[50.2435897,53.435849],[50.2434674,53.4358423],[50.2434775,53.4357758]]]},"properties":{"source_type":"ml"}},{"type":"Feature","geometry":{"type":"Polygon","coordinates":[[[50.2436453,53.4357503],[50.2437498,53.4357523],[50.2437466,53.4358145],[50.2436421,53.4358126],[50.2436453,53.4357503]]]},"properties":{"source_type":"ml"}},{"type":"Feature","geometry":{"type":"Polygon","coordinates":[[[50.2434921,53.4351326],[50.2435538,53.4351335],[50.2435548,53.4351096],[50.2436701,53.4351113],[50.2436648,53.4352343],[50.2434879,53.4352316],[50.2434921,53.4351326]]]},"properties":{"source_type":"ml"}},{"type":"Feature","geometry":{"type":"Polygon","coordinates":[[[50.2437035,53.4346147],[50.24378,53.4346127],[50.2437836,53.4346622],[50.243707,53.4346641],[50.2437035,53.4346147]]]},"properties":{"source_type":"ml"}},{"type":"Feature","geometry":{"type":"Polygon","coordinates":[[[50.2433953,53.4345256],[50.2433791,53.4344476],[50.2435271,53.4344367],[50.2435432,53.4345148],[50.2433953,53.4345256]]]},"properties":{"source_type":"ml"}},{"type":"Feature","geometry":{"type":"Polygon","coordinates":[[[50.2433485,53.4344952],[50.2432573,53.4344952],[50.2432573,53.4344345],[50.2433485,53.4344345],[50.2433485,53.4344952]]]},"properties":{"source_type":"ml"}},{"type":"Feature","geometry":{"type":"Polygon","coordinates":[[[50.2433427,53.4348572],[50.2433439,53.4349403],[50.2432527,53.4349407],[50.2432515,53.4348576],[50.2433427,53.4348572]]]},"properties":{"source_type":"ml"}},{"type":"Feature","geometry":{"type":"Polygon","coordinates":[[[50.243321,53.435081],[50.2433821,53.4350773],[50.2433951,53.4351532],[50.243334,53.4351569],[50.243321,53.435081]]]},"properties":{"source_type":"ml"}},{"type":"Feature","geometry":{"type":"Polygon","coordinates":[[[50.2430071,53.4348287],[50.2431439,53.4348272],[50.2431473,53.434939],[50.2430105,53.4349405],[50.2430071,53.4348287]]]},"properties":{"source_type":"ml"}},{"type":"Feature","geometry":{"type":"Polygon","coordinates":[[[50.2431296,53.4351403],[50.2431331,53.4352409],[50.243043,53.435242],[50.2430395,53.4351414],[50.2431296,53.4351403]]]},"properties":{"source_type":"ml"}},{"type":"Feature","geometry":{"type":"Polygon","coordinates":[[[50.2428983,53.4351869],[50.2429129,53.4351177],[50.2429904,53.4351235],[50.2429759,53.4351927],[50.2428983,53.4351869]]]},"properties":{"source_type":"ml"}},{"type":"Feature","geometry":{"type":"Polygon","coordinates":[[[50.2428318,53.4347711],[50.2428839,53.434768],[50.2428898,53.4348035],[50.2428378,53.4348066],[50.2428318,53.4347711]]]},"properties":{"source_type":"ml"}},{"type":"Feature","geometry":{"type":"Polygon","coordinates":[[[50.242932,53.4347044],[50.2429331,53.4346836],[50.2428983,53.4346829],[50.2428996,53.434659],[50.2429816,53.4346606],[50.2429791,53.4347053],[50.242932,53.4347044]]]},"properties":{"source_type":"ml"}},{"type":"Feature","geometry":{"type":"Polygon","coordinates":[[[50.2427872,53.4344349],[50.2428327,53.4344338],[50.2428364,53.4344832],[50.2427909,53.4344844],[50.2427872,53.4344349]]]},"properties":{"source_type":"ml"}},{"type":"Feature","geometry":{"type":"Polygon","coordinates":[[[50.2429699,53.4342619],[50.2430303,53.4342566],[50.243037,53.4342839],[50.2429766,53.4342891],[50.2429699,53.4342619]]]},"properties":{"source_type":"ml"}},{"type":"Feature","geometry":{"type":"Polygon","coordinates":[[[50.2431317,53.4345926],[50.2431389,53.4346835],[50.2429729,53.4346881],[50.2429658,53.4345972],[50.2431317,53.4345926]]]},"properties":{"source_type":"ml"}},{"type":"Feature","geometry":{"type":"Polygon","coordinates":[[[50.2430966,53.4342863],[50.2432482,53.4342831],[50.2432517,53.4343421],[50.2431001,53.4343454],[50.2430966,53.4342863]]]},"properties":{"source_type":"ml"}},{"type":"Feature","geometry":{"type":"Polygon","coordinates":[[[50.2429824,53.4341612],[50.2428675,53.4341653],[50.2428624,53.4341143],[50.2429774,53.4341103],[50.2429824,53.4341612]]]},"properties":{"source_type":"ml"}},{"type":"Feature","geometry":{"type":"Polygon","coordinates":[[[50.2431802,53.4336447],[50.2431647,53.4336012],[50.2432043,53.4335962],[50.2432199,53.4336397],[50.2431802,53.4336447]]]},"properties":{"source_type":"ml"}},{"type":"Feature","geometry":{"type":"Polygon","coordinates":[[[50.243261,53.4331657],[50.2433723,53.433153],[50.2433858,53.4331953],[50.2432745,53.433208],[50.243261,53.4331657]]]},"properties":{"source_type":"ml"}},{"type":"Feature","geometry":{"type":"Polygon","coordinates":[[[50.2435748,53.4342467],[50.2434649,53.4342481],[50.2434629,53.4341915],[50.2435728,53.4341901],[50.2435748,53.4342467]]]},"properties":{"source_type":"ml"}},{"type":"Feature","geometry":{"type":"Polygon","coordinates":[[[50.2435767,53.4338724],[50.243588,53.433907],[50.2434857,53.4339188],[50.2434745,53.4338842],[50.2435767,53.4338724]]]},"properties":{"source_type":"ml"}},{"type":"Feature","geometry":{"type":"Polygon","coordinates":[[[50.2436258,53.4341743],[50.2436767,53.4341735],[50.2436793,53.4342351],[50.2436284,53.4342359],[50.2436258,53.4341743]]]},"properties":{"source_type":"ml"}},{"type":"Feature","geometry":{"type":"Polygon","coordinates":[[[50.2437684,53.4341806],[50.2437728,53.4342092],[50.2436877,53.4342138],[50.2436833,53.4341853],[50.2437684,53.4341806]]]},"properties":{"source_type":"ml"}},{"type":"Feature","geometry":{"type":"Polygon","coordinates":[[[50.2436314,53.4334756],[50.2436461,53.4335178],[50.2435252,53.4335327],[50.2435105,53.4334905],[50.2436314,53.4334756]]]},"properties":{"source_type":"ml"}},{"type":"Feature","geometry":{"type":"Polygon","coordinates":[[[50.2434862,53.4333236],[50.2435992,53.4333138],[50.2436102,53.4333592],[50.2434973,53.433369],[50.2434862,53.4333236]]]},"properties":{"source_type":"ml"}},{"type":"Feature","geometry":{"type":"Polygon","coordinates":[[[50.2435183,53.4326114],[50.2435906,53.4326125],[50.2435887,53.4326556],[50.2435164,53.4326545],[50.2435183,53.4326114]]]},"properties":{"source_type":"ml"}},{"type":"Feature","geometry":{"type":"Polygon","coordinates":[[[50.2432486,53.4328731],[50.2433324,53.4328653],[50.2433496,53.4329308],[50.2432658,53.4329386],[50.2432486,53.4328731]]]},"properties":{"source_type":"ml"}},{"type":"Feature","geometry":{"type":"Polygon","coordinates":[[[50.2434927,53.4324939],[50.2434963,53.4325168],[50.2434351,53.4325202],[50.2434315,53.4324973],[50.2434927,53.4324939]]]},"properties":{"source_type":"ml"}},{"type":"Feature","geometry":{"type":"Polygon","coordinates":[[[50.2434394,53.4322193],[50.2434415,53.4322465],[50.2433746,53.4322483],[50.2433725,53.4322212],[50.2434394,53.4322193]]]},"properties":{"source_type":"ml"}},{"type":"Feature","geometry":{"type":"Polygon","coordinates":[[[50.243279,53.4320381],[50.2432771,53.4320094],[50.2433574,53.4320074],[50.2433594,53.4320362],[50.243279,53.4320381]]]},"properties":{"source_type":"ml"}},{"type":"Feature","geometry":{"type":"Polygon","coordinates":[[[50.2436855,53.4324303],[50.2436908,53.4325229],[50.2435608,53.4325255],[50.2435556,53.4324329],[50.2436855,53.4324303]]]},"properties":{"source_type":"ml"}},{"type":"Feature","geometry":{"type":"Polygon","coordinates":[[[50.2436433,53.4322024],[50.2436413,53.4321321],[50.2437526,53.432131],[50.2437546,53.4322013],[50.2436433,53.4322024]]]},"properties":{"source_type":"ml"}},{"type":"Feature","geometry":{"type":"Polygon","coordinates":[[[50.243633,53.431785],[50.243624,53.4317433],[50.2437137,53.4317364],[50.2437227,53.4317782],[50.243633,53.431785]]]},"properties":{"source_type":"ml"}},{"type":"Feature","geometry":{"type":"Polygon","coordinates":[[[50.2434859,53.4319413],[50.2435888,53.431938],[50.2435979,53.43204],[50.2434949,53.4320433],[50.2434859,53.4319413]]]},"properties":{"source_type":"ml"}},{"type":"Feature","geometry":{"type":"Polygon","coordinates":[[[50.2435715,53.4317703],[50.2435749,53.4318319],[50.2434932,53.4318335],[50.2434898,53.4317719],[50.2435715,53.4317703]]]},"properties":{"source_type":"ml"}},{"type":"Feature","geometry":{"type":"Polygon","coordinates":[[[50.2436725,53.431498],[50.2437996,53.4314948],[50.2438043,53.4315611],[50.2436773,53.4315643],[50.2436725,53.431498]]]},"properties":{"source_type":"ml"}},{"type":"Feature","geometry":{"type":"Polygon","coordinates":[[[50.2437161,53.4313199],[50.2437222,53.431357],[50.2436213,53.4313629],[50.2436152,53.4313258],[50.2437161,53.4313199]]]},"properties":{"source_type":"ml"}},{"type":"Feature","geometry":{"type":"Polygon","coordinates":[[[50.2436199,53.4309687],[50.2436176,53.4309288],[50.2437301,53.4309265],[50.2437324,53.4309664],[50.2436199,53.4309687]]]},"properties":{"source_type":"ml"}},{"type":"Feature","geometry":{"type":"Polygon","coordinates":[[[50.2436563,53.4311173],[50.2436605,53.431202],[50.2435184,53.4312044],[50.2435143,53.4311198],[50.2436563,53.4311173]]]},"properties":{"source_type":"ml"}},{"type":"Feature","geometry":{"type":"Polygon","coordinates":[[[50.2435785,53.4314205],[50.2435791,53.4314422],[50.2434638,53.4314434],[50.2434632,53.4314217],[50.2435785,53.4314205]]]},"properties":{"source_type":"ml"}},{"type":"Feature","geometry":{"type":"Polygon","coordinates":[[[50.243257,53.4311318],[50.2432582,53.431195],[50.2432206,53.4311953],[50.2432195,53.4311321],[50.243257,53.4311318]]]},"properties":{"source_type":"ml"}},{"type":"Feature","geometry":{"type":"Polygon","coordinates":[[[50.2431266,53.4325084],[50.2431815,53.4325099],[50.2431789,53.4325434],[50.2431241,53.4325419],[50.2431266,53.4325084]]]},"properties":{"source_type":"ml"}},{"type":"Feature","geometry":{"type":"Polygon","coordinates":[[[50.2433055,53.4328355],[50.2433142,53.4328633],[50.2432598,53.4328693],[50.2432511,53.4328416],[50.2433055,53.4328355]]]},"properties":{"source_type":"ml"}},{"type":"Feature","geometry":{"type":"Polygon","coordinates":[[[50.243107,53.4330598],[50.2431159,53.4330958],[50.2430608,53.4331006],[50.2430663,53.4331232],[50.2430191,53.4331273],[50.2430046,53.4330688],[50.243107,53.4330598]]]},"properties":{"source_type":"ml"}},{"type":"Feature","geometry":{"type":"Polygon","coordinates":[[[50.2427394,53.4330194],[50.2428815,53.433017],[50.2428847,53.4330857],[50.2427426,53.433088],[50.2427394,53.4330194]]]},"properties":{"source_type":"ml"}},{"type":"Feature","geometry":{"type":"Polygon","coordinates":[[[50.242476,53.4324812],[50.2425787,53.4324621],[50.2426228,53.4325467],[50.2425201,53.4325657],[50.242476,53.4324812]]]},"properties":{"source_type":"ml"}},{"type":"Feature","geometry":{"type":"Polygon","coordinates":[[[50.2425089,53.4323211],[50.242512,53.4322733],[50.2426084,53.4322754],[50.2426053,53.4323233],[50.2425089,53.4323211]]]},"properties":{"source_type":"ml"}},{"type":"Feature","geometry":{"type":"Polygon","coordinates":[[[50.2425069,53.4320889],[50.242504,53.4321559],[50.2423284,53.4321533],[50.2423312,53.4320862],[50.2425069,53.4320889]]]},"properties":{"source_type":"ml"}},{"type":"Feature","geometry":{"type":"Polygon","coordinates":[[[50.2425802,53.4321823],[50.2425912,53.4322342],[50.2425463,53.4322376],[50.2425353,53.4321857],[50.2425802,53.4321823]]]},"properties":{"source_type":"ml"}},{"type":"Feature","geometry":{"type":"Polygon","coordinates":[[[50.2426476,53.4320544],[50.2426447,53.4321055],[50.2425443,53.4321035],[50.2425472,53.4320524],[50.2426476,53.4320544]]]},"properties":{"source_type":"ml"}},{"type":"Feature","geometry":{"type":"Polygon","coordinates":[[[50.2418666,53.4322295],[50.2418622,53.4321705],[50.2419505,53.4321682],[50.2419549,53.4322272],[50.2418666,53.4322295]]]},"properties":{"source_type":"ml"}},{"type":"Feature","geometry":{"type":"Polygon","coordinates":[[[50.2421232,53.4320545],[50.2421173,53.4320191],[50.2421957,53.4320144],[50.2422015,53.4320499],[50.2421232,53.4320545]]]},"properties":{"source_type":"ml"}},{"type":"Feature","geometry":{"type":"Polygon","coordinates":[[[50.2422245,53.4323131],[50.2422035,53.4322264],[50.2423638,53.4322126],[50.2423848,53.4322993],[50.2422245,53.4323131]]]},"properties":{"source_type":"ml"}},{"type":"Feature","geometry":{"type":"Polygon","coordinates":[[[50.2422202,53.4325863],[50.2423226,53.4325773],[50.2423409,53.4326518],[50.2422385,53.4326607],[50.2422202,53.4325863]]]},"properties":{"source_type":"ml"}},{"type":"Feature","geometry":{"type":"Polygon","coordinates":[[[50.2420103,53.4330455],[50.2420203,53.4330936],[50.2419768,53.4330968],[50.2419668,53.4330486],[50.2420103,53.4330455]]]},"properties":{"source_type":"ml"}},{"type":"Feature","geometry":{"type":"Polygon","coordinates":[[[50.2419365,53.4326937],[50.2419323,53.4326308],[50.2420314,53.4326285],[50.2420356,53.4326914],[50.2419365,53.4326937]]]},"properties":{"source_type":"ml"}},{"type":"Feature","geometry":{"type":"Polygon","coordinates":[[[50.2420645,53.4331288],[50.2420634,53.4331543],[50.2420085,53.4331535],[50.2420096,53.4331279],[50.2420645,53.4331288]]]},"properties":{"source_type":"ml"}},{"type":"Feature","geometry":{"type":"Polygon","coordinates":[[[50.241988,53.4335223],[50.2420304,53.4335197],[50.2420402,53.433575],[50.2419977,53.4335776],[50.241988,53.4335223]]]},"properties":{"source_type":"ml"}},{"type":"Feature","geometry":{"type":"Polygon","coordinates":[[[50.2418648,53.4338526],[50.2418603,53.4338096],[50.2419084,53.4338078],[50.2419129,53.4338508],[50.2418648,53.4338526]]]},"properties":{"source_type":"ml"}},{"type":"Feature","geometry":{"type":"Polygon","coordinates":[[[50.2418011,53.4341979],[50.241799,53.4341516],[50.2419115,53.4341497],[50.2419137,53.434196],[50.2418011,53.4341979]]]},"properties":{"source_type":"ml"}},{"type":"Feature","geometry":{"type":"Polygon","coordinates":[[[50.2419324,53.433985],[50.2420138,53.4339822],[50.2420165,53.4340099],[50.2419351,53.4340127],[50.2419324,53.433985]]]},"properties":{"source_type":"ml"}},{"type":"Feature","geometry":{"type":"Polygon","coordinates":[[[50.24195,53.4341575],[50.2419461,53.4340777],[50.2420468,53.4340759],[50.2420507,53.4341558],[50.24195,53.4341575]]]},"properties":{"source_type":"ml"}},{"type":"Feature","geometry":{"type":"Polygon","coordinates":[[[50.2421077,53.4340133],[50.2421651,53.4340127],[50.2421677,53.4340942],[50.2421102,53.4340948],[50.2421077,53.4340133]]]},"properties":{"source_type":"ml"}},{"type":"Feature","geometry":{"type":"Polygon","coordinates":[[[50.2423576,53.4334271],[50.242363,53.4334828],[50.2422828,53.4334856],[50.2422774,53.4334298],[50.2423576,53.4334271]]]},"properties":{"source_type":"ml"}},{"type":"Feature","geometry":{"type":"Polygon","coordinates":[[[50.2424948,53.4332991],[50.2426497,53.4332935],[50.242654,53.4333349],[50.242499,53.4333405],[50.2424948,53.4332991]]]},"properties":{"source_type":"ml"}},{"type":"Feature","geometry":{"type":"Polygon","coordinates":[[[50.2426133,53.4336486],[50.242598,53.4336035],[50.2426907,53.4335923],[50.2427061,53.4336375],[50.2426133,53.4336486]]]},"properties":{"source_type":"ml"}},{"type":"Feature","geometry":{"type":"Polygon","coordinates":[[[50.242604,53.4337247],[50.2426415,53.4337239],[50.2426386,53.4336767],[50.2427404,53.4336745],[50.242746,53.4337654],[50.2426067,53.4337685],[50.242604,53.4337247]]]},"properties":{"source_type":"ml"}},{"type":"Feature","geometry":{"type":"Polygon","coordinates":[[[50.2425767,53.4336911],[50.2425945,53.4337262],[50.2425294,53.4337379],[50.2425116,53.4337027],[50.2425767,53.4336911]]]},"properties":{"source_type":"ml"}},{"type":"Feature","geometry":{"type":"Polygon","coordinates":[[[50.2423418,53.4345033],[50.2423394,53.434448],[50.2424091,53.4344469],[50.2424115,53.4345022],[50.2423418,53.4345033]]]},"properties":{"source_type":"ml"}},{"type":"Feature","geometry":{"type":"Polygon","coordinates":[[[50.2425821,53.4347376],[50.2425846,53.43482],[50.2424703,53.4348212],[50.2424679,53.4347388],[50.2425821,53.4347376]]]},"properties":{"source_type":"ml"}},{"type":"Feature","geometry":{"type":"Polygon","coordinates":[[[50.2424354,53.4345145],[50.2424334,53.4344458],[50.2425299,53.4344447],[50.242532,53.4345134],[50.2424354,53.4345145]]]},"properties":{"source_type":"ml"}},{"type":"Feature","geometry":{"type":"Polygon","coordinates":[[[50.2426021,53.4342734],[50.2426006,53.4343389],[50.2424236,53.4343375],[50.2424261,53.4342298],[50.24252,53.4342305],[50.242519,53.4342727],[50.2426021,53.4342734]]]},"properties":{"source_type":"ml"}},{"type":"Feature","geometry":{"type":"Polygon","coordinates":[[[50.2427405,53.4343588],[50.2427355,53.4342839],[50.2428426,53.4342813],[50.2428476,53.4343563],[50.2427405,53.4343588]]]},"properties":{"source_type":"ml"}},{"type":"Feature","geometry":{"type":"Polygon","coordinates":[[[50.2427331,53.4349379],[50.2427249,53.4348898],[50.2427823,53.4348863],[50.2427905,53.4349344],[50.2427331,53.4349379]]]},"properties":{"source_type":"ml"}},{"type":"Feature","geometry":{"type":"Polygon","coordinates":[[[50.2428353,53.4351331],[50.2428378,53.435213],[50.2427295,53.4352142],[50.242727,53.4351343],[50.2428353,53.4351331]]]},"properties":{"source_type":"ml"}},{"type":"Feature","geometry":{"type":"Polygon","coordinates":[[[50.2426782,53.4352386],[50.242677,53.4352625],[50.2426171,53.4352615],[50.2426182,53.4352376],[50.2426782,53.4352386]]]},"properties":{"source_type":"ml"}},{"type":"Feature","geometry":{"type":"Polygon","coordinates":[[[50.2425491,53.4352167],[50.2424527,53.4352187],[50.2424492,53.4351613],[50.2425457,53.4351592],[50.2425491,53.4352167]]]},"properties":{"source_type":"ml"}},{"type":"Feature","geometry":{"type":"Polygon","coordinates":[[[50.2424545,53.435157],[50.2424535,53.4351379],[50.242551,53.4351361],[50.242552,53.4351552],[50.2424545,53.435157]]]},"properties":{"source_type":"ml"}},{"type":"Feature","geometry":{"type":"Polygon","coordinates":[[[50.2422767,53.4350704],[50.2423893,53.4350685],[50.2423956,53.435201],[50.2422321,53.4352038],[50.2422329,53.4352204],[50.2421026,53.4352226],[50.2420995,53.4351565],[50.2423477,53.4351523],[50.2423456,53.4351092],[50.2422786,53.4351103],[50.2422767,53.4350704]]]},"properties":{"source_type":"ml"}},{"type":"Feature","geometry":{"type":"Polygon","coordinates":[[[50.2421039,53.4351447],[50.2420971,53.4350843],[50.2421441,53.4350824],[50.2421509,53.4351429],[50.2421039,53.4351447]]]},"properties":{"source_type":"ml"}},{"type":"Feature","geometry":{"type":"Polygon","coordinates":[[[50.2422676,53.4347835],[50.2422578,53.4347487],[50.2423048,53.434744],[50.2423145,53.4347789],[50.2422676,53.4347835]]]},"properties":{"source_type":"ml"}},{"type":"Feature","geometry":{"type":"Polygon","coordinates":[[[50.2418122,53.4348997],[50.241906,53.4349016],[50.2419028,53.434959],[50.241809,53.4349571],[50.2418122,53.4348997]]]},"properties":{"source_type":"ml"}},{"type":"Feature","geometry":{"type":"Polygon","coordinates":[[[50.2419755,53.434768],[50.2419728,53.4348111],[50.2418967,53.4348094],[50.2418994,53.4347663],[50.2419755,53.434768]]]},"properties":{"source_type":"ml"}},{"type":"Feature","geometry":{"type":"Polygon","coordinates":[[[50.2420415,53.4348798],[50.2420449,53.43495],[50.2420117,53.4349506],[50.2420141,53.4349991],[50.2419632,53.435],[50.2419589,53.4349132],[50.2419975,53.4349125],[50.241996,53.4348806],[50.2420415,53.4348798]]]},"properties":{"source_type":"ml"}},{"type":"Feature","geometry":{"type":"Polygon","coordinates":[[[50.2420921,53.4350824],[50.242089,53.4351792],[50.24203,53.4351785],[50.2420331,53.4350817],[50.2420921,53.4350824]]]},"properties":{"source_type":"ml"}},{"type":"Feature","geometry":{"type":"Polygon","coordinates":[[[50.2419691,53.4351967],[50.2419683,53.43522],[50.2418262,53.4352185],[50.2418282,53.4351568],[50.2419398,53.435158],[50.2419386,53.4351964],[50.2419691,53.4351967]]]},"properties":{"source_type":"ml"}},{"type":"Feature","geometry":{"type":"Polygon","coordinates":[[[50.2417177,53.4349826],[50.2415273,53.4349826],[50.2415273,53.4348691],[50.2416345,53.4348691],[50.2416345,53.4349123],[50.2417177,53.4349123],[50.2417177,53.4349826]]]},"properties":{"source_type":"ml"}},{"type":"Feature","geometry":{"type":"Polygon","coordinates":[[[50.2414884,53.4350917],[50.2415652,53.4350913],[50.2415657,53.435119],[50.2414889,53.4351195],[50.2414884,53.4350917]]]},"properties":{"source_type":"ml"}},{"type":"Feature","geometry":{"type":"Polygon","coordinates":[[[50.2415288,53.4347795],[50.241427,53.4347818],[50.2414254,53.4347562],[50.2415272,53.434754],[50.2415288,53.4347795]]]},"properties":{"source_type":"ml"}},{"type":"Feature","geometry":{"type":"Polygon","coordinates":[[[50.2415204,53.4343541],[50.241523,53.4342844],[50.2416907,53.4342867],[50.2416882,53.4343563],[50.2415204,53.4343541]]]},"properties":{"source_type":"ml"}},{"type":"Feature","geometry":{"type":"Polygon","coordinates":[[[50.241911,53.434446],[50.241916,53.4345162],[50.2417232,53.4345211],[50.2417182,53.4344509],[50.241911,53.434446]]]},"properties":{"source_type":"ml"}},{"type":"Feature","geometry":{"type":"Polygon","coordinates":[[[50.241648,53.4342461],[50.24158,53.434248],[50.241575,53.4341842],[50.2416431,53.4341823],[50.241648,53.4342461]]]},"properties":{"source_type":"ml"}},{"type":"Feature","geometry":{"type":"Polygon","coordinates":[[[50.2415906,53.4340387],[50.2415892,53.4340077],[50.2416803,53.4340062],[50.2416817,53.4340372],[50.2415906,53.4340387]]]},"properties":{"source_type":"ml"}},{"type":"Feature","geometry":{"type":"Polygon","coordinates":[[[50.2415489,53.4333469],[50.2416493,53.4333369],[50.2416695,53.433409],[50.2415691,53.433419],[50.2415489,53.4333469]]]},"properties":{"source_type":"ml"}},{"type":"Feature","geometry":{"type":"Polygon","coordinates":[[[50.2417425,53.433596],[50.2417689,53.4336625],[50.2416191,53.4336837],[50.2415926,53.4336171],[50.2417425,53.433596]]]},"properties":{"source_type":"ml"}},{"type":"Feature","geometry":{"type":"Polygon","coordinates":[[[50.2416428,53.4335257],[50.2417434,53.433512],[50.2417663,53.4335718],[50.241579,53.4335973],[50.2415439,53.4335056],[50.2416306,53.4334938],[50.2416428,53.4335257]]]},"properties":{"source_type":"ml"}},{"type":"Feature","geometry":{"type":"Polygon","coordinates":[[[50.2415098,53.433252],[50.2414609,53.4331751],[50.2415618,53.4331523],[50.2416107,53.4332292],[50.2415098,53.433252]]]},"properties":{"source_type":"ml"}},{"type":"Feature","geometry":{"type":"Polygon","coordinates":[[[50.2413582,53.433574],[50.2414235,53.4335676],[50.2414403,53.4336282],[50.241375,53.4336347],[50.2413582,53.433574]]]},"properties":{"source_type":"ml"}},{"type":"Feature","geometry":{"type":"Polygon","coordinates":[[[50.2411111,53.4334638],[50.2411727,53.4334631],[50.2411735,53.433487],[50.2411119,53.4334878],[50.2411111,53.4334638]]]},"properties":{"source_type":"ml"}},{"type":"Feature","geometry":{"type":"Polygon","coordinates":[[[50.2408589,53.4333456],[50.2408481,53.4332953],[50.2409668,53.4332862],[50.2409777,53.4333365],[50.2408589,53.4333456]]]},"properties":{"source_type":"ml"}},{"type":"Feature","geometry":{"type":"Polygon","coordinates":[[[50.2408967,53.4334657],[50.2410453,53.4334486],[50.2410677,53.433518],[50.2409191,53.433535],[50.2408967,53.4334657]]]},"properties":{"source_type":"ml"}},{"type":"Feature","geometry":{"type":"Polygon","coordinates":[[[50.240999,53.4341959],[50.241001,53.4341608],[50.2410909,53.4341626],[50.2410889,53.4341977],[50.240999,53.4341959]]]},"properties":{"source_type":"ml"}},{"type":"Feature","geometry":{"type":"Polygon","coordinates":[[[50.2408334,53.4344785],[50.240969,53.4344763],[50.2409717,53.434537],[50.2408362,53.4345392],[50.2408334,53.4344785]]]},"properties":{"source_type":"ml"}},{"type":"Feature","geometry":{"type":"Polygon","coordinates":[[[50.2413832,53.434924],[50.2411232,53.4349279],[50.2411196,53.4348433],[50.2412107,53.4348419],[50.2412115,53.4348611],[50.2413804,53.4348585],[50.2413832,53.434924]]]},"properties":{"source_type":"ml"}},{"type":"Feature","geometry":{"type":"Polygon","coordinates":[[[50.2413339,53.4352377],[50.2412229,53.4352385],[50.2412209,53.4351411],[50.2413319,53.4351403],[50.2413339,53.4352377]]]},"properties":{"source_type":"ml"}},{"type":"Feature","geometry":{"type":"Polygon","coordinates":[[[50.2407753,53.4352743],[50.2408809,53.435273],[50.240882,53.4353033],[50.2407764,53.4353047],[50.2407753,53.4352743]]]},"properties":{"source_type":"ml"}},{"type":"Feature","geometry":{"type":"Polygon","coordinates":[[[50.2408321,53.4351596],[50.2408895,53.4351652],[50.2408802,53.4351989],[50.2408227,53.4351932],[50.2408321,53.4351596]]]},"properties":{"source_type":"ml"}},{"type":"Feature","geometry":{"type":"Polygon","coordinates":[[[50.2406359,53.4351854],[50.2407269,53.4351832],[50.2407319,53.435255],[50.2406408,53.4352572],[50.2406359,53.4351854]]]},"properties":{"source_type":"ml"}},{"type":"Feature","geometry":{"type":"Polygon","coordinates":[[[50.2408443,53.434949],[50.2408477,53.4350096],[50.2407861,53.4350108],[50.2407827,53.4349502],[50.2408443,53.434949]]]},"properties":{"source_type":"ml"}},{"type":"Feature","geometry":{"type":"Polygon","coordinates":[[[50.2408905,53.434862],[50.2408945,53.4349322],[50.2407525,53.4349351],[50.2407485,53.4348649],[50.2408905,53.434862]]]},"properties":{"source_type":"ml"}},{"type":"Feature","geometry":{"type":"Polygon","coordinates":[[[50.2408499,53.4346478],[50.2408539,53.4347052],[50.2408084,53.4347064],[50.2408044,53.4346489],[50.2408499,53.4346478]]]},"properties":{"source_type":"ml"}},{"type":"Feature","geometry":{"type":"Polygon","coordinates":[[[50.2406027,53.4345238],[50.2405395,53.4345249],[50.2405366,53.4344685],[50.2406668,53.4344661],[50.2406708,53.4345434],[50.2406038,53.4345446],[50.2406027,53.4345238]]]},"properties":{"source_type":"ml"}},{"type":"Feature","geometry":{"type":"Polygon","coordinates":[[[50.2405704,53.4345783],[50.2406616,53.4345769],[50.2406634,53.4346201],[50.2405722,53.4346214],[50.2405704,53.4345783]]]},"properties":{"source_type":"ml"}},{"type":"Feature","geometry":{"type":"Polygon","coordinates":[[[50.2403661,53.4344424],[50.2403679,53.4344143],[50.240459,53.4344163],[50.2404572,53.4344445],[50.2403661,53.4344424]]]},"properties":{"source_type":"ml"}},{"type":"Feature","geometry":{"type":"Polygon","coordinates":[[[50.2404692,53.4346349],[50.2404775,53.4346743],[50.24043,53.4346778],[50.2404217,53.4346385],[50.2404692,53.4346349]]]},"properties":{"source_type":"ml"}},{"type":"Feature","geometry":{"type":"Polygon","coordinates":[[[50.2403953,53.4349343],[50.2403907,53.4348641],[50.2405043,53.4348615],[50.2405088,53.4349317],[50.2403953,53.4349343]]]},"properties":{"source_type":"ml"}},{"type":"Feature","geometry":{"type":"Polygon","coordinates":[[[50.2400259,53.4348685],[50.2401689,53.4348655],[50.2401729,53.4349325],[50.2400298,53.4349355],[50.2400259,53.4348685]]]},"properties":{"source_type":"ml"}},{"type":"Feature","geometry":{"type":"Polygon","coordinates":[[[50.2400168,53.4344776],[50.2400162,53.4345239],[50.2398955,53.4345234],[50.2398961,53.434477],[50.2400168,53.4344776]]]},"properties":{"source_type":"ml"}},{"type":"Feature","geometry":{"type":"Polygon","coordinates":[[[50.2402829,53.4346963],[50.2402051,53.4346971],[50.2402043,53.4346683],[50.2402821,53.4346676],[50.2402829,53.4346963]]]},"properties":{"source_type":"ml"}},{"type":"Feature","geometry":{"type":"Polygon","coordinates":[[[50.240313,53.4345393],[50.240309,53.4344851],[50.2404562,53.4344812],[50.2404624,53.4345641],[50.2403419,53.4345673],[50.2403398,53.4345386],[50.240313,53.4345393]]]},"properties":{"source_type":"ml"}},{"type":"Feature","geometry":{"type":"Polygon","coordinates":[[[50.24027,53.4343785],[50.2402715,53.4343104],[50.2403933,53.4343114],[50.2403918,53.4343795],[50.24027,53.4343785]]]},"properties":{"source_type":"ml"}},{"type":"Feature","geometry":{"type":"Polygon","coordinates":[[[50.2403818,53.4337038],[50.2403946,53.4337771],[50.2403044,53.4337827],[50.2402916,53.4337094],[50.2403818,53.4337038]]]},"properties":{"source_type":"ml"}},{"type":"Feature","geometry":{"type":"Polygon","coordinates":[[[50.2399468,53.433747],[50.2399328,53.4336842],[50.2400329,53.4336762],[50.240047,53.433739],[50.2399468,53.433747]]]},"properties":{"source_type":"ml"}},{"type":"Feature","geometry":{"type":"Polygon","coordinates":[[[50.2400079,53.433903],[50.2399889,53.4338166],[50.2401365,53.4338051],[50.2401531,53.4338805],[50.2401109,53.4338838],[50.2401134,53.4338948],[50.2400079,53.433903]]]},"properties":{"source_type":"ml"}},{"type":"Feature","geometry":{"type":"Polygon","coordinates":[[[50.2403147,53.4334176],[50.2403258,53.4334531],[50.2402792,53.4334583],[50.240268,53.4334228],[50.2403147,53.4334176]]]},"properties":{"source_type":"ml"}},{"type":"Feature","geometry":{"type":"Polygon","coordinates":[[[50.2402337,53.4335431],[50.2402083,53.4334813],[50.2403322,53.4334632],[50.2403577,53.433525],[50.2402337,53.4335431]]]},"properties":{"source_type":"ml"}},{"type":"Feature","geometry":{"type":"Polygon","coordinates":[[[50.2404014,53.4336078],[50.2403976,53.4336877],[50.2403333,53.4336866],[50.2403371,53.4336067],[50.2404014,53.4336078]]]},"properties":{"source_type":"ml"}},{"type":"Feature","geometry":{"type":"Polygon","coordinates":[[[50.2404706,53.4332173],[50.2404335,53.433153],[50.240539,53.4331313],[50.2405761,53.4331956],[50.2404706,53.4332173]]]},"properties":{"source_type":"ml"}},{"type":"Feature","geometry":{"type":"Polygon","coordinates":[[[50.2406902,53.4334465],[50.2406946,53.4334873],[50.2405999,53.4334909],[50.2405967,53.4334612],[50.2405632,53.4334625],[50.2405583,53.4334164],[50.2406357,53.4334134],[50.2406395,53.4334484],[50.2406902,53.4334465]]]},"properties":{"source_type":"ml"}},{"type":"Feature","geometry":{"type":"Polygon","coordinates":[[[50.2404994,53.433685],[50.2405576,53.4336809],[50.2405644,53.4337156],[50.2405063,53.4337197],[50.2404994,53.433685]]]},"properties":{"source_type":"ml"}},{"type":"Feature","geometry":{"type":"Polygon","coordinates":[[[50.2406345,53.434142],[50.2407222,53.4341335],[50.2407286,53.4341568],[50.2406408,53.4341653],[50.2406345,53.434142]]]},"properties":{"source_type":"ml"}},{"type":"Feature","geometry":{"type":"Polygon","coordinates":[[[50.2407661,53.4342254],[50.2407748,53.4341926],[50.2408297,53.4341978],[50.240821,53.4342305],[50.2407661,53.4342254]]]},"properties":{"source_type":"ml"}},{"type":"Feature","geometry":{"type":"Polygon","coordinates":[[[50.2407797,53.433949],[50.2407636,53.4339014],[50.2408666,53.433889],[50.2408828,53.4339366],[50.2407797,53.433949]]]},"properties":{"source_type":"ml"}},{"type":"Feature","geometry":{"type":"Polygon","coordinates":[[[50.2406902,53.4337367],[50.240816,53.4337334],[50.2408197,53.4337838],[50.2408813,53.4337822],[50.2408838,53.4338163],[50.2407955,53.4338186],[50.2407944,53.4338037],[50.2406953,53.4338062],[50.2406902,53.4337367]]]},"properties":{"source_type":"ml"}},{"type":"Feature","geometry":{"type":"Polygon","coordinates":[[[50.2406389,53.433567],[50.2407437,53.4335553],[50.2407732,53.4336489],[50.2406685,53.4336606],[50.2406389,53.433567]]]},"properties":{"source_type":"ml"}},{"type":"Feature","geometry":{"type":"Polygon","coordinates":[[[50.2406554,53.4329454],[50.2406249,53.4329018],[50.2406763,53.432889],[50.2407069,53.4329326],[50.2406554,53.4329454]]]},"properties":{"source_type":"ml"}},{"type":"Feature","geometry":{"type":"Polygon","coordinates":[[[50.2406366,53.4329526],[50.2406649,53.4330094],[50.240554,53.433029],[50.2405257,53.4329722],[50.2406366,53.4329526]]]},"properties":{"source_type":"ml"}},{"type":"Feature","geometry":{"type":"Polygon","coordinates":[[[50.2410131,53.4328154],[50.2409576,53.4327161],[50.2411194,53.432684],[50.2411456,53.432731],[50.2410442,53.4327511],[50.2410734,53.4328034],[50.2410131,53.4328154]]]},"properties":{"source_type":"ml"}},{"type":"Feature","geometry":{"type":"Polygon","coordinates":[[[50.2409843,53.4326309],[50.241071,53.4326235],[50.241086,53.4326855],[50.2409993,53.432693],[50.2409843,53.4326309]]]},"properties":{"source_type":"ml"}},{"type":"Feature","geometry":{"type":"Polygon","coordinates":[[[50.2414286,53.4330808],[50.2413905,53.4330062],[50.2414961,53.432987],[50.2415342,53.4330616],[50.2414286,53.4330808]]]},"properties":{"source_type":"ml"}},{"type":"Feature","geometry":{"type":"Polygon","coordinates":[[[50.2415058,53.4328907],[50.2415294,53.4329411],[50.2414722,53.4329506],[50.2414486,53.4329002],[50.2415058,53.4328907]]]},"properties":{"source_type":"ml"}},{"type":"Feature","geometry":{"type":"Polygon","coordinates":[[[50.2415597,53.4327132],[50.2416577,53.4326981],[50.2416837,53.4327581],[50.2415856,53.4327732],[50.2415597,53.4327132]]]},"properties":{"source_type":"ml"}},{"type":"Feature","geometry":{"type":"Polygon","coordinates":[[[50.2417186,53.4330466],[50.2417348,53.4330902],[50.241699,53.4330949],[50.2416828,53.4330513],[50.2417186,53.4330466]]]},"properties":{"source_type":"ml"}},{"type":"Feature","geometry":{"type":"Polygon","coordinates":[[[50.2417899,53.4325142],[50.2417667,53.4324671],[50.241821,53.4324576],[50.2418442,53.4325047],[50.2417899,53.4325142]]]},"properties":{"source_type":"ml"}},{"type":"Feature","geometry":{"type":"Polygon","coordinates":[[[50.2430131,53.4306207],[50.2430108,53.4305888],[50.2430938,53.4305867],[50.2430961,53.4306186],[50.2430131,53.4306207]]]},"properties":{"source_type":"ml"}},{"type":"Feature","geometry":{"type":"Polygon","coordinates":[[[50.2388838,53.4332268],[50.2389234,53.4331675],[50.2390461,53.4331967],[50.2389917,53.433278],[50.2389326,53.433264],[50.2389473,53.4332419],[50.2388838,53.4332268]]]},"properties":{"source_type":"ml"}},{"type":"Feature","geometry":{"type":"Polygon","coordinates":[[[50.2391978,53.4332967],[50.2390363,53.433259],[50.2390846,53.4331856],[50.2392461,53.4332233],[50.2391978,53.4332967]]]},"properties":{"source_type":"ml"}},{"type":"Feature","geometry":{"type":"Polygon","coordinates":[[[50.2394326,53.4337873],[50.2394354,53.4338464],[50.239355,53.4338477],[50.2393522,53.4337886],[50.2394326,53.4337873]]]},"properties":{"source_type":"ml"}},{"type":"Feature","geometry":{"type":"Polygon","coordinates":[[[50.2393442,53.4332944],[50.2392869,53.4332753],[50.2393325,53.4332266],[50.2393898,53.4332456],[50.2393442,53.4332944]]]},"properties":{"source_type":"ml"}},{"type":"Feature","geometry":{"type":"Polygon","coordinates":[[[50.2398049,53.4333575],[50.2399441,53.4333537],[50.2399503,53.433434],[50.2398112,53.4334378],[50.2398049,53.4333575]]]},"properties":{"source_type":"ml"}},{"type":"Feature","geometry":{"type":"Polygon","coordinates":[[[50.2395683,53.4336839],[50.2396847,53.4336669],[50.2397014,53.4337076],[50.2397748,53.4336968],[50.2397885,53.43373],[50.2395987,53.4337577],[50.2395683,53.4336839]]]},"properties":{"source_type":"ml"}},{"type":"Feature","geometry":{"type":"Polygon","coordinates":[[[50.2396529,53.4337601],[50.2397466,53.4337582],[50.2397508,53.4338316],[50.239657,53.4338335],[50.2396529,53.4337601]]]},"properties":{"source_type":"ml"}},{"type":"Feature","geometry":{"type":"Polygon","coordinates":[[[50.2394175,53.434302],[50.2394159,53.4342733],[50.2394802,53.434272],[50.2394818,53.4343008],[50.2394175,53.434302]]]},"properties":{"source_type":"ml"}},{"type":"Feature","geometry":{"type":"Polygon","coordinates":[[[50.2395112,53.4344997],[50.2395097,53.4344687],[50.2395927,53.4344673],[50.2395943,53.4344982],[50.2395112,53.4344997]]]},"properties":{"source_type":"ml"}},{"type":"Feature","geometry":{"type":"Polygon","coordinates":[[[50.2395113,53.4347443],[50.2394337,53.4347424],[50.2394353,53.4347206],[50.2395129,53.4347226],[50.2395113,53.4347443]]]},"properties":{"source_type":"ml"}},{"type":"Feature","geometry":{"type":"Polygon","coordinates":[[[50.2395245,53.4347621],[50.2395207,53.4347213],[50.2396063,53.4347184],[50.2396101,53.4347592],[50.2395245,53.4347621]]]},"properties":{"source_type":"ml"}},{"type":"Feature","geometry":{"type":"Polygon","coordinates":[[[50.2396501,53.4342272],[50.2396491,53.4342672],[50.2395284,53.4342661],[50.2395295,53.4342262],[50.2396501,53.4342272]]]},"properties":{"source_type":"ml"}},{"type":"Feature","geometry":{"type":"Polygon","coordinates":[[[50.2398408,53.4347814],[50.2398373,53.4347166],[50.2398919,53.4347155],[50.2398955,53.4347804],[50.2398408,53.4347814]]]},"properties":{"source_type":"ml"}},{"type":"Feature","geometry":{"type":"Polygon","coordinates":[[[50.2396199,53.4349598],[50.2396142,53.4348769],[50.2397492,53.4348736],[50.2397549,53.4349565],[50.2396199,53.4349598]]]},"properties":{"source_type":"ml"}},{"type":"Feature","geometry":{"type":"Polygon","coordinates":[[[50.2397345,53.4350048],[50.2397366,53.4349627],[50.2399001,53.4349657],[50.2398979,53.4350078],[50.2397345,53.4350048]]]},"properties":{"source_type":"ml"}},{"type":"Feature","geometry":{"type":"Polygon","coordinates":[[[50.2397254,53.4352869],[50.2397214,53.4352087],[50.2398687,53.435206],[50.2398728,53.4352842],[50.2397254,53.4352869]]]},"properties":{"source_type":"ml"}},{"type":"Feature","geometry":{"type":"Polygon","coordinates":[[[50.2396752,53.4351869],[50.2395969,53.4351947],[50.2395778,53.4351263],[50.2396561,53.4351185],[50.2396752,53.4351869]]]},"properties":{"source_type":"ml"}},{"type":"Feature","geometry":{"type":"Polygon","coordinates":[[[50.2395801,53.4348729],[50.2395829,53.4349639],[50.239532,53.4349645],[50.2395292,53.4348735],[50.2395801,53.4348729]]]},"properties":{"source_type":"ml"}},{"type":"Feature","geometry":{"type":"Polygon","coordinates":[[[50.2394128,53.435237],[50.2394163,53.4351834],[50.2395288,53.435186],[50.2395253,53.4352396],[50.2394128,53.435237]]]},"properties":{"source_type":"ml"}},{"type":"Feature","geometry":{"type":"Polygon","coordinates":[[[50.2392986,53.4352716],[50.2393003,53.4351917],[50.2393727,53.4351923],[50.239371,53.4352721],[50.2392986,53.4352716]]]},"properties":{"source_type":"ml"}},{"type":"Feature","geometry":{"type":"Polygon","coordinates":[[[50.2392957,53.4351785],[50.2392908,53.4352663],[50.2391344,53.4352633],[50.2391376,53.4352049],[50.2391778,53.4352056],[50.2391794,53.4351763],[50.2392957,53.4351785]]]},"properties":{"source_type":"ml"}},{"type":"Feature","geometry":{"type":"Polygon","coordinates":[[[50.2393566,53.4349466],[50.239251,53.4349458],[50.2392531,53.4348429],[50.2393588,53.4348437],[50.2393566,53.4349466]]]},"properties":{"source_type":"ml"}},{"type":"Feature","geometry":{"type":"Polygon","coordinates":[[[50.2394642,53.4345614],[50.239341,53.434564],[50.2393369,53.434497],[50.2394602,53.4344944],[50.2394642,53.4345614]]]},"properties":{"source_type":"ml"}},{"type":"Feature","geometry":{"type":"Polygon","coordinates":[[[50.2394067,53.4346157],[50.2394085,53.434654],[50.2393538,53.4346549],[50.239352,53.4346166],[50.2394067,53.4346157]]]},"properties":{"source_type":"ml"}},{"type":"Feature","geometry":{"type":"Polygon","coordinates":[[[50.2393445,53.4342799],[50.2393475,53.434355],[50.2392564,53.4343563],[50.2392533,53.4342812],[50.2393445,53.4342799]]]},"properties":{"source_type":"ml"}},{"type":"Feature","geometry":{"type":"Polygon","coordinates":[[[50.2391737,53.4346713],[50.2392665,53.4346728],[50.2392651,53.4347047],[50.2391724,53.4347033],[50.2391737,53.4346713]]]},"properties":{"source_type":"ml"}},{"type":"Feature","geometry":{"type":"Polygon","coordinates":[[[50.2391577,53.4348068],[50.2391684,53.4347306],[50.2392243,53.4347334],[50.2392137,53.4348096],[50.2391577,53.4348068]]]},"properties":{"source_type":"ml"}},{"type":"Feature","geometry":{"type":"Polygon","coordinates":[[[50.2389992,53.4345909],[50.238993,53.4345048],[50.2390883,53.4345024],[50.2390945,53.4345885],[50.2389992,53.4345909]]]},"properties":{"source_type":"ml"}},{"type":"Feature","geometry":{"type":"Polygon","coordinates":[[[50.2388248,53.4352187],[50.2389251,53.4352181],[50.2389267,53.4353133],[50.2388265,53.4353139],[50.2388248,53.4352187]]]},"properties":{"source_type":"ml"}},{"type":"Feature","geometry":{"type":"Polygon","coordinates":[[[50.2388241,53.4350041],[50.2388283,53.4349371],[50.2389595,53.43494],[50.2389553,53.4350071],[50.2388241,53.4350041]]]},"properties":{"source_type":"ml"}},{"type":"Feature","geometry":{"type":"Polygon","coordinates":[[[50.2387321,53.4348159],[50.2387659,53.4348161],[50.2387649,53.4348762],[50.2387311,53.434876],[50.2387321,53.4348159]]]},"properties":{"source_type":"ml"}},{"type":"Feature","geometry":{"type":"Polygon","coordinates":[[[50.2384839,53.4351973],[50.2386297,53.4352],[50.2386259,53.4352718],[50.2384802,53.4352691],[50.2384839,53.4351973]]]},"properties":{"source_type":"ml"}},{"type":"Feature","geometry":{"type":"Polygon","coordinates":[[[50.2385132,53.4349878],[50.2385546,53.4349903],[50.2385446,53.4350479],[50.2385032,53.4350453],[50.2385132,53.4349878]]]},"properties":{"source_type":"ml"}},{"type":"Feature","geometry":{"type":"Polygon","coordinates":[[[50.2385861,53.4348752],[50.2385823,53.4349742],[50.2384472,53.4349723],[50.2384511,53.4348733],[50.2385861,53.4348752]]]},"properties":{"source_type":"ml"}},{"type":"Feature","geometry":{"type":"Polygon","coordinates":[[[50.2385911,53.4348548],[50.2386635,53.4348555],[50.2386625,53.4348922],[50.2385901,53.4348915],[50.2385911,53.4348548]]]},"properties":{"source_type":"ml"}},{"type":"Feature","geometry":{"type":"Polygon","coordinates":[[[50.2386718,53.4346051],[50.2386703,53.434554],[50.2387438,53.4345532],[50.2387453,53.4346043],[50.2386718,53.4346051]]]},"properties":{"source_type":"ml"}},{"type":"Feature","geometry":{"type":"Polygon","coordinates":[[[50.2385422,53.4345408],[50.2385441,53.4345121],[50.2386325,53.4345142],[50.2386306,53.4345429],[50.2385422,53.4345408]]]},"properties":{"source_type":"ml"}},{"type":"Feature","geometry":{"type":"Polygon","coordinates":[[[50.2387435,53.4347249],[50.2388158,53.4347269],[50.2388132,53.4347604],[50.238741,53.4347584],[50.2387435,53.4347249]]]},"properties":{"source_type":"ml"}},{"type":"Feature","geometry":{"type":"Polygon","coordinates":[[[50.2386544,53.4338913],[50.2387211,53.4338188],[50.2387954,53.433843],[50.2387287,53.4339156],[50.2386544,53.4338913]]]},"properties":{"source_type":"ml"}},{"type":"Feature","geometry":{"type":"Polygon","coordinates":[[[50.238882,53.4336315],[50.2389619,53.4336522],[50.2389341,53.4336903],[50.2388541,53.4336696],[50.238882,53.4336315]]]},"properties":{"source_type":"ml"}},{"type":"Feature","geometry":{"type":"Polygon","coordinates":[[[50.2386563,53.433187],[50.238749,53.4331133],[50.2388022,53.4331371],[50.2387424,53.4331846],[50.238727,53.4331776],[50.238694,53.4332038],[50.2386563,53.433187]]]},"properties":{"source_type":"ml"}},{"type":"Feature","geometry":{"type":"Polygon","coordinates":[[[50.2385475,53.4333874],[50.2384625,53.4333552],[50.2384928,53.4333268],[50.2385779,53.433359],[50.2385475,53.4333874]]]},"properties":{"source_type":"ml"}},{"type":"Feature","geometry":{"type":"Polygon","coordinates":[[[50.2386043,53.4336629],[50.2386471,53.4336804],[50.2386082,53.433714],[50.2385654,53.4336964],[50.2386043,53.4336629]]]},"properties":{"source_type":"ml"}},{"type":"Feature","geometry":{"type":"Polygon","coordinates":[[[50.2383951,53.4340086],[50.2384196,53.4339791],[50.2384971,53.434002],[50.2384726,53.4340315],[50.2383951,53.4340086]]]},"properties":{"source_type":"ml"}},{"type":"Feature","geometry":{"type":"Polygon","coordinates":[[[50.2382555,53.4338626],[50.2382805,53.4338343],[50.2383708,53.4338627],[50.2383027,53.4339397],[50.2381977,53.4339068],[50.2382408,53.433858],[50.2382555,53.4338626]]]},"properties":{"source_type":"ml"}},{"type":"Feature","geometry":{"type":"Polygon","coordinates":[[[50.2382577,53.4336523],[50.2383711,53.4336772],[50.2383377,53.4337312],[50.2382952,53.4337219],[50.2382856,53.4337374],[50.2382147,53.4337218],[50.2382577,53.4336523]]]},"properties":{"source_type":"ml"}},{"type":"Feature","geometry":{"type":"Polygon","coordinates":[[[50.2383642,53.4335325],[50.2384082,53.4334747],[50.2384972,53.4334988],[50.2384532,53.4335565],[50.2383642,53.4335325]]]},"properties":{"source_type":"ml"}},{"type":"Feature","geometry":{"type":"Polygon","coordinates":[[[50.2381596,53.4336408],[50.238183,53.4336047],[50.2382647,53.4336235],[50.2382412,53.4336596],[50.2381596,53.4336408]]]},"properties":{"source_type":"ml"}},{"type":"Feature","geometry":{"type":"Polygon","coordinates":[[[50.238205,53.4334118],[50.2381439,53.4334084],[50.2381504,53.4333672],[50.2382116,53.4333707],[50.238205,53.4334118]]]},"properties":{"source_type":"ml"}},{"type":"Feature","geometry":{"type":"Polygon","coordinates":[[[50.2382447,53.4332753],[50.2381502,53.4332649],[50.2381804,53.4331675],[50.2382905,53.4331796],[50.238268,53.4332523],[50.2382524,53.4332505],[50.2382447,53.4332753]]]},"properties":{"source_type":"ml"}},{"type":"Feature","geometry":{"type":"Polygon","coordinates":[[[50.2380764,53.4335188],[50.2380341,53.4335017],[50.2380858,53.4334564],[50.238128,53.4334735],[50.2380764,53.4335188]]]},"properties":{"source_type":"ml"}},{"type":"Feature","geometry":{"type":"Polygon","coordinates":[[[50.2381519,53.4339895],[50.2380966,53.4339718],[50.2381201,53.4339457],[50.2381754,53.4339634],[50.2381519,53.4339895]]]},"properties":{"source_type":"ml"}},{"type":"Feature","geometry":{"type":"Polygon","coordinates":[[[50.2379831,53.4345674],[50.2380528,53.4345665],[50.2380537,53.4345888],[50.237984,53.4345898],[50.2379831,53.4345674]]]},"properties":{"source_type":"ml"}},{"type":"Feature","geometry":{"type":"Polygon","coordinates":[[[50.2380895,53.4345654],[50.2381742,53.4345658],[50.2381739,53.4345993],[50.2380891,53.434599],[50.2380895,53.4345654]]]},"properties":{"source_type":"ml"}},{"type":"Feature","geometry":{"type":"Polygon","coordinates":[[[50.2384469,53.4348099],[50.2384455,53.4347358],[50.2384965,53.4347355],[50.2384979,53.4348096],[50.2384469,53.4348099]]]},"properties":{"source_type":"ml"}},{"type":"Feature","geometry":{"type":"Polygon","coordinates":[[[50.2383202,53.4347126],[50.2383203,53.4347238],[50.2382667,53.434724],[50.2382657,53.4346473],[50.2384213,53.4346466],[50.2384221,53.4347121],[50.2383202,53.4347126]]]},"properties":{"source_type":"ml"}},{"type":"Feature","geometry":{"type":"Polygon","coordinates":[[[50.2383518,53.4349499],[50.2383501,53.4348924],[50.2384386,53.4348915],[50.2384403,53.434949],[50.2383518,53.4349499]]]},"properties":{"source_type":"ml"}},{"type":"Feature","geometry":{"type":"Polygon","coordinates":[[[50.2380433,53.4352649],[50.238182,53.4352588],[50.2381982,53.4353884],[50.2380595,53.4353945],[50.2380433,53.4352649]]]},"properties":{"source_type":"ml"}},{"type":"Feature","geometry":{"type":"Polygon","coordinates":[[[50.2381105,53.4350224],[50.2381063,53.4349425],[50.2382591,53.4349397],[50.2382629,53.4350131],[50.2382147,53.435014],[50.238215,53.4350204],[50.2381105,53.4350224]]]},"properties":{"source_type":"ml"}},{"type":"Feature","geometry":{"type":"Polygon","coordinates":[[[50.238136,53.4347699],[50.2382314,53.4347679],[50.2382329,53.4347935],[50.2381375,53.4347954],[50.238136,53.4347699]]]},"properties":{"source_type":"ml"}},{"type":"Feature","geometry":{"type":"Polygon","coordinates":[[[50.2378819,53.4347441],[50.2378853,53.4348016],[50.2377685,53.434804],[50.2377651,53.4347466],[50.2378819,53.4347441]]]},"properties":{"source_type":"ml"}},{"type":"Feature","geometry":{"type":"Polygon","coordinates":[[[50.2374105,53.4349439],[50.2375195,53.4348957],[50.2375819,53.4349458],[50.2374729,53.4349939],[50.2374105,53.4349439]]]},"properties":{"source_type":"ml"}},{"type":"Feature","geometry":{"type":"Polygon","coordinates":[[[50.2374164,53.4348015],[50.2374865,53.4347801],[50.2375111,53.4348087],[50.2374409,53.4348301],[50.2374164,53.4348015]]]},"properties":{"source_type":"ml"}},{"type":"Feature","geometry":{"type":"Polygon","coordinates":[[[50.2371597,53.4351257],[50.2370865,53.4350637],[50.2371691,53.4350291],[50.2372423,53.4350912],[50.2371597,53.4351257]]]},"properties":{"source_type":"ml"}},{"type":"Feature","geometry":{"type":"Polygon","coordinates":[[[50.2371354,53.4352734],[50.237202,53.4352617],[50.2372195,53.4352969],[50.2371529,53.4353087],[50.2371354,53.4352734]]]},"properties":{"source_type":"ml"}},{"type":"Feature","geometry":{"type":"Polygon","coordinates":[[[50.2370529,53.4352335],[50.237027,53.4352008],[50.2371016,53.4351799],[50.2371275,53.4352126],[50.2370529,53.4352335]]]},"properties":{"source_type":"ml"}},{"type":"Feature","geometry":{"type":"Polygon","coordinates":[[[50.2373619,53.4338318],[50.2372803,53.4338308],[50.237281,53.4338116],[50.2373626,53.4338126],[50.2373619,53.4338318]]]},"properties":{"source_type":"ml"}},{"type":"Feature","geometry":{"type":"Polygon","coordinates":[[[50.237401,53.4340323],[50.2373848,53.4340915],[50.2373247,53.4340856],[50.237341,53.4340265],[50.237401,53.4340323]]]},"properties":{"source_type":"ml"}},{"type":"Feature","geometry":{"type":"Polygon","coordinates":[[[50.2372126,53.4339849],[50.2372098,53.4339114],[50.2373064,53.4339101],[50.2373092,53.4339836],[50.2372126,53.4339849]]]},"properties":{"source_type":"ml"}},{"type":"Feature","geometry":{"type":"Polygon","coordinates":[[[50.2372167,53.4337187],[50.2371622,53.4337128],[50.2371714,53.4336828],[50.2372259,53.4336887],[50.2372167,53.4337187]]]},"properties":{"source_type":"ml"}},{"type":"Feature","geometry":{"type":"Polygon","coordinates":[[[50.2370838,53.4336059],[50.237089,53.433506],[50.2372218,53.4335085],[50.2372166,53.4336083],[50.2370838,53.4336059]]]},"properties":{"source_type":"ml"}},{"type":"Feature","geometry":{"type":"Polygon","coordinates":[[[50.2372002,53.4333929],[50.2371053,53.4333793],[50.2371221,53.4333378],[50.237217,53.4333515],[50.2372002,53.4333929]]]},"properties":{"source_type":"ml"}},{"type":"Feature","geometry":{"type":"Polygon","coordinates":[[[50.2373441,53.4335736],[50.2374217,53.4335759],[50.2374157,53.4336477],[50.2373381,53.4336454],[50.2373441,53.4335736]]]},"properties":{"source_type":"ml"}},{"type":"Feature","geometry":{"type":"Polygon","coordinates":[[[50.2374546,53.4333594],[50.2374649,53.433236],[50.2375761,53.4332393],[50.2375658,53.4333627],[50.2374546,53.4333594]]]},"properties":{"source_type":"ml"}},{"type":"Feature","geometry":{"type":"Polygon","coordinates":[[[50.237751,53.4335009],[50.2378672,53.4335094],[50.2378516,53.433585],[50.2377353,53.4335764],[50.237751,53.4335009]]]},"properties":{"source_type":"ml"}},{"type":"Feature","geometry":{"type":"Polygon","coordinates":[[[50.2377702,53.4334762],[50.2377838,53.4333987],[50.237894,53.4334056],[50.2378804,53.433483],[50.2377702,53.4334762]]]},"properties":{"source_type":"ml"}},{"type":"Feature","geometry":{"type":"Polygon","coordinates":[[[50.2378792,53.4331328],[50.2379889,53.4331406],[50.2379705,53.4332329],[50.2378608,53.4332251],[50.2378792,53.4331328]]]},"properties":{"source_type":"ml"}},{"type":"Feature","geometry":{"type":"Polygon","coordinates":[[[50.2380312,53.4332874],[50.2380289,53.4333376],[50.2378588,53.4333348],[50.2378611,53.4332847],[50.2380312,53.4332874]]]},"properties":{"source_type":"ml"}},{"type":"Feature","geometry":{"type":"Polygon","coordinates":[[[50.237999,53.4331225],[50.2378879,53.4331059],[50.237924,53.4330202],[50.238035,53.4330368],[50.237999,53.4331225]]]},"properties":{"source_type":"ml"}},{"type":"Feature","geometry":{"type":"Polygon","coordinates":[[[50.2376141,53.4330176],[50.2376292,53.4329625],[50.2377089,53.4329702],[50.2376939,53.4330253],[50.2376141,53.4330176]]]},"properties":{"source_type":"ml"}},{"type":"Feature","geometry":{"type":"Polygon","coordinates":[[[50.2377781,53.4312399],[50.237791,53.4312022],[50.2378657,53.4312113],[50.2378527,53.431249],[50.2377781,53.4312399]]]},"properties":{"source_type":"ml"}},{"type":"Feature","geometry":{"type":"Polygon","coordinates":[[[50.2377118,53.4312415],[50.2376211,53.4312203],[50.2376626,53.4311572],[50.2377533,53.4311784],[50.2377118,53.4312415]]]},"properties":{"source_type":"ml"}},{"type":"Feature","geometry":{"type":"Polygon","coordinates":[[[50.237299,53.4311201],[50.2373751,53.4311289],[50.2373649,53.4311604],[50.2372888,53.4311516],[50.237299,53.4311201]]]},"properties":{"source_type":"ml"}},{"type":"Feature","geometry":{"type":"Polygon","coordinates":[[[50.2373402,53.4314223],[50.2372598,53.4314072],[50.237303,53.4313258],[50.2373835,53.431341],[50.2373402,53.4314223]]]},"properties":{"source_type":"ml"}},{"type":"Feature","geometry":{"type":"Polygon","coordinates":[[[50.237188,53.4316102],[50.2372087,53.4315649],[50.2372986,53.4315795],[50.2372779,53.4316248],[50.237188,53.4316102]]]},"properties":{"source_type":"ml"}},{"type":"Feature","geometry":{"type":"Polygon","coordinates":[[[50.2372961,53.4331265],[50.2373256,53.4330323],[50.237647,53.4330681],[50.2376175,53.4331623],[50.2372961,53.4331265]]]},"properties":{"source_type":"ml"}},{"type":"Feature","geometry":{"type":"Polygon","coordinates":[[[50.2371157,53.4331092],[50.2370607,53.4331043],[50.237073,53.4330558],[50.237128,53.4330608],[50.2371157,53.4331092]]]},"properties":{"source_type":"ml"}},{"type":"Feature","geometry":{"type":"Polygon","coordinates":[[[50.2368041,53.4329177],[50.2366653,53.4329079],[50.2366749,53.4328599],[50.2368137,53.4328697],[50.2368041,53.4329177]]]},"properties":{"source_type":"ml"}},{"type":"Feature","geometry":{"type":"Polygon","coordinates":[[[50.2365488,53.4328445],[50.2366094,53.4328562],[50.2365967,53.4328794],[50.2365361,53.4328676],[50.2365488,53.4328445]]]},"properties":{"source_type":"ml"}},{"type":"Feature","geometry":{"type":"Polygon","coordinates":[[[50.2365727,53.4321815],[50.2365853,53.4321331],[50.2366927,53.432143],[50.2366801,53.4321914],[50.2365727,53.4321815]]]},"properties":{"source_type":"ml"}},{"type":"Feature","geometry":{"type":"Polygon","coordinates":[[[50.2369199,53.4324427],[50.2368215,53.4324372],[50.2368363,53.4323421],[50.2369347,53.4323476],[50.2369199,53.4324427]]]},"properties":{"source_type":"ml"}},{"type":"Feature","geometry":{"type":"Polygon","coordinates":[[[50.2370533,53.4314551],[50.2370394,53.4315187],[50.2368771,53.4315061],[50.2368909,53.4314425],[50.2370533,53.4314551]]]},"properties":{"source_type":"ml"}},{"type":"Feature","geometry":{"type":"Polygon","coordinates":[[[50.236941,53.4311264],[50.2370345,53.4311415],[50.2370034,53.43121],[50.2369098,53.4311949],[50.236941,53.4311264]]]},"properties":{"source_type":"ml"}},{"type":"Feature","geometry":{"type":"Polygon","coordinates":[[[50.2360765,53.4323041],[50.2361555,53.4323103],[50.2361472,53.432348],[50.2360681,53.4323417],[50.2360765,53.4323041]]]},"properties":{"source_type":"ml"}},{"type":"Feature","geometry":{"type":"Polygon","coordinates":[[[50.2362162,53.432151],[50.2362936,53.4321542],[50.2362884,53.4321988],[50.236211,53.4321956],[50.2362162,53.432151]]]},"properties":{"source_type":"ml"}},{"type":"Feature","geometry":{"type":"Polygon","coordinates":[[[50.2365189,53.4330045],[50.2365875,53.4330098],[50.2365757,53.4330641],[50.2365071,53.4330588],[50.2365189,53.4330045]]]},"properties":{"source_type":"ml"}},{"type":"Feature","geometry":{"type":"Polygon","coordinates":[[[50.2363312,53.4328262],[50.2364369,53.4328287],[50.2364325,53.4328966],[50.2363267,53.4328941],[50.2363312,53.4328262]]]},"properties":{"source_type":"ml"}},{"type":"Feature","geometry":{"type":"Polygon","coordinates":[[[50.2361443,53.4328109],[50.2362074,53.4328162],[50.236194,53.4328726],[50.2361309,53.4328673],[50.2361443,53.4328109]]]},"properties":{"source_type":"ml"}},{"type":"Feature","geometry":{"type":"Polygon","coordinates":[[[50.2361284,53.4329997],[50.236206,53.4330015],[50.2362042,53.4330286],[50.2361265,53.4330268],[50.2361284,53.4329997]]]},"properties":{"source_type":"ml"}},{"type":"Feature","geometry":{"type":"Polygon","coordinates":[[[50.2361346,53.4334714],[50.2361503,53.4334122],[50.2362407,53.4334207],[50.236225,53.43348],[50.2361346,53.4334714]]]},"properties":{"source_type":"ml"}},{"type":"Feature","geometry":{"type":"Polygon","coordinates":[[[50.2360789,53.4338173],[50.236088,53.4337385],[50.2361734,53.433742],[50.2361643,53.4338208],[50.2360789,53.4338173]]]},"properties":{"source_type":"ml"}},{"type":"Feature","geometry":{"type":"Polygon","coordinates":[[[50.2367215,53.4332762],[50.2367235,53.4332411],[50.2367717,53.4332421],[50.2367697,53.4332772],[50.2367215,53.4332762]]]},"properties":{"source_type":"ml"}},{"type":"Feature","geometry":{"type":"Polygon","coordinates":[[[50.2369558,53.4351457],[50.2370007,53.4351299],[50.237026,53.4351553],[50.2369812,53.4351712],[50.2369558,53.4351457]]]},"properties":{"source_type":"ml"}},{"type":"Feature","geometry":{"type":"Polygon","coordinates":[[[50.2367333,53.4351641],[50.2367858,53.4351492],[50.2368055,53.4351739],[50.2367531,53.4351888],[50.2367333,53.4351641]]]},"properties":{"source_type":"ml"}},{"type":"Feature","geometry":{"type":"Polygon","coordinates":[[[50.2364587,53.4348013],[50.2364806,53.4348364],[50.2363723,53.4348604],[50.2363504,53.4348254],[50.2364587,53.4348013]]]},"properties":{"source_type":"ml"}},{"type":"Feature","geometry":{"type":"Polygon","coordinates":[[[50.2363909,53.4348882],[50.2364896,53.4348604],[50.2365129,53.4348897],[50.236537,53.4348829],[50.2365717,53.4349267],[50.2364489,53.4349613],[50.2363909,53.4348882]]]},"properties":{"source_type":"ml"}},{"type":"Feature","geometry":{"type":"Polygon","coordinates":[[[50.2359284,53.4352574],[50.235888,53.4352024],[50.2359759,53.4351795],[50.2360162,53.4352345],[50.2359284,53.4352574]]]},"properties":{"source_type":"ml"}},{"type":"Feature","geometry":{"type":"Polygon","coordinates":[[[50.2357936,53.4350595],[50.2358713,53.4350422],[50.2359016,53.4350906],[50.2358239,53.4351078],[50.2357936,53.4350595]]]},"properties":{"source_type":"ml"}},{"type":"Feature","geometry":{"type":"Polygon","coordinates":[[[50.2356733,53.435258],[50.2356987,53.4353199],[50.2355797,53.4353372],[50.2355432,53.4352482],[50.2356192,53.4352371],[50.2356056,53.435204],[50.2356942,53.4351911],[50.2357189,53.4352514],[50.2356733,53.435258]]]},"properties":{"source_type":"ml"}},{"type":"Feature","geometry":{"type":"Polygon","coordinates":[[[50.2352358,53.4352904],[50.235258,53.4353164],[50.235209,53.4353313],[50.2351868,53.4353052],[50.2352358,53.4352904]]]},"properties":{"source_type":"ml"}},{"type":"Feature","geometry":{"type":"Polygon","coordinates":[[[50.2355037,53.43389],[50.2353522,53.4338866],[50.2353554,53.4338348],[50.2355069,53.4338381],[50.2355037,53.43389]]]},"properties":{"source_type":"ml"}},{"type":"Feature","geometry":{"type":"Polygon","coordinates":[[[50.2351382,53.4338505],[50.2352146,53.4338481],[50.2352201,53.4339103],[50.2351437,53.4339126],[50.2351382,53.4338505]]]},"properties":{"source_type":"ml"}},{"type":"Feature","geometry":{"type":"Polygon","coordinates":[[[50.2351798,53.4336144],[50.2350845,53.4336126],[50.2350862,53.4335799],[50.2351815,53.4335816],[50.2351798,53.4336144]]]},"properties":{"source_type":"ml"}},{"type":"Feature","geometry":{"type":"Polygon","coordinates":[[[50.2352386,53.4334678],[50.2350913,53.433465],[50.2350973,53.4333533],[50.2352447,53.4333561],[50.2352386,53.4334678]]]},"properties":{"source_type":"ml"}},{"type":"Feature","geometry":{"type":"Polygon","coordinates":[[[50.2354742,53.4334654],[50.2354711,53.4335164],[50.2353961,53.4335149],[50.2353992,53.4334638],[50.2354742,53.4334654]]]},"properties":{"source_type":"ml"}},{"type":"Feature","geometry":{"type":"Polygon","coordinates":[[[50.2355449,53.4332274],[50.2355562,53.4331969],[50.2355997,53.4332026],[50.2355884,53.4332331],[50.2355449,53.4332274]]]},"properties":{"source_type":"ml"}},{"type":"Feature","geometry":{"type":"Polygon","coordinates":[[[50.2356104,53.4331685],[50.235721,53.4331773],[50.2357045,53.4332511],[50.2355938,53.4332423],[50.2356104,53.4331685]]]},"properties":{"source_type":"ml"}},{"type":"Feature","geometry":{"type":"Polygon","coordinates":[[[50.2356653,53.4339153],[50.2356191,53.4339122],[50.235633,53.4338404],[50.2356791,53.4338436],[50.2356653,53.4339153]]]},"properties":{"source_type":"ml"}},{"type":"Feature","geometry":{"type":"Polygon","coordinates":[[[50.2357976,53.4339113],[50.2358965,53.433915],[50.2358917,53.4339596],[50.2357929,53.4339558],[50.2357976,53.4339113]]]},"properties":{"source_type":"ml"}},{"type":"Feature","geometry":{"type":"Polygon","coordinates":[[[50.2359644,53.4328574],[50.2359712,53.4327905],[50.23609,53.4327948],[50.2360833,53.4328617],[50.2359644,53.4328574]]]},"properties":{"source_type":"ml"}},{"type":"Feature","geometry":{"type":"Polygon","coordinates":[[[50.2354404,53.4311043],[50.2354472,53.4310728],[50.2355222,53.4310786],[50.2355154,53.43111],[50.2354404,53.4311043]]]},"properties":{"source_type":"ml"}},{"type":"Feature","geometry":{"type":"Polygon","coordinates":[[[50.2353837,53.4311515],[50.2354801,53.4311532],[50.2354757,53.431241],[50.2353792,53.4312393],[50.2353837,53.4311515]]]},"properties":{"source_type":"ml"}},{"type":"Feature","geometry":{"type":"Polygon","coordinates":[[[50.2353527,53.4327171],[50.2354844,53.4327361],[50.2354549,53.4328086],[50.2353232,53.4327895],[50.2353527,53.4327171]]]},"properties":{"source_type":"ml"}},{"type":"Feature","geometry":{"type":"Polygon","coordinates":[[[50.2355167,53.4327304],[50.2356381,53.4327397],[50.2356201,53.432823],[50.2354987,53.4328137],[50.2355167,53.4327304]]]},"properties":{"source_type":"ml"}},{"type":"Feature","geometry":{"type":"Polygon","coordinates":[[[50.2350682,53.4327699],[50.2349677,53.4327577],[50.2349876,53.4326994],[50.2350881,53.4327116],[50.2350682,53.4327699]]]},"properties":{"source_type":"ml"}},{"type":"Feature","geometry":{"type":"Polygon","coordinates":[[[50.2349225,53.4328893],[50.2348463,53.4328913],[50.2348441,53.432861],[50.2349203,53.432859],[50.2349225,53.4328893]]]},"properties":{"source_type":"ml"}},{"type":"Feature","geometry":{"type":"Polygon","coordinates":[[[50.234907,53.4329108],[50.2348987,53.4329395],[50.2348401,53.4329335],[50.2348485,53.4329048],[50.234907,53.4329108]]]},"properties":{"source_type":"ml"}},{"type":"Feature","geometry":{"type":"Polygon","coordinates":[[[50.234977,53.432955],[50.2349792,53.4329853],[50.2348909,53.4329876],[50.2348887,53.4329573],[50.234977,53.432955]]]},"properties":{"source_type":"ml"}},{"type":"Feature","geometry":{"type":"Polygon","coordinates":[[[50.2346351,53.4330003],[50.2346871,53.4330058],[50.2346688,53.4330678],[50.2346168,53.4330623],[50.2346351,53.4330003]]]},"properties":{"source_type":"ml"}},{"type":"Feature","geometry":{"type":"Polygon","coordinates":[[[50.2347906,53.4311452],[50.2347847,53.4312025],[50.23469,53.431199],[50.2346959,53.4311417],[50.2347906,53.4311452]]]},"properties":{"source_type":"ml"}},{"type":"Feature","geometry":{"type":"Polygon","coordinates":[[[50.2345952,53.4311424],[50.2345912,53.4312038],[50.2344802,53.4312012],[50.2344842,53.4311398],[50.2345952,53.4311424]]]},"properties":{"source_type":"ml"}},{"type":"Feature","geometry":{"type":"Polygon","coordinates":[[[50.2344655,53.432769],[50.2343961,53.4327716],[50.2343936,53.4327485],[50.2344631,53.4327459],[50.2344655,53.432769]]]},"properties":{"source_type":"ml"}},{"type":"Feature","geometry":{"type":"Polygon","coordinates":[[[50.2343432,53.4330789],[50.2343228,53.4331651],[50.2342465,53.4331587],[50.2342669,53.4330725],[50.2343432,53.4330789]]]},"properties":{"source_type":"ml"}},{"type":"Feature","geometry":{"type":"Polygon","coordinates":[[[50.2343432,53.4333267],[50.2342899,53.4333243],[50.2342964,53.4332719],[50.2343498,53.4332743],[50.2343432,53.4333267]]]},"properties":{"source_type":"ml"}},{"type":"Feature","geometry":{"type":"Polygon","coordinates":[[[50.2343333,53.4334039],[50.2344147,53.4334167],[50.2343758,53.4335048],[50.2342944,53.4334921],[50.2343333,53.4334039]]]},"properties":{"source_type":"ml"}},{"type":"Feature","geometry":{"type":"Polygon","coordinates":[[[50.2342812,53.4335181],[50.2343685,53.4335243],[50.2343624,53.4335542],[50.2342752,53.433548],[50.2342812,53.4335181]]]},"properties":{"source_type":"ml"}},{"type":"Feature","geometry":{"type":"Polygon","coordinates":[[[50.2345663,53.4331734],[50.2344162,53.4331713],[50.2344199,53.4330779],[50.23457,53.43308],[50.2345663,53.4331734]]]},"properties":{"source_type":"ml"}},{"type":"Feature","geometry":{"type":"Polygon","coordinates":[[[50.234712,53.4334478],[50.2346646,53.4334438],[50.2346762,53.4333953],[50.2347235,53.4333993],[50.234712,53.4334478]]]},"properties":{"source_type":"ml"}},{"type":"Feature","geometry":{"type":"Polygon","coordinates":[[[50.2348767,53.4331208],[50.2350238,53.4331254],[50.2350168,53.4332035],[50.2348697,53.4331988],[50.2348767,53.4331208]]]},"properties":{"source_type":"ml"}},{"type":"Feature","geometry":{"type":"Polygon","coordinates":[[[50.2349613,53.4333656],[50.2349731,53.433322],[50.2350449,53.4333289],[50.2350331,53.4333725],[50.2349613,53.4333656]]]},"properties":{"source_type":"ml"}},{"type":"Feature","geometry":{"type":"Polygon","coordinates":[[[50.2349916,53.4336177],[50.235076,53.4336243],[50.2350711,53.4336463],[50.2349868,53.4336397],[50.2349916,53.4336177]]]},"properties":{"source_type":"ml"}},{"type":"Feature","geometry":{"type":"Polygon","coordinates":[[[50.2349213,53.4334587],[50.2348229,53.4334533],[50.2348354,53.4333724],[50.2349338,53.4333778],[50.2349213,53.4334587]]]},"properties":{"source_type":"ml"}},{"type":"Feature","geometry":{"type":"Polygon","coordinates":[[[50.2340031,53.4340263],[50.2341076,53.4340281],[50.2341032,53.4341199],[50.2339987,53.4341181],[50.2340031,53.4340263]]]},"properties":{"source_type":"ml"}},{"type":"Feature","geometry":{"type":"Polygon","coordinates":[[[50.2340875,53.4311812],[50.2340864,53.4311317],[50.2341535,53.4311312],[50.2341545,53.4311808],[50.2340875,53.4311812]]]},"properties":{"source_type":"ml"}},{"type":"Feature","geometry":{"type":"Polygon","coordinates":[[[50.235097,53.4307906],[50.2350994,53.4307539],[50.2351771,53.4307557],[50.2351747,53.4307924],[50.235097,53.4307906]]]},"properties":{"source_type":"ml"}},{"type":"Feature","geometry":{"type":"Polygon","coordinates":[[[50.235303,53.4306995],[50.2353619,53.4307007],[50.2353596,53.4307398],[50.2353007,53.4307386],[50.235303,53.4306995]]]},"properties":{"source_type":"ml"}},{"type":"Feature","geometry":{"type":"Polygon","coordinates":[[[50.2352084,53.4358735],[50.2352976,53.4358496],[50.2353478,53.435916],[50.2352586,53.43594],[50.2352084,53.4358735]]]},"properties":{"source_type":"ml"}},{"type":"Feature","geometry":{"type":"Polygon","coordinates":[[[50.2355104,53.4357212],[50.2355962,53.4357202],[50.2355971,53.4357474],[50.2355113,53.4357484],[50.2355104,53.4357212]]]},"properties":{"source_type":"ml"}},{"type":"Feature","geometry":{"type":"Polygon","coordinates":[[[50.2355635,53.4356692],[50.2355621,53.4357187],[50.2354763,53.4357178],[50.2354777,53.4356683],[50.2355635,53.4356692]]]},"properties":{"source_type":"ml"}},{"type":"Feature","geometry":{"type":"Polygon","coordinates":[[[50.2357445,53.43535],[50.2357954,53.4353344],[50.2358216,53.4353647],[50.2357707,53.4353803],[50.2357445,53.43535]]]},"properties":{"source_type":"ml"}},{"type":"Feature","geometry":{"type":"Polygon","coordinates":[[[50.2358159,53.4355635],[50.235777,53.4355176],[50.2358432,53.4354977],[50.2358821,53.4355435],[50.2358159,53.4355635]]]},"properties":{"source_type":"ml"}},{"type":"Feature","geometry":{"type":"Polygon","coordinates":[[[50.2359745,53.4356529],[50.2360486,53.4356401],[50.236076,53.435696],[50.2360018,53.4357089],[50.2359745,53.4356529]]]},"properties":{"source_type":"ml"}},{"type":"Feature","geometry":{"type":"Polygon","coordinates":[[[50.2360101,53.4358297],[50.235973,53.4357654],[50.2360809,53.4357433],[50.236118,53.4358076],[50.2360101,53.4358297]]]},"properties":{"source_type":"ml"}},{"type":"Feature","geometry":{"type":"Polygon","coordinates":[[[50.2358156,53.4363592],[50.2358499,53.4363979],[50.2358025,53.4364128],[50.2357681,53.4363741],[50.2358156,53.4363592]]]},"properties":{"source_type":"ml"}},{"type":"Feature","geometry":{"type":"Polygon","coordinates":[[[50.2356195,53.4363849],[50.235724,53.4363503],[50.2357883,53.4364192],[50.2356838,53.4364539],[50.2356195,53.4363849]]]},"properties":{"source_type":"ml"}},{"type":"Feature","geometry":{"type":"Polygon","coordinates":[[[50.2357573,53.4361616],[50.2357899,53.4361515],[50.2357679,53.4361263],[50.2358729,53.436094],[50.2358866,53.4361097],[50.2358599,53.436118],[50.235884,53.4361457],[50.2357733,53.4361799],[50.2357573,53.4361616]]]},"properties":{"source_type":"ml"}},{"type":"Feature","geometry":{"type":"Polygon","coordinates":[[[50.2356597,53.4362584],[50.2357137,53.4363302],[50.2355975,53.4363612],[50.2355435,53.4362893],[50.2356597,53.4362584]]]},"properties":{"source_type":"ml"}},{"type":"Feature","geometry":{"type":"Polygon","coordinates":[[[50.2357497,53.4365313],[50.2357189,53.4365066],[50.2357846,53.4364776],[50.2358154,53.4365023],[50.2357497,53.4365313]]]},"properties":{"source_type":"ml"}},{"type":"Feature","geometry":{"type":"Polygon","coordinates":[[[50.2359669,53.4368166],[50.2359116,53.4367745],[50.2359707,53.4367469],[50.2360261,53.4367889],[50.2359669,53.4368166]]]},"properties":{"source_type":"ml"}},{"type":"Feature","geometry":{"type":"Polygon","coordinates":[[[50.2360417,53.4371804],[50.2361055,53.4372359],[50.2360423,53.4372616],[50.2359786,53.4372061],[50.2360417,53.4371804]]]},"properties":{"source_type":"ml"}},{"type":"Feature","geometry":{"type":"Polygon","coordinates":[[[50.2358528,53.4375699],[50.2357982,53.4374906],[50.2358726,53.4374724],[50.2359273,53.4375517],[50.2358528,53.4375699]]]},"properties":{"source_type":"ml"}},{"type":"Feature","geometry":{"type":"Polygon","coordinates":[[[50.2352903,53.4379338],[50.2353159,53.4379772],[50.2352764,53.4379854],[50.2352508,53.4379421],[50.2352903,53.4379338]]]},"properties":{"source_type":"ml"}},{"type":"Feature","geometry":{"type":"Polygon","coordinates":[[[50.2352099,53.4380685],[50.2352511,53.4380583],[50.2352777,53.4380965],[50.2352365,53.4381067],[50.2352099,53.4380685]]]},"properties":{"source_type":"ml"}},{"type":"Feature","geometry":{"type":"Polygon","coordinates":[[[50.2351699,53.4380811],[50.2352058,53.4380717],[50.2352335,53.4381092],[50.2351975,53.4381186],[50.2351699,53.4380811]]]},"properties":{"source_type":"ml"}},{"type":"Feature","geometry":{"type":"Polygon","coordinates":[[[50.2350778,53.4379672],[50.2351567,53.4379467],[50.2352113,53.4380212],[50.2351324,53.4380417],[50.2350778,53.4379672]]]},"properties":{"source_type":"ml"}},{"type":"Feature","geometry":{"type":"Polygon","coordinates":[[[50.2352504,53.4381941],[50.2352115,53.4381307],[50.2353453,53.4381016],[50.2353842,53.438165],[50.2352504,53.4381941]]]},"properties":{"source_type":"ml"}},{"type":"Feature","geometry":{"type":"Polygon","coordinates":[[[50.2353761,53.4386142],[50.2354888,53.438591],[50.2355185,53.4386425],[50.2354058,53.4386656],[50.2353761,53.4386142]]]},"properties":{"source_type":"ml"}},{"type":"Feature","geometry":{"type":"Polygon","coordinates":[[[50.2355742,53.4380697],[50.2356238,53.4381443],[50.2354975,53.4381741],[50.2354479,53.4380995],[50.2355742,53.4380697]]]},"properties":{"source_type":"ml"}},{"type":"Feature","geometry":{"type":"Polygon","coordinates":[[[50.2354984,53.4380773],[50.235475,53.4380511],[50.2355775,53.4380187],[50.2356008,53.4380448],[50.2354984,53.4380773]]]},"properties":{"source_type":"ml"}},{"type":"Feature","geometry":{"type":"Polygon","coordinates":[[[50.2353414,53.4379961],[50.2352861,53.4379282],[50.2354066,53.4378933],[50.235462,53.4379612],[50.2353414,53.4379961]]]},"properties":{"source_type":"ml"}},{"type":"Feature","geometry":{"type":"Polygon","coordinates":[[[50.2358284,53.4379383],[50.2358696,53.4379256],[50.2359139,53.4379766],[50.2358728,53.4379893],[50.2358284,53.4379383]]]},"properties":{"source_type":"ml"}},{"type":"Feature","geometry":{"type":"Polygon","coordinates":[[[50.2359283,53.4382345],[50.2360301,53.4381915],[50.2360908,53.4382426],[50.2359891,53.4382855],[50.2359283,53.4382345]]]},"properties":{"source_type":"ml"}},{"type":"Feature","geometry":{"type":"Polygon","coordinates":[[[50.2358839,53.4386089],[50.2358386,53.4385522],[50.2360201,53.4385007],[50.2360654,53.4385574],[50.2358839,53.4386089]]]},"properties":{"source_type":"ml"}},{"type":"Feature","geometry":{"type":"Polygon","coordinates":[[[50.2356004,53.4383085],[50.2357221,53.4382779],[50.2357774,53.4383559],[50.2356557,53.4383865],[50.2356004,53.4383085]]]},"properties":{"source_type":"ml"}},{"type":"Feature","geometry":{"type":"Polygon","coordinates":[[[50.2358317,53.438744],[50.2358035,53.4387049],[50.2358918,53.4386823],[50.23592,53.4387214],[50.2358317,53.438744]]]},"properties":{"source_type":"ml"}},{"type":"Feature","geometry":{"type":"Polygon","coordinates":[[[50.2359452,53.4393665],[50.236012,53.4393806],[50.2359765,53.4394402],[50.2359098,53.4394262],[50.2359452,53.4393665]]]},"properties":{"source_type":"ml"}},{"type":"Feature","geometry":{"type":"Polygon","coordinates":[[[50.2355426,53.438997],[50.2355732,53.4390251],[50.2354959,53.439055],[50.2354653,53.4390269],[50.2355426,53.438997]]]},"properties":{"source_type":"ml"}},{"type":"Feature","geometry":{"type":"Polygon","coordinates":[[[50.2352255,53.4387452],[50.235343,53.4387189],[50.2353899,53.4387931],[50.2352724,53.4388194],[50.2352255,53.4387452]]]},"properties":{"source_type":"ml"}},{"type":"Feature","geometry":{"type":"Polygon","coordinates":[[[50.2350775,53.4383845],[50.2350905,53.4384161],[50.2349741,53.4384331],[50.2349611,53.4384015],[50.2350775,53.4383845]]]},"properties":{"source_type":"ml"}},{"type":"Feature","geometry":{"type":"Polygon","coordinates":[[[50.2350185,53.4377716],[50.2349892,53.4377408],[50.2350319,53.4377264],[50.2350612,53.4377573],[50.2350185,53.4377716]]]},"properties":{"source_type":"ml"}},{"type":"Feature","geometry":{"type":"Polygon","coordinates":[[[50.2344997,53.4387789],[50.2344826,53.4387606],[50.2345632,53.4387337],[50.2345804,53.438752],[50.2344997,53.4387789]]]},"properties":{"source_type":"ml"}},{"type":"Feature","geometry":{"type":"Polygon","coordinates":[[[50.2345335,53.4388367],[50.2345911,53.4388275],[50.2346011,53.4388499],[50.2345436,53.4388591],[50.2345335,53.4388367]]]},"properties":{"source_type":"ml"}},{"type":"Feature","geometry":{"type":"Polygon","coordinates":[[[50.2343719,53.4390916],[50.2344891,53.4390611],[50.234551,53.4391457],[50.2344338,53.4391762],[50.2343719,53.4390916]]]},"properties":{"source_type":"ml"}}]}}
