{
"type": "FeatureCollection",
"name": "overture",
"crs": { "type": "name", "properties": { "name": "urn:ogc:def:crs:OGC:1.3:CRS84" } },
"bbox": [ 50.441336, 53.2274563, 50.4583173, 53.2316668 ],                                                                         
"features": [
{ "type": "Feature", "properties": { "source_type": "my", "id": "c161d9ad-95bc-4f7b-84c4-f194417c5c7f", "class": "house", "subtype": "residential", "level": null, "height": null, "num_floors": 2 }, "bbox": [ 50.447034, 53.2314308, 50.4473025, 53.2315887 ], "geometry": { "type": "Polygon", "coordinates": [ [ [ 50.4471404, 53.2315887 ], [ 50.447034, 53.2315173 ], [ 50.447196, 53.2314308 ], [ 50.4473025, 53.2315022 ], [ 50.4471404, 53.2315887 ] ] ] } },
{ "type": "Feature", "properties": { "source_type": "ml", "id": "c74c53ba-a4f0-481a-a0d6-6fac603bf385", "class": null, "subtype": null, "level": null, "height": null, "num_floors": null }, "bbox": [ 50.4470855, 53.2313688, 50.4471973, 53.2314374 ], "geometry": { "type": "Polygon", "coordinates": [ [ [ 50.4471425, 53.2314374 ], [ 50.4470855, 53.2313956 ], [ 50.4471403, 53.2313688 ], [ 50.4471973, 53.2314107 ], [ 50.4471425, 53.2314374 ] ] ] } },
{ "type": "Feature", "properties": { "source_type": "ml", "id": "a6db114f-dafe-4a7f-b6ab-844f803c52a9", "class": null, "subtype": null, "level": null, "height": null, "num_floors": null }, "bbox": [ 50.447361, 53.231427, 50.4474429, 53.231478 ], "geometry": { "type": "Polygon", "coordinates": [ [ [ 50.4474111, 53.231478 ], [ 50.447361, 53.2314614 ], [ 50.4473928, 53.231427 ], [ 50.4474429, 53.2314435 ], [ 50.4474111, 53.231478 ] ] ] } },
{ "type": "Feature", "properties": { "source_type": "ml", "id": "05dbd1be-bb78-45f1-844b-7b640853f5c6", "class": null, "subtype": null, "level": null, "height": null, "num_floors": null }, "bbox": [ 50.4474426, 53.2315086, 50.4475276, 53.2315596 ], "geometry": { "type": "Polygon", "coordinates": [ [ [ 50.4474426, 53.2315306 ], [ 50.4474807, 53.2315086 ], [ 50.4475276, 53.2315377 ], [ 50.4474895, 53.2315596 ], [ 50.4474426, 53.2315306 ] ] ] } },
{ "type": "Feature", "properties": { "source_type": "ml", "id": "8e14199f-a663-49a1-a372-b04fbbb00051", "class": null, "subtype": null, "level": null, "height": null, "num_floors": null }, "bbox": [ 50.4477177, 53.2315161, 50.4478131, 53.2315726 ], "geometry": { "type": "Polygon", "coordinates": [ [ [ 50.4477552, 53.2315726 ], [ 50.4477177, 53.2315489 ], [ 50.4477756, 53.2315161 ], [ 50.4478131, 53.2315397 ], [ 50.4477552, 53.2315726 ] ] ] } },
{ "type": "Feature", "properties": { "source_type": "ml", "id": "25825249-05ce-4dee-a296-f46ec279a367", "class": null, "subtype": null, "level": null, "height": null, "num_floors": null }, "bbox": [ 50.4473855, 53.2309579, 50.4474651, 53.2310108 ], "geometry": { "type": "Polygon", "coordinates": [ [ [ 50.4474266, 53.2310108 ], [ 50.4473855, 53.2309729 ], [ 50.447424, 53.2309579 ], [ 50.4474651, 53.2309959 ], [ 50.4474266, 53.2310108 ] ] ] } },
{ "type": "Feature", "properties": { "source_type": "ml", "id": "b1780a4b-f3ac-4fae-9690-af11eb98904d", "class": null, "subtype": null, "level": null, "height": null, "num_floors": null }, "bbox": [ 50.4471962, 53.2309846, 50.4472707, 53.2310302 ], "geometry": { "type": "Polygon", "coordinates": [ [ [ 50.4472146, 53.2309846 ], [ 50.4472707, 53.2309951 ], [ 50.4472523, 53.2310302 ], [ 50.4471962, 53.2310197 ], [ 50.4472146, 53.2309846 ] ] ] } },
{ "type": "Feature", "properties": { "source_type": "ml", "id": "3af43a01-d7b9-40a4-8701-6f5fbf784531", "class": null, "subtype": null, "level": null, "height": null, "num_floors": null }, "bbox": [ 50.4471446, 53.231352, 50.4472303, 53.2314093 ], "geometry": { "type": "Polygon", "coordinates": [ [ [ 50.4471446, 53.2313652 ], [ 50.4471731, 53.231352 ], [ 50.4472303, 53.2313961 ], [ 50.4472018, 53.2314093 ], [ 50.4471446, 53.2313652 ] ] ] } },
{ "type": "Feature", "properties": { "source_type": "ml", "id": "88ddea77-e8df-44d0-a574-abf94c8cd217", "class": null, "subtype": null, "level": null, "height": null, "num_floors": null }, "bbox": [ 50.4465868, 53.2309632, 50.4467194, 53.2310348 ], "geometry": { "type": "Polygon", "coordinates": [ [ [ 50.4466851, 53.2310348 ], [ 50.4465868, 53.2309905 ], [ 50.446621, 53.2309632 ], [ 50.4467194, 53.2310075 ], [ 50.4466851, 53.2310348 ] ] ] } },
{ "type": "Feature", "properties": { "source_type": "ml", "id": "e19b6ac5-7afe-4e31-878f-b285daf9f6de", "class": null, "subtype": null, "level": null, "height": null, "num_floors": null }, "bbox": [ 50.4452911, 53.2315804, 50.4454691, 53.2316668 ], "geometry": { "type": "Polygon", "coordinates": [ [ [ 50.4453972, 53.2316038 ], [ 50.4454345, 53.231589 ], [ 50.4454691, 53.2316202 ], [ 50.4453517, 53.2316668 ], [ 50.4452911, 53.2316122 ], [ 50.4453713, 53.2315804 ], [ 50.4453972, 53.2316038 ] ] ] } },
{ "type": "Feature", "properties": { "source_type": "ml", "id": "15f5d98b-8640-412c-820b-07677e97fa7f", "class": null, "subtype": null, "level": null, "height": null, "num_floors": null }, "bbox": [ 50.4448656, 53.2313776, 50.4449928, 53.2314575 ], "geometry": { "type": "Polygon", "coordinates": [ [ [ 50.4449362, 53.2314575 ], [ 50.4448656, 53.2314047 ], [ 50.4449221, 53.2313776 ], [ 50.4449928, 53.2314304 ], [ 50.4449362, 53.2314575 ] ] ] } },
{ "type": "Feature", "properties": { "source_type": "ml", "id": "73fe1467-a50a-4b97-bbfb-3f1f3d24e5dd", "class": null, "subtype": null, "level": null, "height": null, "num_floors": null }, "bbox": [ 50.4440249, 53.2311232, 50.4441833, 53.2312299 ], "geometry": { "type": "Polygon", "coordinates": [ [ [ 50.4441112, 53.2311232 ], [ 50.4441833, 53.2312013 ], [ 50.4440971, 53.2312299 ], [ 50.4440249, 53.2311518 ], [ 50.4441112, 53.2311232 ] ] ] } },
{ "type": "Feature", "properties": { "source_type": "ml", "id": "af6a9be4-27c0-45e4-8949-40945869953c", "class": null, "subtype": null, "level": null, "height": null, "num_floors": null }, "bbox": [ 50.4445876, 53.2310142, 50.4447225, 53.2311033 ], "geometry": { "type": "Polygon", "coordinates": [ [ [ 50.4446026, 53.2311033 ], [ 50.4445876, 53.2310785 ], [ 50.4446127, 53.2310731 ], [ 50.4445895, 53.2310348 ], [ 50.4446844, 53.2310142 ], [ 50.4447225, 53.2310773 ], [ 50.4446026, 53.2311033 ] ] ] } },
{ "type": "Feature", "properties": { "source_type": "ml", "id": "47d44446-60bc-4df8-9074-e8b710dd6f18", "class": null, "subtype": null, "level": null, "height": null, "num_floors": null }, "bbox": [ 50.444652, 53.2310507, 50.4449107, 53.2311804 ], "geometry": { "type": "Polygon", "coordinates": [ [ [ 50.4447092, 53.2311804 ], [ 50.444652, 53.2311242 ], [ 50.4448535, 53.2310507 ], [ 50.4449107, 53.2311069 ], [ 50.4447092, 53.2311804 ] ] ] } },
{ "type": "Feature", "properties": { "source_type": "ml", "id": "fff6524a-fbe3-487b-81eb-bcc94d4f6f56", "class": null, "subtype": null, "level": null, "height": null, "num_floors": null }, "bbox": [ 50.4451666, 53.2312323, 50.445236, 53.2312716 ], "geometry": { "type": "Polygon", "coordinates": [ [ [ 50.4452132, 53.2312323 ], [ 50.445236, 53.2312544 ], [ 50.4451894, 53.2312716 ], [ 50.4451666, 53.2312495 ], [ 50.4452132, 53.2312323 ] ] ] } },
{ "type": "Feature", "properties": { "source_type": "ml", "id": "8879e1f3-ae67-4345-be7d-334ae9c1fcf2", "class": null, "subtype": null, "level": null, "height": null, "num_floors": null }, "bbox": [ 50.4454511, 53.2305278, 50.4455887, 53.2306064 ], "geometry": { "type": "Polygon", "coordinates": [ [ [ 50.4454792, 53.2306064 ], [ 50.4454511, 53.2305461 ], [ 50.4455606, 53.2305278 ], [ 50.4455887, 53.2305881 ], [ 50.4454792, 53.2306064 ] ] ] } },
{ "type": "Feature", "properties": { "source_type": "ml", "id": "6c86776e-85ee-425b-ac6b-982f2e347124", "class": null, "subtype": null, "level": null, "height": null, "num_floors": null }, "bbox": [ 50.4451871, 53.2306834, 50.4452643, 53.2307331 ], "geometry": { "type": "Polygon", "coordinates": [ [ [ 50.4452188, 53.2306834 ], [ 50.4452643, 53.2307183 ], [ 50.4452326, 53.2307331 ], [ 50.4451871, 53.2306982 ], [ 50.4452188, 53.2306834 ] ] ] } },
{ "type": "Feature", "properties": { "source_type": "ml", "id": "d4621b8a-60d0-413f-9328-96e4f5edaa5b", "class": null, "subtype": null, "level": null, "height": null, "num_floors": null }, "bbox": [ 50.4447466, 53.2305679, 50.4448127, 53.2306139 ], "geometry": { "type": "Polygon", "coordinates": [ [ [ 50.4447826, 53.2305679 ], [ 50.4448127, 53.2306027 ], [ 50.4447768, 53.2306139 ], [ 50.4447466, 53.230579 ], [ 50.4447826, 53.2305679 ] ] ] } },
{ "type": "Feature", "properties": { "source_type": "ml", "id": "684d3f42-1638-459d-9508-d3614b0e2608", "class": null, "subtype": null, "level": null, "height": null, "num_floors": null }, "bbox": [ 50.4447831, 53.2307515, 50.4449334, 53.2308426 ], "geometry": { "type": "Polygon", "coordinates": [ [ [ 50.4448537, 53.2308426 ], [ 50.4447831, 53.2307896 ], [ 50.4448628, 53.2307515 ], [ 50.4449334, 53.2308045 ], [ 50.4448537, 53.2308426 ] ] ] } },
{ "type": "Feature", "properties": { "source_type": "ml", "id": "65c093df-fd31-4ba5-88b1-1173b69de582", "class": null, "subtype": null, "level": null, "height": null, "num_floors": null }, "bbox": [ 50.4435754, 53.2305203, 50.4437619, 53.2306326 ], "geometry": { "type": "Polygon", "coordinates": [ [ [ 50.4436869, 53.2305203 ], [ 50.4437619, 53.2305888 ], [ 50.4436505, 53.2306326 ], [ 50.4435754, 53.2305641 ], [ 50.4436869, 53.2305203 ] ] ] } },
{ "type": "Feature", "properties": { "source_type": "ml", "id": "369806e2-9e6c-46af-98cb-c989fe060390", "class": null, "subtype": null, "level": null, "height": null, "num_floors": null }, "bbox": [ 50.4439176, 53.2306176, 50.4440697, 53.230708 ], "geometry": { "type": "Polygon", "coordinates": [ [ [ 50.4439176, 53.2306601 ], [ 50.4440039, 53.2306176 ], [ 50.4440697, 53.2306654 ], [ 50.4439834, 53.230708 ], [ 50.4439176, 53.2306601 ] ] ] } },
{ "type": "Feature", "properties": { "source_type": "ml", "id": "2dc7491d-b797-44ae-ad64-8cf255e5618a", "class": null, "subtype": null, "level": null, "height": null, "num_floors": null }, "bbox": [ 50.4443511, 53.2306759, 50.4444962, 53.2307725 ], "geometry": { "type": "Polygon", "coordinates": [ [ [ 50.4444076, 53.2307725 ], [ 50.4443511, 53.230701 ], [ 50.4444397, 53.2306759 ], [ 50.4444962, 53.2307473 ], [ 50.4444076, 53.2307725 ] ] ] } },
{ "type": "Feature", "properties": { "source_type": "ml", "id": "ccb8bb55-1214-4cb9-8ade-1e20efaeb5f7", "class": null, "subtype": null, "level": null, "height": null, "num_floors": null }, "bbox": [ 50.4444042, 53.2305027, 50.4445182, 53.2305709 ], "geometry": { "type": "Polygon", "coordinates": [ [ [ 50.4444605, 53.2305709 ], [ 50.4444042, 53.2305372 ], [ 50.4444619, 53.2305027 ], [ 50.4445182, 53.2305364 ], [ 50.4444605, 53.2305709 ] ] ] } },
{ "type": "Feature", "properties": { "source_type": "ml", "id": "c5fc8e58-2a87-46b2-9e8d-b185c9ae8570", "class": null, "subtype": null, "level": null, "height": null, "num_floors": null }, "bbox": [ 50.4443108, 53.2304323, 50.444427, 53.2305016 ], "geometry": { "type": "Polygon", "coordinates": [ [ [ 50.444378, 53.2304323 ], [ 50.444427, 53.2304711 ], [ 50.4443598, 53.2305016 ], [ 50.4443108, 53.2304628 ], [ 50.444378, 53.2304323 ] ] ] } },
{ "type": "Feature", "properties": { "source_type": "ml", "id": "f5d19cf8-f9ae-4e16-a668-22800a8681cf", "class": null, "subtype": null, "level": null, "height": null, "num_floors": null }, "bbox": [ 50.4443218, 53.2303062, 50.4444248, 53.2303697 ], "geometry": { "type": "Polygon", "coordinates": [ [ [ 50.4443787, 53.2303697 ], [ 50.4443218, 53.2303296 ], [ 50.4443679, 53.2303062 ], [ 50.4444248, 53.2303463 ], [ 50.4443787, 53.2303697 ] ] ] } },
{ "type": "Feature", "properties": { "source_type": "ml", "id": "fe8b0f22-b7cb-4aef-9f7a-df3190f0b1a1", "class": null, "subtype": null, "level": null, "height": null, "num_floors": null }, "bbox": [ 50.4439265, 53.2303327, 50.4440318, 53.2303791 ], "geometry": { "type": "Polygon", "coordinates": [ [ [ 50.4439435, 53.2303791 ], [ 50.4439265, 53.2303554 ], [ 50.4440148, 53.2303327 ], [ 50.4440318, 53.2303564 ], [ 50.4439435, 53.2303791 ] ] ] } },
{ "type": "Feature", "properties": { "source_type": "ml", "id": "28b28373-b27a-4384-aa92-daa5986818ac", "class": null, "subtype": null, "level": null, "height": null, "num_floors": null }, "bbox": [ 50.44415, 53.2304801, 50.4442117, 53.230529 ], "geometry": { "type": "Polygon", "coordinates": [ [ [ 50.4441731, 53.230529 ], [ 50.44415, 53.2304879 ], [ 50.4441886, 53.2304801 ], [ 50.4442117, 53.2305213 ], [ 50.4441731, 53.230529 ] ] ] } },
{ "type": "Feature", "properties": { "source_type": "ml", "id": "80f80000-0b08-43e0-a786-f774d24af9b1", "class": null, "subtype": null, "level": null, "height": null, "num_floors": null }, "bbox": [ 50.4434667, 53.2304787, 50.4435885, 53.2305516 ], "geometry": { "type": "Polygon", "coordinates": [ [ [ 50.4435466, 53.2304787 ], [ 50.4435885, 53.2305265 ], [ 50.4435086, 53.2305516 ], [ 50.4434667, 53.2305038 ], [ 50.4435466, 53.2304787 ] ] ] } },
{ "type": "Feature", "properties": { "source_type": "ml", "id": "eca0e490-5450-4c8f-a3f8-af7b1f3a967d", "class": null, "subtype": null, "level": null, "height": null, "num_floors": null }, "bbox": [ 50.4434469, 53.2302963, 50.4435672, 53.230377 ], "geometry": { "type": "Polygon", "coordinates": [ [ [ 50.4434469, 53.2303142 ], [ 50.4434852, 53.2302963 ], [ 50.4435672, 53.2303591 ], [ 50.4435289, 53.230377 ], [ 50.4434469, 53.2303142 ] ] ] } },
{ "type": "Feature", "properties": { "source_type": "ml", "id": "84e98152-e043-46b2-9b05-f9a6b1a3b86e", "class": null, "subtype": null, "level": null, "height": null, "num_floors": null }, "bbox": [ 50.4437379, 53.2301895, 50.443871, 53.2302878 ], "geometry": { "type": "Polygon", "coordinates": [ [ [ 50.4438111, 53.2301895 ], [ 50.443871, 53.2302678 ], [ 50.4437978, 53.2302878 ], [ 50.4437379, 53.2302095 ], [ 50.4438111, 53.2301895 ] ] ] } },
{ "type": "Feature", "properties": { "source_type": "ml", "id": "ca2af442-46dd-4b79-8370-8060156d9fde", "class": null, "subtype": null, "level": null, "height": null, "num_floors": null }, "bbox": [ 50.4436769, 53.2302856, 50.4437454, 53.2303327 ], "geometry": { "type": "Polygon", "coordinates": [ [ [ 50.4437043, 53.2303327 ], [ 50.4436769, 53.2302969 ], [ 50.443718, 53.2302856 ], [ 50.4437454, 53.2303215 ], [ 50.4437043, 53.2303327 ] ] ] } },
{ "type": "Feature", "properties": { "source_type": "ml", "id": "e4c8503d-1172-40f3-968f-e796f8c291f2", "class": null, "subtype": null, "level": null, "height": null, "num_floors": null }, "bbox": [ 50.4434273, 53.2302138, 50.443521, 53.2302742 ], "geometry": { "type": "Polygon", "coordinates": [ [ [ 50.4434744, 53.2302138 ], [ 50.443521, 53.2302552 ], [ 50.4434739, 53.2302742 ], [ 50.4434273, 53.2302328 ], [ 50.4434744, 53.2302138 ] ] ] } },
{ "type": "Feature", "properties": { "source_type": "ml", "id": "c356a80b-4112-4734-9a3e-a829b97d1dab", "class": null, "subtype": null, "level": null, "height": null, "num_floors": null }, "bbox": [ 50.443916, 53.2301177, 50.4440104, 53.2301684 ], "geometry": { "type": "Polygon", "coordinates": [ [ [ 50.4439841, 53.2301177 ], [ 50.4440104, 53.2301433 ], [ 50.4439423, 53.2301684 ], [ 50.443916, 53.2301428 ], [ 50.4439841, 53.2301177 ] ] ] } },
{ "type": "Feature", "properties": { "source_type": "ml", "id": "a2bd70fe-7ae3-4045-8681-60879b29fcaa", "class": null, "subtype": null, "level": null, "height": null, "num_floors": null }, "bbox": [ 50.4440532, 53.2301134, 50.4441428, 53.2301687 ], "geometry": { "type": "Polygon", "coordinates": [ [ [ 50.444109, 53.2301134 ], [ 50.4441428, 53.2301505 ], [ 50.444087, 53.2301687 ], [ 50.4440532, 53.2301316 ], [ 50.444109, 53.2301134 ] ] ] } },
{ "type": "Feature", "properties": { "source_type": "ml", "id": "5a80435b-74d2-4d25-a21c-cedfbecbbfa1", "class": null, "subtype": null, "level": null, "height": null, "num_floors": null }, "bbox": [ 50.4440637, 53.230199, 50.4441557, 53.2302518 ], "geometry": { "type": "Polygon", "coordinates": [ [ [ 50.4440951, 53.2302518 ], [ 50.4440637, 53.2302219 ], [ 50.4441243, 53.230199 ], [ 50.4441557, 53.2302289 ], [ 50.4440951, 53.2302518 ] ] ] } },
{ "type": "Feature", "properties": { "source_type": "ml", "id": "434f471d-38f9-4e3c-851c-52070213e410", "class": null, "subtype": null, "level": null, "height": null, "num_floors": null }, "bbox": [ 50.4444134, 53.2302994, 50.4444722, 53.2303448 ], "geometry": { "type": "Polygon", "coordinates": [ [ [ 50.4444469, 53.2302994 ], [ 50.4444722, 53.2303367 ], [ 50.4444386, 53.2303448 ], [ 50.4444134, 53.2303076 ], [ 50.4444469, 53.2302994 ] ] ] } },
{ "type": "Feature", "properties": { "source_type": "ml", "id": "db1528ba-f862-428d-bb80-30a0ee0ee4e7", "class": null, "subtype": null, "level": null, "height": null, "num_floors": null }, "bbox": [ 50.4446104, 53.2300969, 50.4447267, 53.2301561 ], "geometry": { "type": "Polygon", "coordinates": [ [ [ 50.4446994, 53.2300969 ], [ 50.4447267, 53.2301287 ], [ 50.4446377, 53.2301561 ], [ 50.4446104, 53.2301244 ], [ 50.4446994, 53.2300969 ] ] ] } },
{ "type": "Feature", "properties": { "source_type": "ml", "id": "444c8caf-71e8-4d77-a3bb-ad5321069543", "class": null, "subtype": null, "level": null, "height": null, "num_floors": null }, "bbox": [ 50.4447823, 53.2301003, 50.4448582, 53.2301385 ], "geometry": { "type": "Polygon", "coordinates": [ [ [ 50.4447997, 53.2301385 ], [ 50.4447823, 53.2301204 ], [ 50.4448408, 53.2301003 ], [ 50.4448582, 53.2301184 ], [ 50.4447997, 53.2301385 ] ] ] } },
{ "type": "Feature", "properties": { "source_type": "ml", "id": "9e4a0f5d-8438-47f0-92b9-788c9c314f93", "class": null, "subtype": null, "level": null, "height": null, "num_floors": null }, "bbox": [ 50.4447983, 53.2301231, 50.4449312, 53.2302032 ], "geometry": { "type": "Polygon", "coordinates": [ [ [ 50.4448819, 53.2301231 ], [ 50.4449312, 53.2301744 ], [ 50.4448475, 53.2302032 ], [ 50.4447983, 53.2301518 ], [ 50.4448819, 53.2301231 ] ] ] } },
{ "type": "Feature", "properties": { "source_type": "ml", "id": "92711659-645e-4a5e-a342-273ac5738752", "class": null, "subtype": null, "level": null, "height": null, "num_floors": null }, "bbox": [ 50.4449088, 53.2302385, 50.445004, 53.2303031 ], "geometry": { "type": "Polygon", "coordinates": [ [ [ 50.4449393, 53.2302385 ], [ 50.445004, 53.2302892 ], [ 50.4449735, 53.2303031 ], [ 50.4449088, 53.2302524 ], [ 50.4449393, 53.2302385 ] ] ] } },
{ "type": "Feature", "properties": { "source_type": "ml", "id": "dbba5641-feeb-436f-ab52-7cfeb390c0b3", "class": null, "subtype": null, "level": null, "height": null, "num_floors": null }, "bbox": [ 50.4446503, 53.230333, 50.4447327, 53.2303962 ], "geometry": { "type": "Polygon", "coordinates": [ [ [ 50.4446946, 53.2303962 ], [ 50.4446503, 53.2303448 ], [ 50.4446885, 53.230333 ], [ 50.4447327, 53.2303844 ], [ 50.4446946, 53.2303962 ] ] ] } },
{ "type": "Feature", "properties": { "source_type": "ml", "id": "ff9193ca-6023-498a-8310-2ad29a5f8673", "class": null, "subtype": null, "level": null, "height": null, "num_floors": null }, "bbox": [ 50.444597, 53.2303491, 50.4446844, 53.2304159 ], "geometry": { "type": "Polygon", "coordinates": [ [ [ 50.4446372, 53.2303491 ], [ 50.4446844, 53.2304035 ], [ 50.4446442, 53.2304159 ], [ 50.444597, 53.2303616 ], [ 50.4446372, 53.2303491 ] ] ] } },
{ "type": "Feature", "properties": { "source_type": "ml", "id": "8dd244e8-f006-4ca1-a635-16d8534c2dc1", "class": null, "subtype": null, "level": null, "height": null, "num_floors": null }, "bbox": [ 50.4444471, 53.2303554, 50.44463, 53.2304658 ], "geometry": { "type": "Polygon", "coordinates": [ [ [ 50.4445665, 53.2303554 ], [ 50.44463, 53.2304288 ], [ 50.4445106, 53.2304658 ], [ 50.4444471, 53.2303924 ], [ 50.4445665, 53.2303554 ] ] ] } },
{ "type": "Feature", "properties": { "source_type": "ml", "id": "87f3ad6f-870f-4f9e-878c-923ae461aad6", "class": null, "subtype": null, "level": null, "height": null, "num_floors": null }, "bbox": [ 50.4450631, 53.2302578, 50.4451883, 53.2303324 ], "geometry": { "type": "Polygon", "coordinates": [ [ [ 50.4451385, 53.2302578 ], [ 50.4451883, 53.2303018 ], [ 50.4451129, 53.2303324 ], [ 50.4450631, 53.2302883 ], [ 50.4451385, 53.2302578 ] ] ] } },
{ "type": "Feature", "properties": { "source_type": "ml", "id": "cd423305-d3bf-49d0-bc8e-19e9039ec0d3", "class": null, "subtype": null, "level": null, "height": null, "num_floors": null }, "bbox": [ 50.4464147, 53.2307371, 50.446495, 53.230787 ], "geometry": { "type": "Polygon", "coordinates": [ [ [ 50.4464617, 53.230787 ], [ 50.4464147, 53.2307699 ], [ 50.446448, 53.2307371 ], [ 50.446495, 53.2307542 ], [ 50.4464617, 53.230787 ] ] ] } },
{ "type": "Feature", "properties": { "source_type": "ml", "id": "fb834478-8f70-4cc4-97c6-d689f0ff4201", "class": null, "subtype": null, "level": null, "height": null, "num_floors": null }, "bbox": [ 50.4461461, 53.2306197, 50.4462518, 53.2306736 ], "geometry": { "type": "Polygon", "coordinates": [ [ [ 50.4462267, 53.2306736 ], [ 50.4461461, 53.2306466 ], [ 50.4461712, 53.2306197 ], [ 50.4462518, 53.2306467 ], [ 50.4462267, 53.2306736 ] ] ] } },
{ "type": "Feature", "properties": { "source_type": "ml", "id": "c2c20ed1-dca3-42b3-95af-b8d8d913550d", "class": null, "subtype": null, "level": null, "height": null, "num_floors": null }, "bbox": [ 50.4466547, 53.2307217, 50.4467834, 53.2307978 ], "geometry": { "type": "Polygon", "coordinates": [ [ [ 50.4467056, 53.2307217 ], [ 50.4467834, 53.2307653 ], [ 50.4467326, 53.2307978 ], [ 50.4466547, 53.2307542 ], [ 50.4467056, 53.2307217 ] ] ] } },
{ "type": "Feature", "properties": { "source_type": "ml", "id": "47b2c381-eaae-4ed7-8ced-344c05dae3f8", "class": null, "subtype": null, "level": null, "height": null, "num_floors": null }, "bbox": [ 50.4468031, 53.2308352, 50.4469567, 53.2309261 ], "geometry": { "type": "Polygon", "coordinates": [ [ [ 50.446909, 53.2309261 ], [ 50.4468031, 53.2308967 ], [ 50.4468508, 53.2308352 ], [ 50.4469567, 53.2308646 ], [ 50.446909, 53.2309261 ] ] ] } },
{ "type": "Feature", "properties": { "source_type": "ml", "id": "6f4941f6-00d5-4b4c-b843-6f8bbfa7b1c4", "class": null, "subtype": null, "level": null, "height": null, "num_floors": null }, "bbox": [ 50.4473793, 53.2308535, 50.4474885, 53.2309189 ], "geometry": { "type": "Polygon", "coordinates": [ [ [ 50.4474308, 53.2309189 ], [ 50.4473793, 53.2308884 ], [ 50.4474369, 53.2308535 ], [ 50.4474885, 53.230884 ], [ 50.4474308, 53.2309189 ] ] ] } },
{ "type": "Feature", "properties": { "source_type": "ml", "id": "dcf225e7-9f29-4db5-a761-852f9e965d16", "class": null, "subtype": null, "level": null, "height": null, "num_floors": null }, "bbox": [ 50.4472494, 53.2306574, 50.4473525, 53.2307152 ], "geometry": { "type": "Polygon", "coordinates": [ [ [ 50.4472494, 53.2306825 ], [ 50.4472819, 53.2306574 ], [ 50.4473525, 53.23069 ], [ 50.4473201, 53.2307152 ], [ 50.4472494, 53.2306825 ] ] ] } },
{ "type": "Feature", "properties": { "source_type": "ml", "id": "057341f6-76f4-4240-aabc-6feb2796898e", "class": null, "subtype": null, "level": null, "height": null, "num_floors": null }, "bbox": [ 50.4473039, 53.23055, 50.4474183, 53.2306189 ], "geometry": { "type": "Polygon", "coordinates": [ [ [ 50.4473668, 53.23055 ], [ 50.4474183, 53.2305793 ], [ 50.4473553, 53.2306189 ], [ 50.4473039, 53.2305896 ], [ 50.4473668, 53.23055 ] ] ] } },
{ "type": "Feature", "properties": { "source_type": "ml", "id": "5619e74c-2ab4-475a-8b8a-dae766f36ac6", "class": null, "subtype": null, "level": null, "height": null, "num_floors": null }, "bbox": [ 50.4476433, 53.230413, 50.4478379, 53.2305106 ], "geometry": { "type": "Polygon", "coordinates": [ [ [ 50.4478026, 53.2304252 ], [ 50.4478379, 53.2304453 ], [ 50.4477342, 53.2305106 ], [ 50.4476433, 53.2304589 ], [ 50.4477162, 53.230413 ], [ 50.4477718, 53.2304446 ], [ 50.4478026, 53.2304252 ] ] ] } },
{ "type": "Feature", "properties": { "source_type": "ml", "id": "9e42d6fe-3621-4a89-81d7-91a30156b8d2", "class": null, "subtype": null, "level": null, "height": null, "num_floors": null }, "bbox": [ 50.4475174, 53.2298142, 50.4475971, 53.2298623 ], "geometry": { "type": "Polygon", "coordinates": [ [ [ 50.4475174, 53.2298423 ], [ 50.4475616, 53.2298142 ], [ 50.4475971, 53.2298343 ], [ 50.4475529, 53.2298623 ], [ 50.4475174, 53.2298423 ] ] ] } },
{ "type": "Feature", "properties": { "source_type": "ml", "id": "a77b0a76-ff95-41cf-805d-20f71a8f6dfe", "class": null, "subtype": null, "level": null, "height": null, "num_floors": null }, "bbox": [ 50.447493, 53.2296835, 50.4476547, 53.2297696 ], "geometry": { "type": "Polygon", "coordinates": [ [ [ 50.4475356, 53.2296835 ], [ 50.4476547, 53.2297326 ], [ 50.447612, 53.2297696 ], [ 50.447493, 53.2297205 ], [ 50.4475356, 53.2296835 ] ] ] } },
{ "type": "Feature", "properties": { "source_type": "ml", "id": "ee88f201-72d7-4c4e-870a-deb2699f4173", "class": null, "subtype": null, "level": null, "height": null, "num_floors": null }, "bbox": [ 50.4473342, 53.2297035, 50.4474298, 53.2297536 ], "geometry": { "type": "Polygon", "coordinates": [ [ [ 50.4474058, 53.2297536 ], [ 50.4473342, 53.2297251 ], [ 50.4473582, 53.2297035 ], [ 50.4474298, 53.2297319 ], [ 50.4474058, 53.2297536 ] ] ] } },
{ "type": "Feature", "properties": { "source_type": "ml", "id": "3aff35fc-7df3-4afc-b87f-50f31a676b61", "class": null, "subtype": null, "level": null, "height": null, "num_floors": null }, "bbox": [ 50.4466081, 53.2294024, 50.4466812, 53.2294463 ], "geometry": { "type": "Polygon", "coordinates": [ [ [ 50.4466486, 53.2294463 ], [ 50.4466081, 53.2294272 ], [ 50.4466407, 53.2294024 ], [ 50.4466812, 53.2294216 ], [ 50.4466486, 53.2294463 ] ] ] } },
{ "type": "Feature", "properties": { "source_type": "ml", "id": "bf07ab99-d5e2-4a7b-ab51-61c840c1630f", "class": null, "subtype": null, "level": null, "height": null, "num_floors": null }, "bbox": [ 50.4471078, 53.229234, 50.4472648, 53.2293287 ], "geometry": { "type": "Polygon", "coordinates": [ [ [ 50.4471078, 53.2292943 ], [ 50.4471672, 53.229234 ], [ 50.4472648, 53.2292683 ], [ 50.4472055, 53.2293287 ], [ 50.4471078, 53.2292943 ] ] ] } },
{ "type": "Feature", "properties": { "source_type": "ml", "id": "d54555da-17f0-494f-8f10-28d5a456855a", "class": null, "subtype": null, "level": null, "height": null, "num_floors": null }, "bbox": [ 50.4467767, 53.2296312, 50.4468561, 53.2296768 ], "geometry": { "type": "Polygon", "coordinates": [ [ [ 50.4468051, 53.2296312 ], [ 50.4468561, 53.2296544 ], [ 50.4468276, 53.2296768 ], [ 50.4467767, 53.2296536 ], [ 50.4468051, 53.2296312 ] ] ] } },
{ "type": "Feature", "properties": { "source_type": "ml", "id": "f52be730-f022-401f-b5f0-e1352a8253ae", "class": null, "subtype": null, "level": null, "height": null, "num_floors": null }, "bbox": [ 50.4468135, 53.229556, 50.4469939, 53.2296658 ], "geometry": { "type": "Polygon", "coordinates": [ [ [ 50.4469185, 53.229556 ], [ 50.4469939, 53.2295976 ], [ 50.4468889, 53.2296658 ], [ 50.4468135, 53.2296242 ], [ 50.4469185, 53.229556 ] ] ] } },
{ "type": "Feature", "properties": { "source_type": "ml", "id": "02fadbb9-4572-42ba-8785-e72b75bbc430", "class": null, "subtype": null, "level": null, "height": null, "num_floors": null }, "bbox": [ 50.4469277, 53.2296359, 50.4470706, 53.2297213 ], "geometry": { "type": "Polygon", "coordinates": [ [ [ 50.4469947, 53.2296359 ], [ 50.4470706, 53.22968 ], [ 50.4470035, 53.2297213 ], [ 50.4469277, 53.2296772 ], [ 50.4469947, 53.2296359 ] ] ] } },
{ "type": "Feature", "properties": { "source_type": "ml", "id": "c9548a7d-0927-4301-969c-8408c2cd5a18", "class": null, "subtype": null, "level": null, "height": null, "num_floors": null }, "bbox": [ 50.4471107, 53.229543, 50.4472376, 53.2296191 ], "geometry": { "type": "Polygon", "coordinates": [ [ [ 50.4471747, 53.229543 ], [ 50.4472376, 53.2295835 ], [ 50.4471735, 53.2296191 ], [ 50.4471107, 53.2295787 ], [ 50.4471747, 53.229543 ] ] ] } },
{ "type": "Feature", "properties": { "source_type": "ml", "id": "eefb2e37-0233-4097-83ec-19efff274819", "class": null, "subtype": null, "level": null, "height": null, "num_floors": null }, "bbox": [ 50.4469915, 53.2294843, 50.4471024, 53.2295562 ], "geometry": { "type": "Polygon", "coordinates": [ [ [ 50.4470695, 53.2294843 ], [ 50.4471024, 53.2295009 ], [ 50.4470244, 53.2295562 ], [ 50.4469915, 53.2295396 ], [ 50.4470695, 53.2294843 ] ] ] } },
{ "type": "Feature", "properties": { "source_type": "ml", "id": "e66518aa-af01-46e6-9e58-90f6272a035d", "class": null, "subtype": null, "level": null, "height": null, "num_floors": null }, "bbox": [ 50.4473264, 53.2294507, 50.4474741, 53.2295439 ], "geometry": { "type": "Polygon", "coordinates": [ [ [ 50.4474247, 53.2294507 ], [ 50.4474741, 53.2294766 ], [ 50.4473757, 53.2295439 ], [ 50.4473264, 53.229518 ], [ 50.4474247, 53.2294507 ] ] ] } },
{ "type": "Feature", "properties": { "source_type": "ml", "id": "8cf89595-fb57-44a8-94fe-e5f022e297ad", "class": null, "subtype": null, "level": null, "height": null, "num_floors": null }, "bbox": [ 50.4474294, 53.22949, 50.4475962, 53.2295897 ], "geometry": { "type": "Polygon", "coordinates": [ [ [ 50.4475962, 53.2295405 ], [ 50.4475165, 53.2295897 ], [ 50.4474294, 53.2295391 ], [ 50.447509, 53.22949 ], [ 50.4475962, 53.2295405 ] ] ] } },
{ "type": "Feature", "properties": { "source_type": "ml", "id": "913c8f04-2a44-4150-8b73-62d3b803e888", "class": null, "subtype": null, "level": null, "height": null, "num_floors": null }, "bbox": [ 50.4476229, 53.2294908, 50.4477059, 53.2295493 ], "geometry": { "type": "Polygon", "coordinates": [ [ [ 50.447657, 53.2295493 ], [ 50.4476229, 53.2295361 ], [ 50.4476718, 53.2294908 ], [ 50.4477059, 53.229504 ], [ 50.447657, 53.2295493 ] ] ] } },
{ "type": "Feature", "properties": { "source_type": "ml", "id": "41e40c11-9cbe-4353-8d24-e4055a77848b", "class": null, "subtype": null, "level": null, "height": null, "num_floors": null }, "bbox": [ 50.4476604, 53.2294549, 50.4477551, 53.2295056 ], "geometry": { "type": "Polygon", "coordinates": [ [ [ 50.4477312, 53.2295056 ], [ 50.4476604, 53.2294741 ], [ 50.4476843, 53.2294549 ], [ 50.4477551, 53.2294864 ], [ 50.4477312, 53.2295056 ] ] ] } },
{ "type": "Feature", "properties": { "source_type": "ml", "id": "76705207-4e7c-4866-bf5e-b5a948c89110", "class": null, "subtype": null, "level": null, "height": null, "num_floors": null }, "bbox": [ 50.447496, 53.22937, 50.4475945, 53.2294284 ], "geometry": { "type": "Polygon", "coordinates": [ [ [ 50.4475379, 53.2294284 ], [ 50.447496, 53.2294008 ], [ 50.4475525, 53.22937 ], [ 50.4475945, 53.2293976 ], [ 50.4475379, 53.2294284 ] ] ] } },
{ "type": "Feature", "properties": { "source_type": "ml", "id": "5099227e-acac-4234-8c14-6e2dad65f7ac", "class": null, "subtype": null, "level": null, "height": null, "num_floors": null }, "bbox": [ 50.4475556, 53.2291379, 50.4476507, 53.2291839 ], "geometry": { "type": "Polygon", "coordinates": [ [ [ 50.4475556, 53.2291609 ], [ 50.4475752, 53.2291379 ], [ 50.4476507, 53.229161 ], [ 50.4476312, 53.2291839 ], [ 50.4475556, 53.2291609 ] ] ] } },
{ "type": "Feature", "properties": { "source_type": "ml", "id": "3a2a16a2-329f-4e09-b103-c453c00009ce", "class": null, "subtype": null, "level": null, "height": null, "num_floors": null }, "bbox": [ 50.4469372, 53.2292287, 50.4470421, 53.2293125 ], "geometry": { "type": "Polygon", "coordinates": [ [ [ 50.4469372, 53.2292844 ], [ 50.446999, 53.2292287 ], [ 50.4470344, 53.2292428 ], [ 50.4470067, 53.2292677 ], [ 50.4470421, 53.2292818 ], [ 50.447008, 53.2293125 ], [ 50.4469372, 53.2292844 ] ] ] } },
{ "type": "Feature", "properties": { "source_type": "ml", "id": "dc2afc4b-63b8-44ba-b36b-7e7a9bdf5778", "class": null, "subtype": null, "level": null, "height": null, "num_floors": null }, "bbox": [ 50.4471655, 53.2290956, 50.4472356, 53.2291517 ], "geometry": { "type": "Polygon", "coordinates": [ [ [ 50.4471952, 53.2291517 ], [ 50.4471655, 53.2291425 ], [ 50.4472059, 53.2290956 ], [ 50.4472356, 53.2291048 ], [ 50.4471952, 53.2291517 ] ] ] } },
{ "type": "Feature", "properties": { "source_type": "ml", "id": "05121a54-422a-4429-93aa-7b26aa2473a1", "class": null, "subtype": null, "level": null, "height": null, "num_floors": null }, "bbox": [ 50.4467191, 53.2288614, 50.446805, 53.2289018 ], "geometry": { "type": "Polygon", "coordinates": [ [ [ 50.4467896, 53.2289018 ], [ 50.4467191, 53.2288859 ], [ 50.4467346, 53.2288614 ], [ 50.446805, 53.2288773 ], [ 50.4467896, 53.2289018 ] ] ] } },
{ "type": "Feature", "properties": { "source_type": "ml", "id": "fe501f83-9a75-4e32-b15a-faddf50cc797", "class": null, "subtype": null, "level": null, "height": null, "num_floors": null }, "bbox": [ 50.4476329, 53.2289247, 50.4477864, 53.2290245 ], "geometry": { "type": "Polygon", "coordinates": [ [ [ 50.4476329, 53.2290006 ], [ 50.4476808, 53.2289247 ], [ 50.4477864, 53.2289486 ], [ 50.4477385, 53.2290245 ], [ 50.4476329, 53.2290006 ] ] ] } },
{ "type": "Feature", "properties": { "source_type": "ml", "id": "960e2ecb-528a-40b1-801d-a66a0cbd9e35", "class": null, "subtype": null, "level": null, "height": null, "num_floors": null }, "bbox": [ 50.4474898, 53.2287157, 50.4475838, 53.2287679 ], "geometry": { "type": "Polygon", "coordinates": [ [ [ 50.4475191, 53.2287157 ], [ 50.4475838, 53.2287405 ], [ 50.4475546, 53.2287679 ], [ 50.4474898, 53.2287431 ], [ 50.4475191, 53.2287157 ] ] ] } },
{ "type": "Feature", "properties": { "source_type": "ml", "id": "8eba30ec-896d-4926-8123-b24ec4017e74", "class": null, "subtype": null, "level": null, "height": null, "num_floors": null }, "bbox": [ 50.4472267, 53.2288076, 50.4473137, 53.2288651 ], "geometry": { "type": "Polygon", "coordinates": [ [ [ 50.4472267, 53.2288486 ], [ 50.4472734, 53.2288076 ], [ 50.4473137, 53.228824 ], [ 50.447267, 53.2288651 ], [ 50.4472267, 53.2288486 ] ] ] } },
{ "type": "Feature", "properties": { "source_type": "ml", "id": "89ad893b-1a33-4508-8d44-f374863c34a2", "class": null, "subtype": null, "level": null, "height": null, "num_floors": null }, "bbox": [ 50.4475843, 53.2286851, 50.4476456, 53.228728 ], "geometry": { "type": "Polygon", "coordinates": [ [ [ 50.4476168, 53.228728 ], [ 50.4475843, 53.2287178 ], [ 50.4476131, 53.2286851 ], [ 50.4476456, 53.2286954 ], [ 50.4476168, 53.228728 ] ] ] } },
{ "type": "Feature", "properties": { "source_type": "ml", "id": "7f73cb25-8787-499a-8ff4-fc817a3e7d5a", "class": null, "subtype": null, "level": null, "height": null, "num_floors": null }, "bbox": [ 50.4476458, 53.2286531, 50.4477933, 53.2287387 ], "geometry": { "type": "Polygon", "coordinates": [ [ [ 50.4476458, 53.2287094 ], [ 50.4476906, 53.2286531 ], [ 50.4477933, 53.2286824 ], [ 50.4477486, 53.2287387 ], [ 50.4476458, 53.2287094 ] ] ] } },
{ "type": "Feature", "properties": { "source_type": "ml", "id": "09be616e-438f-4870-91b1-2ff91cbb3554", "class": null, "subtype": null, "level": null, "height": null, "num_floors": null }, "bbox": [ 50.4475437, 53.2285239, 50.447618, 53.2285606 ], "geometry": { "type": "Polygon", "coordinates": [ [ [ 50.4475437, 53.2285468 ], [ 50.4475585, 53.2285239 ], [ 50.447618, 53.2285377 ], [ 50.4476032, 53.2285606 ], [ 50.4475437, 53.2285468 ] ] ] } },
{ "type": "Feature", "properties": { "source_type": "ml", "id": "492a1e49-837f-4520-a332-30f910096f60", "class": null, "subtype": null, "level": null, "height": null, "num_floors": null }, "bbox": [ 50.4473756, 53.2285572, 50.4475234, 53.2286563 ], "geometry": { "type": "Polygon", "coordinates": [ [ [ 50.4474661, 53.2286563 ], [ 50.4473756, 53.2286312 ], [ 50.4474329, 53.2285572 ], [ 50.4475234, 53.2285823 ], [ 50.4474661, 53.2286563 ] ] ] } },
{ "type": "Feature", "properties": { "source_type": "ml", "id": "25a90b96-c033-4af7-bcd0-af651e25dc97", "class": null, "subtype": null, "level": null, "height": null, "num_floors": null }, "bbox": [ 50.447069, 53.2285175, 50.4473482, 53.2286744 ], "geometry": { "type": "Polygon", "coordinates": [ [ [ 50.447069, 53.2286041 ], [ 50.4471213, 53.2285175 ], [ 50.447253, 53.2285461 ], [ 50.4472273, 53.2285887 ], [ 50.4473031, 53.2286051 ], [ 50.4473126, 53.2285895 ], [ 50.4473482, 53.2285972 ], [ 50.4473015, 53.2286744 ], [ 50.4471568, 53.2286431 ], [ 50.4471674, 53.2286255 ], [ 50.447069, 53.2286041 ] ] ] } },
{ "type": "Feature", "properties": { "source_type": "ml", "id": "12ac448f-ae41-4dae-a52c-20ac5b8dae82", "class": null, "subtype": null, "level": null, "height": null, "num_floors": null }, "bbox": [ 50.4471773, 53.2284955, 50.4472663, 53.2285376 ], "geometry": { "type": "Polygon", "coordinates": [ [ [ 50.4471924, 53.2284955 ], [ 50.4472663, 53.22851 ], [ 50.4472512, 53.2285376 ], [ 50.4471773, 53.228523 ], [ 50.4471924, 53.2284955 ] ] ] } },
{ "type": "Feature", "properties": { "source_type": "ml", "id": "1fcae667-8031-4033-816c-04cca5bcaf01", "class": null, "subtype": null, "level": null, "height": null, "num_floors": null }, "bbox": [ 50.4468569, 53.2284337, 50.4469806, 53.228507 ], "geometry": { "type": "Polygon", "coordinates": [ [ [ 50.4468916, 53.2284337 ], [ 50.4469806, 53.228455 ], [ 50.4469459, 53.228507 ], [ 50.4468569, 53.2284858 ], [ 50.4468916, 53.2284337 ] ] ] } },
{ "type": "Feature", "properties": { "source_type": "ml", "id": "ece2c27d-f57f-4bb3-a30c-2d10875e1619", "class": null, "subtype": null, "level": null, "height": null, "num_floors": null }, "bbox": [ 50.4466535, 53.2285992, 50.4467853, 53.2286732 ], "geometry": { "type": "Polygon", "coordinates": [ [ [ 50.4466905, 53.2285992 ], [ 50.4467853, 53.2286257 ], [ 50.4467483, 53.2286732 ], [ 50.4466535, 53.2286467 ], [ 50.4466905, 53.2285992 ] ] ] } },
{ "type": "Feature", "properties": { "source_type": "ml", "id": "b09d7b44-d012-4373-8093-903208a43215", "class": null, "subtype": null, "level": null, "height": null, "num_floors": null }, "bbox": [ 50.4470618, 53.2287276, 50.4471926, 53.2288084 ], "geometry": { "type": "Polygon", "coordinates": [ [ [ 50.4470618, 53.2287861 ], [ 50.4471019, 53.2287276 ], [ 50.4471926, 53.2287499 ], [ 50.4471524, 53.2288084 ], [ 50.4470618, 53.2287861 ] ] ] } },
{ "type": "Feature", "properties": { "source_type": "ml", "id": "1cae6009-b1c3-42a4-aedb-f1c19ba3906f", "class": null, "subtype": null, "level": null, "height": null, "num_floors": null }, "bbox": [ 50.4467464, 53.2287442, 50.44682, 53.2287883 ], "geometry": { "type": "Polygon", "coordinates": [ [ [ 50.4467944, 53.2287883 ], [ 50.4467464, 53.2287729 ], [ 50.446772, 53.2287442 ], [ 50.44682, 53.2287595 ], [ 50.4467944, 53.2287883 ] ] ] } },
{ "type": "Feature", "properties": { "source_type": "ml", "id": "1d4c5c59-0d9e-4f6c-8832-9634f992bca2", "class": null, "subtype": null, "level": null, "height": null, "num_floors": null }, "bbox": [ 50.4467028, 53.2287883, 50.4467596, 53.2288347 ], "geometry": { "type": "Polygon", "coordinates": [ [ [ 50.4467398, 53.2288347 ], [ 50.4467028, 53.2288281 ], [ 50.4467226, 53.2287883 ], [ 50.4467596, 53.2287949 ], [ 50.4467398, 53.2288347 ] ] ] } },
{ "type": "Feature", "properties": { "source_type": "ml", "id": "c2c0dbff-2175-465b-8e59-1adacb822181", "class": null, "subtype": null, "level": null, "height": null, "num_floors": null }, "bbox": [ 50.4461973, 53.228737, 50.4463636, 53.2288451 ], "geometry": { "type": "Polygon", "coordinates": [ [ [ 50.4462689, 53.228737 ], [ 50.4463636, 53.228769 ], [ 50.446292, 53.2288451 ], [ 50.4461973, 53.2288131 ], [ 50.4462689, 53.228737 ] ] ] } },
{ "type": "Feature", "properties": { "source_type": "ml", "id": "30d3aaf3-ef31-4328-9292-01043a7d6875", "class": null, "subtype": null, "level": null, "height": null, "num_floors": null }, "bbox": [ 50.4462238, 53.2284798, 50.4463446, 53.2285611 ], "geometry": { "type": "Polygon", "coordinates": [ [ [ 50.4462606, 53.2284798 ], [ 50.4463446, 53.2284971 ], [ 50.4463078, 53.2285611 ], [ 50.4462238, 53.2285438 ], [ 50.4462606, 53.2284798 ] ] ] } },
{ "type": "Feature", "properties": { "source_type": "ml", "id": "4c73c2d4-95b5-44ba-982a-5eeff07b3240", "class": null, "subtype": null, "level": null, "height": null, "num_floors": null }, "bbox": [ 50.4460266, 53.2286481, 50.4461562, 53.2287206 ], "geometry": { "type": "Polygon", "coordinates": [ [ [ 50.4460613, 53.2286481 ], [ 50.4461562, 53.2286727 ], [ 50.4461215, 53.2287206 ], [ 50.4460266, 53.228696 ], [ 50.4460613, 53.2286481 ] ] ] } },
{ "type": "Feature", "properties": { "source_type": "ml", "id": "dbc2bf58-57b6-41f2-92bd-1c3b3627ab67", "class": null, "subtype": null, "level": null, "height": null, "num_floors": null }, "bbox": [ 50.4455685, 53.2287943, 50.4456602, 53.228849 ], "geometry": { "type": "Polygon", "coordinates": [ [ [ 50.4455685, 53.2288206 ], [ 50.4456184, 53.2287943 ], [ 50.4456602, 53.2288228 ], [ 50.4456103, 53.228849 ], [ 50.4455685, 53.2288206 ] ] ] } },
{ "type": "Feature", "properties": { "source_type": "ml", "id": "18f27763-3b29-420c-af4a-87a3ff79ac02", "class": null, "subtype": null, "level": null, "height": null, "num_floors": null }, "bbox": [ 50.4455378, 53.2288776, 50.4457436, 53.2289966 ], "geometry": { "type": "Polygon", "coordinates": [ [ [ 50.4456596, 53.2288776 ], [ 50.4457436, 53.2289244 ], [ 50.445652, 53.2289833 ], [ 50.4456412, 53.2289772 ], [ 50.4456111, 53.2289966 ], [ 50.4455378, 53.2289558 ], [ 50.4456596, 53.2288776 ] ] ] } },
{ "type": "Feature", "properties": { "source_type": "ml", "id": "82258923-0409-4130-8c98-652471c5f5fb", "class": null, "subtype": null, "level": null, "height": null, "num_floors": null }, "bbox": [ 50.4462642, 53.2288861, 50.4463761, 53.2289539 ], "geometry": { "type": "Polygon", "coordinates": [ [ [ 50.446323, 53.2289539 ], [ 50.4462642, 53.2289257 ], [ 50.4463174, 53.2288861 ], [ 50.4463761, 53.2289143 ], [ 50.446323, 53.2289539 ] ] ] } },
{ "type": "Feature", "properties": { "source_type": "ml", "id": "4b150e73-7677-48e2-b95e-006818748b4c", "class": null, "subtype": null, "level": null, "height": null, "num_floors": null }, "bbox": [ 50.4463694, 53.228882, 50.446539, 53.2289908 ], "geometry": { "type": "Polygon", "coordinates": [ [ [ 50.4464754, 53.2289908 ], [ 50.4463694, 53.2289597 ], [ 50.446433, 53.228882 ], [ 50.446539, 53.2289131 ], [ 50.4464754, 53.2289908 ] ] ] } },
{ "type": "Feature", "properties": { "source_type": "ml", "id": "714a525a-f6a0-423e-b8a1-686b130429be", "class": null, "subtype": null, "level": null, "height": null, "num_floors": null }, "bbox": [ 50.4465441, 53.228997, 50.4467234, 53.2291184 ], "geometry": { "type": "Polygon", "coordinates": [ [ [ 50.4466219, 53.228997 ], [ 50.4467234, 53.2290286 ], [ 50.4466455, 53.2291184 ], [ 50.4465441, 53.2290869 ], [ 50.4466219, 53.228997 ] ] ] } },
{ "type": "Feature", "properties": { "source_type": "ml", "id": "f1cb365a-0526-4048-a6ae-f4feae58dd78", "class": null, "subtype": null, "level": null, "height": null, "num_floors": null }, "bbox": [ 50.4461303, 53.2291103, 50.4463094, 53.2292186 ], "geometry": { "type": "Polygon", "coordinates": [ [ [ 50.4462161, 53.2291103 ], [ 50.4463094, 53.2291723 ], [ 50.4462236, 53.2292186 ], [ 50.4461303, 53.2291566 ], [ 50.4462161, 53.2291103 ] ] ] } },
{ "type": "Feature", "properties": { "source_type": "ml", "id": "eeee5bdd-940a-415d-b211-1ac2a12cd9f7", "class": null, "subtype": null, "level": null, "height": null, "num_floors": null }, "bbox": [ 50.4459292, 53.2290869, 50.4460258, 53.2291457 ], "geometry": { "type": "Polygon", "coordinates": [ [ [ 50.4459292, 53.2291228 ], [ 50.4459846, 53.2290869 ], [ 50.4460258, 53.2291097 ], [ 50.4459704, 53.2291457 ], [ 50.4459292, 53.2291228 ] ] ] } },
{ "type": "Feature", "properties": { "source_type": "ml", "id": "b7f416d1-8337-45cb-a135-2e997a06ea1c", "class": null, "subtype": null, "level": null, "height": null, "num_floors": null }, "bbox": [ 50.4451685, 53.22857, 50.4452402, 53.2286109 ], "geometry": { "type": "Polygon", "coordinates": [ [ [ 50.4451937, 53.2286109 ], [ 50.4451685, 53.2285908 ], [ 50.4452151, 53.22857 ], [ 50.4452402, 53.2285901 ], [ 50.4451937, 53.2286109 ] ] ] } },
{ "type": "Feature", "properties": { "source_type": "ml", "id": "0106b4a6-7ad0-4832-9a79-37d14637685d", "class": null, "subtype": null, "level": null, "height": null, "num_floors": null }, "bbox": [ 50.4441176, 53.2296273, 50.4442434, 53.2296876 ], "geometry": { "type": "Polygon", "coordinates": [ [ [ 50.4442202, 53.2296273 ], [ 50.4442434, 53.2296647 ], [ 50.4441409, 53.2296876 ], [ 50.4441176, 53.2296502 ], [ 50.4442202, 53.2296273 ] ] ] } },
{ "type": "Feature", "properties": { "source_type": "ml", "id": "c1407e8f-b4f1-47a4-9b1c-180d0f97e733", "class": null, "subtype": null, "level": null, "height": null, "num_floors": null }, "bbox": [ 50.4445588, 53.2298335, 50.4446345, 53.2298808 ], "geometry": { "type": "Polygon", "coordinates": [ [ [ 50.4445881, 53.2298808 ], [ 50.4445588, 53.2298487 ], [ 50.4446052, 53.2298335 ], [ 50.4446345, 53.2298656 ], [ 50.4445881, 53.2298808 ] ] ] } },
{ "type": "Feature", "properties": { "source_type": "ml", "id": "84b36bd3-5896-4950-b14c-1cdbfeb3d536", "class": null, "subtype": null, "level": null, "height": null, "num_floors": null }, "bbox": [ 50.4446775, 53.2298603, 50.4447522, 53.2299049 ], "geometry": { "type": "Polygon", "coordinates": [ [ [ 50.4447196, 53.2299049 ], [ 50.4446775, 53.229885 ], [ 50.4447101, 53.2298603 ], [ 50.4447522, 53.2298801 ], [ 50.4447196, 53.2299049 ] ] ] } },
{ "type": "Feature", "properties": { "source_type": "ml", "id": "6da3b87c-8437-4268-b905-f2b1abd7abf9", "class": null, "subtype": null, "level": null, "height": null, "num_floors": null }, "bbox": [ 50.4445959, 53.2298615, 50.4447285, 53.2299629 ], "geometry": { "type": "Polygon", "coordinates": [ [ [ 50.4446641, 53.2298615 ], [ 50.4447285, 53.2299437 ], [ 50.4446604, 53.2299629 ], [ 50.4445959, 53.2298807 ], [ 50.4446641, 53.2298615 ] ] ] } },
{ "type": "Feature", "properties": { "source_type": "ml", "id": "47710401-e656-471c-9160-6935607f7a26", "class": null, "subtype": null, "level": null, "height": null, "num_floors": null }, "bbox": [ 50.4443755, 53.2300491, 50.4444997, 53.2301274 ], "geometry": { "type": "Polygon", "coordinates": [ [ [ 50.444432, 53.2301274 ], [ 50.4443755, 53.2300756 ], [ 50.4444433, 53.2300491 ], [ 50.4444997, 53.2301009 ], [ 50.444432, 53.2301274 ] ] ] } },
{ "type": "Feature", "properties": { "source_type": "ml", "id": "a74caf36-4663-444e-ba35-cef91fc3d643", "class": null, "subtype": null, "level": null, "height": null, "num_floors": null }, "bbox": [ 50.4442126, 53.23002, 50.4443708, 53.2301161 ], "geometry": { "type": "Polygon", "coordinates": [ [ [ 50.4442742, 53.2301161 ], [ 50.4442126, 53.2300547 ], [ 50.4443092, 53.23002 ], [ 50.4443708, 53.2300814 ], [ 50.4442742, 53.2301161 ] ] ] } },
{ "type": "Feature", "properties": { "source_type": "ml", "id": "17fb7c03-5910-43a7-a638-95a234d7e253", "class": null, "subtype": null, "level": null, "height": null, "num_floors": null }, "bbox": [ 50.4438279, 53.2299544, 50.4440483, 53.2300916 ], "geometry": { "type": "Polygon", "coordinates": [ [ [ 50.4438843, 53.2300809 ], [ 50.4439161, 53.2299961 ], [ 50.4438279, 53.2299842 ], [ 50.4438391, 53.2299544 ], [ 50.4439668, 53.2299716 ], [ 50.4439513, 53.2300129 ], [ 50.4440483, 53.2300259 ], [ 50.4440302, 53.2300741 ], [ 50.4440189, 53.2300725 ], [ 50.4440117, 53.2300916 ], [ 50.4439402, 53.230082 ], [ 50.4439379, 53.2300881 ], [ 50.4438843, 53.2300809 ] ] ] } },
{ "type": "Feature", "properties": { "source_type": "ml", "id": "a0f91dfc-8fdf-495e-9742-09cc42a13489", "class": null, "subtype": null, "level": null, "height": null, "num_floors": null }, "bbox": [ 50.4440309, 53.2298723, 50.4441939, 53.23 ], "geometry": { "type": "Polygon", "coordinates": [ [ [ 50.4440915, 53.2298723 ], [ 50.4441939, 53.2299793 ], [ 50.4441333, 53.23 ], [ 50.4440309, 53.2298931 ], [ 50.4440915, 53.2298723 ] ] ] } },
{ "type": "Feature", "properties": { "source_type": "ml", "id": "63a3aa5c-e21f-46a0-ab3d-380a6fe1eaa1", "class": null, "subtype": null, "level": null, "height": null, "num_floors": null }, "bbox": [ 50.4443576, 53.2296803, 50.4444407, 53.2297222 ], "geometry": { "type": "Polygon", "coordinates": [ [ [ 50.4444243, 53.2296803 ], [ 50.4444407, 53.2297081 ], [ 50.444374, 53.2297222 ], [ 50.4443576, 53.2296944 ], [ 50.4444243, 53.2296803 ] ] ] } },
{ "type": "Feature", "properties": { "source_type": "ml", "id": "f76032c1-0274-42da-aeab-7947102af79b", "class": null, "subtype": null, "level": null, "height": null, "num_floors": null }, "bbox": [ 50.4439436, 53.2296882, 50.4440999, 53.2297749 ], "geometry": { "type": "Polygon", "coordinates": [ [ [ 50.4440588, 53.2296882 ], [ 50.4440999, 53.229745 ], [ 50.4439847, 53.2297749 ], [ 50.4439436, 53.2297181 ], [ 50.4440588, 53.2296882 ] ] ] } },
{ "type": "Feature", "properties": { "source_type": "ml", "id": "9dd5bddc-0edd-4b4e-a05a-fca699f72cd4", "class": null, "subtype": null, "level": null, "height": null, "num_floors": null }, "bbox": [ 50.4435466, 53.2300553, 50.4436293, 53.2301036 ], "geometry": { "type": "Polygon", "coordinates": [ [ [ 50.4435466, 53.2300741 ], [ 50.4436009, 53.2300553 ], [ 50.4436293, 53.2300848 ], [ 50.443575, 53.2301036 ], [ 50.4435466, 53.2300741 ] ] ] } },
{ "type": "Feature", "properties": { "source_type": "ml", "id": "a926ccc9-baa0-44fa-8489-6964dc82dab0", "class": null, "subtype": null, "level": null, "height": null, "num_floors": null }, "bbox": [ 50.4433625, 53.2300216, 50.443442, 53.2300748 ], "geometry": { "type": "Polygon", "coordinates": [ [ [ 50.443402, 53.2300748 ], [ 50.4433625, 53.2300363 ], [ 50.4434026, 53.2300216 ], [ 50.443442, 53.2300601 ], [ 50.443402, 53.2300748 ] ] ] } },
{ "type": "Feature", "properties": { "source_type": "ml", "id": "55a5ae98-9eaa-423a-b68d-cfd1345283ff", "class": null, "subtype": null, "level": null, "height": null, "num_floors": null }, "bbox": [ 50.442723, 53.2299126, 50.4429599, 53.2300518 ], "geometry": { "type": "Polygon", "coordinates": [ [ [ 50.4428658, 53.2299126 ], [ 50.4429599, 53.2299874 ], [ 50.4428171, 53.2300518 ], [ 50.442723, 53.229977 ], [ 50.4428658, 53.2299126 ] ] ] } },
{ "type": "Feature", "properties": { "source_type": "ml", "id": "1c8f864e-9c62-421f-aadd-adffb150a0da", "class": null, "subtype": null, "level": null, "height": null, "num_floors": null }, "bbox": [ 50.4429693, 53.2298935, 50.4431182, 53.2299821 ], "geometry": { "type": "Polygon", "coordinates": [ [ [ 50.4429693, 53.2299291 ], [ 50.4430606, 53.2298935 ], [ 50.4431182, 53.2299465 ], [ 50.443027, 53.2299821 ], [ 50.4429693, 53.2299291 ] ] ] } },
{ "type": "Feature", "properties": { "source_type": "ml", "id": "63cc1090-0b86-4576-8201-5fcdae145d19", "class": null, "subtype": null, "level": null, "height": null, "num_floors": null }, "bbox": [ 50.4419533, 53.2297738, 50.4420981, 53.2298613 ], "geometry": { "type": "Polygon", "coordinates": [ [ [ 50.442025, 53.2298613 ], [ 50.4419533, 53.2298115 ], [ 50.4420265, 53.2297738 ], [ 50.4420981, 53.2298236 ], [ 50.442025, 53.2298613 ] ] ] } },
{ "type": "Feature", "properties": { "source_type": "ml", "id": "fe52d11a-83d3-4859-8f08-60c9387e8e9b", "class": null, "subtype": null, "level": null, "height": null, "num_floors": null }, "bbox": [ 50.4421312, 53.2298756, 50.4422041, 53.2299233 ], "geometry": { "type": "Polygon", "coordinates": [ [ [ 50.4421673, 53.2299233 ], [ 50.4421312, 53.2298898 ], [ 50.4421681, 53.2298756 ], [ 50.4422041, 53.2299091 ], [ 50.4421673, 53.2299233 ] ] ] } },
{ "type": "Feature", "properties": { "source_type": "ml", "id": "598fea3e-0138-48e6-ad62-2c133c8bb6b6", "class": null, "subtype": null, "level": null, "height": null, "num_floors": null }, "bbox": [ 50.4421759, 53.2297092, 50.4423137, 53.2297911 ], "geometry": { "type": "Polygon", "coordinates": [ [ [ 50.442255, 53.2297092 ], [ 50.4423137, 53.2297536 ], [ 50.4422347, 53.2297911 ], [ 50.4421759, 53.2297468 ], [ 50.442255, 53.2297092 ] ] ] } },
{ "type": "Feature", "properties": { "source_type": "ml", "id": "f15d3f5e-50d1-40a4-af6f-13a014c1c0d9", "class": null, "subtype": null, "level": null, "height": null, "num_floors": null }, "bbox": [ 50.4419917, 53.2295485, 50.4421801, 53.2296568 ], "geometry": { "type": "Polygon", "coordinates": [ [ [ 50.4419917, 53.229606 ], [ 50.442113, 53.2295485 ], [ 50.4421801, 53.2295993 ], [ 50.4420588, 53.2296568 ], [ 50.4419917, 53.229606 ] ] ] } },
{ "type": "Feature", "properties": { "source_type": "ml", "id": "ac569c92-e3fe-422b-864e-5a19fd03aab7", "class": null, "subtype": null, "level": null, "height": null, "num_floors": null }, "bbox": [ 50.4418401, 53.2296669, 50.441918, 53.2297129 ], "geometry": { "type": "Polygon", "coordinates": [ [ [ 50.4418401, 53.2296877 ], [ 50.4418715, 53.2296669 ], [ 50.441918, 53.2296921 ], [ 50.4418865, 53.2297129 ], [ 50.4418401, 53.2296877 ] ] ] } },
{ "type": "Feature", "properties": { "source_type": "ml", "id": "12d6fde5-3609-4730-9e28-2fd15e3545ef", "class": null, "subtype": null, "level": null, "height": null, "num_floors": null }, "bbox": [ 50.4414273, 53.2296139, 50.4415541, 53.2296792 ], "geometry": { "type": "Polygon", "coordinates": [ [ [ 50.4415259, 53.2296139 ], [ 50.4415541, 53.2296383 ], [ 50.4414555, 53.2296792 ], [ 50.4414273, 53.2296549 ], [ 50.4415259, 53.2296139 ] ] ] } },
{ "type": "Feature", "properties": { "source_type": "ml", "id": "5813cd9b-9aae-417a-9fc0-c16c2c162030", "class": null, "subtype": null, "level": null, "height": null, "num_floors": null }, "bbox": [ 50.4414081, 53.2293616, 50.4415357, 53.2294339 ], "geometry": { "type": "Polygon", "coordinates": [ [ [ 50.4414081, 53.2293922 ], [ 50.4414946, 53.2293616 ], [ 50.4415357, 53.2294033 ], [ 50.4414492, 53.2294339 ], [ 50.4414081, 53.2293922 ] ] ] } },
{ "type": "Feature", "properties": { "source_type": "ml", "id": "a86de276-8ef4-4c4f-8c68-e2241d8f56dc", "class": null, "subtype": null, "level": null, "height": null, "num_floors": null }, "bbox": [ 50.4414592, 53.2294463, 50.4415337, 53.2294883 ], "geometry": { "type": "Polygon", "coordinates": [ [ [ 50.4414592, 53.2294657 ], [ 50.4415092, 53.2294463 ], [ 50.4415337, 53.2294689 ], [ 50.4414837, 53.2294883 ], [ 50.4414592, 53.2294657 ] ] ] } },
{ "type": "Feature", "properties": { "source_type": "ml", "id": "9261c316-92eb-4b30-9c72-3366aeac754d", "class": null, "subtype": null, "level": null, "height": null, "num_floors": null }, "bbox": [ 50.4416878, 53.2293607, 50.4417766, 53.2294138 ], "geometry": { "type": "Polygon", "coordinates": [ [ [ 50.4416878, 53.2293872 ], [ 50.441733, 53.2293607 ], [ 50.4417766, 53.2293873 ], [ 50.4417315, 53.2294138 ], [ 50.4416878, 53.2293872 ] ] ] } },
{ "type": "Feature", "properties": { "source_type": "ml", "id": "ea0c48d4-ae98-47a7-8668-aeb7df667a10", "class": null, "subtype": null, "level": null, "height": null, "num_floors": null }, "bbox": [ 50.4419317, 53.2294179, 50.4420504, 53.2294829 ], "geometry": { "type": "Polygon", "coordinates": [ [ [ 50.4419317, 53.2294481 ], [ 50.4420154, 53.2294179 ], [ 50.4420504, 53.2294527 ], [ 50.4419668, 53.2294829 ], [ 50.4419317, 53.2294481 ] ] ] } },
{ "type": "Feature", "properties": { "source_type": "ml", "id": "b240f358-f6c5-4149-90ee-42d594e9857f", "class": null, "subtype": null, "level": null, "height": null, "num_floors": null }, "bbox": [ 50.4419723, 53.229323, 50.4420479, 53.229377 ], "geometry": { "type": "Polygon", "coordinates": [ [ [ 50.4419723, 53.2293353 ], [ 50.4420091, 53.229323 ], [ 50.4420479, 53.2293647 ], [ 50.4420111, 53.229377 ], [ 50.4419723, 53.2293353 ] ] ] } },
{ "type": "Feature", "properties": { "source_type": "ml", "id": "57918263-3b2d-45cc-9eba-88bd637ff8fa", "class": null, "subtype": null, "level": null, "height": null, "num_floors": null }, "bbox": [ 50.4428346, 53.2294906, 50.4429774, 53.2295763 ], "geometry": { "type": "Polygon", "coordinates": [ [ [ 50.4428965, 53.2295763 ], [ 50.4428346, 53.2295274 ], [ 50.4429154, 53.2294906 ], [ 50.4429774, 53.2295395 ], [ 50.4428965, 53.2295763 ] ] ] } },
{ "type": "Feature", "properties": { "source_type": "ml", "id": "675128e4-3be1-4e64-b6b7-ffd974886123", "class": null, "subtype": null, "level": null, "height": null, "num_floors": null }, "bbox": [ 50.4427841, 53.2295236, 50.4428906, 53.229595 ], "geometry": { "type": "Polygon", "coordinates": [ [ [ 50.4428509, 53.229595 ], [ 50.4427841, 53.2295413 ], [ 50.4428238, 53.2295236 ], [ 50.4428906, 53.2295773 ], [ 50.4428509, 53.229595 ] ] ] } },
{ "type": "Feature", "properties": { "source_type": "ml", "id": "5afe608c-324b-4a8b-9938-2a9759ba56de", "class": null, "subtype": null, "level": null, "height": null, "num_floors": null }, "bbox": [ 50.4427818, 53.2296552, 50.4428712, 53.2297096 ], "geometry": { "type": "Polygon", "coordinates": [ [ [ 50.4428332, 53.2296552 ], [ 50.4428712, 53.2296887 ], [ 50.4428199, 53.2297096 ], [ 50.4427818, 53.2296761 ], [ 50.4428332, 53.2296552 ] ] ] } },
{ "type": "Feature", "properties": { "source_type": "ml", "id": "d6b8d2ff-b1b5-44ca-9973-5f3cef77a3ed", "class": null, "subtype": null, "level": null, "height": null, "num_floors": null }, "bbox": [ 50.44291, 53.2295525, 50.4430635, 53.2296472 ], "geometry": { "type": "Polygon", "coordinates": [ [ [ 50.4429822, 53.2296472 ], [ 50.44291, 53.2295881 ], [ 50.4429913, 53.2295525 ], [ 50.4430635, 53.2296116 ], [ 50.4429822, 53.2296472 ] ] ] } },
{ "type": "Feature", "properties": { "source_type": "ml", "id": "e29757c7-7cff-4af4-adcd-0a6d785af32c", "class": null, "subtype": null, "level": null, "height": null, "num_floors": null }, "bbox": [ 50.4429401, 53.2293375, 50.4430049, 53.229384 ], "geometry": { "type": "Polygon", "coordinates": [ [ [ 50.442964, 53.229384 ], [ 50.4429401, 53.229347 ], [ 50.4429809, 53.2293375 ], [ 50.4430049, 53.2293745 ], [ 50.442964, 53.229384 ] ] ] } },
{ "type": "Feature", "properties": { "source_type": "ml", "id": "12db80e6-3c7c-4f00-b667-d801874b9462", "class": null, "subtype": null, "level": null, "height": null, "num_floors": null }, "bbox": [ 50.4429973, 53.2292937, 50.4430864, 53.2293425 ], "geometry": { "type": "Polygon", "coordinates": [ [ [ 50.4430235, 53.2293425 ], [ 50.4429973, 53.2293196 ], [ 50.4430601, 53.2292937 ], [ 50.4430864, 53.2293166 ], [ 50.4430235, 53.2293425 ] ] ] } },
{ "type": "Feature", "properties": { "source_type": "ml", "id": "569fc7eb-f0c9-454c-be84-17b6854992d1", "class": null, "subtype": null, "level": null, "height": null, "num_floors": null }, "bbox": [ 50.4432179, 53.2291437, 50.443303, 53.229195 ], "geometry": { "type": "Polygon", "coordinates": [ [ [ 50.4432524, 53.229195 ], [ 50.4432179, 53.2291636 ], [ 50.4432685, 53.2291437 ], [ 50.443303, 53.2291751 ], [ 50.4432524, 53.229195 ] ] ] } },
{ "type": "Feature", "properties": { "source_type": "ml", "id": "65776bb6-889b-47e1-9ca3-aaab6a166a07", "class": null, "subtype": null, "level": null, "height": null, "num_floors": null }, "bbox": [ 50.4423779, 53.2291475, 50.4424826, 53.2292117 ], "geometry": { "type": "Polygon", "coordinates": [ [ [ 50.442435, 53.2291475 ], [ 50.4424826, 53.2291721 ], [ 50.4424256, 53.2292117 ], [ 50.4423779, 53.2291871 ], [ 50.442435, 53.2291475 ] ] ] } },
{ "type": "Feature", "properties": { "source_type": "ml", "id": "ef9bb4f9-7f26-4b1e-9fc3-fe1b3ebd216d", "class": null, "subtype": null, "level": null, "height": null, "num_floors": null }, "bbox": [ 50.4425133, 53.2290532, 50.4426052, 53.2291026 ], "geometry": { "type": "Polygon", "coordinates": [ [ [ 50.4425815, 53.2290532 ], [ 50.4426052, 53.2290835 ], [ 50.442537, 53.2291026 ], [ 50.4425133, 53.2290724 ], [ 50.4425815, 53.2290532 ] ] ] } },
{ "type": "Feature", "properties": { "source_type": "ml", "id": "6f91d599-6b92-46f3-b661-bf3ebb8dbe45", "class": null, "subtype": null, "level": null, "height": null, "num_floors": null }, "bbox": [ 50.4426185, 53.2291197, 50.442752, 53.2291989 ], "geometry": { "type": "Polygon", "coordinates": [ [ [ 50.4426727, 53.2291197 ], [ 50.442752, 53.2291646 ], [ 50.4426978, 53.2291989 ], [ 50.4426185, 53.229154 ], [ 50.4426727, 53.2291197 ] ] ] } },
{ "type": "Feature", "properties": { "source_type": "ml", "id": "727e3755-83b2-4512-a1d1-4c6152fdcc2a", "class": null, "subtype": null, "level": null, "height": null, "num_floors": null }, "bbox": [ 50.4427463, 53.2289646, 50.4428499, 53.2290284 ], "geometry": { "type": "Polygon", "coordinates": [ [ [ 50.4427463, 53.2289891 ], [ 50.442796, 53.2289646 ], [ 50.4428499, 53.229004 ], [ 50.4428002, 53.2290284 ], [ 50.4427463, 53.2289891 ] ] ] } },
{ "type": "Feature", "properties": { "source_type": "ml", "id": "6eb9e075-428f-40a0-abfb-23cdc95eae15", "class": null, "subtype": null, "level": null, "height": null, "num_floors": null }, "bbox": [ 50.4426315, 53.228928, 50.4427219, 53.2289835 ], "geometry": { "type": "Polygon", "coordinates": [ [ [ 50.4426584, 53.228928 ], [ 50.4427219, 53.2289683 ], [ 50.442695, 53.2289835 ], [ 50.4426315, 53.2289432 ], [ 50.4426584, 53.228928 ] ] ] } },
{ "type": "Feature", "properties": { "source_type": "ml", "id": "85677dae-ff14-4a4f-a290-5dba6d6c4b34", "class": null, "subtype": null, "level": null, "height": null, "num_floors": null }, "bbox": [ 50.4425129, 53.2289655, 50.4426319, 53.2290389 ], "geometry": { "type": "Polygon", "coordinates": [ [ [ 50.4425544, 53.2289655 ], [ 50.4426319, 53.2290161 ], [ 50.4425904, 53.2290389 ], [ 50.4425129, 53.2289883 ], [ 50.4425544, 53.2289655 ] ] ] } },
{ "type": "Feature", "properties": { "source_type": "ml", "id": "cb8cc1a1-d39b-42f5-9c44-08a1cccbc8fe", "class": null, "subtype": null, "level": null, "height": null, "num_floors": null }, "bbox": [ 50.4422735, 53.2287939, 50.4424577, 53.2289041 ], "geometry": { "type": "Polygon", "coordinates": [ [ [ 50.4423601, 53.2289041 ], [ 50.4422735, 53.2288462 ], [ 50.4423711, 53.2287939 ], [ 50.4424577, 53.2288519 ], [ 50.4423601, 53.2289041 ] ] ] } },
{ "type": "Feature", "properties": { "source_type": "ml", "id": "46a10f0b-8dcb-46bf-b05c-482c3624cb99", "class": null, "subtype": null, "level": null, "height": null, "num_floors": null }, "bbox": [ 50.4430213, 53.228884, 50.4431724, 53.2289732 ], "geometry": { "type": "Polygon", "coordinates": [ [ [ 50.4431724, 53.2289352 ], [ 50.4431136, 53.2289732 ], [ 50.4430213, 53.228922 ], [ 50.4430801, 53.228884 ], [ 50.4431724, 53.2289352 ] ] ] } },
{ "type": "Feature", "properties": { "source_type": "ml", "id": "8f632467-ac38-4000-9ab7-63d847ef8f2e", "class": null, "subtype": null, "level": null, "height": null, "num_floors": null }, "bbox": [ 50.4431245, 53.2289416, 50.4433148, 53.2290553 ], "geometry": { "type": "Polygon", "coordinates": [ [ [ 50.4431245, 53.2289985 ], [ 50.4432258, 53.2289416 ], [ 50.4433148, 53.2289984 ], [ 50.4432135, 53.2290553 ], [ 50.4431245, 53.2289985 ] ] ] } },
{ "type": "Feature", "properties": { "source_type": "ml", "id": "818bf60c-f01f-42fa-b91d-443495856f78", "class": null, "subtype": null, "level": null, "height": null, "num_floors": null }, "bbox": [ 50.4430484, 53.2287708, 50.4431408, 53.2288283 ], "geometry": { "type": "Polygon", "coordinates": [ [ [ 50.4431097, 53.2288283 ], [ 50.4430484, 53.2287875 ], [ 50.4430795, 53.2287708 ], [ 50.4431408, 53.2288116 ], [ 50.4431097, 53.2288283 ] ] ] } },
{ "type": "Feature", "properties": { "source_type": "ml", "id": "c844c309-584f-4a2e-ab28-98013e2ec03c", "class": null, "subtype": null, "level": null, "height": null, "num_floors": null }, "bbox": [ 50.4422774, 53.2284731, 50.4423589, 53.2285326 ], "geometry": { "type": "Polygon", "coordinates": [ [ [ 50.4423136, 53.2284731 ], [ 50.4423589, 53.2285201 ], [ 50.4423227, 53.2285326 ], [ 50.4422774, 53.2284856 ], [ 50.4423136, 53.2284731 ] ] ] } },
{ "type": "Feature", "properties": { "source_type": "ml", "id": "ab9625a6-32a7-4830-830b-376d5d2aee87", "class": null, "subtype": null, "level": null, "height": null, "num_floors": null }, "bbox": [ 50.4422319, 53.2284947, 50.4423141, 53.2285475 ], "geometry": { "type": "Polygon", "coordinates": [ [ [ 50.4422319, 53.2285109 ], [ 50.4422676, 53.2284947 ], [ 50.4423141, 53.2285312 ], [ 50.4422785, 53.2285475 ], [ 50.4422319, 53.2285109 ] ] ] } },
{ "type": "Feature", "properties": { "source_type": "ml", "id": "19661fd0-19f5-4758-afca-9a3dfce9e3c4", "class": null, "subtype": null, "level": null, "height": null, "num_floors": null }, "bbox": [ 50.442493, 53.2286882, 50.4425895, 53.2287466 ], "geometry": { "type": "Polygon", "coordinates": [ [ [ 50.4425292, 53.2287466 ], [ 50.442493, 53.2287257 ], [ 50.4425533, 53.2286882 ], [ 50.4425895, 53.2287091 ], [ 50.4425292, 53.2287466 ] ] ] } },
{ "type": "Feature", "properties": { "source_type": "ml", "id": "b7598341-e4e5-4002-9134-c77afcd22dfd", "class": null, "subtype": null, "level": null, "height": null, "num_floors": null }, "bbox": [ 50.4424632, 53.2286176, 50.4425255, 53.2286599 ], "geometry": { "type": "Polygon", "coordinates": [ [ [ 50.4425037, 53.2286176 ], [ 50.4425255, 53.2286502 ], [ 50.442485, 53.2286599 ], [ 50.4424632, 53.2286273 ], [ 50.4425037, 53.2286176 ] ] ] } },
{ "type": "Feature", "properties": { "source_type": "ml", "id": "0f2233c8-8438-4165-9b8d-e2567a6ccb33", "class": null, "subtype": null, "level": null, "height": null, "num_floors": null }, "bbox": [ 50.442717, 53.2286355, 50.4427856, 53.2286777 ], "geometry": { "type": "Polygon", "coordinates": [ [ [ 50.4427528, 53.2286777 ], [ 50.442717, 53.2286615 ], [ 50.4427498, 53.2286355 ], [ 50.4427856, 53.2286517 ], [ 50.4427528, 53.2286777 ] ] ] } },
{ "type": "Feature", "properties": { "source_type": "ml", "id": "271f94c3-f9f6-4393-8c79-58ce203f930b", "class": null, "subtype": null, "level": null, "height": null, "num_floors": null }, "bbox": [ 50.4421579, 53.2287691, 50.4422437, 53.2288205 ], "geometry": { "type": "Polygon", "coordinates": [ [ [ 50.442184, 53.2288205 ], [ 50.4421579, 53.2287847 ], [ 50.4422176, 53.2287691 ], [ 50.4422437, 53.2288049 ], [ 50.442184, 53.2288205 ] ] ] } },
{ "type": "Feature", "properties": { "source_type": "ml", "id": "ca865950-ebee-4aa4-aa51-de0620b812be", "class": null, "subtype": null, "level": null, "height": null, "num_floors": null }, "bbox": [ 50.441668, 53.2286484, 50.4418054, 53.2287283 ], "geometry": { "type": "Polygon", "coordinates": [ [ [ 50.441718, 53.2287283 ], [ 50.441668, 53.2286832 ], [ 50.4417554, 53.2286484 ], [ 50.4418054, 53.2286935 ], [ 50.441718, 53.2287283 ] ] ] } },
{ "type": "Feature", "properties": { "source_type": "ml", "id": "d7a27801-4591-40e3-8b51-d187129e4114", "class": null, "subtype": null, "level": null, "height": null, "num_floors": null }, "bbox": [ 50.442108, 53.228702, 50.4421995, 53.2287518 ], "geometry": { "type": "Polygon", "coordinates": [ [ [ 50.4421348, 53.2287518 ], [ 50.442108, 53.2287268 ], [ 50.4421727, 53.228702 ], [ 50.4421995, 53.228727 ], [ 50.4421348, 53.2287518 ] ] ] } },
{ "type": "Feature", "properties": { "source_type": "ml", "id": "9fde5d50-0573-4e63-94be-93631152e048", "class": null, "subtype": null, "level": null, "height": null, "num_floors": null }, "bbox": [ 50.4421696, 53.2286333, 50.4423199, 53.2287344 ], "geometry": { "type": "Polygon", "coordinates": [ [ [ 50.4421696, 53.2286958 ], [ 50.4422028, 53.2286818 ], [ 50.4421813, 53.2286635 ], [ 50.4422529, 53.2286333 ], [ 50.4423199, 53.2286901 ], [ 50.4422151, 53.2287344 ], [ 50.4421696, 53.2286958 ] ] ] } },
{ "type": "Feature", "properties": { "source_type": "ml", "id": "bf928d5e-9f3c-4e1a-8f27-82eb6d50da47", "class": null, "subtype": null, "level": null, "height": null, "num_floors": null }, "bbox": [ 50.4419134, 53.2285586, 50.4420203, 53.2286217 ], "geometry": { "type": "Polygon", "coordinates": [ [ [ 50.4419764, 53.2286217 ], [ 50.4419134, 53.2285882 ], [ 50.4419574, 53.2285586 ], [ 50.4420203, 53.2285921 ], [ 50.4419764, 53.2286217 ] ] ] } },
{ "type": "Feature", "properties": { "source_type": "ml", "id": "4524f170-4c78-4a5b-ada4-85275cb4bfbb", "class": null, "subtype": null, "level": null, "height": null, "num_floors": null }, "bbox": [ 50.4413544, 53.22849, 50.4414451, 53.2285375 ], "geometry": { "type": "Polygon", "coordinates": [ [ [ 50.4414219, 53.22849 ], [ 50.4414451, 53.2285116 ], [ 50.4413776, 53.2285375 ], [ 50.4413544, 53.2285159 ], [ 50.4414219, 53.22849 ] ] ] } },
{ "type": "Feature", "properties": { "source_type": "ml", "id": "7d2cd6d4-cf71-4fa0-8d11-86c35041b58d", "class": null, "subtype": null, "level": null, "height": null, "num_floors": null }, "bbox": [ 50.4413923, 53.2285208, 50.4414646, 53.2285653 ], "geometry": { "type": "Polygon", "coordinates": [ [ [ 50.4414058, 53.2285653 ], [ 50.4413923, 53.2285286 ], [ 50.4414511, 53.2285208 ], [ 50.4414646, 53.2285576 ], [ 50.4414058, 53.2285653 ] ] ] } },
{ "type": "Feature", "properties": { "source_type": "ml", "id": "a8832b8c-d82f-4c53-9fd4-938876f2da3a", "class": null, "subtype": null, "level": null, "height": null, "num_floors": null }, "bbox": [ 50.4413595, 53.2286431, 50.4414287, 53.2286985 ], "geometry": { "type": "Polygon", "coordinates": [ [ [ 50.4413994, 53.2286431 ], [ 50.4414287, 53.2286895 ], [ 50.4413887, 53.2286985 ], [ 50.4413595, 53.2286521 ], [ 50.4413994, 53.2286431 ] ] ] } },
{ "type": "Feature", "properties": { "source_type": "ml", "id": "1da2010f-1ba6-4ce2-941d-72ae3e62b9b1", "class": null, "subtype": null, "level": null, "height": null, "num_floors": null }, "bbox": [ 50.441411, 53.228692, 50.4415211, 53.2287723 ], "geometry": { "type": "Polygon", "coordinates": [ [ [ 50.4414447, 53.228692 ], [ 50.4415211, 53.2287584 ], [ 50.4414874, 53.2287723 ], [ 50.441411, 53.2287058 ], [ 50.4414447, 53.228692 ] ] ] } },
{ "type": "Feature", "properties": { "source_type": "ml", "id": "ac77f618-2a04-4065-b6df-ecf2c9bc9a3f", "class": null, "subtype": null, "level": null, "height": null, "num_floors": null }, "bbox": [ 50.4415508, 53.2287271, 50.4416549, 53.2287836 ], "geometry": { "type": "Polygon", "coordinates": [ [ [ 50.4415804, 53.2287836 ], [ 50.4415508, 53.2287528 ], [ 50.4416252, 53.2287271 ], [ 50.4416549, 53.2287578 ], [ 50.4415804, 53.2287836 ] ] ] } },
{ "type": "Feature", "properties": { "source_type": "ml", "id": "3ea73799-7a50-4014-b30e-9997f85fd23b", "class": null, "subtype": null, "level": null, "height": null, "num_floors": null }, "bbox": [ 50.4415239, 53.2289003, 50.441628, 53.2289732 ], "geometry": { "type": "Polygon", "coordinates": [ [ [ 50.4415816, 53.2289732 ], [ 50.4415239, 53.2289176 ], [ 50.4415703, 53.2289003 ], [ 50.441628, 53.2289559 ], [ 50.4415816, 53.2289732 ] ] ] } },
{ "type": "Feature", "properties": { "source_type": "ml", "id": "1f8cba53-b23f-4ced-a332-b069c221b5e2", "class": null, "subtype": null, "level": null, "height": null, "num_floors": null }, "bbox": [ 50.4419455, 53.2288522, 50.4420916, 53.2289397 ], "geometry": { "type": "Polygon", "coordinates": [ [ [ 50.4419455, 53.2288916 ], [ 50.4420259, 53.2288522 ], [ 50.4420916, 53.2289004 ], [ 50.4420112, 53.2289397 ], [ 50.4419455, 53.2288916 ] ] ] } },
{ "type": "Feature", "properties": { "source_type": "ml", "id": "f98167fc-b1f6-4db4-aece-e48e22745bd0", "class": null, "subtype": null, "level": null, "height": null, "num_floors": null }, "bbox": [ 50.4417611, 53.2289559, 50.4418925, 53.2290389 ], "geometry": { "type": "Polygon", "coordinates": [ [ [ 50.4417611, 53.2289838 ], [ 50.4418218, 53.2289559 ], [ 50.4418925, 53.229011 ], [ 50.4418317, 53.2290389 ], [ 50.4417611, 53.2289838 ] ] ] } },
{ "type": "Feature", "properties": { "source_type": "ml", "id": "41be4572-fd67-446d-8037-71b5fa775af3", "class": null, "subtype": null, "level": null, "height": null, "num_floors": null }, "bbox": [ 50.4414686, 53.2291334, 50.4415679, 53.2291968 ], "geometry": { "type": "Polygon", "coordinates": [ [ [ 50.4414986, 53.2291968 ], [ 50.4414686, 53.2291489 ], [ 50.4415379, 53.2291334 ], [ 50.4415679, 53.2291812 ], [ 50.4414986, 53.2291968 ] ] ] } },
{ "type": "Feature", "properties": { "source_type": "ml", "id": "3d586215-5cfd-4a56-ba96-a513de7712ad", "class": null, "subtype": null, "level": null, "height": null, "num_floors": null }, "bbox": [ 50.4415338, 53.2301211, 50.4416364, 53.2301922 ], "geometry": { "type": "Polygon", "coordinates": [ [ [ 50.4415627, 53.2301211 ], [ 50.4416364, 53.2301791 ], [ 50.4416075, 53.2301922 ], [ 50.4415338, 53.2301342 ], [ 50.4415627, 53.2301211 ] ] ] } },
{ "type": "Feature", "properties": { "source_type": "ml", "id": "a22091f8-d2b0-40ef-8bb6-1ea1edd3884d", "class": null, "subtype": null, "level": null, "height": null, "num_floors": null }, "bbox": [ 50.4416551, 53.230229, 50.44173, 53.2302717 ], "geometry": { "type": "Polygon", "coordinates": [ [ [ 50.4416551, 53.2302462 ], [ 50.4417059, 53.230229 ], [ 50.44173, 53.2302545 ], [ 50.4416793, 53.2302717 ], [ 50.4416551, 53.2302462 ] ] ] } },
{ "type": "Feature", "properties": { "source_type": "ml", "id": "8194e5ff-5a1d-4631-b0f6-3276737d772c", "class": null, "subtype": null, "level": null, "height": null, "num_floors": null }, "bbox": [ 50.4417922, 53.2303209, 50.4419013, 53.2303814 ], "geometry": { "type": "Polygon", "coordinates": [ [ [ 50.4418251, 53.2303814 ], [ 50.4417922, 53.2303552 ], [ 50.4418683, 53.2303209 ], [ 50.4419013, 53.2303472 ], [ 50.4418251, 53.2303814 ] ] ] } },
{ "type": "Feature", "properties": { "source_type": "ml", "id": "1f6abd10-bbdf-4109-9fa6-edc50df73800", "class": null, "subtype": null, "level": null, "height": null, "num_floors": null }, "bbox": [ 50.4420679, 53.2305131, 50.4421634, 53.2305713 ], "geometry": { "type": "Polygon", "coordinates": [ [ [ 50.4421198, 53.2305713 ], [ 50.4420679, 53.2305362 ], [ 50.4421115, 53.2305131 ], [ 50.4421634, 53.2305481 ], [ 50.4421198, 53.2305713 ] ] ] } },
{ "type": "Feature", "properties": { "source_type": "ml", "id": "628032dd-46a6-424e-a88a-d250cedcbc8e", "class": null, "subtype": null, "level": null, "height": null, "num_floors": null }, "bbox": [ 50.4421656, 53.230469, 50.4422525, 53.2305275 ], "geometry": { "type": "Polygon", "coordinates": [ [ [ 50.4421656, 53.2304848 ], [ 50.4422101, 53.230469 ], [ 50.4422525, 53.2305117 ], [ 50.442208, 53.2305275 ], [ 50.4421656, 53.2304848 ] ] ] } },
{ "type": "Feature", "properties": { "source_type": "ml", "id": "6677a87d-5038-4489-b09f-cf518a0fa273", "class": null, "subtype": null, "level": null, "height": null, "num_floors": null }, "bbox": [ 50.4416917, 53.2301711, 50.4417583, 53.2302194 ], "geometry": { "type": "Polygon", "coordinates": [ [ [ 50.441716, 53.2301711 ], [ 50.4417583, 53.2301807 ], [ 50.4417339, 53.2302194 ], [ 50.4416917, 53.2302099 ], [ 50.441716, 53.2301711 ] ] ] } },
{ "type": "Feature", "properties": { "source_type": "ml", "id": "c8f591ae-efab-4c07-898e-6e9f9b55a687", "class": null, "subtype": null, "level": null, "height": null, "num_floors": null }, "bbox": [ 50.442435, 53.2301645, 50.4425533, 53.2302222 ], "geometry": { "type": "Polygon", "coordinates": [ [ [ 50.4425286, 53.2301645 ], [ 50.4425533, 53.2301952 ], [ 50.4424597, 53.2302222 ], [ 50.442435, 53.2301915 ], [ 50.4425286, 53.2301645 ] ] ] } },
{ "type": "Feature", "properties": { "source_type": "ml", "id": "9390ce89-27bd-4c68-b9dd-6018e74c7bb7", "class": null, "subtype": null, "level": null, "height": null, "num_floors": null }, "bbox": [ 50.4426217, 53.230271, 50.4426943, 53.2303098 ], "geometry": { "type": "Polygon", "coordinates": [ [ [ 50.4426416, 53.2303098 ], [ 50.4426217, 53.2302896 ], [ 50.4426743, 53.230271 ], [ 50.4426943, 53.2302913 ], [ 50.4426416, 53.2303098 ] ] ] } },
{ "type": "Feature", "properties": { "source_type": "ml", "id": "bf6cd892-b4a9-4445-9e56-c35b4c1caab1", "class": null, "subtype": null, "level": null, "height": null, "num_floors": null }, "bbox": [ 50.4427859, 53.2302245, 50.442888, 53.2302911 ], "geometry": { "type": "Polygon", "coordinates": [ [ [ 50.4427859, 53.2302442 ], [ 50.4428322, 53.2302245 ], [ 50.442888, 53.2302714 ], [ 50.4428417, 53.2302911 ], [ 50.4427859, 53.2302442 ] ] ] } },
{ "type": "Feature", "properties": { "source_type": "ml", "id": "479ed9e4-af98-4c5b-9814-84ce22b7a0d0", "class": null, "subtype": null, "level": null, "height": null, "num_floors": null }, "bbox": [ 50.4433134, 53.2303318, 50.4434004, 53.2303742 ], "geometry": { "type": "Polygon", "coordinates": [ [ [ 50.4433823, 53.2303318 ], [ 50.4434004, 53.2303547 ], [ 50.4433315, 53.2303742 ], [ 50.4433134, 53.2303513 ], [ 50.4433823, 53.2303318 ] ] ] } },
{ "type": "Feature", "properties": { "source_type": "ml", "id": "86c692c9-c71f-47d1-bcd1-bbf84bcd85f9", "class": null, "subtype": null, "level": null, "height": null, "num_floors": null }, "bbox": [ 50.4429081, 53.2304728, 50.4430136, 53.2305414 ], "geometry": { "type": "Polygon", "coordinates": [ [ [ 50.4429515, 53.2304728 ], [ 50.4430136, 53.2305216 ], [ 50.4429701, 53.2305414 ], [ 50.4429081, 53.2304926 ], [ 50.4429515, 53.2304728 ] ] ] } },
{ "type": "Feature", "properties": { "source_type": "ml", "id": "1810d202-fbab-4d06-9cd0-95465567d8ef", "class": null, "subtype": null, "level": null, "height": null, "num_floors": null }, "bbox": [ 50.442642, 53.2304876, 50.4427366, 53.2305497 ], "geometry": { "type": "Polygon", "coordinates": [ [ [ 50.442698, 53.2305497 ], [ 50.442642, 53.2305049 ], [ 50.4426805, 53.2304876 ], [ 50.4427366, 53.2305324 ], [ 50.442698, 53.2305497 ] ] ] } },
{ "type": "Feature", "properties": { "source_type": "ml", "id": "55186967-da38-4086-9cff-a66424360db3", "class": null, "subtype": null, "level": null, "height": null, "num_floors": null }, "bbox": [ 50.4424424, 53.2305461, 50.4425692, 53.2306247 ], "geometry": { "type": "Polygon", "coordinates": [ [ [ 50.4425116, 53.2305461 ], [ 50.4425692, 53.2305962 ], [ 50.4425, 53.2306247 ], [ 50.4424424, 53.2305746 ], [ 50.4425116, 53.2305461 ] ] ] } },
{ "type": "Feature", "properties": { "source_type": "ml", "id": "9fd74a39-c140-4fa6-b549-7364308e49a2", "class": null, "subtype": null, "level": null, "height": null, "num_floors": null }, "bbox": [ 50.4422504, 53.2306489, 50.4423563, 53.2307195 ], "geometry": { "type": "Polygon", "coordinates": [ [ [ 50.4423101, 53.2307195 ], [ 50.4422504, 53.2306681 ], [ 50.4422967, 53.2306489 ], [ 50.4423563, 53.2307003 ], [ 50.4423101, 53.2307195 ] ] ] } },
{ "type": "Feature", "properties": { "source_type": "ml", "id": "8ac18a06-cfad-4218-941a-30a50b30e99b", "class": null, "subtype": null, "level": null, "height": null, "num_floors": null }, "bbox": [ 50.4426539, 53.2306901, 50.4427392, 53.2307457 ], "geometry": { "type": "Polygon", "coordinates": [ [ [ 50.4426539, 53.2307068 ], [ 50.4426979, 53.2306901 ], [ 50.4427392, 53.230729 ], [ 50.4426951, 53.2307457 ], [ 50.4426539, 53.2307068 ] ] ] } },
{ "type": "Feature", "properties": { "source_type": "ml", "id": "8e99e1f2-9c06-481c-9884-d8c6293a0eb0", "class": null, "subtype": null, "level": null, "height": null, "num_floors": null }, "bbox": [ 50.4432564, 53.2305591, 50.4433475, 53.2306131 ], "geometry": { "type": "Polygon", "coordinates": [ [ [ 50.4433153, 53.2305591 ], [ 50.4433475, 53.2305932 ], [ 50.4432886, 53.2306131 ], [ 50.4432564, 53.2305791 ], [ 50.4433153, 53.2305591 ] ] ] } },
{ "type": "Feature", "properties": { "source_type": "ml", "id": "53b539cc-b9de-4090-8d95-f3329d30761f", "class": null, "subtype": null, "level": null, "height": null, "num_floors": null }, "bbox": [ 50.4431502, 53.230696, 50.4432794, 53.2307779 ], "geometry": { "type": "Polygon", "coordinates": [ [ [ 50.4431502, 53.2307232 ], [ 50.44322, 53.230696 ], [ 50.4432794, 53.2307508 ], [ 50.4432096, 53.2307779 ], [ 50.4431502, 53.2307232 ] ] ] } },
{ "type": "Feature", "properties": { "source_type": "ml", "id": "38ec6745-b3bd-43f4-a8e5-a3bb918f3bb5", "class": null, "subtype": null, "level": null, "height": null, "num_floors": null }, "bbox": [ 50.443003, 53.2306551, 50.4430909, 53.2307092 ], "geometry": { "type": "Polygon", "coordinates": [ [ [ 50.4430348, 53.2307092 ], [ 50.443003, 53.2306726 ], [ 50.443059, 53.2306551 ], [ 50.4430909, 53.2306918 ], [ 50.4430348, 53.2307092 ] ] ] } },
{ "type": "Feature", "properties": { "source_type": "ml", "id": "a4fd7c05-52f5-4bb0-b446-52786ab9526c", "class": null, "subtype": null, "level": null, "height": null, "num_floors": null }, "bbox": [ 50.4428392, 53.230625, 50.4429798, 53.2307057 ], "geometry": { "type": "Polygon", "coordinates": [ [ [ 50.4429329, 53.230625 ], [ 50.4429798, 53.2306727 ], [ 50.4428861, 53.2307057 ], [ 50.4428392, 53.2306579 ], [ 50.4429329, 53.230625 ] ] ] } },
{ "type": "Feature", "properties": { "source_type": "ml", "id": "6c59c61d-bdec-42eb-91f2-93cef9771d0f", "class": null, "subtype": null, "level": null, "height": null, "num_floors": null }, "bbox": [ 50.4428487, 53.2307132, 50.4429506, 53.2307651 ], "geometry": { "type": "Polygon", "coordinates": [ [ [ 50.4428719, 53.2307651 ], [ 50.4428487, 53.2307436 ], [ 50.4429274, 53.2307132 ], [ 50.4429506, 53.2307347 ], [ 50.4428719, 53.2307651 ] ] ] } },
{ "type": "Feature", "properties": { "source_type": "ml", "id": "9322b592-f13f-42e4-ab30-4621044611e0", "class": null, "subtype": null, "level": null, "height": null, "num_floors": null }, "bbox": [ 50.4430327, 53.2307938, 50.4431357, 53.2308542 ], "geometry": { "type": "Polygon", "coordinates": [ [ [ 50.4430327, 53.230826 ], [ 50.4430953, 53.2307938 ], [ 50.4431357, 53.230822 ], [ 50.4430731, 53.2308542 ], [ 50.4430327, 53.230826 ] ] ] } },
{ "type": "Feature", "properties": { "source_type": "ml", "id": "9e5c6ea7-e16f-41bb-a879-182863270f80", "class": null, "subtype": null, "level": null, "height": null, "num_floors": null }, "bbox": [ 50.442909, 53.2309006, 50.4430474, 53.2309898 ], "geometry": { "type": "Polygon", "coordinates": [ [ [ 50.442909, 53.2309253 ], [ 50.4429969, 53.2309006 ], [ 50.4430474, 53.2309651 ], [ 50.4429595, 53.2309898 ], [ 50.442909, 53.2309253 ] ] ] } },
{ "type": "Feature", "properties": { "source_type": "ml", "id": "bc9f5ad2-799c-463f-a1df-b7a2f68cb454", "class": null, "subtype": null, "level": null, "height": null, "num_floors": null }, "bbox": [ 50.441743, 53.2277462, 50.4418922, 53.2278353 ], "geometry": { "type": "Polygon", "coordinates": [ [ [ 50.44181, 53.2277462 ], [ 50.4418922, 53.2277939 ], [ 50.4418252, 53.2278353 ], [ 50.441743, 53.2277876 ], [ 50.44181, 53.2277462 ] ] ] } },
{ "type": "Feature", "properties": { "source_type": "ml", "id": "ab082a01-4d9d-4bd9-9c5e-13df35c9f4e5", "class": null, "subtype": null, "level": null, "height": null, "num_floors": null }, "bbox": [ 50.4417428, 53.2279143, 50.4418541, 53.227991 ], "geometry": { "type": "Polygon", "coordinates": [ [ [ 50.4417837, 53.227991 ], [ 50.4417428, 53.2279736 ], [ 50.4418131, 53.2279143 ], [ 50.4418541, 53.2279318 ], [ 50.4417837, 53.227991 ] ] ] } },
{ "type": "Feature", "properties": { "source_type": "ml", "id": "66978691-831d-4cb6-9903-c3a0caa739ed", "class": null, "subtype": null, "level": null, "height": null, "num_floors": null }, "bbox": [ 50.4413942, 53.2279142, 50.4415177, 53.227994 ], "geometry": { "type": "Polygon", "coordinates": [ [ [ 50.4414872, 53.2279142 ], [ 50.4415177, 53.2279302 ], [ 50.4414247, 53.227994 ], [ 50.4413942, 53.2279781 ], [ 50.4414872, 53.2279142 ] ] ] } },
{ "type": "Feature", "properties": { "source_type": "ml", "id": "39bf9011-57db-4f4e-b7de-e74af677b587", "class": null, "subtype": null, "level": null, "height": null, "num_floors": null }, "bbox": [ 50.4415956, 53.2278923, 50.4417064, 53.2279662 ], "geometry": { "type": "Polygon", "coordinates": [ [ [ 50.4416322, 53.2278923 ], [ 50.4417064, 53.227949 ], [ 50.4416698, 53.2279662 ], [ 50.4415956, 53.2279094 ], [ 50.4416322, 53.2278923 ] ] ] } },
{ "type": "Feature", "properties": { "source_type": "ml", "id": "58c373c0-e872-4c07-9948-32c6e56aaf14", "class": null, "subtype": null, "level": null, "height": null, "num_floors": null }, "bbox": [ 50.4413847, 53.2278237, 50.4415046, 53.2278952 ], "geometry": { "type": "Polygon", "coordinates": [ [ [ 50.441452, 53.2278237 ], [ 50.4415046, 53.2278621 ], [ 50.4414373, 53.2278952 ], [ 50.4413847, 53.2278568 ], [ 50.441452, 53.2278237 ] ] ] } },
{ "type": "Feature", "properties": { "source_type": "ml", "id": "c3f2a407-2628-4bea-b1c7-58a370e3dcad", "class": null, "subtype": null, "level": null, "height": null, "num_floors": null }, "bbox": [ 50.4415125, 53.2278087, 50.4415931, 53.2278613 ], "geometry": { "type": "Polygon", "coordinates": [ [ [ 50.4415125, 53.2278235 ], [ 50.4415445, 53.2278087 ], [ 50.4415931, 53.2278465 ], [ 50.441561, 53.2278613 ], [ 50.4415125, 53.2278235 ] ] ] } },
{ "type": "Feature", "properties": { "source_type": "ml", "id": "31a379e5-7e23-4028-aa72-85bd077812ef", "class": null, "subtype": null, "level": null, "height": null, "num_floors": null }, "bbox": [ 50.4413958, 53.228112, 50.4415262, 53.2281807 ], "geometry": { "type": "Polygon", "coordinates": [ [ [ 50.441494, 53.228112 ], [ 50.4415262, 53.2281396 ], [ 50.441428, 53.2281807 ], [ 50.4413958, 53.2281532 ], [ 50.441494, 53.228112 ] ] ] } },
{ "type": "Feature", "properties": { "source_type": "ml", "id": "a0c5d180-ea35-487a-b944-14bdfdcc21e2", "class": null, "subtype": null, "level": null, "height": null, "num_floors": null }, "bbox": [ 50.4414846, 53.228222, 50.4417457, 53.2283452 ], "geometry": { "type": "Polygon", "coordinates": [ [ [ 50.4416274, 53.228222 ], [ 50.4416698, 53.2282648 ], [ 50.4417163, 53.2282482 ], [ 50.4417457, 53.2282779 ], [ 50.4415564, 53.2283452 ], [ 50.4414846, 53.2282728 ], [ 50.4416274, 53.228222 ] ] ] } },
{ "type": "Feature", "properties": { "source_type": "ml", "id": "f59ddce6-363b-40c4-9b0d-a4abd82fc47e", "class": null, "subtype": null, "level": null, "height": null, "num_floors": null }, "bbox": [ 50.4418483, 53.2282997, 50.4419381, 53.2283555 ], "geometry": { "type": "Polygon", "coordinates": [ [ [ 50.4418483, 53.2283194 ], [ 50.441888, 53.2282997 ], [ 50.4419381, 53.2283358 ], [ 50.4418984, 53.2283555 ], [ 50.4418483, 53.2283194 ] ] ] } },
{ "type": "Feature", "properties": { "source_type": "ml", "id": "34d2d34d-61e3-4c24-b23f-a29a78ab3da7", "class": null, "subtype": null, "level": null, "height": null, "num_floors": null }, "bbox": [ 50.4420666, 53.2280631, 50.4421689, 53.2281396 ], "geometry": { "type": "Polygon", "coordinates": [ [ [ 50.4421031, 53.2280631 ], [ 50.4421689, 53.2281258 ], [ 50.4421324, 53.2281396 ], [ 50.4420666, 53.2280769 ], [ 50.4421031, 53.2280631 ] ] ] } },
{ "type": "Feature", "properties": { "source_type": "ml", "id": "08e270a2-5790-494a-8d08-b95f4502c3bc", "class": null, "subtype": null, "level": null, "height": null, "num_floors": null }, "bbox": [ 50.4422733, 53.2281152, 50.4424291, 53.2282105 ], "geometry": { "type": "Polygon", "coordinates": [ [ [ 50.4422733, 53.2281471 ], [ 50.4423719, 53.2281152 ], [ 50.4424291, 53.2281786 ], [ 50.4423305, 53.2282105 ], [ 50.4422733, 53.2281471 ] ] ] } },
{ "type": "Feature", "properties": { "source_type": "ml", "id": "6c6add9d-5038-4ccd-aa16-757126f25bd1", "class": null, "subtype": null, "level": null, "height": null, "num_floors": null }, "bbox": [ 50.4425687, 53.2283471, 50.4426536, 53.2283908 ], "geometry": { "type": "Polygon", "coordinates": [ [ [ 50.4426333, 53.2283471 ], [ 50.4426536, 53.2283716 ], [ 50.442589, 53.2283908 ], [ 50.4425687, 53.2283663 ], [ 50.4426333, 53.2283471 ] ] ] } },
{ "type": "Feature", "properties": { "source_type": "ml", "id": "c8b61748-e0e0-4b44-a00f-0455335cb897", "class": null, "subtype": null, "level": null, "height": null, "num_floors": null }, "bbox": [ 50.4417047, 53.2274652, 50.4417735, 53.2275071 ], "geometry": { "type": "Polygon", "coordinates": [ [ [ 50.4417506, 53.2274652 ], [ 50.4417735, 53.227494 ], [ 50.4417277, 53.2275071 ], [ 50.4417047, 53.2274783 ], [ 50.4417506, 53.2274652 ] ] ] } },
{ "type": "Feature", "properties": { "source_type": "my", "id": "44ab372b-6868-4e29-bb25-626b2fee609f", "class": "house", "subtype": "residential", "level": null, "height": null, "num_floors": 2 }, "bbox": [ 50.441336, 53.2274563, 50.4415296, 53.2275702 ], "geometry": { "type": "Polygon", "coordinates": [ [ [ 50.4415296, 53.2275063 ], [ 50.4414115, 53.2275702 ], [ 50.441336, 53.2275201 ], [ 50.441454, 53.2274563 ], [ 50.4415296, 53.2275063 ] ] ] } },
{ "type": "Feature", "properties": { "source_type": "ml", "id": "e60e7578-ba83-4925-a223-b8f9e56ddd24", "class": null, "subtype": null, "level": null, "height": null, "num_floors": null }, "bbox": [ 50.4454034, 53.2274925, 50.4455143, 53.2275485 ], "geometry": { "type": "Polygon", "coordinates": [ [ [ 50.4454972, 53.2275485 ], [ 50.4454034, 53.227535 ], [ 50.4454205, 53.2274925 ], [ 50.4455143, 53.227506 ], [ 50.4454972, 53.2275485 ] ] ] } },
{ "type": "Feature", "properties": { "source_type": "ml", "id": "7d044a16-194a-4eb6-af47-0561abd5a6c8", "class": null, "subtype": null, "level": null, "height": null, "num_floors": null }, "bbox": [ 50.4446542, 53.2274731, 50.4447334, 53.2275173 ], "geometry": { "type": "Polygon", "coordinates": [ [ [ 50.4446726, 53.2274731 ], [ 50.4447334, 53.2274858 ], [ 50.4447151, 53.2275173 ], [ 50.4446542, 53.2275046 ], [ 50.4446726, 53.2274731 ] ] ] } },
{ "type": "Feature", "properties": { "source_type": "ml", "id": "d0c9932f-9715-4753-b0d1-4703e0bd3299", "class": null, "subtype": null, "level": null, "height": null, "num_floors": null }, "bbox": [ 50.4441538, 53.2274823, 50.4442409, 53.2275446 ], "geometry": { "type": "Polygon", "coordinates": [ [ [ 50.4441538, 53.2275305 ], [ 50.444199, 53.2274823 ], [ 50.4442409, 53.2274964 ], [ 50.4441956, 53.2275446 ], [ 50.4441538, 53.2275305 ] ] ] } },
{ "type": "Feature", "properties": { "source_type": "ml", "id": "aeb81e34-ce68-4cde-be50-d87c92a5fc95", "class": null, "subtype": null, "level": null, "height": null, "num_floors": null }, "bbox": [ 50.4442773, 53.227583, 50.4444541, 53.2276851 ], "geometry": { "type": "Polygon", "coordinates": [ [ [ 50.4442773, 53.227633 ], [ 50.4443423, 53.227583 ], [ 50.4444541, 53.2276351 ], [ 50.4443891, 53.2276851 ], [ 50.4442773, 53.227633 ] ] ] } },
{ "type": "Feature", "properties": { "source_type": "ml", "id": "93b2bf54-5635-4d83-845d-3cd40444f36a", "class": null, "subtype": null, "level": null, "height": null, "num_floors": null }, "bbox": [ 50.4445211, 53.2280008, 50.4446285, 53.2280629 ], "geometry": { "type": "Polygon", "coordinates": [ [ [ 50.4445211, 53.2280407 ], [ 50.4445952, 53.2280008 ], [ 50.4446285, 53.228023 ], [ 50.4445544, 53.2280629 ], [ 50.4445211, 53.2280407 ] ] ] } },
{ "type": "Feature", "properties": { "source_type": "ml", "id": "353c5733-b3d8-4e7f-b248-f7fc2283d86c", "class": null, "subtype": null, "level": null, "height": null, "num_floors": null }, "bbox": [ 50.4449269, 53.2280245, 50.4450584, 53.2281346 ], "geometry": { "type": "Polygon", "coordinates": [ [ [ 50.4449914, 53.2281346 ], [ 50.4449269, 53.2281181 ], [ 50.4449939, 53.2280245 ], [ 50.4450584, 53.228041 ], [ 50.4449914, 53.2281346 ] ] ] } },
{ "type": "Feature", "properties": { "source_type": "ml", "id": "b45d40ad-0248-4a9e-b1df-ae8ce7b8de0e", "class": null, "subtype": null, "level": null, "height": null, "num_floors": null }, "bbox": [ 50.4448105, 53.2280225, 50.4449597, 53.2281039 ], "geometry": { "type": "Polygon", "coordinates": [ [ [ 50.4448436, 53.2280225 ], [ 50.4449597, 53.2280465 ], [ 50.4449266, 53.2281039 ], [ 50.4448105, 53.2280799 ], [ 50.4448436, 53.2280225 ] ] ] } },
{ "type": "Feature", "properties": { "source_type": "ml", "id": "709e05cd-5112-46e5-8ad5-e8be296d8dbe", "class": null, "subtype": null, "level": null, "height": null, "num_floors": null }, "bbox": [ 50.4446931, 53.228069, 50.4448209, 53.2281522 ], "geometry": { "type": "Polygon", "coordinates": [ [ [ 50.4447538, 53.2281522 ], [ 50.4446931, 53.228127 ], [ 50.4447603, 53.228069 ], [ 50.4448209, 53.2280942 ], [ 50.4447538, 53.2281522 ] ] ] } },
{ "type": "Feature", "properties": { "source_type": "ml", "id": "dfe93c90-1eb4-4c7a-a1a7-6fc4465dff80", "class": null, "subtype": null, "level": null, "height": null, "num_floors": null }, "bbox": [ 50.4453172, 53.2282896, 50.445419, 53.2283804 ], "geometry": { "type": "Polygon", "coordinates": [ [ [ 50.4453569, 53.2283804 ], [ 50.4453172, 53.2283694 ], [ 50.4453793, 53.2282896 ], [ 50.445419, 53.2283006 ], [ 50.4453569, 53.2283804 ] ] ] } },
{ "type": "Feature", "properties": { "source_type": "ml", "id": "e599de75-cb0f-4e9f-833f-bac4366b193b", "class": null, "subtype": null, "level": null, "height": null, "num_floors": null }, "bbox": [ 50.4454541, 53.2281925, 50.4455643, 53.2282519 ], "geometry": { "type": "Polygon", "coordinates": [ [ [ 50.4454541, 53.2282342 ], [ 50.4454779, 53.2281925 ], [ 50.4455643, 53.2282102 ], [ 50.4455405, 53.2282519 ], [ 50.4454541, 53.2282342 ] ] ] } },
{ "type": "Feature", "properties": { "source_type": "ml", "id": "79c414d5-f73e-4632-8d40-ca9fbbca2ec2", "class": null, "subtype": null, "level": null, "height": null, "num_floors": null }, "bbox": [ 50.445009, 53.2280967, 50.4452127, 53.2282334 ], "geometry": { "type": "Polygon", "coordinates": [ [ [ 50.445091, 53.2280967 ], [ 50.4452127, 53.228132 ], [ 50.4451306, 53.2282334 ], [ 50.445009, 53.2281982 ], [ 50.445091, 53.2280967 ] ] ] } },
{ "type": "Feature", "properties": { "source_type": "ml", "id": "58873cad-cf57-4c96-8ada-32ecbc5e702e", "class": null, "subtype": null, "level": null, "height": null, "num_floors": null }, "bbox": [ 50.4454121, 53.2280206, 50.4455112, 53.228079 ], "geometry": { "type": "Polygon", "coordinates": [ [ [ 50.4454713, 53.228079 ], [ 50.4454121, 53.2280475 ], [ 50.4454521, 53.2280206 ], [ 50.4455112, 53.228052 ], [ 50.4454713, 53.228079 ] ] ] } },
{ "type": "Feature", "properties": { "source_type": "ml", "id": "f9f25b64-a047-4ce2-9fcb-673089ff5736", "class": null, "subtype": null, "level": null, "height": null, "num_floors": null }, "bbox": [ 50.4453608, 53.227902, 50.4455028, 53.2279702 ], "geometry": { "type": "Polygon", "coordinates": [ [ [ 50.4453608, 53.2279418 ], [ 50.4453883, 53.227902 ], [ 50.4455028, 53.2279304 ], [ 50.4454753, 53.2279702 ], [ 50.4453608, 53.2279418 ] ] ] } },
{ "type": "Feature", "properties": { "source_type": "ml", "id": "672618ef-5bca-4bd9-a9a0-0c3530dbe460", "class": null, "subtype": null, "level": null, "height": null, "num_floors": null }, "bbox": [ 50.4451459, 53.2278659, 50.4452912, 53.2279479 ], "geometry": { "type": "Polygon", "coordinates": [ [ [ 50.4452566, 53.2279479 ], [ 50.4451459, 53.2279244 ], [ 50.4451805, 53.2278659 ], [ 50.4452912, 53.2278894 ], [ 50.4452566, 53.2279479 ] ] ] } },
{ "type": "Feature", "properties": { "source_type": "ml", "id": "ae605ad0-ef8e-4a2c-9cd9-722065679532", "class": null, "subtype": null, "level": null, "height": null, "num_floors": null }, "bbox": [ 50.4445758, 53.2277595, 50.4446387, 53.2277953 ], "geometry": { "type": "Polygon", "coordinates": [ [ [ 50.444623, 53.2277953 ], [ 50.4445758, 53.2277849 ], [ 50.4445914, 53.2277595 ], [ 50.4446387, 53.2277699 ], [ 50.444623, 53.2277953 ] ] ] } },
{ "type": "Feature", "properties": { "source_type": "ml", "id": "f3ecdd15-e83d-40a3-b7cd-f4632aba2849", "class": null, "subtype": null, "level": null, "height": null, "num_floors": null }, "bbox": [ 50.4454867, 53.2276333, 50.4455615, 53.2276892 ], "geometry": { "type": "Polygon", "coordinates": [ [ [ 50.4454867, 53.2276788 ], [ 50.4455156, 53.2276333 ], [ 50.4455615, 53.2276437 ], [ 50.4455325, 53.2276892 ], [ 50.4454867, 53.2276788 ] ] ] } },
{ "type": "Feature", "properties": { "source_type": "ml", "id": "3e12fad0-d4c8-4ee1-8cba-bd7e8fd9a647", "class": null, "subtype": null, "level": null, "height": null, "num_floors": null }, "bbox": [ 50.4454077, 53.2275747, 50.4454901, 53.2276377 ], "geometry": { "type": "Polygon", "coordinates": [ [ [ 50.4454411, 53.2275747 ], [ 50.4454901, 53.2275861 ], [ 50.4454567, 53.2276377 ], [ 50.4454077, 53.2276264 ], [ 50.4454411, 53.2275747 ] ] ] } },
{ "type": "Feature", "properties": { "source_type": "ml", "id": "2b5ba0f3-4820-495f-877e-9b7f49a44820", "class": null, "subtype": null, "level": null, "height": null, "num_floors": null }, "bbox": [ 50.4457092, 53.2275513, 50.4458421, 53.22764 ], "geometry": { "type": "Polygon", "coordinates": [ [ [ 50.4457605, 53.2275513 ], [ 50.4458421, 53.227574 ], [ 50.4457908, 53.22764 ], [ 50.4457092, 53.2276173 ], [ 50.4457605, 53.2275513 ] ] ] } },
{ "type": "Feature", "properties": { "source_type": "ml", "id": "7689a967-6fe2-4654-8adb-23e463b8a444", "class": null, "subtype": null, "level": null, "height": null, "num_floors": null }, "bbox": [ 50.4457006, 53.2276499, 50.4457841, 53.2277119 ], "geometry": { "type": "Polygon", "coordinates": [ [ [ 50.4457006, 53.2277036 ], [ 50.4457201, 53.2276499 ], [ 50.4457841, 53.2276583 ], [ 50.4457646, 53.2277119 ], [ 50.4457006, 53.2277036 ] ] ] } },
{ "type": "Feature", "properties": { "source_type": "ml", "id": "5a23a8c4-dc28-4db1-a68c-3d8453361aa0", "class": null, "subtype": null, "level": null, "height": null, "num_floors": null }, "bbox": [ 50.4465532, 53.2275737, 50.4466167, 53.2276122 ], "geometry": { "type": "Polygon", "coordinates": [ [ [ 50.4465977, 53.2276122 ], [ 50.4465532, 53.2276011 ], [ 50.4465722, 53.2275737 ], [ 50.4466167, 53.2275848 ], [ 50.4465977, 53.2276122 ] ] ] } },
{ "type": "Feature", "properties": { "source_type": "ml", "id": "d9411415-0254-4f47-8318-9781a58b4289", "class": null, "subtype": null, "level": null, "height": null, "num_floors": null }, "bbox": [ 50.446557, 53.2276257, 50.4466246, 53.227663 ], "geometry": { "type": "Polygon", "coordinates": [ [ [ 50.446605, 53.227663 ], [ 50.446557, 53.2276476 ], [ 50.4465766, 53.2276257 ], [ 50.4466246, 53.227641 ], [ 50.446605, 53.227663 ] ] ] } },
{ "type": "Feature", "properties": { "source_type": "ml", "id": "cd3795ae-97ce-4f75-a7f5-e31f606ded7d", "class": null, "subtype": null, "level": null, "height": null, "num_floors": null }, "bbox": [ 50.4460906, 53.2277154, 50.4462191, 53.2277874 ], "geometry": { "type": "Polygon", "coordinates": [ [ [ 50.446183, 53.2277874 ], [ 50.4460906, 53.2277615 ], [ 50.4461266, 53.2277154 ], [ 50.4462191, 53.2277412 ], [ 50.446183, 53.2277874 ] ] ] } },
{ "type": "Feature", "properties": { "source_type": "ml", "id": "f6e30432-eef8-4833-879a-f0712155b460", "class": null, "subtype": null, "level": null, "height": null, "num_floors": null }, "bbox": [ 50.4463383, 53.2277973, 50.4465499, 53.2278806 ], "geometry": { "type": "Polygon", "coordinates": [ [ [ 50.4465499, 53.227834 ], [ 50.4465273, 53.2278734 ], [ 50.4464745, 53.2278626 ], [ 50.4464642, 53.2278806 ], [ 50.4463383, 53.2278548 ], [ 50.4463712, 53.2277973 ], [ 50.4465499, 53.227834 ] ] ] } },
{ "type": "Feature", "properties": { "source_type": "ml", "id": "bf18284a-0bf2-4aca-af2d-b7f6f7501108", "class": null, "subtype": null, "level": null, "height": null, "num_floors": null }, "bbox": [ 50.4462666, 53.2279067, 50.4463508, 53.2279585 ], "geometry": { "type": "Polygon", "coordinates": [ [ [ 50.4462666, 53.227941 ], [ 50.4462985, 53.2279067 ], [ 50.4463508, 53.2279242 ], [ 50.4463189, 53.2279585 ], [ 50.4462666, 53.227941 ] ] ] } },
{ "type": "Feature", "properties": { "source_type": "ml", "id": "ae77a4b2-d5b0-4cb3-98da-609925cadcf4", "class": null, "subtype": null, "level": null, "height": null, "num_floors": null }, "bbox": [ 50.4456127, 53.2279089, 50.4456839, 53.2279521 ], "geometry": { "type": "Polygon", "coordinates": [ [ [ 50.445639, 53.2279089 ], [ 50.4456839, 53.2279239 ], [ 50.4456577, 53.2279521 ], [ 50.4456127, 53.227937 ], [ 50.445639, 53.2279089 ] ] ] } },
{ "type": "Feature", "properties": { "source_type": "ml", "id": "4edc81dd-1357-4c2a-80ae-3e96946244e1", "class": null, "subtype": null, "level": null, "height": null, "num_floors": null }, "bbox": [ 50.4456759, 53.2280211, 50.4457777, 53.2280881 ], "geometry": { "type": "Polygon", "coordinates": [ [ [ 50.4456759, 53.2280691 ], [ 50.4457201, 53.2280211 ], [ 50.4457777, 53.2280401 ], [ 50.4457335, 53.2280881 ], [ 50.4456759, 53.2280691 ] ] ] } },
{ "type": "Feature", "properties": { "source_type": "ml", "id": "025c6c29-080e-4ec1-8cb3-ae861a482d8e", "class": null, "subtype": null, "level": null, "height": null, "num_floors": null }, "bbox": [ 50.4457957, 53.2280661, 50.4459574, 53.2281504 ], "geometry": { "type": "Polygon", "coordinates": [ [ [ 50.4459171, 53.2281504 ], [ 50.4457957, 53.2281036 ], [ 50.4458359, 53.2280661 ], [ 50.4459574, 53.2281129 ], [ 50.4459171, 53.2281504 ] ] ] } },
{ "type": "Feature", "properties": { "source_type": "ml", "id": "93dcf1a9-d30b-4c2e-8994-981fb37de7bc", "class": null, "subtype": null, "level": null, "height": null, "num_floors": null }, "bbox": [ 50.4456324, 53.228285, 50.4457134, 53.228327 ], "geometry": { "type": "Polygon", "coordinates": [ [ [ 50.4456526, 53.228285 ], [ 50.4457134, 53.2283071 ], [ 50.4456932, 53.228327 ], [ 50.4456324, 53.228305 ], [ 50.4456526, 53.228285 ] ] ] } },
{ "type": "Feature", "properties": { "source_type": "ml", "id": "dbfc00fb-7e54-47b1-95c6-ca32ba62d4a3", "class": null, "subtype": null, "level": null, "height": null, "num_floors": null }, "bbox": [ 50.4460683, 53.2282347, 50.4461459, 53.2282888 ], "geometry": { "type": "Polygon", "coordinates": [ [ [ 50.4461006, 53.2282347 ], [ 50.4461459, 53.2282473 ], [ 50.4461136, 53.2282888 ], [ 50.4460683, 53.2282762 ], [ 50.4461006, 53.2282347 ] ] ] } },
{ "type": "Feature", "properties": { "source_type": "ml", "id": "8cf6175d-cfb8-4c17-90f4-758c544a9736", "class": null, "subtype": null, "level": null, "height": null, "num_floors": null }, "bbox": [ 50.4459348, 53.2282057, 50.4460208, 53.228244 ], "geometry": { "type": "Polygon", "coordinates": [ [ [ 50.4459484, 53.2282057 ], [ 50.4460208, 53.2282212 ], [ 50.4460072, 53.228244 ], [ 50.4459348, 53.2282284 ], [ 50.4459484, 53.2282057 ] ] ] } },
{ "type": "Feature", "properties": { "source_type": "ml", "id": "798fd546-c678-44b0-9732-61224a6ff0a1", "class": null, "subtype": null, "level": null, "height": null, "num_floors": null }, "bbox": [ 50.4461636, 53.2281869, 50.4462316, 53.2282418 ], "geometry": { "type": "Polygon", "coordinates": [ [ [ 50.4461953, 53.2282418 ], [ 50.4461636, 53.2282328 ], [ 50.4462, 53.2281869 ], [ 50.4462316, 53.2281958 ], [ 50.4461953, 53.2282418 ] ] ] } },
{ "type": "Feature", "properties": { "source_type": "ml", "id": "cb99b2b0-7796-4f8a-856a-fd770528447e", "class": null, "subtype": null, "level": null, "height": null, "num_floors": null }, "bbox": [ 50.4462138, 53.2282913, 50.4463056, 53.2283517 ], "geometry": { "type": "Polygon", "coordinates": [ [ [ 50.4462442, 53.2282913 ], [ 50.4463056, 53.228306 ], [ 50.4462752, 53.2283517 ], [ 50.4462138, 53.228337 ], [ 50.4462442, 53.2282913 ] ] ] } },
{ "type": "Feature", "properties": { "source_type": "ml", "id": "f28a06f1-d7ae-4263-b475-4dbcbb886f95", "class": null, "subtype": null, "level": null, "height": null, "num_floors": null }, "bbox": [ 50.4462919, 53.2283369, 50.44639, 53.2283837 ], "geometry": { "type": "Polygon", "coordinates": [ [ [ 50.4463711, 53.2283837 ], [ 50.4462919, 53.2283569 ], [ 50.4463108, 53.2283369 ], [ 50.44639, 53.2283637 ], [ 50.4463711, 53.2283837 ] ] ] } },
{ "type": "Feature", "properties": { "source_type": "ml", "id": "a9056465-d85b-4d11-a075-c1437933f3a5", "class": null, "subtype": null, "level": null, "height": null, "num_floors": null }, "bbox": [ 50.4465916, 53.2283521, 50.4467165, 53.2284311 ], "geometry": { "type": "Polygon", "coordinates": [ [ [ 50.4466487, 53.2283521 ], [ 50.4467165, 53.2283786 ], [ 50.4466594, 53.2284311 ], [ 50.4465916, 53.2284046 ], [ 50.4466487, 53.2283521 ] ] ] } },
{ "type": "Feature", "properties": { "source_type": "ml", "id": "d2152b8c-4c68-4760-802f-aacb39bb4567", "class": null, "subtype": null, "level": null, "height": null, "num_floors": null }, "bbox": [ 50.4464349, 53.2281172, 50.446563, 53.2281898 ], "geometry": { "type": "Polygon", "coordinates": [ [ [ 50.4464349, 53.228167 ], [ 50.4464682, 53.2281172 ], [ 50.446563, 53.22814 ], [ 50.4465296, 53.2281898 ], [ 50.4464349, 53.228167 ] ] ] } },
{ "type": "Feature", "properties": { "source_type": "ml", "id": "684c6540-c261-46d7-9b21-5dbe3ed4c8ab", "class": null, "subtype": null, "level": null, "height": null, "num_floors": null }, "bbox": [ 50.446077, 53.2281636, 50.4461915, 53.228223 ], "geometry": { "type": "Polygon", "coordinates": [ [ [ 50.4461025, 53.2281636 ], [ 50.4461915, 53.2281851 ], [ 50.4461659, 53.228223 ], [ 50.446077, 53.2282015 ], [ 50.4461025, 53.2281636 ] ] ] } },
{ "type": "Feature", "properties": { "source_type": "ml", "id": "6a7655e2-b688-443a-b4b1-881d4e642bf8", "class": null, "subtype": null, "level": null, "height": null, "num_floors": null }, "bbox": [ 50.4461916, 53.2279938, 50.4462578, 53.2280395 ], "geometry": { "type": "Polygon", "coordinates": [ [ [ 50.446227, 53.2280395 ], [ 50.4461916, 53.2280282 ], [ 50.4462223, 53.2279938 ], [ 50.4462578, 53.2280052 ], [ 50.446227, 53.2280395 ] ] ] } },
{ "type": "Feature", "properties": { "source_type": "ml", "id": "f773c7a4-1d3f-4faa-babc-9e76f0adcd8b", "class": null, "subtype": null, "level": null, "height": null, "num_floors": null }, "bbox": [ 50.4463909, 53.2280121, 50.4464795, 53.2280553 ], "geometry": { "type": "Polygon", "coordinates": [ [ [ 50.4464609, 53.2280553 ], [ 50.4463909, 53.2280346 ], [ 50.4464094, 53.2280121 ], [ 50.4464795, 53.2280328 ], [ 50.4464609, 53.2280553 ] ] ] } },
{ "type": "Feature", "properties": { "source_type": "ml", "id": "0731ab23-49a2-49f9-acdb-5d61de24a62a", "class": null, "subtype": null, "level": null, "height": null, "num_floors": null }, "bbox": [ 50.4467518, 53.2280855, 50.4468994, 53.228187 ], "geometry": { "type": "Polygon", "coordinates": [ [ [ 50.4467518, 53.2281635 ], [ 50.4468074, 53.2280855 ], [ 50.4468994, 53.228109 ], [ 50.4468437, 53.228187 ], [ 50.4467518, 53.2281635 ] ] ] } },
{ "type": "Feature", "properties": { "source_type": "ml", "id": "26c12782-f66e-4764-a0cb-fee70c1b6018", "class": null, "subtype": null, "level": null, "height": null, "num_floors": null }, "bbox": [ 50.4467473, 53.2282772, 50.446851, 53.2283408 ], "geometry": { "type": "Polygon", "coordinates": [ [ [ 50.4467783, 53.2282772 ], [ 50.446851, 53.2282946 ], [ 50.44682, 53.2283408 ], [ 50.4467473, 53.2283234 ], [ 50.4467783, 53.2282772 ] ] ] } },
{ "type": "Feature", "properties": { "source_type": "ml", "id": "ee572158-b8dd-4485-a65c-f6f235211561", "class": null, "subtype": null, "level": null, "height": null, "num_floors": null }, "bbox": [ 50.4471295, 53.2282539, 50.4472403, 53.2283016 ], "geometry": { "type": "Polygon", "coordinates": [ [ [ 50.4471462, 53.2282539 ], [ 50.4472403, 53.2282798 ], [ 50.4472236, 53.2283016 ], [ 50.4471295, 53.2282756 ], [ 50.4471462, 53.2282539 ] ] ] } },
{ "type": "Feature", "properties": { "source_type": "ml", "id": "d8d1b19a-11aa-45fa-875d-dcc5509c58c0", "class": null, "subtype": null, "level": null, "height": null, "num_floors": null }, "bbox": [ 50.4469231, 53.228183, 50.4470291, 53.2282408 ], "geometry": { "type": "Polygon", "coordinates": [ [ [ 50.4469993, 53.2282408 ], [ 50.4469231, 53.2282076 ], [ 50.446953, 53.228183 ], [ 50.4470291, 53.2282163 ], [ 50.4469993, 53.2282408 ] ] ] } },
{ "type": "Feature", "properties": { "source_type": "ml", "id": "ea69d05f-027e-4748-a51b-7f053145a4de", "class": null, "subtype": null, "level": null, "height": null, "num_floors": null }, "bbox": [ 50.4470094, 53.2281899, 50.4471096, 53.2282636 ], "geometry": { "type": "Polygon", "coordinates": [ [ [ 50.4470094, 53.2282354 ], [ 50.4470602, 53.2281899 ], [ 50.4470973, 53.2282047 ], [ 50.4470762, 53.2282236 ], [ 50.4471096, 53.2282369 ], [ 50.4470799, 53.2282636 ], [ 50.4470094, 53.2282354 ] ] ] } },
{ "type": "Feature", "properties": { "source_type": "ml", "id": "d74e61d1-d9ee-4f2a-868c-67cec56a9977", "class": null, "subtype": null, "level": null, "height": null, "num_floors": null }, "bbox": [ 50.4475551, 53.2283612, 50.447641, 53.2284181 ], "geometry": { "type": "Polygon", "coordinates": [ [ [ 50.4475551, 53.2284053 ], [ 50.4475816, 53.2283612 ], [ 50.447641, 53.228374 ], [ 50.4476145, 53.2284181 ], [ 50.4475551, 53.2284053 ] ] ] } },
{ "type": "Feature", "properties": { "source_type": "ml", "id": "b7a11422-0239-485c-aaca-f4668203c4b7", "class": null, "subtype": null, "level": null, "height": null, "num_floors": null }, "bbox": [ 50.4475244, 53.2281151, 50.4477401, 53.2282483 ], "geometry": { "type": "Polygon", "coordinates": [ [ [ 50.4475244, 53.2282058 ], [ 50.4476022, 53.2281151 ], [ 50.4477401, 53.2281575 ], [ 50.4476623, 53.2282483 ], [ 50.4475244, 53.2282058 ] ] ] } },
{ "type": "Feature", "properties": { "source_type": "ml", "id": "dddf9f07-d95c-4416-b369-bb23017f0c91", "class": null, "subtype": null, "level": null, "height": null, "num_floors": null }, "bbox": [ 50.4471973, 53.2281658, 50.447309, 53.2282144 ], "geometry": { "type": "Polygon", "coordinates": [ [ [ 50.4472915, 53.2282144 ], [ 50.4471973, 53.2281894 ], [ 50.4472148, 53.2281658 ], [ 50.447309, 53.2281907 ], [ 50.4472915, 53.2282144 ] ] ] } },
{ "type": "Feature", "properties": { "source_type": "ml", "id": "33ce919d-31f7-4f7a-a061-ced306f3fcd1", "class": null, "subtype": null, "level": null, "height": null, "num_floors": null }, "bbox": [ 50.4472814, 53.228064, 50.4474052, 53.2281388 ], "geometry": { "type": "Polygon", "coordinates": [ [ [ 50.4473654, 53.2281388 ], [ 50.4472814, 53.2281156 ], [ 50.4473212, 53.228064 ], [ 50.4474052, 53.2280872 ], [ 50.4473654, 53.2281388 ] ] ] } },
{ "type": "Feature", "properties": { "source_type": "ml", "id": "d7997ee9-77fc-4eca-aea0-82dc294198ae", "class": null, "subtype": null, "level": null, "height": null, "num_floors": null }, "bbox": [ 50.4472109, 53.228014, 50.447287, 53.2280579 ], "geometry": { "type": "Polygon", "coordinates": [ [ [ 50.4472384, 53.228014 ], [ 50.447287, 53.2280376 ], [ 50.4472594, 53.2280579 ], [ 50.4472109, 53.2280344 ], [ 50.4472384, 53.228014 ] ] ] } },
{ "type": "Feature", "properties": { "source_type": "ml", "id": "b384c683-5a70-4c03-bb35-4d1e1b361b0f", "class": null, "subtype": null, "level": null, "height": null, "num_floors": null }, "bbox": [ 50.4477177, 53.2280268, 50.4478278, 53.2280867 ], "geometry": { "type": "Polygon", "coordinates": [ [ [ 50.4478278, 53.2280589 ], [ 50.4477494, 53.2280867 ], [ 50.4477177, 53.2280546 ], [ 50.4477961, 53.2280268 ], [ 50.4478278, 53.2280589 ] ] ] } },
{ "type": "Feature", "properties": { "source_type": "ml", "id": "0c7ebe9c-6a96-4b28-9c8f-264009593d5f", "class": null, "subtype": null, "level": null, "height": null, "num_floors": null }, "bbox": [ 50.4474678, 53.2279514, 50.4475905, 53.2280154 ], "geometry": { "type": "Polygon", "coordinates": [ [ [ 50.4475611, 53.2280154 ], [ 50.4474678, 53.2279899 ], [ 50.4474971, 53.2279514 ], [ 50.4475905, 53.2279768 ], [ 50.4475611, 53.2280154 ] ] ] } },
{ "type": "Feature", "properties": { "source_type": "ml", "id": "4706230f-a7fe-472d-99a2-14885c9671ce", "class": null, "subtype": null, "level": null, "height": null, "num_floors": null }, "bbox": [ 50.4477072, 53.2278926, 50.4477951, 53.2279342 ], "geometry": { "type": "Polygon", "coordinates": [ [ [ 50.4477227, 53.2278926 ], [ 50.4477951, 53.227919 ], [ 50.4477796, 53.2279342 ], [ 50.4477072, 53.2279078 ], [ 50.4477227, 53.2278926 ] ] ] } },
{ "type": "Feature", "properties": { "source_type": "ml", "id": "8e4468fa-c292-4c4d-979f-29cae68c4cc9", "class": null, "subtype": null, "level": null, "height": null, "num_floors": null }, "bbox": [ 50.4473319, 53.2278356, 50.4474959, 53.2279231 ], "geometry": { "type": "Polygon", "coordinates": [ [ [ 50.4473687, 53.2278356 ], [ 50.4474959, 53.2278639 ], [ 50.4474591, 53.2279231 ], [ 50.4473319, 53.2278948 ], [ 50.4473687, 53.2278356 ] ] ] } },
{ "type": "Feature", "properties": { "source_type": "ml", "id": "16592ca5-19a4-46c1-90ac-caaba5f8fbc3", "class": null, "subtype": null, "level": null, "height": null, "num_floors": null }, "bbox": [ 50.4468755, 53.2279474, 50.447, 53.2280265 ], "geometry": { "type": "Polygon", "coordinates": [ [ [ 50.4468755, 53.2280041 ], [ 50.4469197, 53.2279474 ], [ 50.447, 53.2279698 ], [ 50.4469558, 53.2280265 ], [ 50.4468755, 53.2280041 ] ] ] } },
{ "type": "Feature", "properties": { "source_type": "ml", "id": "a73b70b1-3ec5-4dc0-8b1f-aca050bded99", "class": null, "subtype": null, "level": null, "height": null, "num_floors": null }, "bbox": [ 50.4466565, 53.2278873, 50.4467259, 53.2279261 ], "geometry": { "type": "Polygon", "coordinates": [ [ [ 50.446708, 53.2279261 ], [ 50.4466565, 53.2279134 ], [ 50.4466744, 53.2278873 ], [ 50.4467259, 53.2279 ], [ 50.446708, 53.2279261 ] ] ] } },
{ "type": "Feature", "properties": { "source_type": "ml", "id": "e21014bd-6dcb-419a-8c5f-095d195c87b3", "class": null, "subtype": null, "level": null, "height": null, "num_floors": null }, "bbox": [ 50.4470633, 53.2278333, 50.4471775, 53.2278908 ], "geometry": { "type": "Polygon", "coordinates": [ [ [ 50.4470633, 53.2278666 ], [ 50.4470886, 53.2278333 ], [ 50.4471775, 53.2278575 ], [ 50.4471523, 53.2278908 ], [ 50.4470633, 53.2278666 ] ] ] } },
{ "type": "Feature", "properties": { "source_type": "ml", "id": "6c497a87-7928-4996-b66f-bfadaa9c9cb0", "class": null, "subtype": null, "level": null, "height": null, "num_floors": null }, "bbox": [ 50.4474377, 53.2275573, 50.4475255, 53.2276204 ], "geometry": { "type": "Polygon", "coordinates": [ [ [ 50.4474814, 53.2276204 ], [ 50.4474377, 53.2276063 ], [ 50.4474819, 53.2275573 ], [ 50.4475255, 53.2275714 ], [ 50.4474814, 53.2276204 ] ] ] } },
{ "type": "Feature", "properties": { "source_type": "ml", "id": "1778c2b5-2cf9-48eb-b237-7769b83d3d41", "class": null, "subtype": null, "level": null, "height": null, "num_floors": null }, "bbox": [ 50.4473216, 53.2277082, 50.4473973, 53.2277681 ], "geometry": { "type": "Polygon", "coordinates": [ [ [ 50.4473593, 53.2277681 ], [ 50.4473216, 53.2277578 ], [ 50.4473597, 53.2277082 ], [ 50.4473973, 53.2277185 ], [ 50.4473593, 53.2277681 ] ] ] } },
{ "type": "Feature", "properties": { "source_type": "ml", "id": "03ca7daf-801a-4e30-b607-7921da61d855", "class": null, "subtype": null, "level": null, "height": null, "num_floors": null }, "bbox": [ 50.4475558, 53.2277236, 50.4476483, 53.2277823 ], "geometry": { "type": "Polygon", "coordinates": [ [ [ 50.4475558, 53.2277694 ], [ 50.4475801, 53.2277236 ], [ 50.4476483, 53.2277365 ], [ 50.447624, 53.2277823 ], [ 50.4475558, 53.2277694 ] ] ] } },
{ "type": "Feature", "properties": { "source_type": "ml", "id": "b08a5f5f-3825-4b38-9e7d-2cc29f040827", "class": null, "subtype": null, "level": null, "height": null, "num_floors": null }, "bbox": [ 50.4470285, 53.2275248, 50.4471252, 53.2275774 ], "geometry": { "type": "Polygon", "coordinates": [ [ [ 50.4470977, 53.2275774 ], [ 50.4470285, 53.2275541 ], [ 50.447056, 53.2275248 ], [ 50.4471252, 53.2275482 ], [ 50.4470977, 53.2275774 ] ] ] } },
{ "type": "Feature", "properties": { "source_type": "ml", "id": "e713d845-38cb-41ed-96f9-ad449ef43097", "class": null, "subtype": null, "level": null, "height": null, "num_floors": null }, "bbox": [ 50.4466175, 53.2274667, 50.4466983, 53.227518 ], "geometry": { "type": "Polygon", "coordinates": [ [ [ 50.4466175, 53.2274836 ], [ 50.446661, 53.2274667 ], [ 50.4466983, 53.2275012 ], [ 50.4466548, 53.227518 ], [ 50.4466175, 53.2274836 ] ] ] } },
{ "type": "Feature", "properties": { "source_type": "ml", "id": "c10b18c0-583c-403b-a439-ecbd14fe450e", "class": null, "subtype": null, "level": null, "height": null, "num_floors": null }, "bbox": [ 50.4460479, 53.2274644, 50.4462374, 53.2275733 ], "geometry": { "type": "Polygon", "coordinates": [ [ [ 50.4460479, 53.2275425 ], [ 50.4460951, 53.2274644 ], [ 50.4462374, 53.2274953 ], [ 50.4461902, 53.2275733 ], [ 50.4460479, 53.2275425 ] ] ] } },
{ "type": "Feature", "properties": { "source_type": "ml", "id": "92d9d199-0920-4b55-b040-726c143af900", "class": null, "subtype": null, "level": null, "height": null, "num_floors": null }, "bbox": [ 50.4478471, 53.2275156, 50.4480241, 53.2276166 ], "geometry": { "type": "Polygon", "coordinates": [ [ [ 50.4478986, 53.2275156 ], [ 50.4480241, 53.2275507 ], [ 50.4479727, 53.2276166 ], [ 50.4478471, 53.2275815 ], [ 50.4478986, 53.2275156 ] ] ] } },
{ "type": "Feature", "properties": { "source_type": "ml", "id": "747129ec-0d51-4ec8-8ffc-d2ecf0d61bc5", "class": null, "subtype": null, "level": null, "height": null, "num_floors": null }, "bbox": [ 50.4485099, 53.2275234, 50.448698, 53.2276258 ], "geometry": { "type": "Polygon", "coordinates": [ [ [ 50.4486506, 53.2276258 ], [ 50.4485099, 53.22759 ], [ 50.4485573, 53.2275234 ], [ 50.448698, 53.2275593 ], [ 50.4486506, 53.2276258 ] ] ] } },
{ "type": "Feature", "properties": { "source_type": "ml", "id": "7cc49d82-d2ad-4f8a-9215-52c5feed97b4", "class": null, "subtype": null, "level": null, "height": null, "num_floors": null }, "bbox": [ 50.4486364, 53.2277996, 50.4487748, 53.2278825 ], "geometry": { "type": "Polygon", "coordinates": [ [ [ 50.4486364, 53.2278549 ], [ 50.4486825, 53.2277996 ], [ 50.4487748, 53.2278272 ], [ 50.4487287, 53.2278825 ], [ 50.4486364, 53.2278549 ] ] ] } },
{ "type": "Feature", "properties": { "source_type": "ml", "id": "b22c76d3-c723-447f-a738-5142f090a55b", "class": null, "subtype": null, "level": null, "height": null, "num_floors": null }, "bbox": [ 50.448061, 53.2279533, 50.4481384, 53.2280075 ], "geometry": { "type": "Polygon", "coordinates": [ [ [ 50.4481017, 53.2280075 ], [ 50.448061, 53.2279946 ], [ 50.4480977, 53.2279533 ], [ 50.4481384, 53.2279662 ], [ 50.4481017, 53.2280075 ] ] ] } },
{ "type": "Feature", "properties": { "source_type": "ml", "id": "e977524e-dc02-4f6f-8285-04bd5554def8", "class": null, "subtype": null, "level": null, "height": null, "num_floors": null }, "bbox": [ 50.4481016, 53.2278833, 50.4481916, 53.2279307 ], "geometry": { "type": "Polygon", "coordinates": [ [ [ 50.4481252, 53.2278833 ], [ 50.4481916, 53.227907 ], [ 50.448168, 53.2279307 ], [ 50.4481016, 53.227907 ], [ 50.4481252, 53.2278833 ] ] ] } },
{ "type": "Feature", "properties": { "source_type": "ml", "id": "eac990ec-840c-43f1-8ce5-169b4d5458eb", "class": null, "subtype": null, "level": null, "height": null, "num_floors": null }, "bbox": [ 50.4478912, 53.2278267, 50.4480674, 53.2279164 ], "geometry": { "type": "Polygon", "coordinates": [ [ [ 50.4479313, 53.2278267 ], [ 50.4480674, 53.2278641 ], [ 50.4480274, 53.2279164 ], [ 50.4478912, 53.227879 ], [ 50.4479313, 53.2278267 ] ] ] } },
{ "type": "Feature", "properties": { "source_type": "ml", "id": "203c2be5-2955-4237-bc14-49fd845ccf09", "class": null, "subtype": null, "level": null, "height": null, "num_floors": null }, "bbox": [ 50.4479168, 53.2279053, 50.4479891, 53.2279498 ], "geometry": { "type": "Polygon", "coordinates": [ [ [ 50.4479372, 53.2279053 ], [ 50.4479891, 53.2279167 ], [ 50.4479688, 53.2279498 ], [ 50.4479168, 53.2279384 ], [ 50.4479372, 53.2279053 ] ] ] } },
{ "type": "Feature", "properties": { "source_type": "ml", "id": "a6bc2155-061c-40f7-a5c7-8ce85b450552", "class": null, "subtype": null, "level": null, "height": null, "num_floors": null }, "bbox": [ 50.447848, 53.2280442, 50.4480089, 53.2281367 ], "geometry": { "type": "Polygon", "coordinates": [ [ [ 50.447848, 53.2281005 ], [ 50.4479005, 53.2280442 ], [ 50.4480089, 53.2280804 ], [ 50.4479564, 53.2281367 ], [ 50.447848, 53.2281005 ] ] ] } },
{ "type": "Feature", "properties": { "source_type": "ml", "id": "441d174e-6aaf-4b35-882f-8b3c541e78f7", "class": null, "subtype": null, "level": null, "height": null, "num_floors": null }, "bbox": [ 50.4481065, 53.2281314, 50.4482711, 53.2282133 ], "geometry": { "type": "Polygon", "coordinates": [ [ [ 50.4482401, 53.2282133 ], [ 50.4481065, 53.2281862 ], [ 50.4481374, 53.2281314 ], [ 50.4482711, 53.2281585 ], [ 50.4482401, 53.2282133 ] ] ] } },
{ "type": "Feature", "properties": { "source_type": "ml", "id": "b476da91-33e5-4e6d-a94c-b2cdf0c518af", "class": null, "subtype": null, "level": null, "height": null, "num_floors": null }, "bbox": [ 50.4479967, 53.2281145, 50.4480801, 53.2281746 ], "geometry": { "type": "Polygon", "coordinates": [ [ [ 50.4479967, 53.228163 ], [ 50.4480253, 53.2281145 ], [ 50.4480801, 53.2281261 ], [ 50.4480515, 53.2281746 ], [ 50.4479967, 53.228163 ] ] ] } },
{ "type": "Feature", "properties": { "source_type": "ml", "id": "8a5305a2-0363-4399-8c7f-f3d94b0d97e9", "class": null, "subtype": null, "level": null, "height": null, "num_floors": null }, "bbox": [ 50.4477604, 53.2282361, 50.4479502, 53.2283497 ], "geometry": { "type": "Polygon", "coordinates": [ [ [ 50.4477604, 53.2283118 ], [ 50.4478237, 53.2282361 ], [ 50.4479502, 53.228274 ], [ 50.4478869, 53.2283497 ], [ 50.4477604, 53.2283118 ] ] ] } },
{ "type": "Feature", "properties": { "source_type": "ml", "id": "17b2f908-4ab1-4c5b-975e-fead2be272e2", "class": null, "subtype": null, "level": null, "height": null, "num_floors": null }, "bbox": [ 50.4478828, 53.2283885, 50.4479616, 53.2284268 ], "geometry": { "type": "Polygon", "coordinates": [ [ [ 50.4479452, 53.2284268 ], [ 50.4478828, 53.2284075 ], [ 50.4478992, 53.2283885 ], [ 50.4479616, 53.2284078 ], [ 50.4479452, 53.2284268 ] ] ] } },
{ "type": "Feature", "properties": { "source_type": "ml", "id": "4561a598-a892-4e3f-9259-380c28ff00a8", "class": null, "subtype": null, "level": null, "height": null, "num_floors": null }, "bbox": [ 50.4479495, 53.2282914, 50.4480764, 53.2283721 ], "geometry": { "type": "Polygon", "coordinates": [ [ [ 50.4480283, 53.2283721 ], [ 50.4479495, 53.2283481 ], [ 50.4479975, 53.2282914 ], [ 50.4480764, 53.2283154 ], [ 50.4480283, 53.2283721 ] ] ] } },
{ "type": "Feature", "properties": { "source_type": "ml", "id": "7acab93f-2547-42d5-8775-fd1477e53853", "class": null, "subtype": null, "level": null, "height": null, "num_floors": null }, "bbox": [ 50.4481341, 53.2283208, 50.4482323, 53.2283642 ], "geometry": { "type": "Polygon", "coordinates": [ [ [ 50.44815, 53.2283208 ], [ 50.4482323, 53.228344 ], [ 50.4482164, 53.2283642 ], [ 50.4481341, 53.2283411 ], [ 50.44815, 53.2283208 ] ] ] } },
{ "type": "Feature", "properties": { "source_type": "ml", "id": "d2650f45-8ca8-4128-a30f-d9537c338902", "class": null, "subtype": null, "level": null, "height": null, "num_floors": null }, "bbox": [ 50.4482273, 53.2283276, 50.4483554, 53.2283999 ], "geometry": { "type": "Polygon", "coordinates": [ [ [ 50.4482589, 53.2283276 ], [ 50.4483554, 53.2283492 ], [ 50.4483238, 53.2283999 ], [ 50.4482273, 53.2283783 ], [ 50.4482589, 53.2283276 ] ] ] } },
{ "type": "Feature", "properties": { "source_type": "ml", "id": "30d5fbfe-965e-400a-ae9c-273fabb87f15", "class": null, "subtype": null, "level": null, "height": null, "num_floors": null }, "bbox": [ 50.4483216, 53.2282341, 50.4484166, 53.2282871 ], "geometry": { "type": "Polygon", "coordinates": [ [ [ 50.4483947, 53.2282871 ], [ 50.4483216, 53.2282719 ], [ 50.4483435, 53.2282341 ], [ 50.4484166, 53.2282493 ], [ 50.4483947, 53.2282871 ] ] ] } },
{ "type": "Feature", "properties": { "source_type": "ml", "id": "f4303f6f-9271-4b07-bcd7-d9972ce47219", "class": null, "subtype": null, "level": null, "height": null, "num_floors": null }, "bbox": [ 50.4486657, 53.2283358, 50.4487828, 53.2283993 ], "geometry": { "type": "Polygon", "coordinates": [ [ [ 50.4486957, 53.2283358 ], [ 50.4487828, 53.2283592 ], [ 50.4487527, 53.2283993 ], [ 50.4486657, 53.2283759 ], [ 50.4486957, 53.2283358 ] ] ] } },
{ "type": "Feature", "properties": { "source_type": "ml", "id": "e7b9117b-ccd8-4974-8826-d03ebccd5eb5", "class": null, "subtype": null, "level": null, "height": null, "num_floors": null }, "bbox": [ 50.4487342, 53.228108, 50.4488411, 53.2281726 ], "geometry": { "type": "Polygon", "coordinates": [ [ [ 50.4488035, 53.2281726 ], [ 50.4487342, 53.2281507 ], [ 50.4487717, 53.228108 ], [ 50.4488411, 53.2281298 ], [ 50.4488035, 53.2281726 ] ] ] } },
{ "type": "Feature", "properties": { "source_type": "ml", "id": "7b3dac98-b9b7-48b5-96c1-14f8362465d7", "class": null, "subtype": null, "level": null, "height": null, "num_floors": null }, "bbox": [ 50.448309, 53.2280837, 50.4485453, 53.2282329 ], "geometry": { "type": "Polygon", "coordinates": [ [ [ 50.448309, 53.2281922 ], [ 50.4483868, 53.2280837 ], [ 50.4485453, 53.2281245 ], [ 50.4484675, 53.2282329 ], [ 50.448309, 53.2281922 ] ] ] } },
{ "type": "Feature", "properties": { "source_type": "ml", "id": "db4c09f4-168e-48d5-9cf1-f63587fa24bd", "class": null, "subtype": null, "level": null, "height": null, "num_floors": null }, "bbox": [ 50.4483268, 53.2279787, 50.448445, 53.2280695 ], "geometry": { "type": "Polygon", "coordinates": [ [ [ 50.4483873, 53.2280695 ], [ 50.4483268, 53.2280525 ], [ 50.4483844, 53.2279787 ], [ 50.448445, 53.2279957 ], [ 50.4483873, 53.2280695 ] ] ] } },
{ "type": "Feature", "properties": { "source_type": "ml", "id": "88c4af82-d930-4d51-9986-440d4a82b660", "class": null, "subtype": null, "level": null, "height": null, "num_floors": null }, "bbox": [ 50.4488121, 53.2280547, 50.4488914, 53.2280925 ], "geometry": { "type": "Polygon", "coordinates": [ [ [ 50.4488276, 53.2280547 ], [ 50.4488914, 53.2280757 ], [ 50.4488759, 53.2280925 ], [ 50.4488121, 53.2280715 ], [ 50.4488276, 53.2280547 ] ] ] } },
{ "type": "Feature", "properties": { "source_type": "ml", "id": "79261f78-0a01-4d65-9650-91eb45cb9090", "class": null, "subtype": null, "level": null, "height": null, "num_floors": null }, "bbox": [ 50.4493652, 53.2279926, 50.4494857, 53.2280634 ], "geometry": { "type": "Polygon", "coordinates": [ [ [ 50.4494032, 53.2279926 ], [ 50.4494857, 53.2280166 ], [ 50.4494477, 53.2280634 ], [ 50.4493652, 53.2280394 ], [ 50.4494032, 53.2279926 ] ] ] } },
{ "type": "Feature", "properties": { "source_type": "ml", "id": "0f8690c7-74c1-464a-beea-bc345ee1ed48", "class": null, "subtype": null, "level": null, "height": null, "num_floors": null }, "bbox": [ 50.4493375, 53.2280442, 50.4494253, 53.228092 ], "geometry": { "type": "Polygon", "coordinates": [ [ [ 50.4493997, 53.228092 ], [ 50.4493375, 53.2280691 ], [ 50.4493631, 53.2280442 ], [ 50.4494253, 53.2280672 ], [ 50.4493997, 53.228092 ] ] ] } },
{ "type": "Feature", "properties": { "source_type": "ml", "id": "a7936ada-5fab-4bbd-9734-6c11407cd093", "class": null, "subtype": null, "level": null, "height": null, "num_floors": null }, "bbox": [ 50.4490294, 53.2280985, 50.44912, 53.2281554 ], "geometry": { "type": "Polygon", "coordinates": [ [ [ 50.4490294, 53.228136 ], [ 50.4490697, 53.2280985 ], [ 50.44912, 53.228118 ], [ 50.4490797, 53.2281554 ], [ 50.4490294, 53.228136 ] ] ] } },
{ "type": "Feature", "properties": { "source_type": "ml", "id": "fd8528cc-c486-48dd-9f2c-74b9c5f4b8ab", "class": null, "subtype": null, "level": null, "height": null, "num_floors": null }, "bbox": [ 50.4490275, 53.2281918, 50.4490965, 53.2282326 ], "geometry": { "type": "Polygon", "coordinates": [ [ [ 50.4490275, 53.2282176 ], [ 50.4490514, 53.2281918 ], [ 50.4490965, 53.2282069 ], [ 50.4490726, 53.2282326 ], [ 50.4490275, 53.2282176 ] ] ] } },
{ "type": "Feature", "properties": { "source_type": "ml", "id": "60cff6dc-efc0-4ae4-b9c6-4bb51f1c176d", "class": null, "subtype": null, "level": null, "height": null, "num_floors": null }, "bbox": [ 50.449021, 53.2283501, 50.4491225, 53.2284245 ], "geometry": { "type": "Polygon", "coordinates": [ [ [ 50.449021, 53.2284088 ], [ 50.449068, 53.2283501 ], [ 50.4491225, 53.2283657 ], [ 50.4490755, 53.2284245 ], [ 50.449021, 53.2284088 ] ] ] } },
{ "type": "Feature", "properties": { "source_type": "ml", "id": "ef9b6da0-fabe-4055-94c6-fe2c770a927b", "class": null, "subtype": null, "level": null, "height": null, "num_floors": null }, "bbox": [ 50.4492775, 53.2282238, 50.4494241, 53.2282866 ], "geometry": { "type": "Polygon", "coordinates": [ [ [ 50.4492995, 53.2282238 ], [ 50.4494241, 53.228254 ], [ 50.449402, 53.2282866 ], [ 50.4492775, 53.2282565 ], [ 50.4492995, 53.2282238 ] ] ] } },
{ "type": "Feature", "properties": { "source_type": "ml", "id": "f59166dd-b9a0-4267-af12-1e8da6b823d4", "class": null, "subtype": null, "level": null, "height": null, "num_floors": null }, "bbox": [ 50.44968, 53.2281652, 50.4497572, 53.2282139 ], "geometry": { "type": "Polygon", "coordinates": [ [ [ 50.449718, 53.2281652 ], [ 50.4497572, 53.2281819 ], [ 50.4497192, 53.2282139 ], [ 50.44968, 53.2281972 ], [ 50.449718, 53.2281652 ] ] ] } },
{ "type": "Feature", "properties": { "source_type": "ml", "id": "996d5bd3-bbe0-40db-9fea-df152a057595", "class": null, "subtype": null, "level": null, "height": null, "num_floors": null }, "bbox": [ 50.4495243, 53.2280806, 50.449731, 53.2281785 ], "geometry": { "type": "Polygon", "coordinates": [ [ [ 50.4496954, 53.2281785 ], [ 50.4495243, 53.2281441 ], [ 50.4495599, 53.2280806 ], [ 50.449731, 53.228115 ], [ 50.4496954, 53.2281785 ] ] ] } },
{ "type": "Feature", "properties": { "source_type": "ml", "id": "43991c7d-3918-4ee1-ba1a-a1be442821fa", "class": null, "subtype": null, "level": null, "height": null, "num_floors": null }, "bbox": [ 50.4498745, 53.2280487, 50.449943, 53.2280881 ], "geometry": { "type": "Polygon", "coordinates": [ [ [ 50.4499223, 53.2280881 ], [ 50.4498745, 53.2280742 ], [ 50.4498953, 53.2280487 ], [ 50.449943, 53.2280626 ], [ 50.4499223, 53.2280881 ] ] ] } },
{ "type": "Feature", "properties": { "source_type": "ml", "id": "4eebf487-0a55-4566-8cd3-33980c9759c5", "class": null, "subtype": null, "level": null, "height": null, "num_floors": null }, "bbox": [ 50.4498698, 53.2279594, 50.4500025, 53.2280494 ], "geometry": { "type": "Polygon", "coordinates": [ [ [ 50.4498698, 53.2280289 ], [ 50.4499155, 53.2279594 ], [ 50.4500025, 53.2279799 ], [ 50.4499568, 53.2280494 ], [ 50.4498698, 53.2280289 ] ] ] } },
{ "type": "Feature", "properties": { "source_type": "ml", "id": "de5eb951-117e-4bc6-9894-7e70596b412c", "class": null, "subtype": null, "level": null, "height": null, "num_floors": null }, "bbox": [ 50.4497028, 53.2279227, 50.4498628, 53.2280093 ], "geometry": { "type": "Polygon", "coordinates": [ [ [ 50.4497451, 53.2279227 ], [ 50.4498628, 53.2279566 ], [ 50.4498205, 53.2280093 ], [ 50.4497028, 53.2279754 ], [ 50.4497451, 53.2279227 ] ] ] } },
{ "type": "Feature", "properties": { "source_type": "ml", "id": "1ec07c88-bf95-407c-9fe7-027b7d82aafb", "class": null, "subtype": null, "level": null, "height": null, "num_floors": null }, "bbox": [ 50.4494606, 53.2278794, 50.4495575, 53.2279431 ], "geometry": { "type": "Polygon", "coordinates": [ [ [ 50.4495175, 53.2279431 ], [ 50.4494606, 53.2279253 ], [ 50.4495006, 53.2278794 ], [ 50.4495575, 53.2278972 ], [ 50.4495175, 53.2279431 ] ] ] } },
{ "type": "Feature", "properties": { "source_type": "ml", "id": "ba9a3771-c48b-418a-a83c-463042a72a44", "class": null, "subtype": null, "level": null, "height": null, "num_floors": null }, "bbox": [ 50.448921, 53.2278507, 50.4490382, 53.2279271 ], "geometry": { "type": "Polygon", "coordinates": [ [ [ 50.4489566, 53.2278507 ], [ 50.4490382, 53.2278684 ], [ 50.4490027, 53.2279271 ], [ 50.448921, 53.2279094 ], [ 50.4489566, 53.2278507 ] ] ] } },
{ "type": "Feature", "properties": { "source_type": "ml", "id": "ddb4778d-e10a-4652-908f-33ba3338c3c7", "class": null, "subtype": null, "level": null, "height": null, "num_floors": null }, "bbox": [ 50.4489223, 53.2276794, 50.4490475, 53.2277505 ], "geometry": { "type": "Polygon", "coordinates": [ [ [ 50.448937, 53.2277307 ], [ 50.4489521, 53.2277087 ], [ 50.4489223, 53.2277014 ], [ 50.4489375, 53.2276794 ], [ 50.4490475, 53.2277066 ], [ 50.4490172, 53.2277505 ], [ 50.448937, 53.2277307 ] ] ] } },
{ "type": "Feature", "properties": { "source_type": "ml", "id": "37b8566d-6b71-4231-b983-a3b79eecc635", "class": null, "subtype": null, "level": null, "height": null, "num_floors": null }, "bbox": [ 50.4488535, 53.2275966, 50.4489473, 53.2276401 ], "geometry": { "type": "Polygon", "coordinates": [ [ [ 50.4489305, 53.2276401 ], [ 50.4488535, 53.2276153 ], [ 50.4488703, 53.2275966 ], [ 50.4489473, 53.2276214 ], [ 50.4489305, 53.2276401 ] ] ] } },
{ "type": "Feature", "properties": { "source_type": "ml", "id": "de200614-8441-4939-985f-a306e782e7a2", "class": null, "subtype": null, "level": null, "height": null, "num_floors": null }, "bbox": [ 50.4493832, 53.2275561, 50.4495072, 53.2276057 ], "geometry": { "type": "Polygon", "coordinates": [ [ [ 50.4493832, 53.2275761 ], [ 50.4493983, 53.2275561 ], [ 50.4495072, 53.2275857 ], [ 50.4494921, 53.2276057 ], [ 50.4493832, 53.2275761 ] ] ] } },
{ "type": "Feature", "properties": { "source_type": "ml", "id": "874500b5-ea88-4335-a8de-cf3649733839", "class": null, "subtype": null, "level": null, "height": null, "num_floors": null }, "bbox": [ 50.4500377, 53.2275421, 50.4501812, 53.2276267 ], "geometry": { "type": "Polygon", "coordinates": [ [ [ 50.4500377, 53.227595 ], [ 50.450088, 53.2275421 ], [ 50.4501812, 53.2275738 ], [ 50.4501309, 53.2276267 ], [ 50.4500377, 53.227595 ] ] ] } },
{ "type": "Feature", "properties": { "source_type": "ml", "id": "e94e33a5-855f-49f7-a02d-aafb29938bca", "class": null, "subtype": null, "level": null, "height": null, "num_floors": null }, "bbox": [ 50.4504485, 53.2276453, 50.4505461, 53.2277084 ], "geometry": { "type": "Polygon", "coordinates": [ [ [ 50.4505054, 53.2277084 ], [ 50.4504485, 53.2276897 ], [ 50.4504892, 53.2276453 ], [ 50.4505461, 53.2276639 ], [ 50.4505054, 53.2277084 ] ] ] } },
{ "type": "Feature", "properties": { "source_type": "ml", "id": "76c83bff-efce-4dad-932c-8d93989316ba", "class": null, "subtype": null, "level": null, "height": null, "num_floors": null }, "bbox": [ 50.4503545, 53.2276216, 50.4504725, 53.2276879 ], "geometry": { "type": "Polygon", "coordinates": [ [ [ 50.4503545, 53.2276723 ], [ 50.4503778, 53.2276216 ], [ 50.4504725, 53.2276372 ], [ 50.4504492, 53.2276879 ], [ 50.4503545, 53.2276723 ] ] ] } },
{ "type": "Feature", "properties": { "source_type": "ml", "id": "b1703340-71a3-49e2-b7d3-9bd55ab082ec", "class": null, "subtype": null, "level": null, "height": null, "num_floors": null }, "bbox": [ 50.4505452, 53.2276852, 50.4507303, 53.2277788 ], "geometry": { "type": "Polygon", "coordinates": [ [ [ 50.4506905, 53.2277788 ], [ 50.4505452, 53.2277428 ], [ 50.4505851, 53.2276852 ], [ 50.4507303, 53.2277212 ], [ 50.4506905, 53.2277788 ] ] ] } },
{ "type": "Feature", "properties": { "source_type": "ml", "id": "e17da2a1-a857-406f-8d76-10bd6ff58041", "class": null, "subtype": null, "level": null, "height": null, "num_floors": null }, "bbox": [ 50.4507077, 53.2277361, 50.4509412, 53.2278641 ], "geometry": { "type": "Polygon", "coordinates": [ [ [ 50.4507077, 53.2278141 ], [ 50.4507721, 53.2277361 ], [ 50.4509412, 53.2277861 ], [ 50.4508769, 53.2278641 ], [ 50.4507077, 53.2278141 ] ] ] } },
{ "type": "Feature", "properties": { "source_type": "ml", "id": "2bf91b40-075d-40b9-bfd0-a062bc31e2a4", "class": null, "subtype": null, "level": null, "height": null, "num_floors": null }, "bbox": [ 50.45102, 53.2277957, 50.4511168, 53.2278742 ], "geometry": { "type": "Polygon", "coordinates": [ [ [ 50.451068, 53.2278742 ], [ 50.45102, 53.2278614 ], [ 50.4510688, 53.2277957 ], [ 50.4511168, 53.2278085 ], [ 50.451068, 53.2278742 ] ] ] } },
{ "type": "Feature", "properties": { "source_type": "ml", "id": "26f15287-30b4-4f89-9d66-b86587c5e238", "class": null, "subtype": null, "level": null, "height": null, "num_floors": null }, "bbox": [ 50.4505762, 53.2279316, 50.4507206, 53.2280144 ], "geometry": { "type": "Polygon", "coordinates": [ [ [ 50.4506732, 53.2280144 ], [ 50.4505762, 53.2279811 ], [ 50.4506237, 53.2279316 ], [ 50.4507206, 53.2279648 ], [ 50.4506732, 53.2280144 ] ] ] } },
{ "type": "Feature", "properties": { "source_type": "ml", "id": "35a83d97-8fbc-4a56-857e-e1a05b5a8300", "class": null, "subtype": null, "level": null, "height": null, "num_floors": null }, "bbox": [ 50.4503617, 53.2279733, 50.4504463, 53.2280048 ], "geometry": { "type": "Polygon", "coordinates": [ [ [ 50.4503695, 53.2279733 ], [ 50.4504463, 53.2279834 ], [ 50.4504384, 53.2280048 ], [ 50.4503617, 53.2279947 ], [ 50.4503695, 53.2279733 ] ] ] } },
{ "type": "Feature", "properties": { "source_type": "ml", "id": "81f1830d-0ef8-4565-87df-50ad310ba293", "class": null, "subtype": null, "level": null, "height": null, "num_floors": null }, "bbox": [ 50.4499848, 53.2278634, 50.4500785, 53.2279042 ], "geometry": { "type": "Polygon", "coordinates": [ [ [ 50.4499994, 53.2278634 ], [ 50.4500785, 53.2278819 ], [ 50.4500639, 53.2279042 ], [ 50.4499848, 53.2278857 ], [ 50.4499994, 53.2278634 ] ] ] } },
{ "type": "Feature", "properties": { "source_type": "ml", "id": "65cc7800-d40a-43cf-a0a1-44f995d6e2a5", "class": null, "subtype": null, "level": null, "height": null, "num_floors": null }, "bbox": [ 50.4501326, 53.2280443, 50.4502313, 53.228113 ], "geometry": { "type": "Polygon", "coordinates": [ [ [ 50.4501326, 53.2280999 ], [ 50.4501615, 53.2280443 ], [ 50.4502313, 53.2280573 ], [ 50.4502024, 53.228113 ], [ 50.4501326, 53.2280999 ] ] ] } },
{ "type": "Feature", "properties": { "source_type": "ml", "id": "af60ad55-238c-4b4c-80a7-47641917efc5", "class": null, "subtype": null, "level": null, "height": null, "num_floors": null }, "bbox": [ 50.4502884, 53.2281666, 50.4503948, 53.2282266 ], "geometry": { "type": "Polygon", "coordinates": [ [ [ 50.4502884, 53.2282094 ], [ 50.4503139, 53.2281666 ], [ 50.4503948, 53.2281839 ], [ 50.4503693, 53.2282266 ], [ 50.4502884, 53.2282094 ] ] ] } },
{ "type": "Feature", "properties": { "source_type": "ml", "id": "6bb5e2cf-d2cd-4676-a88c-e87312ac08eb", "class": null, "subtype": null, "level": null, "height": null, "num_floors": null }, "bbox": [ 50.4502046, 53.2280662, 50.4503014, 53.2281308 ], "geometry": { "type": "Polygon", "coordinates": [ [ [ 50.4502709, 53.2281308 ], [ 50.4502046, 53.2281164 ], [ 50.4502351, 53.2280662 ], [ 50.4503014, 53.2280807 ], [ 50.4502709, 53.2281308 ] ] ] } },
{ "type": "Feature", "properties": { "source_type": "ml", "id": "d321fe82-343e-4690-8ab8-79af1bfa1779", "class": null, "subtype": null, "level": null, "height": null, "num_floors": null }, "bbox": [ 50.4501101, 53.2282318, 50.4502055, 53.2282852 ], "geometry": { "type": "Polygon", "coordinates": [ [ [ 50.4501357, 53.2282318 ], [ 50.4502055, 53.2282501 ], [ 50.4501798, 53.2282852 ], [ 50.4501101, 53.2282668 ], [ 50.4501357, 53.2282318 ] ] ] } },
{ "type": "Feature", "properties": { "source_type": "ml", "id": "e4bfe061-9a7f-407b-a7ee-61ab95a86239", "class": null, "subtype": null, "level": null, "height": null, "num_floors": null }, "bbox": [ 50.4499018, 53.2282227, 50.4501051, 53.2283488 ], "geometry": { "type": "Polygon", "coordinates": [ [ [ 50.4500379, 53.2283488 ], [ 50.4499018, 53.2283122 ], [ 50.449969, 53.2282227 ], [ 50.4501051, 53.2282593 ], [ 50.4500379, 53.2283488 ] ] ] } },
{ "type": "Feature", "properties": { "source_type": "ml", "id": "bbb12889-c04d-4a64-b54e-6b3ef4ec2867", "class": null, "subtype": null, "level": null, "height": null, "num_floors": null }, "bbox": [ 50.4504004, 53.228355, 50.4504946, 53.2284244 ], "geometry": { "type": "Polygon", "coordinates": [ [ [ 50.4504004, 53.2284111 ], [ 50.450436, 53.228355 ], [ 50.4504946, 53.2283683 ], [ 50.450459, 53.2284244 ], [ 50.4504004, 53.2284111 ] ] ] } },
{ "type": "Feature", "properties": { "source_type": "ml", "id": "73f70edc-9505-4f42-ba43-27fd7f9825e8", "class": null, "subtype": null, "level": null, "height": null, "num_floors": null }, "bbox": [ 50.4503675, 53.2281713, 50.4505092, 53.2282614 ], "geometry": { "type": "Polygon", "coordinates": [ [ [ 50.4504587, 53.2282614 ], [ 50.4503675, 53.2282359 ], [ 50.4504179, 53.2281713 ], [ 50.4505092, 53.2281969 ], [ 50.4504587, 53.2282614 ] ] ] } },
{ "type": "Feature", "properties": { "source_type": "ml", "id": "ccc65e11-a46a-4e93-a9a2-517dbce895e6", "class": null, "subtype": null, "level": null, "height": null, "num_floors": null }, "bbox": [ 50.4504753, 53.2281993, 50.4506168, 53.2282773 ], "geometry": { "type": "Polygon", "coordinates": [ [ [ 50.4505823, 53.2282773 ], [ 50.4504753, 53.2282522 ], [ 50.4505098, 53.2281993 ], [ 50.4506168, 53.2282243 ], [ 50.4505823, 53.2282773 ] ] ] } },
{ "type": "Feature", "properties": { "source_type": "ml", "id": "b210ee77-8a92-466c-a3b4-4a3a3ab633b2", "class": null, "subtype": null, "level": null, "height": null, "num_floors": null }, "bbox": [ 50.4508137, 53.2282675, 50.45097, 53.2283658 ], "geometry": { "type": "Polygon", "coordinates": [ [ [ 50.4509102, 53.2283658 ], [ 50.4508137, 53.2283354 ], [ 50.4508734, 53.2282675 ], [ 50.45097, 53.228298 ], [ 50.4509102, 53.2283658 ] ] ] } },
{ "type": "Feature", "properties": { "source_type": "ml", "id": "533d7307-9ede-449a-86f4-c8b84e6f64d4", "class": null, "subtype": null, "level": null, "height": null, "num_floors": null }, "bbox": [ 50.4509631, 53.2283234, 50.4511255, 53.2284311 ], "geometry": { "type": "Polygon", "coordinates": [ [ [ 50.4510087, 53.2283234 ], [ 50.4511255, 53.2283457 ], [ 50.45108, 53.2284311 ], [ 50.4509631, 53.2284087 ], [ 50.4510087, 53.2283234 ] ] ] } },
{ "type": "Feature", "properties": { "source_type": "ml", "id": "7e824f14-e4e2-436f-a7b1-72245cd877ea", "class": null, "subtype": null, "level": null, "height": null, "num_floors": null }, "bbox": [ 50.4514064, 53.2279599, 50.4515512, 53.2280416 ], "geometry": { "type": "Polygon", "coordinates": [ [ [ 50.4515102, 53.2280416 ], [ 50.4514064, 53.2280128 ], [ 50.4514474, 53.2279599 ], [ 50.4515512, 53.2279887 ], [ 50.4515102, 53.2280416 ] ] ] } },
{ "type": "Feature", "properties": { "source_type": "ml", "id": "0456e0aa-e633-4d0a-9a06-8939c25ae1d0", "class": null, "subtype": null, "level": null, "height": null, "num_floors": null }, "bbox": [ 50.4511018, 53.2281553, 50.4512136, 53.2282113 ], "geometry": { "type": "Polygon", "coordinates": [ [ [ 50.4511266, 53.2281553 ], [ 50.4512136, 53.2281864 ], [ 50.4511889, 53.2282113 ], [ 50.4511018, 53.2281802 ], [ 50.4511266, 53.2281553 ] ] ] } },
{ "type": "Feature", "properties": { "source_type": "ml", "id": "0a9384c8-9148-4fad-b8ba-b590affd22db", "class": null, "subtype": null, "level": null, "height": null, "num_floors": null }, "bbox": [ 50.451087, 53.2281869, 50.4511822, 53.2282256 ], "geometry": { "type": "Polygon", "coordinates": [ [ [ 50.451087, 53.2282028 ], [ 50.4510992, 53.2281869 ], [ 50.4511822, 53.2282097 ], [ 50.45117, 53.2282256 ], [ 50.451087, 53.2282028 ] ] ] } },
{ "type": "Feature", "properties": { "source_type": "ml", "id": "7153c5c4-f42c-4948-88fd-b915d8a4e131", "class": null, "subtype": null, "level": null, "height": null, "num_floors": null }, "bbox": [ 50.4519277, 53.2281434, 50.4520687, 53.2282297 ], "geometry": { "type": "Polygon", "coordinates": [ [ [ 50.4520687, 53.228173 ], [ 50.4520153, 53.2282297 ], [ 50.4519277, 53.2282002 ], [ 50.4519812, 53.2281434 ], [ 50.4520687, 53.228173 ] ] ] } },
{ "type": "Feature", "properties": { "source_type": "ml", "id": "39055a9a-e544-4b3b-b53d-ad12b371fe58", "class": null, "subtype": null, "level": null, "height": null, "num_floors": null }, "bbox": [ 50.451668, 53.2280853, 50.451778, 53.2281435 ], "geometry": { "type": "Polygon", "coordinates": [ [ [ 50.451693, 53.2280853 ], [ 50.451778, 53.228105 ], [ 50.4517531, 53.2281435 ], [ 50.451668, 53.2281238 ], [ 50.451693, 53.2280853 ] ] ] } },
{ "type": "Feature", "properties": { "source_type": "ml", "id": "58e5fff7-a1e1-4da8-bd8a-b3938520daf1", "class": null, "subtype": null, "level": null, "height": null, "num_floors": null }, "bbox": [ 50.4515363, 53.2279445, 50.45161, 53.2279971 ], "geometry": { "type": "Polygon", "coordinates": [ [ [ 50.4515682, 53.2279445 ], [ 50.45161, 53.2279563 ], [ 50.451578, 53.2279971 ], [ 50.4515363, 53.2279853 ], [ 50.4515682, 53.2279445 ] ] ] } },
{ "type": "Feature", "properties": { "source_type": "ml", "id": "d6f0c919-d8de-494f-8884-4b0282ca27bc", "class": null, "subtype": null, "level": null, "height": null, "num_floors": null }, "bbox": [ 50.4511683, 53.2278721, 50.4513077, 53.2279533 ], "geometry": { "type": "Polygon", "coordinates": [ [ [ 50.4512639, 53.2279533 ], [ 50.4511683, 53.2279249 ], [ 50.4512121, 53.2278721 ], [ 50.4513077, 53.2279005 ], [ 50.4512639, 53.2279533 ] ] ] } },
{ "type": "Feature", "properties": { "source_type": "ml", "id": "671cdea2-2d7a-4ca1-9f79-11bf559e2e79", "class": null, "subtype": null, "level": null, "height": null, "num_floors": null }, "bbox": [ 50.451081, 53.2278478, 50.4511641, 53.2279045 ], "geometry": { "type": "Polygon", "coordinates": [ [ [ 50.4511177, 53.2278478 ], [ 50.4511641, 53.2278623 ], [ 50.4511274, 53.2279045 ], [ 50.451081, 53.22789 ], [ 50.4511177, 53.2278478 ] ] ] } },
{ "type": "Feature", "properties": { "source_type": "ml", "id": "8d9248ae-8de4-45b6-90ce-ec1242488f65", "class": null, "subtype": null, "level": null, "height": null, "num_floors": null }, "bbox": [ 50.4523737, 53.2282341, 50.4524977, 53.2283367 ], "geometry": { "type": "Polygon", "coordinates": [ [ [ 50.4524214, 53.2282341 ], [ 50.4524977, 53.2282489 ], [ 50.4524501, 53.2283367 ], [ 50.4523737, 53.2283218 ], [ 50.4524214, 53.2282341 ] ] ] } },
{ "type": "Feature", "properties": { "source_type": "ml", "id": "fc63d1e2-879d-43dc-b196-c9bc1c83d695", "class": null, "subtype": null, "level": null, "height": null, "num_floors": null }, "bbox": [ 50.4522354, 53.2282307, 50.4523674, 53.2283136 ], "geometry": { "type": "Polygon", "coordinates": [ [ [ 50.4523319, 53.2283136 ], [ 50.4522354, 53.2282942 ], [ 50.452271, 53.2282307 ], [ 50.4523674, 53.2282501 ], [ 50.4523319, 53.2283136 ] ] ] } },
{ "type": "Feature", "properties": { "source_type": "ml", "id": "dc39b041-e2a2-411e-aa4a-40e70eaab1a0", "class": null, "subtype": null, "level": null, "height": null, "num_floors": null }, "bbox": [ 50.4525844, 53.2282948, 50.4526687, 53.2283513 ], "geometry": { "type": "Polygon", "coordinates": [ [ [ 50.4526309, 53.2283513 ], [ 50.4525844, 53.2283361 ], [ 50.4526222, 53.2282948 ], [ 50.4526687, 53.22831 ], [ 50.4526309, 53.2283513 ] ] ] } },
{ "type": "Feature", "properties": { "source_type": "ml", "id": "d8554224-ecbe-48ba-b7ac-62d9ae93f2a2", "class": null, "subtype": null, "level": null, "height": null, "num_floors": null }, "bbox": [ 50.4526962, 53.2283432, 50.4528693, 53.2284324 ], "geometry": { "type": "Polygon", "coordinates": [ [ [ 50.4528302, 53.2284324 ], [ 50.4526962, 53.2283983 ], [ 50.4527353, 53.2283432 ], [ 50.4528693, 53.2283773 ], [ 50.4528302, 53.2284324 ] ] ] } },
{ "type": "Feature", "properties": { "source_type": "ml", "id": "5112924d-f283-4d24-b23b-62d6d93fa88f", "class": null, "subtype": null, "level": null, "height": null, "num_floors": null }, "bbox": [ 50.4529656, 53.2283682, 50.453053, 53.2284074 ], "geometry": { "type": "Polygon", "coordinates": [ [ [ 50.4530423, 53.2284074 ], [ 50.4529656, 53.2283973 ], [ 50.4529763, 53.2283682 ], [ 50.453053, 53.2283783 ], [ 50.4530423, 53.2284074 ] ] ] } },
{ "type": "Feature", "properties": { "source_type": "ml", "id": "b2c42586-30d7-44e5-bd7e-d7f5ab418408", "class": null, "subtype": null, "level": null, "height": null, "num_floors": null }, "bbox": [ 50.4531884, 53.2283747, 50.4532633, 53.2284167 ], "geometry": { "type": "Polygon", "coordinates": [ [ [ 50.4532056, 53.2283747 ], [ 50.4532633, 53.2283864 ], [ 50.4532461, 53.2284167 ], [ 50.4531884, 53.2284049 ], [ 50.4532056, 53.2283747 ] ] ] } },
{ "type": "Feature", "properties": { "source_type": "my", "id": "38e12cd7-0e2e-484f-9d66-b4d2ae155b12", "class": "house", "subtype": "residential", "level": null, "height": null, "num_floors": 1 }, "bbox": [ 50.456933, 53.230869, 50.4570928, 53.2309631 ], "geometry": { "type": "Polygon", "coordinates": [ [ [ 50.4570928, 53.2309007 ], [ 50.4570424, 53.2309631 ], [ 50.456933, 53.2309314 ], [ 50.4569834, 53.230869 ], [ 50.4570928, 53.2309007 ] ] ] } },
{ "type": "Feature", "properties": { "source_type": "ml", "id": "333f8bcd-cb8b-4a06-82e3-65a80f9f6c0b", "class": null, "subtype": null, "level": null, "height": null, "num_floors": null }, "bbox": [ 50.4571411, 53.2309555, 50.4572054, 53.2309958 ], "geometry": { "type": "Polygon", "coordinates": [ [ [ 50.4571411, 53.2309688 ], [ 50.4571791, 53.2309555 ], [ 50.4572054, 53.2309825 ], [ 50.4571674, 53.2309958 ], [ 50.4571411, 53.2309688 ] ] ] } },
{ "type": "Feature", "properties": { "source_type": "ml", "id": "c4b84f3b-bc56-4e6e-81da-1a11ac1a0907", "class": null, "subtype": null, "level": null, "height": null, "num_floors": null }, "bbox": [ 50.4566331, 53.2311264, 50.4567039, 53.2311635 ], "geometry": { "type": "Polygon", "coordinates": [ [ [ 50.4566499, 53.2311264 ], [ 50.4567039, 53.2311406 ], [ 50.4566871, 53.2311635 ], [ 50.4566331, 53.2311493 ], [ 50.4566499, 53.2311264 ] ] ] } },
{ "type": "Feature", "properties": { "source_type": "ml", "id": "ef557202-bd3d-4163-a88c-a1a9346aea43", "class": null, "subtype": null, "level": null, "height": null, "num_floors": null }, "bbox": [ 50.4567272, 53.2313272, 50.4568676, 53.2313901 ], "geometry": { "type": "Polygon", "coordinates": [ [ [ 50.4568457, 53.2313272 ], [ 50.4568676, 53.2313512 ], [ 50.4567492, 53.2313901 ], [ 50.4567272, 53.231366 ], [ 50.4568457, 53.2313272 ] ] ] } },
{ "type": "Feature", "properties": { "source_type": "ml", "id": "b07fc737-b54f-499d-acfc-d97f31c23620", "class": null, "subtype": null, "level": null, "height": null, "num_floors": null }, "bbox": [ 50.4572117, 53.2312015, 50.4572957, 53.2312517 ], "geometry": { "type": "Polygon", "coordinates": [ [ [ 50.4572691, 53.2312517 ], [ 50.4572117, 53.2312358 ], [ 50.4572383, 53.2312015 ], [ 50.4572957, 53.2312174 ], [ 50.4572691, 53.2312517 ] ] ] } },
{ "type": "Feature", "properties": { "source_type": "ml", "id": "aac5e64d-e4e3-451b-a62a-4b3683a9a067", "class": null, "subtype": null, "level": null, "height": null, "num_floors": null }, "bbox": [ 50.457201, 53.2313532, 50.4572792, 53.2313998 ], "geometry": { "type": "Polygon", "coordinates": [ [ [ 50.457201, 53.231371 ], [ 50.45725, 53.2313532 ], [ 50.4572792, 53.231382 ], [ 50.4572303, 53.2313998 ], [ 50.457201, 53.231371 ] ] ] } },
{ "type": "Feature", "properties": { "source_type": "ml", "id": "cfd362d1-5a72-4554-a0db-b32d1d785345", "class": null, "subtype": null, "level": null, "height": null, "num_floors": null }, "bbox": [ 50.4575724, 53.2313022, 50.4576683, 53.2313498 ], "geometry": { "type": "Polygon", "coordinates": [ [ [ 50.4576472, 53.2313498 ], [ 50.4575724, 53.2313272 ], [ 50.4575935, 53.2313022 ], [ 50.4576683, 53.2313248 ], [ 50.4576472, 53.2313498 ] ] ] } },
{ "type": "Feature", "properties": { "source_type": "ml", "id": "606d5ad3-2510-4cd6-aa47-cee8311cae5c", "class": null, "subtype": null, "level": null, "height": null, "num_floors": null }, "bbox": [ 50.4576071, 53.2312402, 50.4577458, 53.2313258 ], "geometry": { "type": "Polygon", "coordinates": [ [ [ 50.4576877, 53.2313258 ], [ 50.4576071, 53.2312954 ], [ 50.4576652, 53.2312402 ], [ 50.4577458, 53.2312706 ], [ 50.4576877, 53.2313258 ] ] ] } },
{ "type": "Feature", "properties": { "source_type": "ml", "id": "75811c57-aa5a-42ea-8f1c-3bf86843a0d2", "class": null, "subtype": null, "level": null, "height": null, "num_floors": null }, "bbox": [ 50.4571743, 53.2310211, 50.4573805, 53.2311455 ], "geometry": { "type": "Polygon", "coordinates": [ [ [ 50.4572751, 53.2311455 ], [ 50.4571743, 53.2310913 ], [ 50.4572796, 53.2310211 ], [ 50.4573805, 53.2310754 ], [ 50.4572751, 53.2311455 ] ] ] } },
{ "type": "Feature", "properties": { "source_type": "ml", "id": "20c72ed2-ea83-422d-ac45-324ed7f65e28", "class": null, "subtype": null, "level": null, "height": null, "num_floors": null }, "bbox": [ 50.4571541, 53.2309707, 50.4572831, 53.2310494 ], "geometry": { "type": "Polygon", "coordinates": [ [ [ 50.4572029, 53.2310494 ], [ 50.4571541, 53.2310222 ], [ 50.4572344, 53.2309707 ], [ 50.4572831, 53.2309979 ], [ 50.4572029, 53.2310494 ] ] ] } },
{ "type": "Feature", "properties": { "source_type": "ml", "id": "fa528830-3fed-42d6-aec1-54a166303534", "class": null, "subtype": null, "level": null, "height": null, "num_floors": null }, "bbox": [ 50.4579577, 53.2313436, 50.4580625, 53.2314039 ], "geometry": { "type": "Polygon", "coordinates": [ [ [ 50.4579931, 53.2313436 ], [ 50.4580625, 53.2313683 ], [ 50.4580271, 53.2314039 ], [ 50.4579577, 53.2313792 ], [ 50.4579931, 53.2313436 ] ] ] } },
{ "type": "Feature", "properties": { "source_type": "ml", "id": "bcffdbdf-cbdf-4fdd-9c35-8928cf30eacb", "class": null, "subtype": null, "level": null, "height": null, "num_floors": null }, "bbox": [ 50.457889, 53.231385, 50.4580055, 53.2314505 ], "geometry": { "type": "Polygon", "coordinates": [ [ [ 50.4579273, 53.231385 ], [ 50.4580055, 53.2314172 ], [ 50.4579671, 53.2314505 ], [ 50.457889, 53.2314182 ], [ 50.4579273, 53.231385 ] ] ] } },
{ "type": "Feature", "properties": { "source_type": "ml", "id": "6c327b8d-93ed-4094-a6ee-2f618b57cbc1", "class": null, "subtype": null, "level": null, "height": null, "num_floors": null }, "bbox": [ 50.4577846, 53.2314729, 50.4578475, 53.2315046 ], "geometry": { "type": "Polygon", "coordinates": [ [ [ 50.4578382, 53.2315046 ], [ 50.4577846, 53.2314973 ], [ 50.4577939, 53.2314729 ], [ 50.4578475, 53.2314802 ], [ 50.4578382, 53.2315046 ] ] ] } },
{ "type": "Feature", "properties": { "source_type": "ml", "id": "2b5d0269-5341-4cd4-bad5-f1b96360a3e4", "class": null, "subtype": null, "level": null, "height": null, "num_floors": null }, "bbox": [ 50.4579206, 53.2315138, 50.4580537, 53.2315862 ], "geometry": { "type": "Polygon", "coordinates": [ [ [ 50.4579206, 53.2315463 ], [ 50.4580156, 53.2315138 ], [ 50.4580537, 53.2315537 ], [ 50.4579588, 53.2315862 ], [ 50.4579206, 53.2315463 ] ] ] } },
{ "type": "Feature", "properties": { "source_type": "my", "id": "ab07bd9b-35fe-4dcf-bd22-24bef64c7118", "class": "house", "subtype": "residential", "level": null, "height": null, "num_floors": 2 }, "bbox": [ 50.4581622, 53.2314134, 50.4583173, 53.231507 ], "geometry": { "type": "Polygon", "coordinates": [ [ [ 50.4583173, 53.2314539 ], [ 50.4582361, 53.231507 ], [ 50.4581622, 53.2314666 ], [ 50.4582434, 53.2314134 ], [ 50.4583173, 53.2314539 ] ] ] } },
{ "type": "Feature", "properties": { "source_type": "ml", "id": "65498d40-6489-4fdf-a509-ce0cfd064bab", "class": null, "subtype": null, "level": null, "height": null, "num_floors": null }, "bbox": [ 50.4573185, 53.2313985, 50.4573999, 53.2314459 ], "geometry": { "type": "Polygon", "coordinates": [ [ [ 50.4573185, 53.231413 ], [ 50.4573772, 53.2313985 ], [ 50.4573999, 53.2314314 ], [ 50.4573413, 53.2314459 ], [ 50.4573185, 53.231413 ] ] ] } },
{ "type": "Feature", "properties": { "source_type": "ml", "id": "19fde38e-543e-4dc3-ac05-1300b450e831", "class": null, "subtype": null, "level": null, "height": null, "num_floors": null }, "bbox": [ 50.4572025, 53.231418, 50.457347, 53.2314962 ], "geometry": { "type": "Polygon", "coordinates": [ [ [ 50.4572025, 53.2314618 ], [ 50.4573066, 53.231418 ], [ 50.457347, 53.2314523 ], [ 50.4572429, 53.2314962 ], [ 50.4572025, 53.2314618 ] ] ] } },
{ "type": "Feature", "properties": { "source_type": "ml", "id": "58cd4fa8-db1b-4334-af6c-0e411a4493a0", "class": null, "subtype": null, "level": null, "height": null, "num_floors": null }, "bbox": [ 50.4570939, 53.2313846, 50.457181, 53.2314447 ], "geometry": { "type": "Polygon", "coordinates": [ [ [ 50.4571522, 53.2313846 ], [ 50.457181, 53.231432 ], [ 50.4571227, 53.2314447 ], [ 50.4570939, 53.2313972 ], [ 50.4571522, 53.2313846 ] ] ] } },
{ "type": "Feature", "properties": { "source_type": "ml", "id": "506965da-c8a4-4936-9550-69cc21accc16", "class": null, "subtype": null, "level": null, "height": null, "num_floors": null }, "bbox": [ 50.4561584, 53.2313058, 50.4562594, 53.2313649 ], "geometry": { "type": "Polygon", "coordinates": [ [ [ 50.4562277, 53.2313649 ], [ 50.4561584, 53.2313447 ], [ 50.4561901, 53.2313058 ], [ 50.4562594, 53.231326 ], [ 50.4562277, 53.2313649 ] ] ] } },
{ "type": "Feature", "properties": { "source_type": "ml", "id": "ccb969da-9e10-45d2-a570-42f67a9d46be", "class": null, "subtype": null, "level": null, "height": null, "num_floors": null }, "bbox": [ 50.456533, 53.231242, 50.4566733, 53.2313153 ], "geometry": { "type": "Polygon", "coordinates": [ [ [ 50.4565683, 53.2313153 ], [ 50.456533, 53.2312751 ], [ 50.456638, 53.231242 ], [ 50.4566733, 53.2312822 ], [ 50.4565683, 53.2313153 ] ] ] } },
{ "type": "Feature", "properties": { "source_type": "my", "id": "fd80eaeb-3a28-4062-a89a-012166e75414", "class": "house", "subtype": "residential", "level": null, "height": null, "num_floors": 2 }, "bbox": [ 50.4564792, 53.2310982, 50.456618, 53.2311811 ], "geometry": { "type": "Polygon", "coordinates": [ [ [ 50.456618, 53.2311387 ], [ 50.456544, 53.2311811 ], [ 50.4564792, 53.2311406 ], [ 50.4565532, 53.2310982 ], [ 50.456618, 53.2311387 ] ] ] } },
{ "type": "Feature", "properties": { "source_type": "ml", "id": "51e10b9f-b151-4006-8427-b6ac5864a15c", "class": null, "subtype": null, "level": null, "height": null, "num_floors": null }, "bbox": [ 50.4562475, 53.2311167, 50.4563696, 53.2311898 ], "geometry": { "type": "Polygon", "coordinates": [ [ [ 50.4562475, 53.2311414 ], [ 50.4563284, 53.2311167 ], [ 50.4563696, 53.2311651 ], [ 50.4562887, 53.2311898 ], [ 50.4562475, 53.2311414 ] ] ] } },
{ "type": "Feature", "properties": { "source_type": "ml", "id": "ac715422-d5cb-4c9d-9c5c-04727647c23a", "class": null, "subtype": null, "level": null, "height": null, "num_floors": null }, "bbox": [ 50.4560017, 53.2311331, 50.4560805, 53.2311755 ], "geometry": { "type": "Polygon", "coordinates": [ [ [ 50.4560017, 53.2311523 ], [ 50.4560586, 53.2311331 ], [ 50.4560805, 53.2311562 ], [ 50.4560236, 53.2311755 ], [ 50.4560017, 53.2311523 ] ] ] } },
{ "type": "Feature", "properties": { "source_type": "ml", "id": "7decd89b-ede0-4722-9819-f0fea8232625", "class": null, "subtype": null, "level": null, "height": null, "num_floors": null }, "bbox": [ 50.4552015, 53.2311652, 50.4552747, 53.2312118 ], "geometry": { "type": "Polygon", "coordinates": [ [ [ 50.4552015, 53.2311964 ], [ 50.45524, 53.2311652 ], [ 50.4552747, 53.2311806 ], [ 50.4552363, 53.2312118 ], [ 50.4552015, 53.2311964 ] ] ] } },
{ "type": "Feature", "properties": { "source_type": "ml", "id": "ec5a967f-83b2-4ddf-85b0-3e40973b33b2", "class": null, "subtype": null, "level": null, "height": null, "num_floors": null }, "bbox": [ 50.4550248, 53.2310876, 50.4551272, 53.2311451 ], "geometry": { "type": "Polygon", "coordinates": [ [ [ 50.4550582, 53.2310876 ], [ 50.4551272, 53.2311166 ], [ 50.4550937, 53.2311451 ], [ 50.4550248, 53.2311161 ], [ 50.4550582, 53.2310876 ] ] ] } },
{ "type": "Feature", "properties": { "source_type": "ml", "id": "14145295-76a0-42d9-b092-f8ad4f99f909", "class": null, "subtype": null, "level": null, "height": null, "num_floors": null }, "bbox": [ 50.4550906, 53.2311162, 50.4552423, 53.2311984 ], "geometry": { "type": "Polygon", "coordinates": [ [ [ 50.455133, 53.2311162 ], [ 50.4552423, 53.2311521 ], [ 50.4551998, 53.2311984 ], [ 50.4550906, 53.2311625 ], [ 50.455133, 53.2311162 ] ] ] } },
{ "type": "Feature", "properties": { "source_type": "ml", "id": "4a05f651-f265-4e88-8768-12fb3c7807a3", "class": null, "subtype": null, "level": null, "height": null, "num_floors": null }, "bbox": [ 50.4543694, 53.2309977, 50.454541, 53.2311002 ], "geometry": { "type": "Polygon", "coordinates": [ [ [ 50.454449, 53.2311002 ], [ 50.4543694, 53.2310495 ], [ 50.4544613, 53.2309977 ], [ 50.454541, 53.2310484 ], [ 50.454449, 53.2311002 ] ] ] } },
{ "type": "Feature", "properties": { "source_type": "ml", "id": "a62eac79-7c8c-4c5b-80f5-b2327fc2a30a", "class": null, "subtype": null, "level": null, "height": null, "num_floors": null }, "bbox": [ 50.4543696, 53.2311238, 50.4545663, 53.2312396 ], "geometry": { "type": "Polygon", "coordinates": [ [ [ 50.4545033, 53.2312396 ], [ 50.4543696, 53.2311634 ], [ 50.4544326, 53.2311238 ], [ 50.4545663, 53.2312 ], [ 50.4545033, 53.2312396 ] ] ] } },
{ "type": "Feature", "properties": { "source_type": "ml", "id": "06d5ac81-1a6b-4770-aaca-66c13f231dae", "class": null, "subtype": null, "level": null, "height": null, "num_floors": null }, "bbox": [ 50.454925, 53.2315315, 50.4549959, 53.2315735 ], "geometry": { "type": "Polygon", "coordinates": [ [ [ 50.454925, 53.2315495 ], [ 50.4549531, 53.2315315 ], [ 50.4549959, 53.2315556 ], [ 50.4549678, 53.2315735 ], [ 50.454925, 53.2315495 ] ] ] } },
{ "type": "Feature", "properties": { "source_type": "ml", "id": "6e5d62e7-9f28-4146-a309-ec037a5aed71", "class": null, "subtype": null, "level": null, "height": null, "num_floors": null }, "bbox": [ 50.4548709, 53.2314628, 50.4549715, 53.2315283 ], "geometry": { "type": "Polygon", "coordinates": [ [ [ 50.454906, 53.2314628 ], [ 50.4549715, 53.2315114 ], [ 50.4549365, 53.2315283 ], [ 50.4548709, 53.2314798 ], [ 50.454906, 53.2314628 ] ] ] } },
{ "type": "Feature", "properties": { "source_type": "ml", "id": "d40b03fc-3294-4370-a801-e635b79ac7bd", "class": null, "subtype": null, "level": null, "height": null, "num_floors": null }, "bbox": [ 50.4550917, 53.2314633, 50.4551934, 53.2315228 ], "geometry": { "type": "Polygon", "coordinates": [ [ [ 50.4551549, 53.2314633 ], [ 50.4551934, 53.2314897 ], [ 50.4551303, 53.2315228 ], [ 50.4550917, 53.2314964 ], [ 50.4551549, 53.2314633 ] ] ] } },
{ "type": "Feature", "properties": { "source_type": "ml", "id": "70dbab5e-5792-4692-a6f7-5e33f072aa5c", "class": null, "subtype": null, "level": null, "height": null, "num_floors": null }, "bbox": [ 50.4543329, 53.2314102, 50.4544932, 53.2315217 ], "geometry": { "type": "Polygon", "coordinates": [ [ [ 50.4543978, 53.2314102 ], [ 50.4544932, 53.2314957 ], [ 50.4544283, 53.2315217 ], [ 50.4543329, 53.2314362 ], [ 50.4543978, 53.2314102 ] ] ] } },
{ "type": "Feature", "properties": { "source_type": "ml", "id": "56581d35-3c34-475b-bfa0-edf3bd8431fc", "class": null, "subtype": null, "level": null, "height": null, "num_floors": null }, "bbox": [ 50.454034, 53.2315484, 50.4541887, 53.2316401 ], "geometry": { "type": "Polygon", "coordinates": [ [ [ 50.4541219, 53.2315484 ], [ 50.4541887, 53.2315955 ], [ 50.4541008, 53.2316401 ], [ 50.454034, 53.231593 ], [ 50.4541219, 53.2315484 ] ] ] } },
{ "type": "Feature", "properties": { "source_type": "ml", "id": "f584c4e6-81ae-436c-b252-de5c094a4c9a", "class": null, "subtype": null, "level": null, "height": null, "num_floors": null }, "bbox": [ 50.4535943, 53.2315002, 50.4537088, 53.2315672 ], "geometry": { "type": "Polygon", "coordinates": [ [ [ 50.4536667, 53.2315002 ], [ 50.4537088, 53.2315281 ], [ 50.4536364, 53.2315672 ], [ 50.4535943, 53.2315393 ], [ 50.4536667, 53.2315002 ] ] ] } },
{ "type": "Feature", "properties": { "source_type": "ml", "id": "1fdb74a4-540d-484e-a604-cc5480f2d87a", "class": null, "subtype": null, "level": null, "height": null, "num_floors": null }, "bbox": [ 50.4536867, 53.2314571, 50.4537897, 53.2315176 ], "geometry": { "type": "Polygon", "coordinates": [ [ [ 50.4537195, 53.2315176 ], [ 50.4536867, 53.2314967 ], [ 50.4537569, 53.2314571 ], [ 50.4537897, 53.231478 ], [ 50.4537195, 53.2315176 ] ] ] } },
{ "type": "Feature", "properties": { "source_type": "ml", "id": "3c5b8dc2-679f-4880-a0e7-e2e5e75daeb6", "class": null, "subtype": null, "level": null, "height": null, "num_floors": null }, "bbox": [ 50.4534464, 53.2314641, 50.4535374, 53.2315139 ], "geometry": { "type": "Polygon", "coordinates": [ [ [ 50.4534721, 53.2315139 ], [ 50.4534464, 53.2314934 ], [ 50.4535116, 53.2314641 ], [ 50.4535374, 53.2314846 ], [ 50.4534721, 53.2315139 ] ] ] } },
{ "type": "Feature", "properties": { "source_type": "ml", "id": "7d0b9634-502c-4e28-82f2-2f9d3a554ac7", "class": null, "subtype": null, "level": null, "height": null, "num_floors": null }, "bbox": [ 50.453312, 53.2314334, 50.4533934, 53.2314884 ], "geometry": { "type": "Polygon", "coordinates": [ [ [ 50.4533498, 53.2314884 ], [ 50.453312, 53.231448 ], [ 50.4533557, 53.2314334 ], [ 50.4533934, 53.2314737 ], [ 50.4533498, 53.2314884 ] ] ] } },
{ "type": "Feature", "properties": { "source_type": "ml", "id": "33603907-2278-4857-b32b-79fd7ebcd576", "class": null, "subtype": null, "level": null, "height": null, "num_floors": null }, "bbox": [ 50.4533537, 53.2314293, 50.4535204, 53.2315854 ], "geometry": { "type": "Polygon", "coordinates": [ [ [ 50.453433, 53.2314947 ], [ 50.4535157, 53.2315667 ], [ 50.4534702, 53.2315854 ], [ 50.4533537, 53.231484 ], [ 50.4534866, 53.2314293 ], [ 50.4535204, 53.2314587 ], [ 50.453433, 53.2314947 ] ] ] } },
{ "type": "Feature", "properties": { "source_type": "ml", "id": "c801f5a4-21a4-4070-b240-e7f1d7f729ae", "class": null, "subtype": null, "level": null, "height": null, "num_floors": null }, "bbox": [ 50.4533819, 53.2315614, 50.4534445, 53.2316176 ], "geometry": { "type": "Polygon", "coordinates": [ [ [ 50.4534197, 53.2315614 ], [ 50.4534445, 53.2316108 ], [ 50.4534067, 53.2316176 ], [ 50.4533819, 53.2315682 ], [ 50.4534197, 53.2315614 ] ] ] } },
{ "type": "Feature", "properties": { "source_type": "ml", "id": "f9eb2a00-d6f4-483c-938e-02cae65cc6e1", "class": null, "subtype": null, "level": null, "height": null, "num_floors": null }, "bbox": [ 50.4525206, 53.2315454, 50.4526358, 53.2316188 ], "geometry": { "type": "Polygon", "coordinates": [ [ [ 50.4525776, 53.2316188 ], [ 50.4525206, 53.2315694 ], [ 50.4525788, 53.2315454 ], [ 50.4526358, 53.2315948 ], [ 50.4525776, 53.2316188 ] ] ] } },
{ "type": "Feature", "properties": { "source_type": "ml", "id": "947c980f-e062-4ed5-9d3a-544e428b0578", "class": null, "subtype": null, "level": null, "height": null, "num_floors": null }, "bbox": [ 50.4522084, 53.2315189, 50.4523462, 53.2316049 ], "geometry": { "type": "Polygon", "coordinates": [ [ [ 50.4522781, 53.2316049 ], [ 50.4522084, 53.2315498 ], [ 50.4522765, 53.2315189 ], [ 50.4523462, 53.2315739 ], [ 50.4522781, 53.2316049 ] ] ] } },
{ "type": "Feature", "properties": { "source_type": "ml", "id": "b48262fa-8075-4097-81a7-f7ae5f014d29", "class": null, "subtype": null, "level": null, "height": null, "num_floors": null }, "bbox": [ 50.4523096, 53.2314789, 50.452504, 53.231598 ], "geometry": { "type": "Polygon", "coordinates": [ [ [ 50.4523096, 53.2315258 ], [ 50.4524088, 53.2314789 ], [ 50.452504, 53.2315512 ], [ 50.4524048, 53.231598 ], [ 50.4523096, 53.2315258 ] ] ] } },
{ "type": "Feature", "properties": { "source_type": "ml", "id": "9b1fb40f-06e5-4738-96eb-cc98b4ab6839", "class": null, "subtype": null, "level": null, "height": null, "num_floors": null }, "bbox": [ 50.4522179, 53.2314255, 50.4523323, 53.2314979 ], "geometry": { "type": "Polygon", "coordinates": [ [ [ 50.4522179, 53.2314819 ], [ 50.4523026, 53.2314255 ], [ 50.4523323, 53.2314415 ], [ 50.4522475, 53.2314979 ], [ 50.4522179, 53.2314819 ] ] ] } },
{ "type": "Feature", "properties": { "source_type": "ml", "id": "164ab63b-887f-4928-afea-17a5d222b333", "class": null, "subtype": null, "level": null, "height": null, "num_floors": null }, "bbox": [ 50.4525726, 53.2314224, 50.4526891, 53.2314837 ], "geometry": { "type": "Polygon", "coordinates": [ [ [ 50.4526588, 53.2314224 ], [ 50.4526891, 53.231451 ], [ 50.4526029, 53.2314837 ], [ 50.4525726, 53.231455 ], [ 50.4526588, 53.2314224 ] ] ] } },
{ "type": "Feature", "properties": { "source_type": "ml", "id": "01f046ad-2ed9-4fea-9a23-4f006b726933", "class": null, "subtype": null, "level": null, "height": null, "num_floors": null }, "bbox": [ 50.453189, 53.2315284, 50.453299, 53.2316004 ], "geometry": { "type": "Polygon", "coordinates": [ [ [ 50.4532556, 53.2315284 ], [ 50.453299, 53.2315805 ], [ 50.4532324, 53.2316004 ], [ 50.453189, 53.2315482 ], [ 50.4532556, 53.2315284 ] ] ] } },
{ "type": "Feature", "properties": { "source_type": "ml", "id": "7c90a4b9-5da7-4b88-ae3d-da6fd0ec3276", "class": null, "subtype": null, "level": null, "height": null, "num_floors": null }, "bbox": [ 50.4530168, 53.2312786, 50.4531516, 53.2313752 ], "geometry": { "type": "Polygon", "coordinates": [ [ [ 50.4530168, 53.2313057 ], [ 50.4530729, 53.2312786 ], [ 50.4531516, 53.2313368 ], [ 50.4530722, 53.2313752 ], [ 50.4530355, 53.2313481 ], [ 50.4530588, 53.2313368 ], [ 50.4530168, 53.2313057 ] ] ] } },
{ "type": "Feature", "properties": { "source_type": "ml", "id": "fb4f17b6-9348-4c64-b7eb-56e68c3c7553", "class": null, "subtype": null, "level": null, "height": null, "num_floors": null }, "bbox": [ 50.4531895, 53.2312657, 50.4533414, 53.2313568 ], "geometry": { "type": "Polygon", "coordinates": [ [ [ 50.4532637, 53.2313568 ], [ 50.4531895, 53.2313143 ], [ 50.4532672, 53.2312657 ], [ 50.4533414, 53.2313082 ], [ 50.4532637, 53.2313568 ] ] ] } },
{ "type": "Feature", "properties": { "source_type": "ml", "id": "b8be72b2-232f-4695-a67b-88e11f404527", "class": null, "subtype": null, "level": null, "height": null, "num_floors": null }, "bbox": [ 50.4527763, 53.2312112, 50.4529158, 53.2312819 ], "geometry": { "type": "Polygon", "coordinates": [ [ [ 50.4528028, 53.2312819 ], [ 50.4527763, 53.2312331 ], [ 50.4528894, 53.2312112 ], [ 50.4529158, 53.2312599 ], [ 50.4528028, 53.2312819 ] ] ] } },
{ "type": "Feature", "properties": { "source_type": "ml", "id": "f2d001a9-8c0c-4ce2-b18d-213a911d5750", "class": null, "subtype": null, "level": null, "height": null, "num_floors": null }, "bbox": [ 50.4526509, 53.2312642, 50.4527657, 53.231349 ], "geometry": { "type": "Polygon", "coordinates": [ [ [ 50.4526509, 53.2312912 ], [ 50.452741, 53.2312642 ], [ 50.4527657, 53.2312938 ], [ 50.4527262, 53.2313056 ], [ 50.4527498, 53.2313338 ], [ 50.4526992, 53.231349 ], [ 50.4526509, 53.2312912 ] ] ] } },
{ "type": "Feature", "properties": { "source_type": "ml", "id": "29921bbe-c39d-449b-9df1-455bdbd8c720", "class": null, "subtype": null, "level": null, "height": null, "num_floors": null }, "bbox": [ 50.4525802, 53.2313021, 50.4526515, 53.231345 ], "geometry": { "type": "Polygon", "coordinates": [ [ [ 50.4526106, 53.231345 ], [ 50.4525802, 53.2313195 ], [ 50.452621, 53.2313021 ], [ 50.4526515, 53.2313276 ], [ 50.4526106, 53.231345 ] ] ] } },
{ "type": "Feature", "properties": { "source_type": "ml", "id": "04dbb240-1973-4101-860d-20c7158bc096", "class": null, "subtype": null, "level": null, "height": null, "num_floors": null }, "bbox": [ 50.4531567, 53.2310231, 50.4532301, 53.2310635 ], "geometry": { "type": "Polygon", "coordinates": [ [ [ 50.453169, 53.2310635 ], [ 50.4531567, 53.2310315 ], [ 50.4532179, 53.2310231 ], [ 50.4532301, 53.2310551 ], [ 50.453169, 53.2310635 ] ] ] } },
{ "type": "Feature", "properties": { "source_type": "ml", "id": "743c7b60-810d-4572-a580-a3e6d83e5b32", "class": null, "subtype": null, "level": null, "height": null, "num_floors": null }, "bbox": [ 50.4534254, 53.2311912, 50.4535079, 53.2312402 ], "geometry": { "type": "Polygon", "coordinates": [ [ [ 50.4534738, 53.2311912 ], [ 50.4535079, 53.2312187 ], [ 50.4534594, 53.2312402 ], [ 50.4534254, 53.2312127 ], [ 50.4534738, 53.2311912 ] ] ] } },
{ "type": "Feature", "properties": { "source_type": "ml", "id": "76a6a322-ed50-40e6-b7c9-39d1ee599f29", "class": null, "subtype": null, "level": null, "height": null, "num_floors": null }, "bbox": [ 50.4533474, 53.2312374, 50.4534071, 53.2312766 ], "geometry": { "type": "Polygon", "coordinates": [ [ [ 50.4533474, 53.231241 ], [ 50.4534004, 53.2312374 ], [ 50.4534071, 53.231273 ], [ 50.4533541, 53.2312766 ], [ 50.4533474, 53.231241 ] ] ] } },
{ "type": "Feature", "properties": { "source_type": "ml", "id": "8a0b935a-029d-4976-8d60-570cd370c79b", "class": null, "subtype": null, "level": null, "height": null, "num_floors": null }, "bbox": [ 50.4536715, 53.2312779, 50.4537499, 53.231318 ], "geometry": { "type": "Polygon", "coordinates": [ [ [ 50.453688, 53.231318 ], [ 50.4536715, 53.2312919 ], [ 50.4537335, 53.2312779 ], [ 50.4537499, 53.2313039 ], [ 50.453688, 53.231318 ] ] ] } },
{ "type": "Feature", "properties": { "source_type": "ml", "id": "dc364a9f-7a3e-4276-9959-8abedd4440df", "class": null, "subtype": null, "level": null, "height": null, "num_floors": null }, "bbox": [ 50.4537379, 53.2313124, 50.4538386, 53.2313903 ], "geometry": { "type": "Polygon", "coordinates": [ [ [ 50.453787, 53.2313124 ], [ 50.4538386, 53.2313761 ], [ 50.4537895, 53.2313903 ], [ 50.4537379, 53.2313267 ], [ 50.453787, 53.2313124 ] ] ] } },
{ "type": "Feature", "properties": { "source_type": "ml", "id": "c91878ff-0f63-4eae-bd15-5d85c38f5a6d", "class": null, "subtype": null, "level": null, "height": null, "num_floors": null }, "bbox": [ 50.4537437, 53.231141, 50.4539423, 53.2312465 ], "geometry": { "type": "Polygon", "coordinates": [ [ [ 50.4538958, 53.231141 ], [ 50.4539423, 53.2311778 ], [ 50.4537901, 53.2312465 ], [ 50.4537437, 53.2312097 ], [ 50.4538958, 53.231141 ] ] ] } },
{ "type": "Feature", "properties": { "source_type": "ml", "id": "bc2ff595-e496-49f1-9ba8-8dd5cebf6672", "class": null, "subtype": null, "level": null, "height": null, "num_floors": null }, "bbox": [ 50.4540631, 53.2311646, 50.4541724, 53.2312208 ], "geometry": { "type": "Polygon", "coordinates": [ [ [ 50.4540895, 53.2312208 ], [ 50.4540631, 53.2311951 ], [ 50.454146, 53.2311646 ], [ 50.4541724, 53.2311902 ], [ 50.4540895, 53.2312208 ] ] ] } },
{ "type": "Feature", "properties": { "source_type": "ml", "id": "767fda2c-e632-48c2-92a2-f4e7178fe91e", "class": null, "subtype": null, "level": null, "height": null, "num_floors": null }, "bbox": [ 50.4538905, 53.2312394, 50.454031, 53.2313382 ], "geometry": { "type": "Polygon", "coordinates": [ [ [ 50.4539581, 53.2313382 ], [ 50.4538905, 53.2312629 ], [ 50.4539634, 53.2312394 ], [ 50.454031, 53.2313148 ], [ 50.4539581, 53.2313382 ] ] ] } },
{ "type": "Feature", "properties": { "source_type": "ml", "id": "1e69e128-6539-4d18-a64b-43653a60283e", "class": null, "subtype": null, "level": null, "height": null, "num_floors": null }, "bbox": [ 50.4542111, 53.2312423, 50.4542818, 53.2312908 ], "geometry": { "type": "Polygon", "coordinates": [ [ [ 50.4542526, 53.2312423 ], [ 50.4542818, 53.231279 ], [ 50.4542402, 53.2312908 ], [ 50.4542111, 53.2312542 ], [ 50.4542526, 53.2312423 ] ] ] } },
{ "type": "Feature", "properties": { "source_type": "ml", "id": "5bf47c88-75f2-4372-acfa-23b794060f51", "class": null, "subtype": null, "level": null, "height": null, "num_floors": null }, "bbox": [ 50.4539939, 53.2310506, 50.4540693, 53.2310984 ], "geometry": { "type": "Polygon", "coordinates": [ [ [ 50.4540422, 53.2310984 ], [ 50.4539939, 53.2310644 ], [ 50.454021, 53.2310506 ], [ 50.4540693, 53.2310846 ], [ 50.4540422, 53.2310984 ] ] ] } },
{ "type": "Feature", "properties": { "source_type": "my", "id": "af252ffa-2cd5-45a0-b504-6df68dac9e59", "class": "house", "subtype": "residential", "level": null, "height": null, "num_floors": 2 }, "bbox": [ 50.4535593, 53.2307093, 50.4537042, 53.2307912 ], "geometry": { "type": "Polygon", "coordinates": [ [ [ 50.4535889, 53.2307912 ], [ 50.4535593, 53.2307289 ], [ 50.4536746, 53.2307093 ], [ 50.4537042, 53.2307716 ], [ 50.4535889, 53.2307912 ] ] ] } },
{ "type": "Feature", "properties": { "source_type": "my", "id": "4b76cef1-dbf7-4020-a817-918b78c34273", "class": "house", "subtype": "residential", "level": null, "height": null, "num_floors": 1 }, "bbox": [ 50.4533994, 53.2305362, 50.4535623, 53.2306396 ], "geometry": { "type": "Polygon", "coordinates": [ [ [ 50.4535623, 53.230617 ], [ 50.4534417, 53.2306396 ], [ 50.4533994, 53.2305589 ], [ 50.4535201, 53.2305362 ], [ 50.4535623, 53.230617 ] ] ] } },
{ "type": "Feature", "properties": { "source_type": "ml", "id": "1c66ec76-46e1-4ef7-b21b-2efc2b79e297", "class": null, "subtype": null, "level": null, "height": null, "num_floors": null }, "bbox": [ 50.4534211, 53.230838, 50.4535127, 53.2308752 ], "geometry": { "type": "Polygon", "coordinates": [ [ [ 50.4535005, 53.230838 ], [ 50.4535127, 53.2308569 ], [ 50.4534332, 53.2308752 ], [ 50.4534211, 53.2308563 ], [ 50.4535005, 53.230838 ] ] ] } },
{ "type": "Feature", "properties": { "source_type": "my", "id": "351ee893-cc73-4384-8ebc-18b7a436288f", "class": "house", "subtype": "residential", "level": null, "height": null, "num_floors": 1 }, "bbox": [ 50.453755, 53.2307921, 50.4538415, 53.2308473 ], "geometry": { "type": "Polygon", "coordinates": [ [ [ 50.4538415, 53.230845 ], [ 50.453759, 53.2308473 ], [ 50.453755, 53.2307943 ], [ 50.4538375, 53.2307921 ], [ 50.4538415, 53.230845 ] ] ] } },
{ "type": "Feature", "properties": { "source_type": "ml", "id": "3cf88f84-760b-4e4c-b64f-61f600c0350f", "class": null, "subtype": null, "level": null, "height": null, "num_floors": null }, "bbox": [ 50.4524115, 53.2306213, 50.4524795, 53.2306732 ], "geometry": { "type": "Polygon", "coordinates": [ [ [ 50.4524546, 53.2306213 ], [ 50.4524795, 53.2306643 ], [ 50.4524364, 53.2306732 ], [ 50.4524115, 53.2306302 ], [ 50.4524546, 53.2306213 ] ] ] } },
{ "type": "Feature", "properties": { "source_type": "ml", "id": "2bfe9519-c197-48b4-9ab2-54ff4ae58538", "class": null, "subtype": null, "level": null, "height": null, "num_floors": null }, "bbox": [ 50.452661, 53.2305636, 50.4527468, 53.2306264 ], "geometry": { "type": "Polygon", "coordinates": [ [ [ 50.4527152, 53.2305636 ], [ 50.4527468, 53.2306144 ], [ 50.4526926, 53.2306264 ], [ 50.452661, 53.2305756 ], [ 50.4527152, 53.2305636 ] ] ] } },
{ "type": "Feature", "properties": { "source_type": "ml", "id": "cd39742f-e6fe-4968-b7fe-90466f734de0", "class": null, "subtype": null, "level": null, "height": null, "num_floors": null }, "bbox": [ 50.4527446, 53.230551, 50.4528119, 53.2306117 ], "geometry": { "type": "Polygon", "coordinates": [ [ [ 50.4527835, 53.230551 ], [ 50.4528119, 53.2306043 ], [ 50.4527729, 53.2306117 ], [ 50.4527446, 53.2305585 ], [ 50.4527835, 53.230551 ] ] ] } },
{ "type": "Feature", "properties": { "source_type": "my", "id": "f4a9fee4-70d8-4f1c-81c9-8e11ad66feca", "class": "house", "subtype": "residential", "level": null, "height": null, "num_floors": 2 }, "bbox": [ 50.4528381, 53.2305887, 50.4530241, 53.2306782 ], "geometry": { "type": "Polygon", "coordinates": [ [ [ 50.4528589, 53.2306782 ], [ 50.4528381, 53.2306293 ], [ 50.4528729, 53.230624 ], [ 50.4528663, 53.2306085 ], [ 50.4529968, 53.2305887 ], [ 50.4530241, 53.2306531 ], [ 50.4528589, 53.2306782 ] ] ] } },
{ "type": "Feature", "properties": { "source_type": "ml", "id": "d25cfa07-cc10-4db4-ad8b-d929f1e8c515", "class": null, "subtype": null, "level": null, "height": null, "num_floors": null }, "bbox": [ 50.4530482, 53.2304549, 50.4531631, 53.2305289 ], "geometry": { "type": "Polygon", "coordinates": [ [ [ 50.4530482, 53.230465 ], [ 50.4531445, 53.2304549 ], [ 50.4531631, 53.2305188 ], [ 50.4530668, 53.2305289 ], [ 50.4530482, 53.230465 ] ] ] } },
{ "type": "Feature", "properties": { "source_type": "ml", "id": "18c8ed3d-e162-4aaf-8632-89d9652f067e", "class": null, "subtype": null, "level": null, "height": null, "num_floors": null }, "bbox": [ 50.4529403, 53.2303784, 50.4531787, 53.2304567 ], "geometry": { "type": "Polygon", "coordinates": [ [ [ 50.4529597, 53.2304567 ], [ 50.4529403, 53.2304203 ], [ 50.4531593, 53.2303784 ], [ 50.4531787, 53.2304148 ], [ 50.4529597, 53.2304567 ] ] ] } },
{ "type": "Feature", "properties": { "source_type": "my", "id": "b93a9efa-7f18-4d02-a732-83ca9f5810ab", "class": "house", "subtype": "residential", "level": null, "height": null, "num_floors": 1 }, "bbox": [ 50.4527429, 53.230426, 50.4528422, 53.2304853 ], "geometry": { "type": "Polygon", "coordinates": [ [ [ 50.4527743, 53.2304853 ], [ 50.4527429, 53.2304449 ], [ 50.4528108, 53.230426 ], [ 50.4528422, 53.2304663 ], [ 50.4527743, 53.2304853 ] ] ] } },
{ "type": "Feature", "properties": { "source_type": "ml", "id": "18c7fddd-0c23-4aba-bc5c-829c8983740b", "class": null, "subtype": null, "level": null, "height": null, "num_floors": null }, "bbox": [ 50.4523008, 53.2301391, 50.4524239, 53.2302059 ], "geometry": { "type": "Polygon", "coordinates": [ [ [ 50.4523345, 53.2302059 ], [ 50.4523008, 53.2301664 ], [ 50.4523903, 53.2301391 ], [ 50.4524239, 53.2301786 ], [ 50.4523345, 53.2302059 ] ] ] } },
{ "type": "Feature", "properties": { "source_type": "ml", "id": "2d9fd2ca-c178-446f-b567-f44ed7e1deb6", "class": null, "subtype": null, "level": null, "height": null, "num_floors": null }, "bbox": [ 50.4533342, 53.2301286, 50.4534398, 53.2301876 ], "geometry": { "type": "Polygon", "coordinates": [ [ [ 50.4533657, 53.2301286 ], [ 50.4534398, 53.2301642 ], [ 50.4534084, 53.2301876 ], [ 50.4533342, 53.230152 ], [ 50.4533657, 53.2301286 ] ] ] } },
{ "type": "Feature", "properties": { "source_type": "ml", "id": "e8a060c2-e90e-42f8-89d3-26d393040149", "class": null, "subtype": null, "level": null, "height": null, "num_floors": null }, "bbox": [ 50.4537543, 53.2301127, 50.4538642, 53.2301767 ], "geometry": { "type": "Polygon", "coordinates": [ [ [ 50.4537897, 53.2301127 ], [ 50.4538642, 53.2301535 ], [ 50.4538288, 53.2301767 ], [ 50.4537543, 53.2301359 ], [ 50.4537897, 53.2301127 ] ] ] } },
{ "type": "Feature", "properties": { "source_type": "ml", "id": "c4b94d27-c887-4cc9-98f4-5119e46ccfb6", "class": null, "subtype": null, "level": null, "height": null, "num_floors": null }, "bbox": [ 50.4536126, 53.2302105, 50.4536776, 53.2302527 ], "geometry": { "type": "Polygon", "coordinates": [ [ [ 50.4536456, 53.2302527 ], [ 50.4536126, 53.2302398 ], [ 50.4536446, 53.2302105 ], [ 50.4536776, 53.2302234 ], [ 50.4536456, 53.2302527 ] ] ] } },
{ "type": "Feature", "properties": { "source_type": "ml", "id": "0ca42934-d39b-400d-8b8a-3e40960ea048", "class": null, "subtype": null, "level": null, "height": null, "num_floors": null }, "bbox": [ 50.453762, 53.230229, 50.4538776, 53.2303032 ], "geometry": { "type": "Polygon", "coordinates": [ [ [ 50.4538407, 53.2303032 ], [ 50.453762, 53.2302845 ], [ 50.4537988, 53.230229 ], [ 50.4538776, 53.2302478 ], [ 50.4538407, 53.2303032 ] ] ] } },
{ "type": "Feature", "properties": { "source_type": "my", "id": "a0ffc49b-958b-4f2a-bac4-e1bd7d347b3b", "class": "house", "subtype": "residential", "level": null, "height": null, "num_floors": 1 }, "bbox": [ 50.4534697, 53.2304408, 50.4535834, 53.2305237 ], "geometry": { "type": "Polygon", "coordinates": [ [ [ 50.4535834, 53.2305104 ], [ 50.4535012, 53.2305237 ], [ 50.4534697, 53.2304541 ], [ 50.453552, 53.2304408 ], [ 50.4535834, 53.2305104 ] ] ] } },
{ "type": "Feature", "properties": { "source_type": "ml", "id": "09cc9399-688b-4bfa-b4df-8596eb3a1303", "class": null, "subtype": null, "level": null, "height": null, "num_floors": null }, "bbox": [ 50.4543822, 53.2302058, 50.4546161, 53.2302798 ], "geometry": { "type": "Polygon", "coordinates": [ [ [ 50.4543954, 53.2302058 ], [ 50.4546161, 53.2302247 ], [ 50.454603, 53.2302798 ], [ 50.4543822, 53.2302609 ], [ 50.4543954, 53.2302058 ] ] ] } },
{ "type": "Feature", "properties": { "source_type": "ml", "id": "9cd7cabc-0b40-490e-b7c6-5f94ebbfa9f7", "class": null, "subtype": null, "level": null, "height": null, "num_floors": null }, "bbox": [ 50.4543572, 53.2302664, 50.4544896, 53.2303415 ], "geometry": { "type": "Polygon", "coordinates": [ [ [ 50.4543797, 53.2302664 ], [ 50.4544896, 53.2302811 ], [ 50.454467, 53.2303415 ], [ 50.4543572, 53.2303268 ], [ 50.4543797, 53.2302664 ] ] ] } },
{ "type": "Feature", "properties": { "source_type": "ml", "id": "8db7b7fd-2658-4a11-82b1-c9b82dec20c9", "class": null, "subtype": null, "level": null, "height": null, "num_floors": null }, "bbox": [ 50.4546766, 53.2301911, 50.4548064, 53.2302498 ], "geometry": { "type": "Polygon", "coordinates": [ [ [ 50.454686, 53.2301911 ], [ 50.4548064, 53.2301991 ], [ 50.454797, 53.2302498 ], [ 50.4546766, 53.2302419 ], [ 50.454686, 53.2301911 ] ] ] } },
{ "type": "Feature", "properties": { "source_type": "ml", "id": "c7485371-f986-4919-b559-3be80f513ae2", "class": null, "subtype": null, "level": null, "height": null, "num_floors": null }, "bbox": [ 50.4549233, 53.2300975, 50.4550475, 53.2301828 ], "geometry": { "type": "Polygon", "coordinates": [ [ [ 50.4550264, 53.2301828 ], [ 50.4549233, 53.2301724 ], [ 50.4549444, 53.2300975 ], [ 50.4550475, 53.2301079 ], [ 50.4550264, 53.2301828 ] ] ] } },
{ "type": "Feature", "properties": { "source_type": "ml", "id": "aba49a43-457c-4ea4-9b70-4252dbb105ad", "class": null, "subtype": null, "level": null, "height": null, "num_floors": null }, "bbox": [ 50.4551997, 53.2301225, 50.4552541, 53.2301712 ], "geometry": { "type": "Polygon", "coordinates": [ [ [ 50.4552505, 53.2301712 ], [ 50.4551997, 53.2301698 ], [ 50.4552032, 53.2301225 ], [ 50.4552541, 53.2301239 ], [ 50.4552505, 53.2301712 ] ] ] } },
{ "type": "Feature", "properties": { "source_type": "ml", "id": "d5d49985-740d-40c0-aa7e-12844c8005b1", "class": null, "subtype": null, "level": null, "height": null, "num_floors": null }, "bbox": [ 50.4553461, 53.2301881, 50.455407, 53.230213 ], "geometry": { "type": "Polygon", "coordinates": [ [ [ 50.4553461, 53.2301898 ], [ 50.455405, 53.2301881 ], [ 50.455407, 53.2302113 ], [ 50.4553481, 53.230213 ], [ 50.4553461, 53.2301898 ] ] ] } },
{ "type": "Feature", "properties": { "source_type": "ml", "id": "c064771d-8cb3-4b32-b547-fae70019d01d", "class": null, "subtype": null, "level": null, "height": null, "num_floors": null }, "bbox": [ 50.4554241, 53.2303174, 50.4555397, 53.230402 ], "geometry": { "type": "Polygon", "coordinates": [ [ [ 50.4554241, 53.2303351 ], [ 50.4554882, 53.2303174 ], [ 50.4555397, 53.2303843 ], [ 50.4554756, 53.230402 ], [ 50.4554241, 53.2303351 ] ] ] } },
{ "type": "Feature", "properties": { "source_type": "ml", "id": "17719ac7-a0a0-4443-8d68-bf9bd250e88c", "class": null, "subtype": null, "level": null, "height": null, "num_floors": null }, "bbox": [ 50.4551861, 53.230382, 50.4553309, 53.2304632 ], "geometry": { "type": "Polygon", "coordinates": [ [ [ 50.4552318, 53.2304632 ], [ 50.4551861, 53.2304179 ], [ 50.4552852, 53.230382 ], [ 50.4553309, 53.2304273 ], [ 50.4552318, 53.2304632 ] ] ] } },
{ "type": "Feature", "properties": { "source_type": "ml", "id": "0e4f5b7f-4894-4b0c-be9f-6c7e4c9a9028", "class": null, "subtype": null, "level": null, "height": null, "num_floors": null }, "bbox": [ 50.4549649, 53.2304431, 50.455124, 53.2305412 ], "geometry": { "type": "Polygon", "coordinates": [ [ [ 50.4550262, 53.2305412 ], [ 50.4549649, 53.230476 ], [ 50.4550626, 53.2304431 ], [ 50.455124, 53.2305083 ], [ 50.4550262, 53.2305412 ] ] ] } },
{ "type": "Feature", "properties": { "source_type": "ml", "id": "6b57d6f1-c408-4d6f-94c3-f33e4ce9c54c", "class": null, "subtype": null, "level": null, "height": null, "num_floors": null }, "bbox": [ 50.4548672, 53.2304914, 50.4549755, 53.230547 ], "geometry": { "type": "Polygon", "coordinates": [ [ [ 50.4548672, 53.23052 ], [ 50.4549493, 53.2304914 ], [ 50.4549755, 53.2305183 ], [ 50.4548934, 53.230547 ], [ 50.4548672, 53.23052 ] ] ] } },
{ "type": "Feature", "properties": { "source_type": "ml", "id": "cce34091-2f24-4fe3-ae7b-433c99b95e83", "class": null, "subtype": null, "level": null, "height": null, "num_floors": null }, "bbox": [ 50.4545832, 53.23038, 50.4546507, 53.2304304 ], "geometry": { "type": "Polygon", "coordinates": [ [ [ 50.4546079, 53.23038 ], [ 50.4546507, 53.2303892 ], [ 50.454626, 53.2304304 ], [ 50.4545832, 53.2304213 ], [ 50.4546079, 53.23038 ] ] ] } },
{ "type": "Feature", "properties": { "source_type": "ml", "id": "263810ec-840e-4d7d-ac63-012b1793e9d3", "class": null, "subtype": null, "level": null, "height": null, "num_floors": null }, "bbox": [ 50.4544775, 53.2303591, 50.4545712, 53.2304021 ], "geometry": { "type": "Polygon", "coordinates": [ [ [ 50.4544894, 53.2303591 ], [ 50.4545712, 53.23037 ], [ 50.4545593, 53.2304021 ], [ 50.4544775, 53.2303912 ], [ 50.4544894, 53.2303591 ] ] ] } },
{ "type": "Feature", "properties": { "source_type": "ml", "id": "b40af777-7354-4446-9e9c-7eb8d5b93029", "class": null, "subtype": null, "level": null, "height": null, "num_floors": null }, "bbox": [ 50.4547187, 53.2305564, 50.4548037, 53.2306053 ], "geometry": { "type": "Polygon", "coordinates": [ [ [ 50.4547187, 53.23058 ], [ 50.4547731, 53.2305564 ], [ 50.4548037, 53.2305816 ], [ 50.4547493, 53.2306053 ], [ 50.4547187, 53.23058 ] ] ] } },
{ "type": "Feature", "properties": { "source_type": "ml", "id": "97c29546-9d58-4df8-a082-c89e0d28238e", "class": null, "subtype": null, "level": null, "height": null, "num_floors": null }, "bbox": [ 50.4554318, 53.2308338, 50.4555904, 53.2309377 ], "geometry": { "type": "Polygon", "coordinates": [ [ [ 50.4555226, 53.2308338 ], [ 50.4555904, 53.2309079 ], [ 50.4554995, 53.2309377 ], [ 50.4554318, 53.2308635 ], [ 50.4555226, 53.2308338 ] ] ] } },
{ "type": "Feature", "properties": { "source_type": "ml", "id": "2d7e04e5-6b67-401f-b0a4-e32d06056118", "class": null, "subtype": null, "level": null, "height": null, "num_floors": null }, "bbox": [ 50.4557871, 53.2307003, 50.4559725, 53.2308179 ], "geometry": { "type": "Polygon", "coordinates": [ [ [ 50.4558912, 53.2307003 ], [ 50.4559725, 53.2307796 ], [ 50.4558683, 53.2308179 ], [ 50.4557871, 53.2307385 ], [ 50.4558912, 53.2307003 ] ] ] } },
{ "type": "Feature", "properties": { "source_type": "ml", "id": "f430efcf-9cf0-4f74-9980-c21eb81f83be", "class": null, "subtype": null, "level": null, "height": null, "num_floors": null }, "bbox": [ 50.4556284, 53.2307576, 50.4557908, 53.2308555 ], "geometry": { "type": "Polygon", "coordinates": [ [ [ 50.4556985, 53.2308555 ], [ 50.4556284, 53.2307977 ], [ 50.4557207, 53.2307576 ], [ 50.4557908, 53.2308154 ], [ 50.4556985, 53.2308555 ] ] ] } },
{ "type": "Feature", "properties": { "source_type": "ml", "id": "ca52a9aa-0ddc-44e0-9b97-ec62cdfaf31c", "class": null, "subtype": null, "level": null, "height": null, "num_floors": null }, "bbox": [ 50.455666, 53.2308817, 50.4557816, 53.230956 ], "geometry": { "type": "Polygon", "coordinates": [ [ [ 50.455666, 53.230905 ], [ 50.4557188, 53.2308817 ], [ 50.4557816, 53.2309326 ], [ 50.4557288, 53.230956 ], [ 50.455666, 53.230905 ] ] ] } },
{ "type": "Feature", "properties": { "source_type": "ml", "id": "ebcd6d4b-fa31-4c93-ab60-0e71dd0ace12", "class": null, "subtype": null, "level": null, "height": null, "num_floors": null }, "bbox": [ 50.4563458, 53.2307042, 50.4564627, 53.230772 ], "geometry": { "type": "Polygon", "coordinates": [ [ [ 50.4563458, 53.2307281 ], [ 50.4564266, 53.2307042 ], [ 50.4564627, 53.2307481 ], [ 50.456382, 53.230772 ], [ 50.4563458, 53.2307281 ] ] ] } },
{ "type": "Feature", "properties": { "source_type": "ml", "id": "f0e889ef-202b-4fec-9c43-11a146b0af5f", "class": null, "subtype": null, "level": null, "height": null, "num_floors": null }, "bbox": [ 50.4557091, 53.2301978, 50.4558558, 53.2302815 ], "geometry": { "type": "Polygon", "coordinates": [ [ [ 50.4558148, 53.2301978 ], [ 50.4558558, 53.2302537 ], [ 50.4557501, 53.2302815 ], [ 50.4557091, 53.2302256 ], [ 50.4558148, 53.2301978 ] ] ] } },
{ "type": "Feature", "properties": { "source_type": "ml", "id": "81e3aad8-9fe1-4997-a311-1da614d1c578", "class": null, "subtype": null, "level": null, "height": null, "num_floors": null }, "bbox": [ 50.4557974, 53.2301338, 50.4559394, 53.2302226 ], "geometry": { "type": "Polygon", "coordinates": [ [ [ 50.4558366, 53.2302226 ], [ 50.4557974, 53.2301553 ], [ 50.4559003, 53.2301338 ], [ 50.4559394, 53.2302011 ], [ 50.4558366, 53.2302226 ] ] ] } },
{ "type": "Feature", "properties": { "source_type": "ml", "id": "85348907-a70a-4fe6-9353-0b19f0a66397", "class": null, "subtype": null, "level": null, "height": null, "num_floors": null }, "bbox": [ 50.4561164, 53.2300677, 50.4561898, 53.2301167 ], "geometry": { "type": "Polygon", "coordinates": [ [ [ 50.4561652, 53.2300677 ], [ 50.4561898, 53.2301053 ], [ 50.456141, 53.2301167 ], [ 50.4561164, 53.2300791 ], [ 50.4561652, 53.2300677 ] ] ] } },
{ "type": "Feature", "properties": { "source_type": "ml", "id": "82eaef03-04aa-42e9-813f-075d10ff197e", "class": null, "subtype": null, "level": null, "height": null, "num_floors": null }, "bbox": [ 50.4561807, 53.2300495, 50.4562527, 53.2301033 ], "geometry": { "type": "Polygon", "coordinates": [ [ [ 50.456189, 53.2301033 ], [ 50.4561807, 53.2300533 ], [ 50.4562445, 53.2300495 ], [ 50.4562527, 53.2300995 ], [ 50.456189, 53.2301033 ] ] ] } },
{ "type": "Feature", "properties": { "source_type": "ml", "id": "aad89c2e-c9c5-400b-ab33-8c54137556a4", "class": null, "subtype": null, "level": null, "height": null, "num_floors": null }, "bbox": [ 50.4562927, 53.2297305, 50.4564067, 53.2297714 ], "geometry": { "type": "Polygon", "coordinates": [ [ [ 50.4562957, 53.2297714 ], [ 50.4562927, 53.2297337 ], [ 50.4564037, 53.2297305 ], [ 50.4564067, 53.2297682 ], [ 50.4562957, 53.2297714 ] ] ] } },
{ "type": "Feature", "properties": { "source_type": "ml", "id": "cdecef55-ce88-4547-ab6e-ae0eaa86eb0d", "class": null, "subtype": null, "level": null, "height": null, "num_floors": null }, "bbox": [ 50.4561386, 53.2296467, 50.4563065, 53.2297611 ], "geometry": { "type": "Polygon", "coordinates": [ [ [ 50.4561386, 53.2297503 ], [ 50.4561599, 53.2296467 ], [ 50.4563065, 53.2296575 ], [ 50.4562852, 53.2297611 ], [ 50.4561386, 53.2297503 ] ] ] } },
{ "type": "Feature", "properties": { "source_type": "ml", "id": "620c4370-d681-4407-8da0-48abfb8b2acb", "class": null, "subtype": null, "level": null, "height": null, "num_floors": null }, "bbox": [ 50.455514, 53.2299466, 50.4556336, 53.2300085 ], "geometry": { "type": "Polygon", "coordinates": [ [ [ 50.4555253, 53.2299466 ], [ 50.4556336, 53.2299548 ], [ 50.4556223, 53.2300085 ], [ 50.455514, 53.2300004 ], [ 50.4555253, 53.2299466 ] ] ] } },
{ "type": "Feature", "properties": { "source_type": "ml", "id": "ddee2c9a-28f5-49f1-8b00-897adf060f44", "class": null, "subtype": null, "level": null, "height": null, "num_floors": null }, "bbox": [ 50.4553587, 53.229986, 50.4554454, 53.2300116 ], "geometry": { "type": "Polygon", "coordinates": [ [ [ 50.4554429, 53.2300116 ], [ 50.4553587, 53.2300083 ], [ 50.4553611, 53.229986 ], [ 50.4554454, 53.2299892 ], [ 50.4554429, 53.2300116 ] ] ] } },
{ "type": "Feature", "properties": { "source_type": "ml", "id": "1975be95-9a46-4998-a493-773268ce81a3", "class": null, "subtype": null, "level": null, "height": null, "num_floors": null }, "bbox": [ 50.4550962, 53.2298722, 50.4552091, 53.2299685 ], "geometry": { "type": "Polygon", "coordinates": [ [ [ 50.4551945, 53.2299685 ], [ 50.4550962, 53.2299629 ], [ 50.4551108, 53.2298722 ], [ 50.4552091, 53.2298778 ], [ 50.4551945, 53.2299685 ] ] ] } },
{ "type": "Feature", "properties": { "source_type": "ml", "id": "6a5d2a72-6937-4ca3-ac69-9f5a48b3baaf", "class": null, "subtype": null, "level": null, "height": null, "num_floors": null }, "bbox": [ 50.4551151, 53.2300402, 50.4552221, 53.2300973 ], "geometry": { "type": "Polygon", "coordinates": [ [ [ 50.4551151, 53.230081 ], [ 50.4551368, 53.2300402 ], [ 50.4552221, 53.2300565 ], [ 50.4552004, 53.2300973 ], [ 50.4551151, 53.230081 ] ] ] } },
{ "type": "Feature", "properties": { "source_type": "ml", "id": "269c2677-a403-418f-941d-f9e6ac5444f8", "class": null, "subtype": null, "level": null, "height": null, "num_floors": null }, "bbox": [ 50.454943, 53.2299935, 50.4549964, 53.2300527 ], "geometry": { "type": "Polygon", "coordinates": [ [ [ 50.4549557, 53.2299935 ], [ 50.4549964, 53.2299968 ], [ 50.4549837, 53.2300527 ], [ 50.454943, 53.2300494 ], [ 50.4549557, 53.2299935 ] ] ] } },
{ "type": "Feature", "properties": { "source_type": "ml", "id": "6fc4756f-6011-48b7-a1fc-c2d93320e1d8", "class": null, "subtype": null, "level": null, "height": null, "num_floors": null }, "bbox": [ 50.4547403, 53.2300777, 50.4548023, 53.2301382 ], "geometry": { "type": "Polygon", "coordinates": [ [ [ 50.454781, 53.2301382 ], [ 50.4547403, 53.2301326 ], [ 50.4547616, 53.2300777 ], [ 50.4548023, 53.2300834 ], [ 50.454781, 53.2301382 ] ] ] } },
{ "type": "Feature", "properties": { "source_type": "ml", "id": "8f045d0f-7f85-46dd-8cc4-e7e470ab9469", "class": null, "subtype": null, "level": null, "height": null, "num_floors": null }, "bbox": [ 50.4544575, 53.2300648, 50.4546329, 53.2301447 ], "geometry": { "type": "Polygon", "coordinates": [ [ [ 50.4545423, 53.2301343 ], [ 50.4545468, 53.2301238 ], [ 50.4544575, 53.2301099 ], [ 50.4544771, 53.2300648 ], [ 50.4546329, 53.230089 ], [ 50.4546087, 53.2301447 ], [ 50.4545423, 53.2301343 ] ] ] } },
{ "type": "Feature", "properties": { "source_type": "ml", "id": "d0f72016-4854-47d7-a706-0ad3dac313a9", "class": null, "subtype": null, "level": null, "height": null, "num_floors": null }, "bbox": [ 50.4546694, 53.229966, 50.4547302, 53.2300145 ], "geometry": { "type": "Polygon", "coordinates": [ [ [ 50.4547193, 53.2300145 ], [ 50.4546694, 53.23001 ], [ 50.4546803, 53.229966 ], [ 50.4547302, 53.2299705 ], [ 50.4547193, 53.2300145 ] ] ] } },
{ "type": "Feature", "properties": { "source_type": "ml", "id": "8492dd33-64ee-46ef-9104-d02275de39b0", "class": null, "subtype": null, "level": null, "height": null, "num_floors": null }, "bbox": [ 50.4545568, 53.2299538, 50.4546758, 53.2300057 ], "geometry": { "type": "Polygon", "coordinates": [ [ [ 50.4546619, 53.2300057 ], [ 50.4545568, 53.2299921 ], [ 50.4545707, 53.2299538 ], [ 50.4546758, 53.2299674 ], [ 50.4546619, 53.2300057 ] ] ] } },
{ "type": "Feature", "properties": { "source_type": "ml", "id": "ac34aad9-6715-4e94-8531-a36e4231bd0a", "class": null, "subtype": null, "level": null, "height": null, "num_floors": null }, "bbox": [ 50.4545013, 53.2299881, 50.4545628, 53.2300257 ], "geometry": { "type": "Polygon", "coordinates": [ [ [ 50.4545628, 53.2299906 ], [ 50.4545586, 53.2300257 ], [ 50.4545013, 53.2300233 ], [ 50.4545055, 53.2299881 ], [ 50.4545628, 53.2299906 ] ] ] } },
{ "type": "Feature", "properties": { "source_type": "ml", "id": "be302972-1f1e-4435-b5ff-b0a1d7b24f35", "class": null, "subtype": null, "level": null, "height": null, "num_floors": null }, "bbox": [ 50.4544062, 53.2298669, 50.4545272, 53.2299596 ], "geometry": { "type": "Polygon", "coordinates": [ [ [ 50.4544149, 53.2298669 ], [ 50.4545272, 53.2298708 ], [ 50.4545184, 53.2299596 ], [ 50.4544062, 53.2299556 ], [ 50.4544149, 53.2298669 ] ] ] } },
{ "type": "Feature", "properties": { "source_type": "ml", "id": "3ca73393-4de3-4248-ab72-f4cdd5f5aece", "class": null, "subtype": null, "level": null, "height": null, "num_floors": null }, "bbox": [ 50.454773, 53.2298435, 50.4549053, 53.2299049 ], "geometry": { "type": "Polygon", "coordinates": [ [ [ 50.4547767, 53.2298435 ], [ 50.4549053, 53.2298463 ], [ 50.4549016, 53.2299049 ], [ 50.454773, 53.229902 ], [ 50.4547767, 53.2298435 ] ] ] } },
{ "type": "Feature", "properties": { "source_type": "ml", "id": "774dcc5d-8d8a-4052-ae5c-0778cce7a318", "class": null, "subtype": null, "level": null, "height": null, "num_floors": null }, "bbox": [ 50.4546333, 53.2296781, 50.4547249, 53.229725 ], "geometry": { "type": "Polygon", "coordinates": [ [ [ 50.454635, 53.229725 ], [ 50.4546333, 53.2296793 ], [ 50.4547232, 53.2296781 ], [ 50.4547249, 53.2297238 ], [ 50.454635, 53.229725 ] ] ] } },
{ "type": "Feature", "properties": { "source_type": "ml", "id": "08c92491-d81f-4d41-98bf-6dc70d540ae8", "class": null, "subtype": null, "level": null, "height": null, "num_floors": null }, "bbox": [ 50.454745, 53.2296985, 50.4548217, 53.2297461 ], "geometry": { "type": "Polygon", "coordinates": [ [ [ 50.4548056, 53.2297461 ], [ 50.454745, 53.229737 ], [ 50.4547611, 53.2296985 ], [ 50.4548217, 53.2297075 ], [ 50.4548056, 53.2297461 ] ] ] } },
{ "type": "Feature", "properties": { "source_type": "ml", "id": "66a22c95-b7db-420e-8d0f-a950941b5459", "class": null, "subtype": null, "level": null, "height": null, "num_floors": null }, "bbox": [ 50.4548573, 53.2296508, 50.4549948, 53.2297658 ], "geometry": { "type": "Polygon", "coordinates": [ [ [ 50.4549605, 53.2297658 ], [ 50.4548573, 53.2297534 ], [ 50.4548916, 53.2296508 ], [ 50.4549948, 53.2296631 ], [ 50.4549605, 53.2297658 ] ] ] } },
{ "type": "Feature", "properties": { "source_type": "ml", "id": "98403688-cc2c-46d3-a6e2-58ed39f8aae5", "class": null, "subtype": null, "level": null, "height": null, "num_floors": null }, "bbox": [ 50.4553306, 53.2297259, 50.4554895, 53.229819 ], "geometry": { "type": "Polygon", "coordinates": [ [ [ 50.4554559, 53.229819 ], [ 50.4553306, 53.2298006 ], [ 50.4553558, 53.2297392 ], [ 50.4554039, 53.2297463 ], [ 50.4554123, 53.2297259 ], [ 50.4554895, 53.2297372 ], [ 50.4554559, 53.229819 ] ] ] } },
{ "type": "Feature", "properties": { "source_type": "ml", "id": "179ac376-5e40-4083-a2f1-7848be5b8cbd", "class": null, "subtype": null, "level": null, "height": null, "num_floors": null }, "bbox": [ 50.455461, 53.2295722, 50.4555248, 53.2296344 ], "geometry": { "type": "Polygon", "coordinates": [ [ [ 50.4555248, 53.2295734 ], [ 50.4555212, 53.2296344 ], [ 50.455461, 53.2296331 ], [ 50.4554646, 53.2295722 ], [ 50.4555248, 53.2295734 ] ] ] } },
{ "type": "Feature", "properties": { "source_type": "ml", "id": "f93e3e9e-a18a-4f84-8034-815b0ab7e7b9", "class": null, "subtype": null, "level": null, "height": null, "num_floors": null }, "bbox": [ 50.4551704, 53.2296486, 50.4552566, 53.2297008 ], "geometry": { "type": "Polygon", "coordinates": [ [ [ 50.4552453, 53.2297008 ], [ 50.4551704, 53.2296942 ], [ 50.4551817, 53.2296486 ], [ 50.4552566, 53.2296553 ], [ 50.4552453, 53.2297008 ] ] ] } },
{ "type": "Feature", "properties": { "source_type": "ml", "id": "c7de366c-1a1a-415e-a7b8-729b46ed6661", "class": null, "subtype": null, "level": null, "height": null, "num_floors": null }, "bbox": [ 50.4549483, 53.2294532, 50.4550511, 53.2295072 ], "geometry": { "type": "Polygon", "coordinates": [ [ [ 50.4549645, 53.2294532 ], [ 50.4550511, 53.2294653 ], [ 50.4550348, 53.2295072 ], [ 50.4549483, 53.2294951 ], [ 50.4549645, 53.2294532 ] ] ] } },
{ "type": "Feature", "properties": { "source_type": "ml", "id": "255d45c0-dd14-46b5-8671-8f5e65ef7e04", "class": null, "subtype": null, "level": null, "height": null, "num_floors": null }, "bbox": [ 50.4554125, 53.229323, 50.4555137, 53.2293806 ], "geometry": { "type": "Polygon", "coordinates": [ [ [ 50.4554174, 53.229323 ], [ 50.4555137, 53.2293261 ], [ 50.4555087, 53.2293806 ], [ 50.4554125, 53.2293775 ], [ 50.4554174, 53.229323 ] ] ] } },
{ "type": "Feature", "properties": { "source_type": "ml", "id": "85cd4fa0-72fd-4bc5-9e64-c6ff7e948c32", "class": null, "subtype": null, "level": null, "height": null, "num_floors": null }, "bbox": [ 50.4552718, 53.2293023, 50.4553699, 53.2293734 ], "geometry": { "type": "Polygon", "coordinates": [ [ [ 50.4552718, 53.2293671 ], [ 50.4552854, 53.2293023 ], [ 50.4553699, 53.2293086 ], [ 50.4553563, 53.2293734 ], [ 50.4552718, 53.2293671 ] ] ] } },
{ "type": "Feature", "properties": { "source_type": "ml", "id": "760a9420-5029-4d35-a6f5-d6922adba091", "class": null, "subtype": null, "level": null, "height": null, "num_floors": null }, "bbox": [ 50.4557248, 53.2293641, 50.4558907, 53.2294537 ], "geometry": { "type": "Polygon", "coordinates": [ [ [ 50.4557643, 53.2293641 ], [ 50.4558907, 53.2293885 ], [ 50.4558637, 53.2294386 ], [ 50.4558212, 53.2294305 ], [ 50.4558087, 53.2294537 ], [ 50.4557248, 53.2294376 ], [ 50.4557643, 53.2293641 ] ] ] } },
{ "type": "Feature", "properties": { "source_type": "ml", "id": "9dcef60a-d11a-4087-855a-3e925e110089", "class": null, "subtype": null, "level": null, "height": null, "num_floors": null }, "bbox": [ 50.4557036, 53.229557, 50.4558186, 53.2295944 ], "geometry": { "type": "Polygon", "coordinates": [ [ [ 50.4558186, 53.2295914 ], [ 50.4557061, 53.2295944 ], [ 50.4557036, 53.2295599 ], [ 50.455816, 53.229557 ], [ 50.4558186, 53.2295914 ] ] ] } },
{ "type": "Feature", "properties": { "source_type": "ml", "id": "cca9aa85-ea95-4174-9cfa-29b3642916fc", "class": null, "subtype": null, "level": null, "height": null, "num_floors": null }, "bbox": [ 50.4558899, 53.2295504, 50.4560077, 53.2296257 ], "geometry": { "type": "Polygon", "coordinates": [ [ [ 50.4558899, 53.2296106 ], [ 50.4559183, 53.2295504 ], [ 50.4560077, 53.2295655 ], [ 50.4559794, 53.2296257 ], [ 50.4558899, 53.2296106 ] ] ] } },
{ "type": "Feature", "properties": { "source_type": "ml", "id": "a0c44fb4-f216-47d3-a4b9-021f1e2387ea", "class": null, "subtype": null, "level": null, "height": null, "num_floors": null }, "bbox": [ 50.4563694, 53.2294773, 50.4564567, 53.2295357 ], "geometry": { "type": "Polygon", "coordinates": [ [ [ 50.4564567, 53.2295334 ], [ 50.4563738, 53.2295357 ], [ 50.4563694, 53.2294796 ], [ 50.4564523, 53.2294773 ], [ 50.4564567, 53.2295334 ] ] ] } },
{ "type": "Feature", "properties": { "source_type": "ml", "id": "f403f54b-8e52-4c44-99b5-25d8329847ba", "class": null, "subtype": null, "level": null, "height": null, "num_floors": null }, "bbox": [ 50.4565095, 53.229448, 50.4565745, 53.2294856 ], "geometry": { "type": "Polygon", "coordinates": [ [ [ 50.4565693, 53.229448 ], [ 50.4565745, 53.2294823 ], [ 50.4565148, 53.2294856 ], [ 50.4565095, 53.2294513 ], [ 50.4565693, 53.229448 ] ] ] } },
{ "type": "Feature", "properties": { "source_type": "ml", "id": "f671c9d9-c1af-4321-92cc-6d969fc6558c", "class": null, "subtype": null, "level": null, "height": null, "num_floors": null }, "bbox": [ 50.4563748, 53.2294413, 50.4564715, 53.2294788 ], "geometry": { "type": "Polygon", "coordinates": [ [ [ 50.4563832, 53.2294413 ], [ 50.4564715, 53.2294508 ], [ 50.4564631, 53.2294788 ], [ 50.4563748, 53.2294692 ], [ 50.4563832, 53.2294413 ] ] ] } },
{ "type": "Feature", "properties": { "source_type": "ml", "id": "4a6f6ba9-53ed-46e5-a884-fe1af2d4b131", "class": null, "subtype": null, "level": null, "height": null, "num_floors": null }, "bbox": [ 50.456329, 53.2293304, 50.4564408, 53.2293931 ], "geometry": { "type": "Polygon", "coordinates": [ [ [ 50.4563404, 53.2293304 ], [ 50.4564408, 53.2293378 ], [ 50.4564295, 53.2293931 ], [ 50.456329, 53.2293858 ], [ 50.4563404, 53.2293304 ] ] ] } },
{ "type": "Feature", "properties": { "source_type": "ml", "id": "fca1e881-472e-41f8-9d16-345a77882e81", "class": null, "subtype": null, "level": null, "height": null, "num_floors": null }, "bbox": [ 50.4561019, 53.2290244, 50.4562588, 53.2291069 ], "geometry": { "type": "Polygon", "coordinates": [ [ [ 50.4562027, 53.2290687 ], [ 50.4562588, 53.2290763 ], [ 50.4562472, 53.2291069 ], [ 50.4561019, 53.229087 ], [ 50.4561257, 53.2290244 ], [ 50.456215, 53.2290366 ], [ 50.4562027, 53.2290687 ] ] ] } },
{ "type": "Feature", "properties": { "source_type": "ml", "id": "18dbc95f-5ea7-4d9c-96c8-d64a8cbe0085", "class": null, "subtype": null, "level": null, "height": null, "num_floors": null }, "bbox": [ 50.4560532, 53.2291498, 50.4561351, 53.2292029 ], "geometry": { "type": "Polygon", "coordinates": [ [ [ 50.4560532, 53.2291971 ], [ 50.456064, 53.2291498 ], [ 50.4561351, 53.2291556 ], [ 50.4561243, 53.2292029 ], [ 50.4560532, 53.2291971 ] ] ] } },
{ "type": "Feature", "properties": { "source_type": "ml", "id": "a0c96fec-d29a-4d5f-b51b-7c111933df7d", "class": null, "subtype": null, "level": null, "height": null, "num_floors": null }, "bbox": [ 50.4558314, 53.2290985, 50.4559477, 53.2291804 ], "geometry": { "type": "Polygon", "coordinates": [ [ [ 50.4559183, 53.2291804 ], [ 50.4558314, 53.229167 ], [ 50.4558608, 53.2290985 ], [ 50.4559477, 53.2291118 ], [ 50.4559183, 53.2291804 ] ] ] } },
{ "type": "Feature", "properties": { "source_type": "ml", "id": "740ba110-0c0f-4647-9343-54dcdecd1d33", "class": null, "subtype": null, "level": null, "height": null, "num_floors": null }, "bbox": [ 50.4555627, 53.228776, 50.4558251, 53.2289175 ], "geometry": { "type": "Polygon", "coordinates": [ [ [ 50.4557843, 53.2289175 ], [ 50.4555627, 53.2288888 ], [ 50.4556036, 53.228776 ], [ 50.4558251, 53.2288048 ], [ 50.4557843, 53.2289175 ] ] ] } },
{ "type": "Feature", "properties": { "source_type": "ml", "id": "6948065e-a23a-40c2-aec7-6d62c6f9c2fd", "class": null, "subtype": null, "level": null, "height": null, "num_floors": null }, "bbox": [ 50.4561885, 53.2289785, 50.4562865, 53.2290358 ], "geometry": { "type": "Polygon", "coordinates": [ [ [ 50.4561944, 53.2289785 ], [ 50.4562865, 53.2289821 ], [ 50.4562806, 53.2290358 ], [ 50.4561885, 53.2290321 ], [ 50.4561944, 53.2289785 ] ] ] } },
{ "type": "Feature", "properties": { "source_type": "ml", "id": "29be3336-83ad-461c-a262-c32d200a83b9", "class": null, "subtype": null, "level": null, "height": null, "num_floors": null }, "bbox": [ 50.4558355, 53.2288095, 50.4558917, 53.2288698 ], "geometry": { "type": "Polygon", "coordinates": [ [ [ 50.4558355, 53.228866 ], [ 50.4558498, 53.2288095 ], [ 50.4558917, 53.2288133 ], [ 50.4558775, 53.2288698 ], [ 50.4558355, 53.228866 ] ] ] } },
{ "type": "Feature", "properties": { "source_type": "my", "id": "a77d6862-98fb-4b7a-a4ca-741a9de38a1f", "class": "house", "subtype": "residential", "level": null, "height": null, "num_floors": 2 }, "bbox": [ 50.4552994, 53.2287228, 50.4554465, 53.2288333 ], "geometry": { "type": "Polygon", "coordinates": [ [ [ 50.4554206, 53.2288333 ], [ 50.4553009, 53.2288159 ], [ 50.4552994, 53.2287809 ], [ 50.4553302, 53.2287421 ], [ 50.4553779, 53.2287228 ], [ 50.4553964, 53.2287624 ], [ 50.4554465, 53.2287697 ], [ 50.4554206, 53.2288333 ] ] ] } },
{ "type": "Feature", "properties": { "source_type": "my", "id": "0cf16a09-ed92-4327-914f-adb21a53d15c", "class": "house", "subtype": "residential", "level": null, "height": null, "num_floors": 1 }, "bbox": [ 50.4551704, 53.228723, 50.4552971, 53.2287952 ], "geometry": { "type": "Polygon", "coordinates": [ [ [ 50.4552742, 53.2287952 ], [ 50.4551704, 53.2287803 ], [ 50.4551934, 53.228723 ], [ 50.4552971, 53.2287378 ], [ 50.4552742, 53.2287952 ] ] ] } },
{ "type": "Feature", "properties": { "source_type": "ml", "id": "5f84adbb-da3a-4146-aa4b-fb4f4b993e8c", "class": null, "subtype": null, "level": null, "height": null, "num_floors": null }, "bbox": [ 50.455039, 53.2286786, 50.4551659, 53.228714 ], "geometry": { "type": "Polygon", "coordinates": [ [ [ 50.455039, 53.2287055 ], [ 50.4550442, 53.2286786 ], [ 50.4551659, 53.2286871 ], [ 50.4551607, 53.228714 ], [ 50.455039, 53.2287055 ] ] ] } },
{ "type": "Feature", "properties": { "source_type": "ml", "id": "5278c385-62be-4c80-8ff5-8fd8aa51f960", "class": null, "subtype": null, "level": null, "height": null, "num_floors": null }, "bbox": [ 50.4549279, 53.228612, 50.4550425, 53.2286554 ], "geometry": { "type": "Polygon", "coordinates": [ [ [ 50.4549358, 53.228612 ], [ 50.4550425, 53.2286208 ], [ 50.4550346, 53.2286554 ], [ 50.4549279, 53.2286467 ], [ 50.4549358, 53.228612 ] ] ] } },
{ "type": "Feature", "properties": { "source_type": "ml", "id": "2318bd17-72ee-4ba5-ab2e-05f5892dcfd7", "class": null, "subtype": null, "level": null, "height": null, "num_floors": null }, "bbox": [ 50.4546467, 53.2285556, 50.4547363, 53.2285856 ], "geometry": { "type": "Polygon", "coordinates": [ [ [ 50.4546467, 53.2285784 ], [ 50.4546523, 53.2285556 ], [ 50.4547363, 53.2285628 ], [ 50.4547308, 53.2285856 ], [ 50.4546467, 53.2285784 ] ] ] } },
{ "type": "Feature", "properties": { "source_type": "ml", "id": "60b19e60-5337-4f53-a4e9-dec40587fbc0", "class": null, "subtype": null, "level": null, "height": null, "num_floors": null }, "bbox": [ 50.454497, 53.2285972, 50.454638, 53.2286394 ], "geometry": { "type": "Polygon", "coordinates": [ [ [ 50.454638, 53.2286373 ], [ 50.4544986, 53.2286394 ], [ 50.454497, 53.2285993 ], [ 50.4546363, 53.2285972 ], [ 50.454638, 53.2286373 ] ] ] } },
{ "type": "Feature", "properties": { "source_type": "my", "id": "204d48b1-c8d7-40ce-a4a7-e233c49fec23", "class": "house", "subtype": "residential", "level": null, "height": null, "num_floors": 2 }, "bbox": [ 50.4547169, 53.2286074, 50.4550438, 53.228767 ], "geometry": { "type": "Polygon", "coordinates": [ [ [ 50.4550438, 53.2286682 ], [ 50.4549991, 53.228767 ], [ 50.4547169, 53.2287212 ], [ 50.4547593, 53.2286276 ], [ 50.4547993, 53.2286341 ], [ 50.4548114, 53.2286074 ], [ 50.4548902, 53.2286201 ], [ 50.4548804, 53.2286417 ], [ 50.4550438, 53.2286682 ] ] ] } },
{ "type": "Feature", "properties": { "source_type": "ml", "id": "8ae5eabb-27fc-4233-99df-dd7d42478d5d", "class": null, "subtype": null, "level": null, "height": null, "num_floors": null }, "bbox": [ 50.4546485, 53.2287423, 50.4549889, 53.2289028 ], "geometry": { "type": "Polygon", "coordinates": [ [ [ 50.4549889, 53.2287844 ], [ 50.4549414, 53.2289028 ], [ 50.4546485, 53.2288607 ], [ 50.454696, 53.2287423 ], [ 50.4549889, 53.2287844 ] ] ] } },
{ "type": "Feature", "properties": { "source_type": "ml", "id": "eeae36fc-e6cb-4927-91ba-100311312842", "class": null, "subtype": null, "level": null, "height": null, "num_floors": null }, "bbox": [ 50.4545786, 53.2288148, 50.4546627, 53.2288629 ], "geometry": { "type": "Polygon", "coordinates": [ [ [ 50.4545947, 53.2288148 ], [ 50.4546627, 53.2288253 ], [ 50.4546465, 53.2288629 ], [ 50.4545786, 53.2288525 ], [ 50.4545947, 53.2288148 ] ] ] } },
{ "type": "Feature", "properties": { "source_type": "ml", "id": "da97f758-178e-4dec-8238-cd46fd3cda4b", "class": null, "subtype": null, "level": null, "height": null, "num_floors": null }, "bbox": [ 50.4546609, 53.2290408, 50.4547187, 53.2290721 ], "geometry": { "type": "Polygon", "coordinates": [ [ [ 50.4546609, 53.2290721 ], [ 50.454661, 53.2290408 ], [ 50.4547187, 53.2290408 ], [ 50.4547186, 53.2290721 ], [ 50.4546609, 53.2290721 ] ] ] } },
{ "type": "Feature", "properties": { "source_type": "ml", "id": "bf8a6709-c50c-4620-949b-6cd44a37e1c0", "class": null, "subtype": null, "level": null, "height": null, "num_floors": null }, "bbox": [ 50.4548974, 53.2289144, 50.4549666, 53.2289593 ], "geometry": { "type": "Polygon", "coordinates": [ [ [ 50.4549521, 53.2289593 ], [ 50.4548974, 53.2289517 ], [ 50.4549118, 53.2289144 ], [ 50.4549666, 53.2289219 ], [ 50.4549521, 53.2289593 ] ] ] } },
{ "type": "Feature", "properties": { "source_type": "my", "id": "05bbd931-4d35-4cc6-9497-b0712d4f6483", "class": "house", "subtype": "residential", "level": null, "height": null, "num_floors": 1 }, "bbox": [ 50.4546577, 53.2288757, 50.4548664, 53.2289506 ], "geometry": { "type": "Polygon", "coordinates": [ [ [ 50.4548664, 53.2289039 ], [ 50.454847, 53.2289506 ], [ 50.4546577, 53.2289224 ], [ 50.4546771, 53.2288757 ], [ 50.4548664, 53.2289039 ] ] ] } },
{ "type": "Feature", "properties": { "source_type": "my", "id": "7d1644e7-76ed-49e6-8e8b-ad9f4275935e", "class": "house", "subtype": "residential", "level": null, "height": null, "num_floors": 2 }, "bbox": [ 50.4551738, 53.2291104, 50.4553348, 53.2292301 ], "geometry": { "type": "Polygon", "coordinates": [ [ [ 50.4553348, 53.2291357 ], [ 50.455296, 53.2292301 ], [ 50.4551738, 53.2292121 ], [ 50.4552139, 53.2291145 ], [ 50.4552768, 53.2291237 ], [ 50.4552822, 53.2291104 ], [ 50.4553265, 53.2291169 ], [ 50.4553197, 53.2291335 ], [ 50.4553348, 53.2291357 ] ] ] } },
{ "type": "Feature", "properties": { "source_type": "ml", "id": "50527d3c-7653-4c62-88ce-a1c18312b05c", "class": null, "subtype": null, "level": null, "height": null, "num_floors": null }, "bbox": [ 50.4548545, 53.2292235, 50.4549457, 53.2293058 ], "geometry": { "type": "Polygon", "coordinates": [ [ [ 50.45486, 53.2292235 ], [ 50.4549457, 53.2292256 ], [ 50.4549401, 53.2293058 ], [ 50.4548545, 53.2293036 ], [ 50.45486, 53.2292235 ] ] ] } },
{ "type": "Feature", "properties": { "source_type": "ml", "id": "c39dd9cc-f436-4eba-83ac-61bc2a174890", "class": null, "subtype": null, "level": null, "height": null, "num_floors": null }, "bbox": [ 50.4547559, 53.2292055, 50.4548585, 53.2292452 ], "geometry": { "type": "Polygon", "coordinates": [ [ [ 50.4548548, 53.2292452 ], [ 50.4547559, 53.2292415 ], [ 50.4547596, 53.2292055 ], [ 50.4548585, 53.2292092 ], [ 50.4548548, 53.2292452 ] ] ] } },
{ "type": "Feature", "properties": { "source_type": "my", "id": "b7d5cada-afc2-4f1b-978c-495509d0bf06", "class": "house", "subtype": "residential", "level": null, "height": null, "num_floors": 1 }, "bbox": [ 50.4540435, 53.2290718, 50.4541943, 53.2291734 ], "geometry": { "type": "Polygon", "coordinates": [ [ [ 50.4541943, 53.2290815 ], [ 50.4541429, 53.2291734 ], [ 50.4540435, 53.2291535 ], [ 50.454085, 53.2290791 ], [ 50.4541274, 53.2290876 ], [ 50.4541457, 53.2290718 ], [ 50.4541943, 53.2290815 ] ] ] } },
{ "type": "Feature", "properties": { "source_type": "ml", "id": "40cb596e-8f76-44f9-aa0f-11bd89a00459", "class": null, "subtype": null, "level": null, "height": null, "num_floors": null }, "bbox": [ 50.453334, 53.229041, 50.453466, 53.2291196 ], "geometry": { "type": "Polygon", "coordinates": [ [ [ 50.4533748, 53.229041 ], [ 50.453466, 53.2290658 ], [ 50.4534251, 53.2291196 ], [ 50.453334, 53.2290948 ], [ 50.4533748, 53.229041 ] ] ] } },
{ "type": "Feature", "properties": { "source_type": "ml", "id": "f1ec6f60-30f8-47d9-a0ea-953c975b5d8e", "class": null, "subtype": null, "level": null, "height": null, "num_floors": null }, "bbox": [ 50.4535372, 53.2291055, 50.4536781, 53.2291894 ], "geometry": { "type": "Polygon", "coordinates": [ [ [ 50.4535372, 53.2291563 ], [ 50.4535913, 53.2291055 ], [ 50.4536781, 53.2291386 ], [ 50.453624, 53.2291894 ], [ 50.4535372, 53.2291563 ] ] ] } },
{ "type": "Feature", "properties": { "source_type": "ml", "id": "500a1b9a-8634-4013-a028-584b54d3f13e", "class": null, "subtype": null, "level": null, "height": null, "num_floors": null }, "bbox": [ 50.4536634, 53.2290967, 50.4538644, 53.2292123 ], "geometry": { "type": "Polygon", "coordinates": [ [ [ 50.4536634, 53.229171 ], [ 50.4537156, 53.2290967 ], [ 50.4537681, 53.2291099 ], [ 50.4537527, 53.2291317 ], [ 50.4538644, 53.2291598 ], [ 50.4538275, 53.2292123 ], [ 50.4536634, 53.229171 ] ] ] } },
{ "type": "Feature", "properties": { "source_type": "ml", "id": "b22e438f-a3e8-4a0e-a3ef-c9e78d9da297", "class": null, "subtype": null, "level": null, "height": null, "num_floors": null }, "bbox": [ 50.4542604, 53.2288018, 50.4543774, 53.2288693 ], "geometry": { "type": "Polygon", "coordinates": [ [ [ 50.4543464, 53.2288693 ], [ 50.4542604, 53.2288491 ], [ 50.4542913, 53.2288018 ], [ 50.4543774, 53.2288219 ], [ 50.4543464, 53.2288693 ] ] ] } },
{ "type": "Feature", "properties": { "source_type": "ml", "id": "daaeb189-194c-46aa-a375-84036a9a8ece", "class": null, "subtype": null, "level": null, "height": null, "num_floors": null }, "bbox": [ 50.4541479, 53.228709, 50.4543103, 53.2288015 ], "geometry": { "type": "Polygon", "coordinates": [ [ [ 50.4543103, 53.2287509 ], [ 50.454255, 53.2288015 ], [ 50.4541479, 53.2287596 ], [ 50.4542033, 53.228709 ], [ 50.4543103, 53.2287509 ] ] ] } },
{ "type": "Feature", "properties": { "source_type": "ml", "id": "8346560f-196f-4d27-be63-905ef44edddc", "class": null, "subtype": null, "level": null, "height": null, "num_floors": null }, "bbox": [ 50.4540991, 53.2287196, 50.4541724, 53.2287665 ], "geometry": { "type": "Polygon", "coordinates": [ [ [ 50.4541426, 53.2287665 ], [ 50.4540991, 53.2287524 ], [ 50.4541289, 53.2287196 ], [ 50.4541724, 53.2287337 ], [ 50.4541426, 53.2287665 ] ] ] } },
{ "type": "Feature", "properties": { "source_type": "ml", "id": "fbe6a388-e03d-4956-9ca7-b988529b71a6", "class": null, "subtype": null, "level": null, "height": null, "num_floors": null }, "bbox": [ 50.4540974, 53.2285765, 50.4542179, 53.2286419 ], "geometry": { "type": "Polygon", "coordinates": [ [ [ 50.4541283, 53.2285765 ], [ 50.4542179, 53.2286003 ], [ 50.454187, 53.2286419 ], [ 50.4540974, 53.2286181 ], [ 50.4541283, 53.2285765 ] ] ] } },
{ "type": "Feature", "properties": { "source_type": "ml", "id": "87d35270-3895-416b-a3ad-560f860da6c2", "class": null, "subtype": null, "level": null, "height": null, "num_floors": null }, "bbox": [ 50.4536945, 53.2285278, 50.4540235, 53.2286625 ], "geometry": { "type": "Polygon", "coordinates": [ [ [ 50.453971, 53.2285448 ], [ 50.453941, 53.2286 ], [ 50.4540235, 53.2286161 ], [ 50.4539983, 53.2286625 ], [ 50.4538285, 53.2286295 ], [ 50.4538206, 53.228644 ], [ 50.4536945, 53.2286194 ], [ 50.453732, 53.2285504 ], [ 50.4538581, 53.228575 ], [ 50.4538837, 53.2285278 ], [ 50.453971, 53.2285448 ] ] ] } },
{ "type": "Feature", "properties": { "source_type": "ml", "id": "8901343a-3832-4b40-9fde-8b06c5dc620b", "class": null, "subtype": null, "level": null, "height": null, "num_floors": null }, "bbox": [ 50.453443, 53.2285003, 50.453607, 53.2286035 ], "geometry": { "type": "Polygon", "coordinates": [ [ [ 50.453443, 53.2285809 ], [ 50.4534846, 53.2285003 ], [ 50.453607, 53.2285229 ], [ 50.4535655, 53.2286035 ], [ 50.453443, 53.2285809 ] ] ] } },
{ "type": "Feature", "properties": { "source_type": "ml", "id": "6d44ac7c-d935-495d-8942-3883b055b693", "class": null, "subtype": null, "level": null, "height": null, "num_floors": null }, "bbox": [ 50.4532728, 53.2286405, 50.4533716, 53.2286841 ], "geometry": { "type": "Polygon", "coordinates": [ [ [ 50.4532728, 53.228665 ], [ 50.4532886, 53.2286405 ], [ 50.4533716, 53.2286596 ], [ 50.4533558, 53.2286841 ], [ 50.4532728, 53.228665 ] ] ] } },
{ "type": "Feature", "properties": { "source_type": "ml", "id": "1cff2f6c-d9e7-4c90-82f6-b115655eda6c", "class": null, "subtype": null, "level": null, "height": null, "num_floors": null }, "bbox": [ 50.4533533, 53.2287319, 50.4534472, 53.2287881 ], "geometry": { "type": "Polygon", "coordinates": [ [ [ 50.4533533, 53.2287715 ], [ 50.4533811, 53.2287319 ], [ 50.4534472, 53.2287485 ], [ 50.4534195, 53.2287881 ], [ 50.4533533, 53.2287715 ] ] ] } },
{ "type": "Feature", "properties": { "source_type": "ml", "id": "80af2320-20fe-4d62-a49a-bbb73fb7b2f0", "class": null, "subtype": null, "level": null, "height": null, "num_floors": null }, "bbox": [ 50.4533475, 53.228786, 50.4534247, 53.2288382 ], "geometry": { "type": "Polygon", "coordinates": [ [ [ 50.4533932, 53.2288382 ], [ 50.4533475, 53.228825 ], [ 50.453379, 53.228786 ], [ 50.4534247, 53.2287992 ], [ 50.4533932, 53.2288382 ] ] ] } },
{ "type": "Feature", "properties": { "source_type": "ml", "id": "138b0844-5e27-4f75-9ce4-f05b6627291f", "class": null, "subtype": null, "level": null, "height": null, "num_floors": null }, "bbox": [ 50.4531535, 53.22873, 50.4532248, 53.2287685 ], "geometry": { "type": "Polygon", "coordinates": [ [ [ 50.4531535, 53.2287537 ], [ 50.4531722, 53.22873 ], [ 50.4532248, 53.2287449 ], [ 50.4532062, 53.2287685 ], [ 50.4531535, 53.2287537 ] ] ] } },
{ "type": "Feature", "properties": { "source_type": "ml", "id": "8e9aa0ad-2a20-45c5-a292-1f8635898432", "class": null, "subtype": null, "level": null, "height": null, "num_floors": null }, "bbox": [ 50.4527512, 53.2287931, 50.4528356, 53.2288423 ], "geometry": { "type": "Polygon", "coordinates": [ [ [ 50.4527811, 53.2287931 ], [ 50.4528356, 53.2288132 ], [ 50.4528056, 53.2288423 ], [ 50.4527512, 53.2288222 ], [ 50.4527811, 53.2287931 ] ] ] } },
{ "type": "Feature", "properties": { "source_type": "ml", "id": "70f00bd6-e96b-46a8-b242-d5eef8936c9e", "class": null, "subtype": null, "level": null, "height": null, "num_floors": null }, "bbox": [ 50.4531078, 53.2286593, 50.4532053, 53.2287258 ], "geometry": { "type": "Polygon", "coordinates": [ [ [ 50.4531439, 53.2286593 ], [ 50.4532053, 53.2286749 ], [ 50.4531692, 53.2287258 ], [ 50.4531078, 53.2287103 ], [ 50.4531439, 53.2286593 ] ] ] } },
{ "type": "Feature", "properties": { "source_type": "ml", "id": "523fc7bc-3486-426f-9a5f-ec0b7d7c3218", "class": null, "subtype": null, "level": null, "height": null, "num_floors": null }, "bbox": [ 50.4532022, 53.2284493, 50.453362, 53.2285439 ], "geometry": { "type": "Polygon", "coordinates": [ [ [ 50.453324, 53.2285439 ], [ 50.4532022, 53.2285207 ], [ 50.4532402, 53.2284493 ], [ 50.453362, 53.2284724 ], [ 50.453324, 53.2285439 ] ] ] } },
{ "type": "Feature", "properties": { "source_type": "ml", "id": "bfd94653-6fbc-49a9-adc9-bf5bd5c83fea", "class": null, "subtype": null, "level": null, "height": null, "num_floors": null }, "bbox": [ 50.4532563, 53.2283971, 50.4533354, 53.2284578 ], "geometry": { "type": "Polygon", "coordinates": [ [ [ 50.4532563, 53.228449 ], [ 50.4532789, 53.2283971 ], [ 50.4533354, 53.2284059 ], [ 50.4533127, 53.2284578 ], [ 50.4532563, 53.228449 ] ] ] } },
{ "type": "Feature", "properties": { "source_type": "ml", "id": "750c8d4e-59dd-4853-b5e0-b3ea770615a2", "class": null, "subtype": null, "level": null, "height": null, "num_floors": null }, "bbox": [ 50.4529577, 53.2284084, 50.4531308, 53.228494 ], "geometry": { "type": "Polygon", "coordinates": [ [ [ 50.4529577, 53.2284717 ], [ 50.4529847, 53.2284084 ], [ 50.4531308, 53.2284307 ], [ 50.4531038, 53.228494 ], [ 50.4529577, 53.2284717 ] ] ] } },
{ "type": "Feature", "properties": { "source_type": "ml", "id": "14a65b38-d21a-488a-b6a3-4238ab20d72e", "class": null, "subtype": null, "level": null, "height": null, "num_floors": null }, "bbox": [ 50.4528998, 53.2285816, 50.4529788, 53.2286177 ], "geometry": { "type": "Polygon", "coordinates": [ [ [ 50.4529097, 53.2285816 ], [ 50.4529788, 53.2285908 ], [ 50.4529688, 53.2286177 ], [ 50.4528998, 53.2286085 ], [ 50.4529097, 53.2285816 ] ] ] } },
{ "type": "Feature", "properties": { "source_type": "ml", "id": "7141776c-b291-4d28-843b-231214b1ca37", "class": null, "subtype": null, "level": null, "height": null, "num_floors": null }, "bbox": [ 50.452995, 53.2285931, 50.4530572, 53.2286626 ], "geometry": { "type": "Polygon", "coordinates": [ [ [ 50.4530274, 53.2286626 ], [ 50.452995, 53.2286572 ], [ 50.4530249, 53.2285931 ], [ 50.4530572, 53.2285985 ], [ 50.4530274, 53.2286626 ] ] ] } },
{ "type": "Feature", "properties": { "source_type": "ml", "id": "a4e07393-ef0c-4564-8615-1d3b19e5354d", "class": null, "subtype": null, "level": null, "height": null, "num_floors": null }, "bbox": [ 50.4527741, 53.2285733, 50.452855, 53.2286278 ], "geometry": { "type": "Polygon", "coordinates": [ [ [ 50.4528211, 53.2286278 ], [ 50.4527741, 53.2286136 ], [ 50.452808, 53.2285733 ], [ 50.452855, 53.2285876 ], [ 50.4528211, 53.2286278 ] ] ] } },
{ "type": "Feature", "properties": { "source_type": "ml", "id": "33138046-cbae-447f-b9f4-4aa85827fc65", "class": null, "subtype": null, "level": null, "height": null, "num_floors": null }, "bbox": [ 50.4527315, 53.2285597, 50.4528013, 53.2286128 ], "geometry": { "type": "Polygon", "coordinates": [ [ [ 50.4527315, 53.2286032 ], [ 50.4527591, 53.2285597 ], [ 50.4528013, 53.2285693 ], [ 50.4527737, 53.2286128 ], [ 50.4527315, 53.2286032 ] ] ] } },
{ "type": "Feature", "properties": { "source_type": "ml", "id": "b75f6e80-5e01-48f0-ae1b-ab26234b69bd", "class": null, "subtype": null, "level": null, "height": null, "num_floors": null }, "bbox": [ 50.4523363, 53.2285532, 50.4524291, 53.2286089 ], "geometry": { "type": "Polygon", "coordinates": [ [ [ 50.4523363, 53.228583 ], [ 50.4523809, 53.2285532 ], [ 50.4524291, 53.2285792 ], [ 50.4523845, 53.2286089 ], [ 50.4523363, 53.228583 ] ] ] } },
{ "type": "Feature", "properties": { "source_type": "ml", "id": "ffda2843-8f04-4e6c-ad33-edf9a11dea7a", "class": null, "subtype": null, "level": null, "height": null, "num_floors": null }, "bbox": [ 50.4521485, 53.2286868, 50.452306, 53.2287829 ], "geometry": { "type": "Polygon", "coordinates": [ [ [ 50.452204, 53.2286868 ], [ 50.452306, 53.228718 ], [ 50.4522505, 53.2287829 ], [ 50.4521485, 53.2287516 ], [ 50.452204, 53.2286868 ] ] ] } },
{ "type": "Feature", "properties": { "source_type": "ml", "id": "3fa8d708-8135-46df-86b3-d5b4cc9c9cd7", "class": null, "subtype": null, "level": null, "height": null, "num_floors": null }, "bbox": [ 50.4525689, 53.2286817, 50.4526341, 53.228722 ], "geometry": { "type": "Polygon", "coordinates": [ [ [ 50.4526232, 53.228722 ], [ 50.4525689, 53.2287158 ], [ 50.4525797, 53.2286817 ], [ 50.4526341, 53.2286879 ], [ 50.4526232, 53.228722 ] ] ] } },
{ "type": "Feature", "properties": { "source_type": "ml", "id": "6cb442c2-7188-4a54-957e-4a0277d665a4", "class": null, "subtype": null, "level": null, "height": null, "num_floors": null }, "bbox": [ 50.4523298, 53.2287411, 50.4524394, 53.2288125 ], "geometry": { "type": "Polygon", "coordinates": [ [ [ 50.4523298, 53.2287979 ], [ 50.4523582, 53.2287411 ], [ 50.4524394, 53.2287557 ], [ 50.452411, 53.2288125 ], [ 50.4523298, 53.2287979 ] ] ] } },
{ "type": "Feature", "properties": { "source_type": "ml", "id": "aa574d2b-437a-49d4-b282-9e48756bea7b", "class": null, "subtype": null, "level": null, "height": null, "num_floors": null }, "bbox": [ 50.4524145, 53.2288156, 50.4525364, 53.2288845 ], "geometry": { "type": "Polygon", "coordinates": [ [ [ 50.4524407, 53.2288156 ], [ 50.4525364, 53.2288331 ], [ 50.4525103, 53.2288845 ], [ 50.4524145, 53.2288671 ], [ 50.4524407, 53.2288156 ] ] ] } },
{ "type": "Feature", "properties": { "source_type": "ml", "id": "71109385-8253-45cb-addb-9b7d4794c3f0", "class": null, "subtype": null, "level": null, "height": null, "num_floors": null }, "bbox": [ 50.4527055, 53.228898, 50.4527816, 53.2289598 ], "geometry": { "type": "Polygon", "coordinates": [ [ [ 50.452745, 53.228898 ], [ 50.4527816, 53.228908 ], [ 50.4527421, 53.2289598 ], [ 50.4527055, 53.2289498 ], [ 50.452745, 53.228898 ] ] ] } },
{ "type": "Feature", "properties": { "source_type": "ml", "id": "16a726fb-494a-4ea3-9a9e-5449552686c9", "class": null, "subtype": null, "level": null, "height": null, "num_floors": null }, "bbox": [ 50.45251, 53.2288358, 50.4526787, 53.2289239 ], "geometry": { "type": "Polygon", "coordinates": [ [ [ 50.45251, 53.2288911 ], [ 50.4525489, 53.2288358 ], [ 50.4526787, 53.2288686 ], [ 50.4526397, 53.2289239 ], [ 50.45251, 53.2288911 ] ] ] } },
{ "type": "Feature", "properties": { "source_type": "ml", "id": "3a6e44e9-ca65-48a6-bb7d-565382b3ec2a", "class": null, "subtype": null, "level": null, "height": null, "num_floors": null }, "bbox": [ 50.4526143, 53.2288343, 50.4526987, 53.228869 ], "geometry": { "type": "Polygon", "coordinates": [ [ [ 50.4526257, 53.2288343 ], [ 50.4526987, 53.2288506 ], [ 50.4526873, 53.228869 ], [ 50.4526143, 53.2288527 ], [ 50.4526257, 53.2288343 ] ] ] } },
{ "type": "Feature", "properties": { "source_type": "ml", "id": "15e0cb1d-eb8a-416b-abdf-068e41e9c177", "class": null, "subtype": null, "level": null, "height": null, "num_floors": null }, "bbox": [ 50.4527421, 53.2289077, 50.4528446, 53.2289827 ], "geometry": { "type": "Polygon", "coordinates": [ [ [ 50.4527866, 53.2289077 ], [ 50.4528446, 53.2289232 ], [ 50.4528001, 53.2289827 ], [ 50.4527421, 53.2289671 ], [ 50.4527866, 53.2289077 ] ] ] } },
{ "type": "Feature", "properties": { "source_type": "ml", "id": "83cece69-f5ba-4d9e-a52d-f0e762a3efbd", "class": null, "subtype": null, "level": null, "height": null, "num_floors": null }, "bbox": [ 50.4528859, 53.2288811, 50.4530719, 53.228996 ], "geometry": { "type": "Polygon", "coordinates": [ [ [ 50.4530092, 53.228996 ], [ 50.4528859, 53.2289616 ], [ 50.4529486, 53.2288811 ], [ 50.4530719, 53.2289156 ], [ 50.4530092, 53.228996 ] ] ] } },
{ "type": "Feature", "properties": { "source_type": "ml", "id": "40a61e7f-3fd0-4281-a4b2-55a0e22eb836", "class": null, "subtype": null, "level": null, "height": null, "num_floors": null }, "bbox": [ 50.453059, 53.2289737, 50.4532567, 53.229075 ], "geometry": { "type": "Polygon", "coordinates": [ [ [ 50.453059, 53.2290188 ], [ 50.4531059, 53.2289737 ], [ 50.4532567, 53.2290299 ], [ 50.4532098, 53.229075 ], [ 50.453059, 53.2290188 ] ] ] } },
{ "type": "Feature", "properties": { "source_type": "ml", "id": "9d022987-0c65-4eb7-b39c-4b3af8eafcc2", "class": null, "subtype": null, "level": null, "height": null, "num_floors": null }, "bbox": [ 50.4530999, 53.229179, 50.4532862, 53.2292951 ], "geometry": { "type": "Polygon", "coordinates": [ [ [ 50.4531692, 53.229179 ], [ 50.4532862, 53.2292156 ], [ 50.4532169, 53.2292951 ], [ 50.4530999, 53.2292586 ], [ 50.4531692, 53.229179 ] ] ] } },
{ "type": "Feature", "properties": { "source_type": "ml", "id": "375335fc-8915-4815-896f-58bcdd1d9344", "class": null, "subtype": null, "level": null, "height": null, "num_floors": null }, "bbox": [ 50.4525338, 53.2290138, 50.4526965, 53.2291043 ], "geometry": { "type": "Polygon", "coordinates": [ [ [ 50.4526487, 53.2291043 ], [ 50.4525338, 53.2290676 ], [ 50.4525816, 53.2290138 ], [ 50.4526965, 53.2290505 ], [ 50.4526487, 53.2291043 ] ] ] } },
{ "type": "Feature", "properties": { "source_type": "ml", "id": "c95bca9a-5c4b-467f-ba15-3eacc2cebc11", "class": null, "subtype": null, "level": null, "height": null, "num_floors": null }, "bbox": [ 50.4523495, 53.2294252, 50.4525041, 53.2295236 ], "geometry": { "type": "Polygon", "coordinates": [ [ [ 50.4524072, 53.2294252 ], [ 50.4525041, 53.229454 ], [ 50.4524464, 53.2295236 ], [ 50.4523495, 53.2294948 ], [ 50.4524072, 53.2294252 ] ] ] } },
{ "type": "Feature", "properties": { "source_type": "ml", "id": "d64ee59a-db09-4bac-8e43-6cfedafb3ba5", "class": null, "subtype": null, "level": null, "height": null, "num_floors": null }, "bbox": [ 50.4526413, 53.2295403, 50.4527394, 53.2296163 ], "geometry": { "type": "Polygon", "coordinates": [ [ [ 50.4526824, 53.2295403 ], [ 50.4527394, 53.2295537 ], [ 50.4526983, 53.2296163 ], [ 50.4526413, 53.229603 ], [ 50.4526824, 53.2295403 ] ] ] } },
{ "type": "Feature", "properties": { "source_type": "ml", "id": "9257afa7-7c02-4a97-ad51-cbcbf1a17386", "class": null, "subtype": null, "level": null, "height": null, "num_floors": null }, "bbox": [ 50.4527378, 53.2295039, 50.4528678, 53.2295845 ], "geometry": { "type": "Polygon", "coordinates": [ [ [ 50.4527826, 53.2295039 ], [ 50.4528678, 53.2295282 ], [ 50.452823, 53.2295845 ], [ 50.4527378, 53.2295601 ], [ 50.4527826, 53.2295039 ] ] ] } },
{ "type": "Feature", "properties": { "source_type": "ml", "id": "9b079cb6-409c-42db-91fc-2f7b3b8e3a36", "class": null, "subtype": null, "level": null, "height": null, "num_floors": null }, "bbox": [ 50.4529329, 53.2296299, 50.4530446, 53.2296848 ], "geometry": { "type": "Polygon", "coordinates": [ [ [ 50.452954, 53.2296299 ], [ 50.4530446, 53.2296491 ], [ 50.4530235, 53.2296848 ], [ 50.4529329, 53.2296656 ], [ 50.452954, 53.2296299 ] ] ] } },
{ "type": "Feature", "properties": { "source_type": "ml", "id": "322638ac-4d97-4e86-bf0e-28b993e4adff", "class": null, "subtype": null, "level": null, "height": null, "num_floors": null }, "bbox": [ 50.4528794, 53.2295717, 50.4529566, 53.2296156 ], "geometry": { "type": "Polygon", "coordinates": [ [ [ 50.4528929, 53.2295717 ], [ 50.4529566, 53.2295805 ], [ 50.4529431, 53.2296156 ], [ 50.4528794, 53.2296068 ], [ 50.4528929, 53.2295717 ] ] ] } },
{ "type": "Feature", "properties": { "source_type": "ml", "id": "b1367f02-0dca-4dc4-9649-9ac6c703fe88", "class": null, "subtype": null, "level": null, "height": null, "num_floors": null }, "bbox": [ 50.4530669, 53.2296376, 50.4532182, 53.2297248 ], "geometry": { "type": "Polygon", "coordinates": [ [ [ 50.4532182, 53.2296681 ], [ 50.4531726, 53.2297248 ], [ 50.4530669, 53.2296944 ], [ 50.4531126, 53.2296376 ], [ 50.4532182, 53.2296681 ] ] ] } },
{ "type": "Feature", "properties": { "source_type": "ml", "id": "f3d02aef-8a37-4e94-87cb-21c49bd5ffca", "class": null, "subtype": null, "level": null, "height": null, "num_floors": null }, "bbox": [ 50.4531789, 53.2295117, 50.453263, 53.2295873 ], "geometry": { "type": "Polygon", "coordinates": [ [ [ 50.4532254, 53.2295117 ], [ 50.453263, 53.2295211 ], [ 50.4532165, 53.2295873 ], [ 50.4531789, 53.2295778 ], [ 50.4532254, 53.2295117 ] ] ] } },
{ "type": "Feature", "properties": { "source_type": "ml", "id": "3a9a6f27-49f3-480c-825b-4739eff0fc79", "class": null, "subtype": null, "level": null, "height": null, "num_floors": null }, "bbox": [ 50.453012, 53.2293902, 50.453117, 53.2294473 ], "geometry": { "type": "Polygon", "coordinates": [ [ [ 50.4530895, 53.2294473 ], [ 50.453012, 53.2294259 ], [ 50.4530395, 53.2293902 ], [ 50.453117, 53.2294115 ], [ 50.4530895, 53.2294473 ] ] ] } },
{ "type": "Feature", "properties": { "source_type": "ml", "id": "7aa50516-9c3e-44ef-8ea1-4c7750e90894", "class": null, "subtype": null, "level": null, "height": null, "num_floors": null }, "bbox": [ 50.4527902, 53.2293169, 50.4529441, 53.2293919 ], "geometry": { "type": "Polygon", "coordinates": [ [ [ 50.4528225, 53.2293169 ], [ 50.4529441, 53.2293546 ], [ 50.4529118, 53.2293919 ], [ 50.4527902, 53.2293542 ], [ 50.4528225, 53.2293169 ] ] ] } },
{ "type": "Feature", "properties": { "source_type": "ml", "id": "d192e2b7-5616-4e95-9a16-3a4f488448a0", "class": null, "subtype": null, "level": null, "height": null, "num_floors": null }, "bbox": [ 50.4532197, 53.229195, 50.4534217, 53.2293454 ], "geometry": { "type": "Polygon", "coordinates": [ [ [ 50.4533018, 53.229195 ], [ 50.4533719, 53.2292131 ], [ 50.4533494, 53.2292442 ], [ 50.4534217, 53.2292629 ], [ 50.453362, 53.2293454 ], [ 50.4532197, 53.2293085 ], [ 50.4533018, 53.229195 ] ] ] } },
{ "type": "Feature", "properties": { "source_type": "ml", "id": "989460be-07f8-4fc1-8c6a-8882ef8ed4cc", "class": null, "subtype": null, "level": null, "height": null, "num_floors": null }, "bbox": [ 50.4535073, 53.2292544, 50.4536825, 53.2293646 ], "geometry": { "type": "Polygon", "coordinates": [ [ [ 50.4535652, 53.2292544 ], [ 50.4536825, 53.2292849 ], [ 50.4536246, 53.2293646 ], [ 50.4535073, 53.229334 ], [ 50.4535652, 53.2292544 ] ] ] } },
{ "type": "Feature", "properties": { "source_type": "ml", "id": "4da947aa-bff7-433e-9372-ffbba58873aa", "class": null, "subtype": null, "level": null, "height": null, "num_floors": null }, "bbox": [ 50.4537882, 53.2292787, 50.4538387, 53.2293553 ], "geometry": { "type": "Polygon", "coordinates": [ [ [ 50.4538323, 53.2293553 ], [ 50.4537882, 53.2293539 ], [ 50.4537946, 53.2292787 ], [ 50.4538387, 53.22928 ], [ 50.4538323, 53.2293553 ] ] ] } },
{ "type": "Feature", "properties": { "source_type": "ml", "id": "1119f12c-9c96-4139-90d4-16c9baf805fb", "class": null, "subtype": null, "level": null, "height": null, "num_floors": null }, "bbox": [ 50.4540671, 53.2294767, 50.4541222, 53.2295294 ], "geometry": { "type": "Polygon", "coordinates": [ [ [ 50.4540671, 53.2295289 ], [ 50.4540685, 53.2294767 ], [ 50.4541222, 53.2294772 ], [ 50.4541207, 53.2295294 ], [ 50.4540671, 53.2295289 ] ] ] } },
{ "type": "Feature", "properties": { "source_type": "ml", "id": "ea8e4c22-e5f4-45d4-8916-db0b42cb28bc", "class": null, "subtype": null, "level": null, "height": null, "num_floors": null }, "bbox": [ 50.453805, 53.2296221, 50.4540099, 53.2297209 ], "geometry": { "type": "Polygon", "coordinates": [ [ [ 50.4538396, 53.2296221 ], [ 50.4540099, 53.2296534 ], [ 50.4539752, 53.2297209 ], [ 50.453805, 53.2296896 ], [ 50.4538396, 53.2296221 ] ] ] } },
{ "type": "Feature", "properties": { "source_type": "ml", "id": "0fbd7d8f-8bce-4059-b07f-78026ab8bbe5", "class": null, "subtype": null, "level": null, "height": null, "num_floors": null }, "bbox": [ 50.4534978, 53.2294778, 50.4535851, 53.2295301 ], "geometry": { "type": "Polygon", "coordinates": [ [ [ 50.4535613, 53.2295301 ], [ 50.4534978, 53.2295158 ], [ 50.4535216, 53.2294778 ], [ 50.4535851, 53.2294921 ], [ 50.4535613, 53.2295301 ] ] ] } },
{ "type": "Feature", "properties": { "source_type": "ml", "id": "276ba5d6-75a4-4af2-8cb2-a605ebfdafd6", "class": null, "subtype": null, "level": null, "height": null, "num_floors": null }, "bbox": [ 50.4533142, 53.2295481, 50.4534822, 53.2296298 ], "geometry": { "type": "Polygon", "coordinates": [ [ [ 50.4533478, 53.2295481 ], [ 50.4534822, 53.2295821 ], [ 50.4534486, 53.2296298 ], [ 50.4533142, 53.2295958 ], [ 50.4533478, 53.2295481 ] ] ] } },
{ "type": "Feature", "properties": { "source_type": "ml", "id": "cda56129-1ff3-4b60-9e2e-0fc21773b70b", "class": null, "subtype": null, "level": null, "height": null, "num_floors": null }, "bbox": [ 50.4533048, 53.2297341, 50.4534275, 53.2298098 ], "geometry": { "type": "Polygon", "coordinates": [ [ [ 50.4533884, 53.2298098 ], [ 50.4533048, 53.2297882 ], [ 50.4533439, 53.2297341 ], [ 50.4534275, 53.2297557 ], [ 50.4533884, 53.2298098 ] ] ] } },
{ "type": "Feature", "properties": { "source_type": "ml", "id": "6716fd88-2d1b-4921-bd25-634bdb556b6a", "class": null, "subtype": null, "level": null, "height": null, "num_floors": null }, "bbox": [ 50.4536092, 53.2297838, 50.4537064, 53.2298407 ], "geometry": { "type": "Polygon", "coordinates": [ [ [ 50.4536342, 53.2297838 ], [ 50.4537064, 53.2297996 ], [ 50.4536814, 53.2298407 ], [ 50.4536092, 53.229825 ], [ 50.4536342, 53.2297838 ] ] ] } },
{ "type": "Feature", "properties": { "source_type": "ml", "id": "7e7c2874-2c97-4327-b9fb-97867fc0f944", "class": null, "subtype": null, "level": null, "height": null, "num_floors": null }, "bbox": [ 50.4537631, 53.2297369, 50.4538789, 53.2297958 ], "geometry": { "type": "Polygon", "coordinates": [ [ [ 50.4538581, 53.2297958 ], [ 50.4537631, 53.2297789 ], [ 50.4537839, 53.2297369 ], [ 50.4538789, 53.2297537 ], [ 50.4538581, 53.2297958 ] ] ] } },
{ "type": "Feature", "properties": { "source_type": "ml", "id": "4ffe6c52-76c9-40dd-bd62-ebb57aa6a3d8", "class": null, "subtype": null, "level": null, "height": null, "num_floors": null }, "bbox": [ 50.4541336, 53.2296652, 50.4542719, 53.2297587 ], "geometry": { "type": "Polygon", "coordinates": [ [ [ 50.4542237, 53.2297587 ], [ 50.4541336, 53.2297371 ], [ 50.4541817, 53.2296652 ], [ 50.4542719, 53.2296868 ], [ 50.4542237, 53.2297587 ] ] ] } },
{ "type": "Feature", "properties": { "source_type": "ml", "id": "0085f4a6-b31b-4928-b014-fad12ef2f5ea", "class": null, "subtype": null, "level": null, "height": null, "num_floors": null }, "bbox": [ 50.4538357, 53.2298851, 50.4539129, 53.2299344 ], "geometry": { "type": "Polygon", "coordinates": [ [ [ 50.4538357, 53.2299202 ], [ 50.4538641, 53.2298851 ], [ 50.4539129, 53.2298992 ], [ 50.4538846, 53.2299344 ], [ 50.4538357, 53.2299202 ] ] ] } },
{ "type": "Feature", "properties": { "source_type": "ml", "id": "a1130265-6e23-4d88-bd2e-a1fed719a0ce", "class": null, "subtype": null, "level": null, "height": null, "num_floors": null }, "bbox": [ 50.4539928, 53.2299531, 50.4540761, 53.2300148 ], "geometry": { "type": "Polygon", "coordinates": [ [ [ 50.4540203, 53.2299531 ], [ 50.4540761, 53.2299639 ], [ 50.4540487, 53.2300148 ], [ 50.4539928, 53.230004 ], [ 50.4540203, 53.2299531 ] ] ] } },
{ "type": "Feature", "properties": { "source_type": "ml", "id": "7bd59732-14d7-475b-a17b-87df3708b191", "class": null, "subtype": null, "level": null, "height": null, "num_floors": null }, "bbox": [ 50.4538656, 53.2299997, 50.4539703, 53.2300551 ], "geometry": { "type": "Polygon", "coordinates": [ [ [ 50.4538835, 53.2299997 ], [ 50.4539703, 53.2300129 ], [ 50.4539523, 53.2300551 ], [ 50.4538656, 53.2300419 ], [ 50.4538835, 53.2299997 ] ] ] } },
{ "type": "Feature", "properties": { "source_type": "ml", "id": "576366ee-e5f4-46d1-a527-81c4ff5d16d5", "class": null, "subtype": null, "level": null, "height": null, "num_floors": null }, "bbox": [ 50.4534717, 53.2300157, 50.4536244, 53.2301065 ], "geometry": { "type": "Polygon", "coordinates": [ [ [ 50.4535384, 53.2300157 ], [ 50.4536244, 53.2300593 ], [ 50.4535576, 53.2301065 ], [ 50.4534717, 53.230063 ], [ 50.4535384, 53.2300157 ] ] ] } },
{ "type": "Feature", "properties": { "source_type": "ml", "id": "22db14eb-2705-4ecf-8bc0-e098b32d89c2", "class": null, "subtype": null, "level": null, "height": null, "num_floors": null }, "bbox": [ 50.4532222, 53.2299378, 50.4533703, 53.2300258 ], "geometry": { "type": "Polygon", "coordinates": [ [ [ 50.4533114, 53.2300258 ], [ 50.4532222, 53.2299748 ], [ 50.4532812, 53.2299378 ], [ 50.4533703, 53.2299888 ], [ 50.4533114, 53.2300258 ] ] ] } },
{ "type": "Feature", "properties": { "source_type": "ml", "id": "32832d23-05be-40d8-b2b1-57049f190af6", "class": null, "subtype": null, "level": null, "height": null, "num_floors": null }, "bbox": [ 50.4529706, 53.2297809, 50.4531127, 53.229882 ], "geometry": { "type": "Polygon", "coordinates": [ [ [ 50.4530475, 53.229815 ], [ 50.4530181, 53.2297957 ], [ 50.4530452, 53.2297809 ], [ 50.4531127, 53.2298253 ], [ 50.4530087, 53.229882 ], [ 50.4529706, 53.229857 ], [ 50.4530475, 53.229815 ] ] ] } },
{ "type": "Feature", "properties": { "source_type": "ml", "id": "57a26af2-5409-4f71-9241-b7b7301d7ef8", "class": null, "subtype": null, "level": null, "height": null, "num_floors": null }, "bbox": [ 50.4528142, 53.2298766, 50.4529219, 53.2299412 ], "geometry": { "type": "Polygon", "coordinates": [ [ [ 50.4528707, 53.2298766 ], [ 50.4529219, 53.2299118 ], [ 50.4528654, 53.2299412 ], [ 50.4528142, 53.229906 ], [ 50.4528707, 53.2298766 ] ] ] } },
{ "type": "Feature", "properties": { "source_type": "ml", "id": "2e065c01-b451-4559-a787-f5a6f28a4a9c", "class": null, "subtype": null, "level": null, "height": null, "num_floors": null }, "bbox": [ 50.4525748, 53.2297258, 50.4526959, 53.2297987 ], "geometry": { "type": "Polygon", "coordinates": [ [ [ 50.4526371, 53.2297258 ], [ 50.4526959, 53.2297587 ], [ 50.4526337, 53.2297987 ], [ 50.4525748, 53.2297658 ], [ 50.4526371, 53.2297258 ] ] ] } },
{ "type": "Feature", "properties": { "source_type": "ml", "id": "c2dc7fa5-009c-4244-a5ce-c41f3bd079bf", "class": null, "subtype": null, "level": null, "height": null, "num_floors": null }, "bbox": [ 50.452599, 53.2299296, 50.4527812, 53.2300351 ], "geometry": { "type": "Polygon", "coordinates": [ [ [ 50.4526668, 53.2299296 ], [ 50.4527812, 53.2299835 ], [ 50.4527135, 53.2300351 ], [ 50.452599, 53.2299813 ], [ 50.4526668, 53.2299296 ] ] ] } },
{ "type": "Feature", "properties": { "source_type": "ml", "id": "4aa1113d-3328-4ec6-9bd3-5c1cf97f7a55", "class": null, "subtype": null, "level": null, "height": null, "num_floors": null }, "bbox": [ 50.4524931, 53.2300218, 50.4525902, 53.2300809 ], "geometry": { "type": "Polygon", "coordinates": [ [ [ 50.4525547, 53.2300809 ], [ 50.4524931, 53.2300418 ], [ 50.4525286, 53.2300218 ], [ 50.4525902, 53.2300609 ], [ 50.4525547, 53.2300809 ] ] ] } },
{ "type": "Feature", "properties": { "source_type": "ml", "id": "63930817-89a4-4090-9783-84f688d6db1e", "class": null, "subtype": null, "level": null, "height": null, "num_floors": null }, "bbox": [ 50.4514895, 53.2297396, 50.4516018, 53.2298043 ], "geometry": { "type": "Polygon", "coordinates": [ [ [ 50.4514895, 53.2297703 ], [ 50.4515612, 53.2297396 ], [ 50.4516018, 53.2297735 ], [ 50.4515301, 53.2298043 ], [ 50.4514895, 53.2297703 ] ] ] } },
{ "type": "Feature", "properties": { "source_type": "ml", "id": "4f6b3df6-ce2b-4678-b834-ab5766df6575", "class": null, "subtype": null, "level": null, "height": null, "num_floors": null }, "bbox": [ 50.4513375, 53.2297437, 50.4514829, 53.2298317 ], "geometry": { "type": "Polygon", "coordinates": [ [ [ 50.4514259, 53.2297437 ], [ 50.4514829, 53.2297991 ], [ 50.4513945, 53.2298317 ], [ 50.4513375, 53.2297763 ], [ 50.4514259, 53.2297437 ] ] ] } },
{ "type": "Feature", "properties": { "source_type": "ml", "id": "35f8c761-0f0d-4dd1-a84c-e22cd739b384", "class": null, "subtype": null, "level": null, "height": null, "num_floors": null }, "bbox": [ 50.4512689, 53.2298093, 50.451399, 53.2298876 ], "geometry": { "type": "Polygon", "coordinates": [ [ [ 50.4513274, 53.2298876 ], [ 50.4512689, 53.2298428 ], [ 50.4513404, 53.2298093 ], [ 50.451399, 53.2298541 ], [ 50.4513274, 53.2298876 ] ] ] } },
{ "type": "Feature", "properties": { "source_type": "ml", "id": "6dcda120-d9b8-48ae-9180-ae8f9b026af6", "class": null, "subtype": null, "level": null, "height": null, "num_floors": null }, "bbox": [ 50.4510613, 53.2299183, 50.4511744, 53.2299799 ], "geometry": { "type": "Polygon", "coordinates": [ [ [ 50.4510944, 53.2299799 ], [ 50.4510613, 53.2299506 ], [ 50.4511414, 53.2299183 ], [ 50.4511744, 53.2299476 ], [ 50.4510944, 53.2299799 ] ] ] } },
{ "type": "Feature", "properties": { "source_type": "ml", "id": "1dc5216e-d1a5-4a03-b4d2-1444fe99c727", "class": null, "subtype": null, "level": null, "height": null, "num_floors": null }, "bbox": [ 50.4511894, 53.2300027, 50.4514598, 53.2301653 ], "geometry": { "type": "Polygon", "coordinates": [ [ [ 50.4513081, 53.2301653 ], [ 50.4511894, 53.2300714 ], [ 50.451341, 53.2300027 ], [ 50.4514598, 53.2300965 ], [ 50.4513081, 53.2301653 ] ] ] } },
{ "type": "Feature", "properties": { "source_type": "ml", "id": "97eb8071-7737-41b3-80f5-e0cdce2fca53", "class": null, "subtype": null, "level": null, "height": null, "num_floors": null }, "bbox": [ 50.4508307, 53.2298831, 50.4509889, 53.2299758 ], "geometry": { "type": "Polygon", "coordinates": [ [ [ 50.4508889, 53.2298831 ], [ 50.4509889, 53.2299374 ], [ 50.4509307, 53.2299758 ], [ 50.4508307, 53.2299214 ], [ 50.4508889, 53.2298831 ] ] ] } },
{ "type": "Feature", "properties": { "source_type": "ml", "id": "07728e46-22e9-495c-ab51-4618719304f9", "class": null, "subtype": null, "level": null, "height": null, "num_floors": null }, "bbox": [ 50.4506386, 53.2299494, 50.4509005, 53.2301339 ], "geometry": { "type": "Polygon", "coordinates": [ [ [ 50.4506863, 53.2299856 ], [ 50.4507963, 53.2299494 ], [ 50.4509005, 53.2300628 ], [ 50.4507843, 53.2301011 ], [ 50.4507786, 53.2300949 ], [ 50.4506601, 53.2301339 ], [ 50.4506386, 53.2301105 ], [ 50.4507633, 53.2300694 ], [ 50.4506863, 53.2299856 ] ] ] } },
{ "type": "Feature", "properties": { "source_type": "ml", "id": "020b3d3a-3079-4b64-bfb9-c75e3a054331", "class": null, "subtype": null, "level": null, "height": null, "num_floors": null }, "bbox": [ 50.4505762, 53.2298239, 50.4506588, 53.22987 ], "geometry": { "type": "Polygon", "coordinates": [ [ [ 50.4506012, 53.22987 ], [ 50.4505762, 53.2298429 ], [ 50.4506339, 53.2298239 ], [ 50.4506588, 53.2298511 ], [ 50.4506012, 53.22987 ] ] ] } },
{ "type": "Feature", "properties": { "source_type": "ml", "id": "a214fd6b-233d-46ce-804e-12179310fa47", "class": null, "subtype": null, "level": null, "height": null, "num_floors": null }, "bbox": [ 50.4509653, 53.2296345, 50.4510777, 53.2296927 ], "geometry": { "type": "Polygon", "coordinates": [ [ [ 50.4509653, 53.229668 ], [ 50.4510507, 53.2296345 ], [ 50.4510777, 53.2296592 ], [ 50.4509923, 53.2296927 ], [ 50.4509653, 53.229668 ] ] ] } },
{ "type": "Feature", "properties": { "source_type": "ml", "id": "de06ccad-6250-43b4-b533-e426ae5e1448", "class": null, "subtype": null, "level": null, "height": null, "num_floors": null }, "bbox": [ 50.4502553, 53.2295765, 50.4504048, 53.2296696 ], "geometry": { "type": "Polygon", "coordinates": [ [ [ 50.4503318, 53.2296696 ], [ 50.4502553, 53.2296103 ], [ 50.4503283, 53.2295765 ], [ 50.4504048, 53.2296358 ], [ 50.4503318, 53.2296696 ] ] ] } },
{ "type": "Feature", "properties": { "source_type": "ml", "id": "844aec71-4244-4341-a010-2ddecc75c1a6", "class": null, "subtype": null, "level": null, "height": null, "num_floors": null }, "bbox": [ 50.4500865, 53.2296173, 50.4502421, 53.2297063 ], "geometry": { "type": "Polygon", "coordinates": [ [ [ 50.4501397, 53.2297063 ], [ 50.4500865, 53.2296667 ], [ 50.4501889, 53.2296173 ], [ 50.4502421, 53.2296568 ], [ 50.4501397, 53.2297063 ] ] ] } },
{ "type": "Feature", "properties": { "source_type": "ml", "id": "9d8d2b0a-2f74-40a5-b778-e9f022d281de", "class": null, "subtype": null, "level": null, "height": null, "num_floors": null }, "bbox": [ 50.4499929, 53.2293827, 50.4500625, 53.2294299 ], "geometry": { "type": "Polygon", "coordinates": [ [ [ 50.4500208, 53.2293827 ], [ 50.4500625, 53.2293944 ], [ 50.4500346, 53.2294299 ], [ 50.4499929, 53.2294182 ], [ 50.4500208, 53.2293827 ] ] ] } },
{ "type": "Feature", "properties": { "source_type": "ml", "id": "8e412f4d-c91d-41ff-ba2b-9fc00695beda", "class": null, "subtype": null, "level": null, "height": null, "num_floors": null }, "bbox": [ 50.450643, 53.229431, 50.450753, 53.2294968 ], "geometry": { "type": "Polygon", "coordinates": [ [ [ 50.450694, 53.229431 ], [ 50.450753, 53.2294663 ], [ 50.450702, 53.2294968 ], [ 50.450643, 53.2294615 ], [ 50.450694, 53.229431 ] ] ] } },
{ "type": "Feature", "properties": { "source_type": "ml", "id": "5f238756-3458-457d-9213-316d037c4c7d", "class": null, "subtype": null, "level": null, "height": null, "num_floors": null }, "bbox": [ 50.4508785, 53.2293147, 50.4509979, 53.2293815 ], "geometry": { "type": "Polygon", "coordinates": [ [ [ 50.4509596, 53.2293815 ], [ 50.4508785, 53.2293493 ], [ 50.4509168, 53.2293147 ], [ 50.4509979, 53.2293469 ], [ 50.4509596, 53.2293815 ] ] ] } },
{ "type": "Feature", "properties": { "source_type": "ml", "id": "e362fa5a-dfdf-43ca-9fcf-3c3b40f1d9d4", "class": null, "subtype": null, "level": null, "height": null, "num_floors": null }, "bbox": [ 50.4509301, 53.2292433, 50.4510772, 53.2293434 ], "geometry": { "type": "Polygon", "coordinates": [ [ [ 50.4509951, 53.2292433 ], [ 50.4510772, 53.229269 ], [ 50.4510122, 53.2293434 ], [ 50.4509301, 53.2293177 ], [ 50.4509951, 53.2292433 ] ] ] } },
{ "type": "Feature", "properties": { "source_type": "ml", "id": "ab021bcd-c8d3-4774-9ea3-44e606269806", "class": null, "subtype": null, "level": null, "height": null, "num_floors": null }, "bbox": [ 50.4514066, 53.2294044, 50.4515622, 53.2294967 ], "geometry": { "type": "Polygon", "coordinates": [ [ [ 50.4514066, 53.229454 ], [ 50.4514968, 53.2294044 ], [ 50.4515622, 53.2294471 ], [ 50.451472, 53.2294967 ], [ 50.4514066, 53.229454 ] ] ] } },
{ "type": "Feature", "properties": { "source_type": "ml", "id": "6e584673-17a1-4657-a365-508bb15fc015", "class": null, "subtype": null, "level": null, "height": null, "num_floors": null }, "bbox": [ 50.451571, 53.2296269, 50.4517025, 53.2297055 ], "geometry": { "type": "Polygon", "coordinates": [ [ [ 50.4516435, 53.2296269 ], [ 50.4517025, 53.2296622 ], [ 50.4516301, 53.2297055 ], [ 50.451571, 53.2296702 ], [ 50.4516435, 53.2296269 ] ] ] } },
{ "type": "Feature", "properties": { "source_type": "ml", "id": "38d049e3-a04f-4ed3-9dac-86b4928f86af", "class": null, "subtype": null, "level": null, "height": null, "num_floors": null }, "bbox": [ 50.4515024, 53.22946, 50.4517454, 53.2296144 ], "geometry": { "type": "Polygon", "coordinates": [ [ [ 50.4515024, 53.2295041 ], [ 50.4515797, 53.22946 ], [ 50.4516368, 53.2294959 ], [ 50.4516269, 53.2295015 ], [ 50.4517454, 53.2295759 ], [ 50.4516779, 53.2296144 ], [ 50.4515024, 53.2295041 ] ] ] } },
{ "type": "Feature", "properties": { "source_type": "ml", "id": "d815c345-829b-4447-a796-9e24d1da3980", "class": null, "subtype": null, "level": null, "height": null, "num_floors": null }, "bbox": [ 50.4518007, 53.2295349, 50.4519451, 53.2296208 ], "geometry": { "type": "Polygon", "coordinates": [ [ [ 50.4518822, 53.2296208 ], [ 50.4518007, 53.2295751 ], [ 50.4518635, 53.2295349 ], [ 50.4519451, 53.2295806 ], [ 50.4518822, 53.2296208 ] ] ] } },
{ "type": "Feature", "properties": { "source_type": "ml", "id": "8c930f63-b76d-467b-b8b0-6394979315c3", "class": null, "subtype": null, "level": null, "height": null, "num_floors": null }, "bbox": [ 50.4516744, 53.2295718, 50.4518552, 53.2296795 ], "geometry": { "type": "Polygon", "coordinates": [ [ [ 50.4517553, 53.2296795 ], [ 50.4516744, 53.2296279 ], [ 50.4517743, 53.2295718 ], [ 50.4518552, 53.2296234 ], [ 50.4517553, 53.2296795 ] ] ] } },
{ "type": "Feature", "properties": { "source_type": "ml", "id": "800c0c64-ae13-45b7-b18b-3453c3239ce2", "class": null, "subtype": null, "level": null, "height": null, "num_floors": null }, "bbox": [ 50.4519725, 53.2293595, 50.4520303, 53.2294052 ], "geometry": { "type": "Polygon", "coordinates": [ [ [ 50.4519725, 53.2293974 ], [ 50.451998, 53.2293595 ], [ 50.4520303, 53.2293673 ], [ 50.4520048, 53.2294052 ], [ 50.4519725, 53.2293974 ] ] ] } },
{ "type": "Feature", "properties": { "source_type": "ml", "id": "39e05b37-39b7-4b00-a08f-470718e5856f", "class": null, "subtype": null, "level": null, "height": null, "num_floors": null }, "bbox": [ 50.4517806, 53.2292726, 50.451884, 53.2293518 ], "geometry": { "type": "Polygon", "coordinates": [ [ [ 50.4518332, 53.2293518 ], [ 50.4517806, 53.2293369 ], [ 50.4518314, 53.2292726 ], [ 50.451884, 53.2292875 ], [ 50.4518332, 53.2293518 ] ] ] } },
{ "type": "Feature", "properties": { "source_type": "ml", "id": "f3e9e859-1980-43de-b6f4-b1097a6f5b84", "class": null, "subtype": null, "level": null, "height": null, "num_floors": null }, "bbox": [ 50.4518907, 53.2290554, 50.4519678, 53.2290924 ], "geometry": { "type": "Polygon", "coordinates": [ [ [ 50.4519061, 53.2290554 ], [ 50.4519678, 53.2290726 ], [ 50.4519524, 53.2290924 ], [ 50.4518907, 53.2290752 ], [ 50.4519061, 53.2290554 ] ] ] } },
{ "type": "Feature", "properties": { "source_type": "ml", "id": "1c38d5ff-0cee-41d9-8bf9-824a9b663965", "class": null, "subtype": null, "level": null, "height": null, "num_floors": null }, "bbox": [ 50.4515091, 53.2291847, 50.4516344, 53.2292608 ], "geometry": { "type": "Polygon", "coordinates": [ [ [ 50.4515348, 53.2291847 ], [ 50.4516344, 53.2291997 ], [ 50.4516088, 53.2292608 ], [ 50.4515091, 53.2292458 ], [ 50.4515348, 53.2291847 ] ] ] } },
{ "type": "Feature", "properties": { "source_type": "ml", "id": "49c7bd1d-9895-4242-b4c7-d97229bed7ad", "class": null, "subtype": null, "level": null, "height": null, "num_floors": null }, "bbox": [ 50.4514264, 53.2291269, 50.4515551, 53.2292011 ], "geometry": { "type": "Polygon", "coordinates": [ [ [ 50.4515151, 53.2292011 ], [ 50.4514264, 53.2291743 ], [ 50.4514664, 53.2291269 ], [ 50.4515551, 53.2291537 ], [ 50.4515151, 53.2292011 ] ] ] } },
{ "type": "Feature", "properties": { "source_type": "ml", "id": "a493e423-e2fb-49ae-a803-53a82b8288a6", "class": null, "subtype": null, "level": null, "height": null, "num_floors": null }, "bbox": [ 50.4513808, 53.22918, 50.4514829, 53.2292514 ], "geometry": { "type": "Polygon", "coordinates": [ [ [ 50.4514404, 53.2292514 ], [ 50.4513808, 53.2292349 ], [ 50.4514233, 53.22918 ], [ 50.4514829, 53.2291965 ], [ 50.4514404, 53.2292514 ] ] ] } },
{ "type": "Feature", "properties": { "source_type": "ml", "id": "7ff55ba6-b9a9-474a-9f5d-1b0994b9f728", "class": null, "subtype": null, "level": null, "height": null, "num_floors": null }, "bbox": [ 50.4512449, 53.229084, 50.4514102, 53.229173 ], "geometry": { "type": "Polygon", "coordinates": [ [ [ 50.4513692, 53.229173 ], [ 50.4512449, 53.2291408 ], [ 50.4512859, 53.229084 ], [ 50.4514102, 53.2291161 ], [ 50.4513692, 53.229173 ] ] ] } },
{ "type": "Feature", "properties": { "source_type": "ml", "id": "b9d96b4f-3865-47f7-85e9-74c20e704909", "class": null, "subtype": null, "level": null, "height": null, "num_floors": null }, "bbox": [ 50.4510891, 53.2291226, 50.4512073, 53.2291814 ], "geometry": { "type": "Polygon", "coordinates": [ [ [ 50.4511148, 53.2291226 ], [ 50.4512073, 53.2291484 ], [ 50.4511816, 53.2291814 ], [ 50.4510891, 53.2291556 ], [ 50.4511148, 53.2291226 ] ] ] } },
{ "type": "Feature", "properties": { "source_type": "ml", "id": "5f3f1445-2678-4eda-812f-3e7ef468461b", "class": null, "subtype": null, "level": null, "height": null, "num_floors": null }, "bbox": [ 50.45113, 53.2290828, 50.4512054, 53.2291189 ], "geometry": { "type": "Polygon", "coordinates": [ [ [ 50.45113, 53.2291055 ], [ 50.4511437, 53.2290828 ], [ 50.4512054, 53.2290961 ], [ 50.4511917, 53.2291189 ], [ 50.45113, 53.2291055 ] ] ] } },
{ "type": "Feature", "properties": { "source_type": "ml", "id": "56266d25-ea28-4631-8c38-1e2ffdd7387c", "class": null, "subtype": null, "level": null, "height": null, "num_floors": null }, "bbox": [ 50.4514874, 53.229015, 50.4515824, 53.2290663 ], "geometry": { "type": "Polygon", "coordinates": [ [ [ 50.4515084, 53.229015 ], [ 50.4515824, 53.2290306 ], [ 50.4515615, 53.2290663 ], [ 50.4514874, 53.2290508 ], [ 50.4515084, 53.229015 ] ] ] } },
{ "type": "Feature", "properties": { "source_type": "ml", "id": "7f074c57-268b-4956-aa78-300c1c391df0", "class": null, "subtype": null, "level": null, "height": null, "num_floors": null }, "bbox": [ 50.4515212, 53.2288489, 50.4516231, 53.2289041 ], "geometry": { "type": "Polygon", "coordinates": [ [ [ 50.4515212, 53.2288837 ], [ 50.4515472, 53.2288489 ], [ 50.4516231, 53.2288693 ], [ 50.4515971, 53.2289041 ], [ 50.4515212, 53.2288837 ] ] ] } },
{ "type": "Feature", "properties": { "source_type": "ml", "id": "cefa0092-97d6-4246-9d84-0a071fc8cb4b", "class": null, "subtype": null, "level": null, "height": null, "num_floors": null }, "bbox": [ 50.4518067, 53.228926, 50.4518958, 53.2289758 ], "geometry": { "type": "Polygon", "coordinates": [ [ [ 50.4518067, 53.2289539 ], [ 50.4518345, 53.228926 ], [ 50.4518958, 53.2289479 ], [ 50.4518679, 53.2289758 ], [ 50.4518067, 53.2289539 ] ] ] } },
{ "type": "Feature", "properties": { "source_type": "ml", "id": "123532a8-6131-4210-a665-ab642daf2909", "class": null, "subtype": null, "level": null, "height": null, "num_floors": null }, "bbox": [ 50.4521066, 53.228885, 50.4522043, 53.2289556 ], "geometry": { "type": "Polygon", "coordinates": [ [ [ 50.4521066, 53.2289401 ], [ 50.452153, 53.228885 ], [ 50.4522043, 53.2289005 ], [ 50.4521579, 53.2289556 ], [ 50.4521066, 53.2289401 ] ] ] } },
{ "type": "Feature", "properties": { "source_type": "ml", "id": "5667233b-f146-4d07-8f57-b5e7bd9dae16", "class": null, "subtype": null, "level": null, "height": null, "num_floors": null }, "bbox": [ 50.4516435, 53.228764, 50.4518196, 53.2288678 ], "geometry": { "type": "Polygon", "coordinates": [ [ [ 50.4516953, 53.228764 ], [ 50.4518196, 53.2287961 ], [ 50.4517678, 53.2288678 ], [ 50.4516435, 53.2288357 ], [ 50.4516953, 53.228764 ] ] ] } },
{ "type": "Feature", "properties": { "source_type": "ml", "id": "65c22a70-98a3-4319-8e2e-66b59914bcbd", "class": null, "subtype": null, "level": null, "height": null, "num_floors": null }, "bbox": [ 50.4519258, 53.2286163, 50.4520616, 53.2286974 ], "geometry": { "type": "Polygon", "coordinates": [ [ [ 50.452008, 53.2286974 ], [ 50.4519258, 53.2286649 ], [ 50.4519794, 53.2286163 ], [ 50.4520616, 53.2286488 ], [ 50.452008, 53.2286974 ] ] ] } },
{ "type": "Feature", "properties": { "source_type": "ml", "id": "3b07ce36-3a64-4097-a996-ab49a32cf3d0", "class": null, "subtype": null, "level": null, "height": null, "num_floors": null }, "bbox": [ 50.4520438, 53.2286475, 50.4521124, 53.2286912 ], "geometry": { "type": "Polygon", "coordinates": [ [ [ 50.4520868, 53.2286912 ], [ 50.4520438, 53.2286784 ], [ 50.4520694, 53.2286475 ], [ 50.4521124, 53.2286603 ], [ 50.4520868, 53.2286912 ] ] ] } },
{ "type": "Feature", "properties": { "source_type": "ml", "id": "d1f3ab9f-f079-45b7-ab58-86e44341d60a", "class": null, "subtype": null, "level": null, "height": null, "num_floors": null }, "bbox": [ 50.4521176, 53.2285268, 50.4522269, 53.228598 ], "geometry": { "type": "Polygon", "coordinates": [ [ [ 50.452171, 53.228598 ], [ 50.4521176, 53.2285764 ], [ 50.4521736, 53.2285268 ], [ 50.4522269, 53.2285484 ], [ 50.452171, 53.228598 ] ] ] } },
{ "type": "Feature", "properties": { "source_type": "ml", "id": "4cff2adf-01f7-4e04-a120-4deff25a0eea", "class": null, "subtype": null, "level": null, "height": null, "num_floors": null }, "bbox": [ 50.4516045, 53.2284869, 50.4518002, 53.2286235 ], "geometry": { "type": "Polygon", "coordinates": [ [ [ 50.4517705, 53.2285002 ], [ 50.4517534, 53.2285229 ], [ 50.4518002, 53.2285355 ], [ 50.4517337, 53.2286235 ], [ 50.4516045, 53.2285885 ], [ 50.451666, 53.2285072 ], [ 50.4516994, 53.2285163 ], [ 50.4517216, 53.2284869 ], [ 50.4517705, 53.2285002 ] ] ] } },
{ "type": "Feature", "properties": { "source_type": "ml", "id": "10ef905a-d7b8-4176-b756-852427d860fc", "class": null, "subtype": null, "level": null, "height": null, "num_floors": null }, "bbox": [ 50.4511815, 53.2284246, 50.4513533, 53.2285184 ], "geometry": { "type": "Polygon", "coordinates": [ [ [ 50.4512264, 53.2284246 ], [ 50.4513533, 53.2284591 ], [ 50.4513083, 53.2285184 ], [ 50.4511815, 53.228484 ], [ 50.4512264, 53.2284246 ] ] ] } },
{ "type": "Feature", "properties": { "source_type": "ml", "id": "0eb15b4f-38cc-4957-92e9-4bc80d63ff02", "class": null, "subtype": null, "level": null, "height": null, "num_floors": null }, "bbox": [ 50.4511068, 53.2286314, 50.4513165, 53.2287667 ], "geometry": { "type": "Polygon", "coordinates": [ [ [ 50.4511068, 53.2287456 ], [ 50.4511679, 53.2286681 ], [ 50.4512128, 53.2286808 ], [ 50.4512517, 53.2286314 ], [ 50.4513165, 53.2286497 ], [ 50.4512466, 53.2287385 ], [ 50.4512114, 53.2287286 ], [ 50.4511814, 53.2287667 ], [ 50.4511068, 53.2287456 ] ] ] } },
{ "type": "Feature", "properties": { "source_type": "ml", "id": "e4ac0e69-bdb4-4974-a3f5-564cea03fa3d", "class": null, "subtype": null, "level": null, "height": null, "num_floors": null }, "bbox": [ 50.4513506, 53.2286661, 50.4514645, 53.2287497 ], "geometry": { "type": "Polygon", "coordinates": [ [ [ 50.4513904, 53.2286661 ], [ 50.4514645, 53.2286816 ], [ 50.4514247, 53.2287497 ], [ 50.4513506, 53.2287342 ], [ 50.4513904, 53.2286661 ] ] ] } },
{ "type": "Feature", "properties": { "source_type": "ml", "id": "2f8e22bf-f339-4095-a4d7-fb766a156be0", "class": null, "subtype": null, "level": null, "height": null, "num_floors": null }, "bbox": [ 50.450707, 53.2287556, 50.4507964, 53.2288188 ], "geometry": { "type": "Polygon", "coordinates": [ [ [ 50.4507526, 53.2288188 ], [ 50.450707, 53.228804 ], [ 50.4507508, 53.2287556 ], [ 50.4507964, 53.2287704 ], [ 50.4507526, 53.2288188 ] ] ] } },
{ "type": "Feature", "properties": { "source_type": "ml", "id": "16745931-d267-497c-8572-e594cd992dd0", "class": null, "subtype": null, "level": null, "height": null, "num_floors": null }, "bbox": [ 50.4509284, 53.2286001, 50.4510038, 53.2286362 ], "geometry": { "type": "Polygon", "coordinates": [ [ [ 50.4509284, 53.2286227 ], [ 50.4509422, 53.2286001 ], [ 50.4510038, 53.2286135 ], [ 50.45099, 53.2286362 ], [ 50.4509284, 53.2286227 ] ] ] } },
{ "type": "Feature", "properties": { "source_type": "ml", "id": "d2d38bee-6766-4419-a76b-2180905c7cd6", "class": null, "subtype": null, "level": null, "height": null, "num_floors": null }, "bbox": [ 50.4508994, 53.2285167, 50.4510574, 53.2286133 ], "geometry": { "type": "Polygon", "coordinates": [ [ [ 50.4509529, 53.2285167 ], [ 50.4510574, 53.2285468 ], [ 50.4510039, 53.2286133 ], [ 50.4508994, 53.2285831 ], [ 50.4509529, 53.2285167 ] ] ] } },
{ "type": "Feature", "properties": { "source_type": "ml", "id": "0e3d9d4f-e7d3-4cc1-8572-867a7e01fbc1", "class": null, "subtype": null, "level": null, "height": null, "num_floors": null }, "bbox": [ 50.4505456, 53.2285483, 50.4506692, 53.2286177 ], "geometry": { "type": "Polygon", "coordinates": [ [ [ 50.4506361, 53.2286177 ], [ 50.4505456, 53.2285943 ], [ 50.4505787, 53.2285483 ], [ 50.4506692, 53.2285716 ], [ 50.4506361, 53.2286177 ] ] ] } },
{ "type": "Feature", "properties": { "source_type": "ml", "id": "65b86dd9-5c11-4f61-90d3-10fa8202d6f1", "class": null, "subtype": null, "level": null, "height": null, "num_floors": null }, "bbox": [ 50.4500634, 53.2287026, 50.4501699, 53.2287556 ], "geometry": { "type": "Polygon", "coordinates": [ [ [ 50.4500856, 53.2287026 ], [ 50.4501699, 53.2287346 ], [ 50.4501476, 53.2287556 ], [ 50.4500634, 53.2287237 ], [ 50.4500856, 53.2287026 ] ] ] } },
{ "type": "Feature", "properties": { "source_type": "ml", "id": "de3297f2-aca1-4112-8f6b-ddf16842462a", "class": null, "subtype": null, "level": null, "height": null, "num_floors": null }, "bbox": [ 50.4503267, 53.2286345, 50.4503933, 53.2286828 ], "geometry": { "type": "Polygon", "coordinates": [ [ [ 50.4503532, 53.2286345 ], [ 50.4503933, 53.2286444 ], [ 50.4503668, 53.2286828 ], [ 50.4503267, 53.2286728 ], [ 50.4503532, 53.2286345 ] ] ] } },
{ "type": "Feature", "properties": { "source_type": "ml", "id": "2f7f2b21-1800-42fc-a52d-9bd14226c80a", "class": null, "subtype": null, "level": null, "height": null, "num_floors": null }, "bbox": [ 50.4503091, 53.2288027, 50.4504396, 53.2288815 ], "geometry": { "type": "Polygon", "coordinates": [ [ [ 50.4503995, 53.2288815 ], [ 50.4503091, 53.2288581 ], [ 50.4503492, 53.2288027 ], [ 50.4504396, 53.2288261 ], [ 50.4503995, 53.2288815 ] ] ] } },
{ "type": "Feature", "properties": { "source_type": "ml", "id": "d95c4a46-7e88-4df1-8dc4-349a3e9854a6", "class": null, "subtype": null, "level": null, "height": null, "num_floors": null }, "bbox": [ 50.4500164, 53.2287288, 50.4501552, 53.2287995 ], "geometry": { "type": "Polygon", "coordinates": [ [ [ 50.4500483, 53.2287288 ], [ 50.4501552, 53.2287586 ], [ 50.4501233, 53.2287995 ], [ 50.4500164, 53.2287697 ], [ 50.4500483, 53.2287288 ] ] ] } },
{ "type": "Feature", "properties": { "source_type": "ml", "id": "62085f81-a830-4793-8d01-583faf02017a", "class": null, "subtype": null, "level": null, "height": null, "num_floors": null }, "bbox": [ 50.4500191, 53.2289199, 50.450159, 53.2290155 ], "geometry": { "type": "Polygon", "coordinates": [ [ [ 50.4500903, 53.2290155 ], [ 50.4500191, 53.2289908 ], [ 50.4500878, 53.2289199 ], [ 50.450159, 53.2289447 ], [ 50.4500903, 53.2290155 ] ] ] } },
{ "type": "Feature", "properties": { "source_type": "ml", "id": "95e04d2d-9b96-42fa-99fd-3d2c8e204605", "class": null, "subtype": null, "level": null, "height": null, "num_floors": null }, "bbox": [ 50.4505671, 53.2288598, 50.4507315, 53.2289552 ], "geometry": { "type": "Polygon", "coordinates": [ [ [ 50.4506845, 53.2289552 ], [ 50.4505671, 53.2289247 ], [ 50.4506141, 53.2288598 ], [ 50.4507315, 53.2288903 ], [ 50.4506845, 53.2289552 ] ] ] } },
{ "type": "Feature", "properties": { "source_type": "ml", "id": "a60f380a-e2f6-4f5d-8f9d-e7b0af1928e4", "class": null, "subtype": null, "level": null, "height": null, "num_floors": null }, "bbox": [ 50.4509636, 53.2288357, 50.4510797, 53.2289073 ], "geometry": { "type": "Polygon", "coordinates": [ [ [ 50.4509636, 53.2288845 ], [ 50.4510054, 53.2288357 ], [ 50.4510797, 53.2288585 ], [ 50.4510379, 53.2289073 ], [ 50.4509636, 53.2288845 ] ] ] } },
{ "type": "Feature", "properties": { "source_type": "ml", "id": "03e94dd2-4661-4ed9-af87-28e22c1f4fb1", "class": null, "subtype": null, "level": null, "height": null, "num_floors": null }, "bbox": [ 50.4509138, 53.2289728, 50.4510715, 53.2290406 ], "geometry": { "type": "Polygon", "coordinates": [ [ [ 50.4509138, 53.2290174 ], [ 50.4509349, 53.2289728 ], [ 50.4510715, 53.228996 ], [ 50.4510504, 53.2290406 ], [ 50.4509138, 53.2290174 ] ] ] } },
{ "type": "Feature", "properties": { "source_type": "ml", "id": "3191635b-f1ed-433c-bd6f-686c719a9c80", "class": null, "subtype": null, "level": null, "height": null, "num_floors": null }, "bbox": [ 50.4510202, 53.2290454, 50.4510794, 53.2290868 ], "geometry": { "type": "Polygon", "coordinates": [ [ [ 50.451038, 53.2290454 ], [ 50.4510794, 53.2290533 ], [ 50.4510616, 53.2290868 ], [ 50.4510202, 53.2290789 ], [ 50.451038, 53.2290454 ] ] ] } },
{ "type": "Feature", "properties": { "source_type": "ml", "id": "4de31d99-c336-48b1-bc67-adc2cdc97329", "class": null, "subtype": null, "level": null, "height": null, "num_floors": null }, "bbox": [ 50.4503654, 53.2291274, 50.4504445, 53.2291744 ], "geometry": { "type": "Polygon", "coordinates": [ [ [ 50.4504169, 53.2291744 ], [ 50.4503654, 53.2291574 ], [ 50.4503931, 53.2291274 ], [ 50.4504445, 53.2291444 ], [ 50.4504169, 53.2291744 ] ] ] } },
{ "type": "Feature", "properties": { "source_type": "ml", "id": "9814e9ab-8990-4278-92bb-e70eb9df9505", "class": null, "subtype": null, "level": null, "height": null, "num_floors": null }, "bbox": [ 50.4499829, 53.2290939, 50.4501009, 53.2291705 ], "geometry": { "type": "Polygon", "coordinates": [ [ [ 50.4500543, 53.2291705 ], [ 50.4499829, 53.2291488 ], [ 50.4500295, 53.2290939 ], [ 50.4501009, 53.2291157 ], [ 50.4500543, 53.2291705 ] ] ] } },
{ "type": "Feature", "properties": { "source_type": "ml", "id": "efdd2c1a-d30b-4a82-a274-9ff4a0b5067c", "class": null, "subtype": null, "level": null, "height": null, "num_floors": null }, "bbox": [ 50.4493726, 53.2291965, 50.4495144, 53.2292791 ], "geometry": { "type": "Polygon", "coordinates": [ [ [ 50.4493726, 53.2292553 ], [ 50.4494101, 53.2291965 ], [ 50.4495144, 53.2292203 ], [ 50.4494769, 53.2292791 ], [ 50.4493726, 53.2292553 ] ] ] } },
{ "type": "Feature", "properties": { "source_type": "ml", "id": "6166ce8b-aa7b-42a9-a594-1ada29fd79ba", "class": null, "subtype": null, "level": null, "height": null, "num_floors": null }, "bbox": [ 50.4488786, 53.2290872, 50.4490868, 53.2292319 ], "geometry": { "type": "Polygon", "coordinates": [ [ [ 50.4488993, 53.2291706 ], [ 50.4489234, 53.2291765 ], [ 50.4489847, 53.2290872 ], [ 50.4490868, 53.2291123 ], [ 50.4490048, 53.2292319 ], [ 50.4488786, 53.2292008 ], [ 50.4488993, 53.2291706 ] ] ] } },
{ "type": "Feature", "properties": { "source_type": "ml", "id": "dff3058c-d540-4b7a-97a5-bac1309b63e1", "class": null, "subtype": null, "level": null, "height": null, "num_floors": null }, "bbox": [ 50.4490021, 53.2289607, 50.4491775, 53.2290892 ], "geometry": { "type": "Polygon", "coordinates": [ [ [ 50.4490021, 53.2290644 ], [ 50.449067, 53.2289607 ], [ 50.4491775, 53.2289855 ], [ 50.4491127, 53.2290892 ], [ 50.4490021, 53.2290644 ] ] ] } },
{ "type": "Feature", "properties": { "source_type": "ml", "id": "05181f40-ede2-457b-9168-b103f9dfafed", "class": null, "subtype": null, "level": null, "height": null, "num_floors": null }, "bbox": [ 50.4495093, 53.2289115, 50.449597, 53.2289511 ], "geometry": { "type": "Polygon", "coordinates": [ [ [ 50.4495093, 53.2289367 ], [ 50.4495229, 53.2289115 ], [ 50.449597, 53.2289259 ], [ 50.4495833, 53.2289511 ], [ 50.4495093, 53.2289367 ] ] ] } },
{ "type": "Feature", "properties": { "source_type": "ml", "id": "18f28804-29d2-41db-b1ef-3fb3d8f9fada", "class": null, "subtype": null, "level": null, "height": null, "num_floors": null }, "bbox": [ 50.4494747, 53.2289331, 50.4495761, 53.2289815 ], "geometry": { "type": "Polygon", "coordinates": [ [ [ 50.4494947, 53.2289331 ], [ 50.4495761, 53.2289568 ], [ 50.4495561, 53.2289815 ], [ 50.4494747, 53.2289578 ], [ 50.4494947, 53.2289331 ] ] ] } },
{ "type": "Feature", "properties": { "source_type": "ml", "id": "9ae152ea-2667-4a4a-8f6c-cd5a7ac98ef7", "class": null, "subtype": null, "level": null, "height": null, "num_floors": null }, "bbox": [ 50.4495192, 53.2287904, 50.4496707, 53.2288786 ], "geometry": { "type": "Polygon", "coordinates": [ [ [ 50.4495192, 53.2288398 ], [ 50.4495753, 53.2287904 ], [ 50.4496707, 53.2288292 ], [ 50.4496145, 53.2288786 ], [ 50.4495192, 53.2288398 ] ] ] } },
{ "type": "Feature", "properties": { "source_type": "ml", "id": "f97c8cb4-1971-42c1-9b8d-759f84688def", "class": null, "subtype": null, "level": null, "height": null, "num_floors": null }, "bbox": [ 50.4497506, 53.228644, 50.4498913, 53.2287314 ], "geometry": { "type": "Polygon", "coordinates": [ [ [ 50.4498379, 53.2287314 ], [ 50.4497506, 53.2287032 ], [ 50.449804, 53.228644 ], [ 50.4498913, 53.2286722 ], [ 50.4498379, 53.2287314 ] ] ] } },
{ "type": "Feature", "properties": { "source_type": "ml", "id": "29371890-0632-4fd4-8041-17041f6a8b08", "class": null, "subtype": null, "level": null, "height": null, "num_floors": null }, "bbox": [ 50.4494909, 53.2285396, 50.4496115, 53.2286354 ], "geometry": { "type": "Polygon", "coordinates": [ [ [ 50.4495475, 53.2286354 ], [ 50.4494909, 53.2286191 ], [ 50.449555, 53.2285396 ], [ 50.4496115, 53.228556 ], [ 50.4495475, 53.2286354 ] ] ] } },
{ "type": "Feature", "properties": { "source_type": "ml", "id": "135b4f76-49a6-4a3a-a1fa-deabdea39546", "class": null, "subtype": null, "level": null, "height": null, "num_floors": null }, "bbox": [ 50.4489513, 53.2283972, 50.4490737, 53.2284848 ], "geometry": { "type": "Polygon", "coordinates": [ [ [ 50.4489834, 53.2284374 ], [ 50.4489513, 53.228427 ], [ 50.4489783, 53.2283972 ], [ 50.4490737, 53.2284281 ], [ 50.4490225, 53.2284848 ], [ 50.4489591, 53.2284642 ], [ 50.4489834, 53.2284374 ] ] ] } },
{ "type": "Feature", "properties": { "source_type": "ml", "id": "bc21e684-3d34-47be-a9fd-a48972610457", "class": null, "subtype": null, "level": null, "height": null, "num_floors": null }, "bbox": [ 50.4493598, 53.2287315, 50.4494238, 53.2287773 ], "geometry": { "type": "Polygon", "coordinates": [ [ [ 50.4493848, 53.2287315 ], [ 50.4494238, 53.2287412 ], [ 50.4493988, 53.2287773 ], [ 50.4493598, 53.2287677 ], [ 50.4493848, 53.2287315 ] ] ] } },
{ "type": "Feature", "properties": { "source_type": "ml", "id": "cea2c0d1-5bc4-4e50-b718-0542a804c6af", "class": null, "subtype": null, "level": null, "height": null, "num_floors": null }, "bbox": [ 50.4484733, 53.2284409, 50.4486507, 53.228548 ], "geometry": { "type": "Polygon", "coordinates": [ [ [ 50.4484733, 53.2285225 ], [ 50.4485168, 53.2284409 ], [ 50.4486507, 53.2284664 ], [ 50.4486072, 53.228548 ], [ 50.4484733, 53.2285225 ] ] ] } },
{ "type": "Feature", "properties": { "source_type": "ml", "id": "a9d8381c-63be-4093-9332-940ad589c2d1", "class": null, "subtype": null, "level": null, "height": null, "num_floors": null }, "bbox": [ 50.4482963, 53.2284123, 50.4484756, 53.2285039 ], "geometry": { "type": "Polygon", "coordinates": [ [ [ 50.4482963, 53.2284636 ], [ 50.4483383, 53.2284123 ], [ 50.4484756, 53.2284527 ], [ 50.4484335, 53.2285039 ], [ 50.4482963, 53.2284636 ] ] ] } },
{ "type": "Feature", "properties": { "source_type": "ml", "id": "7ef7c48e-448e-4f61-997b-a15a2a29a36e", "class": null, "subtype": null, "level": null, "height": null, "num_floors": null }, "bbox": [ 50.4478119, 53.2284733, 50.4478626, 53.2285093 ], "geometry": { "type": "Polygon", "coordinates": [ [ [ 50.447819, 53.2284733 ], [ 50.4478626, 53.2284767 ], [ 50.4478555, 53.2285093 ], [ 50.4478119, 53.2285058 ], [ 50.447819, 53.2284733 ] ] ] } },
{ "type": "Feature", "properties": { "source_type": "ml", "id": "e13108a4-338d-4596-b63c-a48cb6dbbf7c", "class": null, "subtype": null, "level": null, "height": null, "num_floors": null }, "bbox": [ 50.4480066, 53.2285092, 50.4480983, 53.2285668 ], "geometry": { "type": "Polygon", "coordinates": [ [ [ 50.4480066, 53.2285483 ], [ 50.4480432, 53.2285092 ], [ 50.4480983, 53.2285277 ], [ 50.4480616, 53.2285668 ], [ 50.4480066, 53.2285483 ] ] ] } },
{ "type": "Feature", "properties": { "source_type": "ml", "id": "d6b0613c-819b-49e2-95e6-f4f1be4a229e", "class": null, "subtype": null, "level": null, "height": null, "num_floors": null }, "bbox": [ 50.4481624, 53.2288009, 50.4483059, 53.228878 ], "geometry": { "type": "Polygon", "coordinates": [ [ [ 50.4483059, 53.228828 ], [ 50.4482771, 53.2288649 ], [ 50.4482419, 53.2288551 ], [ 50.448224, 53.228878 ], [ 50.4481624, 53.2288607 ], [ 50.4482091, 53.2288009 ], [ 50.4483059, 53.228828 ] ] ] } },
{ "type": "Feature", "properties": { "source_type": "ml", "id": "1f4a2773-4d26-4881-acbb-655cb91670f0", "class": null, "subtype": null, "level": null, "height": null, "num_floors": null }, "bbox": [ 50.4478985, 53.2287245, 50.448037, 53.2288094 ], "geometry": { "type": "Polygon", "coordinates": [ [ [ 50.4478985, 53.2287846 ], [ 50.4479424, 53.2287245 ], [ 50.448037, 53.2287492 ], [ 50.447993, 53.2288094 ], [ 50.4478985, 53.2287846 ] ] ] } },
{ "type": "Feature", "properties": { "source_type": "ml", "id": "c1db5d46-eec9-4ce6-853a-ef09a6b0b551", "class": null, "subtype": null, "level": null, "height": null, "num_floors": null }, "bbox": [ 50.4477468, 53.2287875, 50.4478597, 53.2288497 ], "geometry": { "type": "Polygon", "coordinates": [ [ [ 50.4478333, 53.2288497 ], [ 50.4477468, 53.2288309 ], [ 50.4477732, 53.2287875 ], [ 50.4478597, 53.2288063 ], [ 50.4478333, 53.2288497 ] ] ] } },
{ "type": "Feature", "properties": { "source_type": "ml", "id": "099c14e8-1454-4c1a-9e69-8114caf463d5", "class": null, "subtype": null, "level": null, "height": null, "num_floors": null }, "bbox": [ 50.4480077, 53.228865, 50.4481221, 53.2289243 ], "geometry": { "type": "Polygon", "coordinates": [ [ [ 50.4480363, 53.228865 ], [ 50.4481221, 53.2288951 ], [ 50.4480935, 53.2289243 ], [ 50.4480077, 53.2288941 ], [ 50.4480363, 53.228865 ] ] ] } },
{ "type": "Feature", "properties": { "source_type": "ml", "id": "a6ed1e5d-2f46-4824-a1ec-a7314824535f", "class": null, "subtype": null, "level": null, "height": null, "num_floors": null }, "bbox": [ 50.4482531, 53.228967, 50.4483414, 53.2290109 ], "geometry": { "type": "Polygon", "coordinates": [ [ [ 50.4483241, 53.2290109 ], [ 50.4482531, 53.2289954 ], [ 50.4482704, 53.228967 ], [ 50.4483414, 53.2289826 ], [ 50.4483241, 53.2290109 ] ] ] } },
{ "type": "Feature", "properties": { "source_type": "ml", "id": "18c29e86-960e-4a81-9a8e-eb2f20ef0d1e", "class": null, "subtype": null, "level": null, "height": null, "num_floors": null }, "bbox": [ 50.4485472, 53.2290491, 50.4486474, 53.2291047 ], "geometry": { "type": "Polygon", "coordinates": [ [ [ 50.4485779, 53.2290491 ], [ 50.4486474, 53.2290797 ], [ 50.4486167, 53.2291047 ], [ 50.4485472, 53.229074 ], [ 50.4485779, 53.2290491 ] ] ] } },
{ "type": "Feature", "properties": { "source_type": "ml", "id": "1db6cddf-4d98-4815-9851-619d5d3ad226", "class": null, "subtype": null, "level": null, "height": null, "num_floors": null }, "bbox": [ 50.4485155, 53.2291958, 50.4486536, 53.2292783 ], "geometry": { "type": "Polygon", "coordinates": [ [ [ 50.4485803, 53.2291958 ], [ 50.4486536, 53.2292379 ], [ 50.4485888, 53.2292783 ], [ 50.4485155, 53.2292362 ], [ 50.4485803, 53.2291958 ] ] ] } },
{ "type": "Feature", "properties": { "source_type": "ml", "id": "c0656cbe-ebcb-4890-85ec-436abb122737", "class": null, "subtype": null, "level": null, "height": null, "num_floors": null }, "bbox": [ 50.4481656, 53.2290899, 50.4483062, 53.2291737 ], "geometry": { "type": "Polygon", "coordinates": [ [ [ 50.4482249, 53.2290899 ], [ 50.4483062, 53.2291266 ], [ 50.4482469, 53.2291737 ], [ 50.4481656, 53.229137 ], [ 50.4482249, 53.2290899 ] ] ] } },
{ "type": "Feature", "properties": { "source_type": "ml", "id": "cda39881-fcee-4d36-8735-a7a73ab2701b", "class": null, "subtype": null, "level": null, "height": null, "num_floors": null }, "bbox": [ 50.4478586, 53.2290768, 50.4480384, 53.2291903 ], "geometry": { "type": "Polygon", "coordinates": [ [ [ 50.4479748, 53.2291903 ], [ 50.4478586, 53.2291574 ], [ 50.4479222, 53.2290768 ], [ 50.4480384, 53.2291097 ], [ 50.4479748, 53.2291903 ] ] ] } },
{ "type": "Feature", "properties": { "source_type": "ml", "id": "8482bc6a-afbe-4404-8608-49bd01478a6e", "class": null, "subtype": null, "level": null, "height": null, "num_floors": null }, "bbox": [ 50.4482826, 53.2292563, 50.448385, 53.2293231 ], "geometry": { "type": "Polygon", "coordinates": [ [ [ 50.4483266, 53.2292563 ], [ 50.448385, 53.2292758 ], [ 50.448341, 53.2293231 ], [ 50.4482826, 53.2293037 ], [ 50.4483266, 53.2292563 ] ] ] } },
{ "type": "Feature", "properties": { "source_type": "ml", "id": "632f50f9-d3a9-4694-9ba3-1e9071c2ba9b", "class": null, "subtype": null, "level": null, "height": null, "num_floors": null }, "bbox": [ 50.4481864, 53.2294391, 50.4482859, 53.2294991 ], "geometry": { "type": "Polygon", "coordinates": [ [ [ 50.4482394, 53.2294391 ], [ 50.4482859, 53.2294731 ], [ 50.4482329, 53.2294991 ], [ 50.4481864, 53.229465 ], [ 50.4482394, 53.2294391 ] ] ] } },
{ "type": "Feature", "properties": { "source_type": "ml", "id": "c21946ce-cbd9-43f2-91bc-8e806670cc57", "class": null, "subtype": null, "level": null, "height": null, "num_floors": null }, "bbox": [ 50.4479237, 53.2295235, 50.4480252, 53.2295788 ], "geometry": { "type": "Polygon", "coordinates": [ [ [ 50.4479981, 53.2295788 ], [ 50.4479237, 53.2295576 ], [ 50.4479508, 53.2295235 ], [ 50.4480252, 53.2295447 ], [ 50.4479981, 53.2295788 ] ] ] } },
{ "type": "Feature", "properties": { "source_type": "ml", "id": "0fe548b4-aa0a-4c07-9d65-631eaf267531", "class": null, "subtype": null, "level": null, "height": null, "num_floors": null }, "bbox": [ 50.447845, 53.2295918, 50.4479346, 53.2296447 ], "geometry": { "type": "Polygon", "coordinates": [ [ [ 50.447872, 53.2295918 ], [ 50.4479346, 53.2296086 ], [ 50.4479076, 53.2296447 ], [ 50.447845, 53.229628 ], [ 50.447872, 53.2295918 ] ] ] } },
{ "type": "Feature", "properties": { "source_type": "ml", "id": "ae98e1cc-b3b3-444f-a82f-14bb4e16fd9c", "class": null, "subtype": null, "level": null, "height": null, "num_floors": null }, "bbox": [ 50.4480101, 53.2295505, 50.4481242, 53.2296182 ], "geometry": { "type": "Polygon", "coordinates": [ [ [ 50.4480101, 53.229583 ], [ 50.4480595, 53.2295505 ], [ 50.4481242, 53.2295856 ], [ 50.4480748, 53.2296182 ], [ 50.4480101, 53.229583 ] ] ] } },
{ "type": "Feature", "properties": { "source_type": "ml", "id": "b3ac451c-419c-4b6b-b13e-9a83402dd2d9", "class": null, "subtype": null, "level": null, "height": null, "num_floors": null }, "bbox": [ 50.4481805, 53.2295034, 50.4483006, 53.2295709 ], "geometry": { "type": "Polygon", "coordinates": [ [ [ 50.4482181, 53.2295034 ], [ 50.4483006, 53.2295319 ], [ 50.448263, 53.2295709 ], [ 50.4481805, 53.2295424 ], [ 50.4482181, 53.2295034 ] ] ] } },
{ "type": "Feature", "properties": { "source_type": "ml", "id": "844db6f0-bcbc-4418-8834-7ac8db47c992", "class": null, "subtype": null, "level": null, "height": null, "num_floors": null }, "bbox": [ 50.4482483, 53.2294525, 50.4483692, 53.2295275 ], "geometry": { "type": "Polygon", "coordinates": [ [ [ 50.4482483, 53.2294998 ], [ 50.44831, 53.2294525 ], [ 50.4483692, 53.2294802 ], [ 50.4483075, 53.2295275 ], [ 50.4482483, 53.2294998 ] ] ] } },
{ "type": "Feature", "properties": { "source_type": "ml", "id": "001b480d-759d-4c8d-a418-cdb440a2914d", "class": null, "subtype": null, "level": null, "height": null, "num_floors": null }, "bbox": [ 50.4487737, 53.2296349, 50.4488584, 53.2296815 ], "geometry": { "type": "Polygon", "coordinates": [ [ [ 50.448834, 53.2296815 ], [ 50.4487737, 53.2296545 ], [ 50.4487981, 53.2296349 ], [ 50.4488584, 53.2296619 ], [ 50.448834, 53.2296815 ] ] ] } },
{ "type": "Feature", "properties": { "source_type": "ml", "id": "f8fa21ca-85c8-4967-8d5e-8ea410ee4e43", "class": null, "subtype": null, "level": null, "height": null, "num_floors": null }, "bbox": [ 50.4486898, 53.2295005, 50.4488049, 53.2295658 ], "geometry": { "type": "Polygon", "coordinates": [ [ [ 50.448728, 53.2295005 ], [ 50.4488049, 53.2295294 ], [ 50.4487666, 53.2295658 ], [ 50.4486898, 53.2295368 ], [ 50.448728, 53.2295005 ] ] ] } },
{ "type": "Feature", "properties": { "source_type": "ml", "id": "27bf3223-41ae-45ac-980f-53861bda374c", "class": null, "subtype": null, "level": null, "height": null, "num_floors": null }, "bbox": [ 50.4487356, 53.2294019, 50.4490006, 53.2295221 ], "geometry": { "type": "Polygon", "coordinates": [ [ [ 50.448888, 53.2294992 ], [ 50.4488673, 53.2295195 ], [ 50.4487356, 53.2294712 ], [ 50.4488065, 53.2294019 ], [ 50.4490006, 53.2294731 ], [ 50.4489504, 53.2295221 ], [ 50.448888, 53.2294992 ] ] ] } },
{ "type": "Feature", "properties": { "source_type": "ml", "id": "de5f8173-6f97-4553-b749-676d8c65fcff", "class": null, "subtype": null, "level": null, "height": null, "num_floors": null }, "bbox": [ 50.4486739, 53.2293855, 50.4487443, 53.2294304 ], "geometry": { "type": "Polygon", "coordinates": [ [ [ 50.4486945, 53.2293855 ], [ 50.4487443, 53.2293964 ], [ 50.4487236, 53.2294304 ], [ 50.4486739, 53.2294196 ], [ 50.4486945, 53.2293855 ] ] ] } },
{ "type": "Feature", "properties": { "source_type": "ml", "id": "8dc7efd6-ffeb-46b2-ae5e-6431f1f0e86d", "class": null, "subtype": null, "level": null, "height": null, "num_floors": null }, "bbox": [ 50.4485242, 53.2293776, 50.448613, 53.2294298 ], "geometry": { "type": "Polygon", "coordinates": [ [ [ 50.4485598, 53.2293776 ], [ 50.448613, 53.2294041 ], [ 50.4485774, 53.2294298 ], [ 50.4485242, 53.2294033 ], [ 50.4485598, 53.2293776 ] ] ] } },
{ "type": "Feature", "properties": { "source_type": "ml", "id": "ac3e3466-e7ff-4ec8-979f-eaca2109e506", "class": null, "subtype": null, "level": null, "height": null, "num_floors": null }, "bbox": [ 50.4488809, 53.2292824, 50.4491347, 53.2293832 ], "geometry": { "type": "Polygon", "coordinates": [ [ [ 50.4490882, 53.2293568 ], [ 50.4489863, 53.229341 ], [ 50.4489681, 53.2293832 ], [ 50.4489329, 53.2293777 ], [ 50.4489424, 53.2293557 ], [ 50.4488809, 53.2293462 ], [ 50.4489083, 53.2292824 ], [ 50.4491347, 53.2293174 ], [ 50.4491228, 53.229345 ], [ 50.4490951, 53.2293407 ], [ 50.4490882, 53.2293568 ] ] ] } },
{ "type": "Feature", "properties": { "source_type": "ml", "id": "c5268629-7d5d-447f-8803-e434c1d643a3", "class": null, "subtype": null, "level": null, "height": null, "num_floors": null }, "bbox": [ 50.4489626, 53.229344, 50.4490796, 53.229415 ], "geometry": { "type": "Polygon", "coordinates": [ [ [ 50.4490482, 53.229415 ], [ 50.4489626, 53.2293967 ], [ 50.448994, 53.229344 ], [ 50.4490796, 53.2293623 ], [ 50.4490482, 53.229415 ] ] ] } },
{ "type": "Feature", "properties": { "source_type": "ml", "id": "1a853faf-f90a-4b99-a8eb-692a444acc29", "class": null, "subtype": null, "level": null, "height": null, "num_floors": null }, "bbox": [ 50.4493329, 53.2292812, 50.4494239, 53.2293438 ], "geometry": { "type": "Polygon", "coordinates": [ [ [ 50.4493871, 53.2293438 ], [ 50.4493329, 53.2293288 ], [ 50.4493697, 53.2292812 ], [ 50.4494239, 53.2292963 ], [ 50.4493871, 53.2293438 ] ] ] } },
{ "type": "Feature", "properties": { "source_type": "ml", "id": "c576773e-a947-4704-b759-fe002b8a1634", "class": null, "subtype": null, "level": null, "height": null, "num_floors": null }, "bbox": [ 50.4496475, 53.2293401, 50.4498077, 53.229428 ], "geometry": { "type": "Polygon", "coordinates": [ [ [ 50.4496901, 53.2293401 ], [ 50.4498077, 53.2293723 ], [ 50.449765, 53.229428 ], [ 50.4496475, 53.2293958 ], [ 50.4496901, 53.2293401 ] ] ] } },
{ "type": "Feature", "properties": { "source_type": "ml", "id": "fbe1c512-d1f9-438b-a3b4-4b8804260ca7", "class": null, "subtype": null, "level": null, "height": null, "num_floors": null }, "bbox": [ 50.4498658, 53.2293595, 50.4499991, 53.2294422 ], "geometry": { "type": "Polygon", "coordinates": [ [ [ 50.4499547, 53.2294422 ], [ 50.4498658, 53.229418 ], [ 50.4499102, 53.2293595 ], [ 50.4499991, 53.2293837 ], [ 50.4499547, 53.2294422 ] ] ] } },
{ "type": "Feature", "properties": { "source_type": "ml", "id": "419bfa01-ae41-4d15-bc8e-ab40ca5eb1ca", "class": null, "subtype": null, "level": null, "height": null, "num_floors": null }, "bbox": [ 50.449462, 53.2296554, 50.4495839, 53.229724 ], "geometry": { "type": "Polygon", "coordinates": [ [ [ 50.4495486, 53.229724 ], [ 50.449462, 53.2296986 ], [ 50.4494974, 53.2296554 ], [ 50.4495839, 53.2296808 ], [ 50.4495486, 53.229724 ] ] ] } },
{ "type": "Feature", "properties": { "source_type": "ml", "id": "d9c7ff9b-b0f2-4dbc-b345-c22c2d222501", "class": null, "subtype": null, "level": null, "height": null, "num_floors": null }, "bbox": [ 50.4492162, 53.2295728, 50.4493555, 53.2296489 ], "geometry": { "type": "Polygon", "coordinates": [ [ [ 50.4493181, 53.2296489 ], [ 50.4492162, 53.22962 ], [ 50.4492536, 53.2295728 ], [ 50.4493555, 53.2296017 ], [ 50.4493181, 53.2296489 ] ] ] } },
{ "type": "Feature", "properties": { "source_type": "ml", "id": "8a963f78-6d54-4249-922f-6c5e7cc74198", "class": null, "subtype": null, "level": null, "height": null, "num_floors": null }, "bbox": [ 50.4490565, 53.2295061, 50.4492176, 53.2296073 ], "geometry": { "type": "Polygon", "coordinates": [ [ [ 50.4491077, 53.2295061 ], [ 50.4492176, 53.2295333 ], [ 50.4491664, 53.2296073 ], [ 50.4490565, 53.2295801 ], [ 50.4491077, 53.2295061 ] ] ] } },
{ "type": "Feature", "properties": { "source_type": "ml", "id": "98fedf9c-99f7-48fe-8a2b-321145f4e48e", "class": null, "subtype": null, "level": null, "height": null, "num_floors": null }, "bbox": [ 50.4488291, 53.2297111, 50.4489977, 53.2297976 ], "geometry": { "type": "Polygon", "coordinates": [ [ [ 50.4488687, 53.2297111 ], [ 50.4489977, 53.2297479 ], [ 50.4489581, 53.2297976 ], [ 50.4488291, 53.2297609 ], [ 50.4488687, 53.2297111 ] ] ] } },
{ "type": "Feature", "properties": { "source_type": "ml", "id": "031a31ca-ebe7-4ac4-8a74-b7d3640fcdbd", "class": null, "subtype": null, "level": null, "height": null, "num_floors": null }, "bbox": [ 50.4498496, 53.2297214, 50.4500174, 53.2298243 ], "geometry": { "type": "Polygon", "coordinates": [ [ [ 50.4499211, 53.2298243 ], [ 50.4498496, 53.2297594 ], [ 50.4499459, 53.2297214 ], [ 50.4500174, 53.2297863 ], [ 50.4499211, 53.2298243 ] ] ] } },
{ "type": "Feature", "properties": { "source_type": "ml", "id": "1daa1c54-28f3-4057-9dc1-bda634a2c191", "class": null, "subtype": null, "level": null, "height": null, "num_floors": null }, "bbox": [ 50.449723, 53.229813, 50.4498626, 53.2298977 ], "geometry": { "type": "Polygon", "coordinates": [ [ [ 50.4497755, 53.229813 ], [ 50.4498626, 53.2298676 ], [ 50.44981, 53.2298977 ], [ 50.449723, 53.2298431 ], [ 50.4497755, 53.229813 ] ] ] } },
{ "type": "Feature", "properties": { "source_type": "ml", "id": "5a5b55d7-195f-4da2-8eec-b61c1940527b", "class": null, "subtype": null, "level": null, "height": null, "num_floors": null }, "bbox": [ 50.4498061, 53.229962, 50.449895, 53.2300155 ], "geometry": { "type": "Polygon", "coordinates": [ [ [ 50.4498606, 53.229962 ], [ 50.449895, 53.2299821 ], [ 50.4498405, 53.2300155 ], [ 50.4498061, 53.2299954 ], [ 50.4498606, 53.229962 ] ] ] } },
{ "type": "Feature", "properties": { "source_type": "ml", "id": "d9e8be49-cce0-48ef-b1cf-eb732727afbf", "class": null, "subtype": null, "level": null, "height": null, "num_floors": null }, "bbox": [ 50.4496316, 53.2300882, 50.4497327, 53.2301417 ], "geometry": { "type": "Polygon", "coordinates": [ [ [ 50.4496316, 53.2301166 ], [ 50.449706, 53.2300882 ], [ 50.4497327, 53.2301134 ], [ 50.4496583, 53.2301417 ], [ 50.4496316, 53.2301166 ] ] ] } },
{ "type": "Feature", "properties": { "source_type": "ml", "id": "aeb6b24e-1055-4658-b24e-068ffd49f3c8", "class": null, "subtype": null, "level": null, "height": null, "num_floors": null }, "bbox": [ 50.4492188, 53.2300266, 50.4493529, 53.2301246 ], "geometry": { "type": "Polygon", "coordinates": [ [ [ 50.4492804, 53.2301246 ], [ 50.4492188, 53.2301246 ], [ 50.4492188, 53.2300266 ], [ 50.4492724, 53.2300266 ], [ 50.4492724, 53.2300491 ], [ 50.4493529, 53.2300491 ], [ 50.4493529, 53.2300973 ], [ 50.4492804, 53.2300973 ], [ 50.4492804, 53.2301246 ] ] ] } },
{ "type": "Feature", "properties": { "source_type": "ml", "id": "40a75357-da12-4db5-9eaa-cba6c2581fec", "class": null, "subtype": null, "level": null, "height": null, "num_floors": null }, "bbox": [ 50.4492368, 53.2300003, 50.4493253, 53.2300507 ], "geometry": { "type": "Polygon", "coordinates": [ [ [ 50.4492368, 53.2300181 ], [ 50.4492625, 53.2300003 ], [ 50.4493253, 53.2300329 ], [ 50.4492996, 53.2300507 ], [ 50.4492368, 53.2300181 ] ] ] } },
{ "type": "Feature", "properties": { "source_type": "ml", "id": "d8472c95-2e93-4925-ad42-799a3151a902", "class": null, "subtype": null, "level": null, "height": null, "num_floors": null }, "bbox": [ 50.44933, 53.2299445, 50.4494899, 53.2300335 ], "geometry": { "type": "Polygon", "coordinates": [ [ [ 50.4493805, 53.2300335 ], [ 50.44933, 53.2299876 ], [ 50.4494393, 53.2299445 ], [ 50.4494899, 53.2299904 ], [ 50.4493805, 53.2300335 ] ] ] } },
{ "type": "Feature", "properties": { "source_type": "ml", "id": "cc7593ca-6cbe-47e2-902b-5643ddef4e74", "class": null, "subtype": null, "level": null, "height": null, "num_floors": null }, "bbox": [ 50.4490509, 53.2300721, 50.4491519, 53.2301308 ], "geometry": { "type": "Polygon", "coordinates": [ [ [ 50.4491138, 53.2300721 ], [ 50.4491519, 53.2301001 ], [ 50.4490889, 53.2301308 ], [ 50.4490509, 53.2301028 ], [ 50.4491138, 53.2300721 ] ] ] } },
{ "type": "Feature", "properties": { "source_type": "ml", "id": "49cfe312-90e4-4c7f-b39f-e8f094be58ba", "class": null, "subtype": null, "level": null, "height": null, "num_floors": null }, "bbox": [ 50.4486556, 53.2296831, 50.4488021, 53.2297586 ], "geometry": { "type": "Polygon", "coordinates": [ [ [ 50.4486898, 53.2296831 ], [ 50.4488021, 53.2297279 ], [ 50.4487679, 53.2297586 ], [ 50.4486556, 53.2297138 ], [ 50.4486898, 53.2296831 ] ] ] } },
{ "type": "Feature", "properties": { "source_type": "ml", "id": "b0055807-8504-4fd1-93fe-c059edd35c5a", "class": null, "subtype": null, "level": null, "height": null, "num_floors": null }, "bbox": [ 50.4478969, 53.2297425, 50.4480748, 53.2298479 ], "geometry": { "type": "Polygon", "coordinates": [ [ [ 50.4478969, 53.2297865 ], [ 50.4479665, 53.2297425 ], [ 50.4480748, 53.2298039 ], [ 50.4480052, 53.2298479 ], [ 50.4478969, 53.2297865 ] ] ] } },
{ "type": "Feature", "properties": { "source_type": "ml", "id": "476bdb57-c957-443e-8466-bfdaf66ca9e2", "class": null, "subtype": null, "level": null, "height": null, "num_floors": null }, "bbox": [ 50.4478733, 53.2298295, 50.4479578, 53.2298835 ], "geometry": { "type": "Polygon", "coordinates": [ [ [ 50.4479067, 53.2298295 ], [ 50.4479578, 53.2298674 ], [ 50.4479244, 53.2298835 ], [ 50.4478733, 53.2298456 ], [ 50.4479067, 53.2298295 ] ] ] } },
{ "type": "Feature", "properties": { "source_type": "ml", "id": "07467395-6f4b-4f3f-b63a-05a129777cc8", "class": null, "subtype": null, "level": null, "height": null, "num_floors": null }, "bbox": [ 50.4477824, 53.2299647, 50.4478877, 53.2300307 ], "geometry": { "type": "Polygon", "coordinates": [ [ [ 50.4478399, 53.2300307 ], [ 50.4477824, 53.2299873 ], [ 50.4478302, 53.2299647 ], [ 50.4478877, 53.2300081 ], [ 50.4478399, 53.2300307 ] ] ] } },
{ "type": "Feature", "properties": { "source_type": "ml", "id": "48f4f2fa-570f-4dfd-b49c-f2cd0dd7d05c", "class": null, "subtype": null, "level": null, "height": null, "num_floors": null }, "bbox": [ 50.4477721, 53.2300958, 50.4479029, 53.2301861 ], "geometry": { "type": "Polygon", "coordinates": [ [ [ 50.4478756, 53.2301861 ], [ 50.4477721, 53.2301194 ], [ 50.4478145, 53.2300958 ], [ 50.4478479, 53.2301174 ], [ 50.4478329, 53.2301258 ], [ 50.4479029, 53.2301709 ], [ 50.4478756, 53.2301861 ] ] ] } },
{ "type": "Feature", "properties": { "source_type": "ml", "id": "2dc810e5-d6c6-4566-a9d5-cd77c9bf1869", "class": null, "subtype": null, "level": null, "height": null, "num_floors": null }, "bbox": [ 50.4478387, 53.230081, 50.4479865, 53.2301695 ], "geometry": { "type": "Polygon", "coordinates": [ [ [ 50.4478387, 53.2301243 ], [ 50.4479146, 53.230081 ], [ 50.4479865, 53.2301262 ], [ 50.4479105, 53.2301695 ], [ 50.4478387, 53.2301243 ] ] ] } },
{ "type": "Feature", "properties": { "source_type": "ml", "id": "78dcd83a-3ff2-4b62-9bc6-81d0dcaa041b", "class": null, "subtype": null, "level": null, "height": null, "num_floors": null }, "bbox": [ 50.4481983, 53.2302679, 50.4482837, 53.2303174 ], "geometry": { "type": "Polygon", "coordinates": [ [ [ 50.4482189, 53.2302679 ], [ 50.4482837, 53.2303043 ], [ 50.4482631, 53.2303174 ], [ 50.4481983, 53.230281 ], [ 50.4482189, 53.2302679 ] ] ] } },
{ "type": "Feature", "properties": { "source_type": "ml", "id": "41b1ba7c-3af7-48f3-acaa-dde70e4dfc27", "class": null, "subtype": null, "level": null, "height": null, "num_floors": null }, "bbox": [ 50.4482267, 53.2301085, 50.448352, 53.2301841 ], "geometry": { "type": "Polygon", "coordinates": [ [ [ 50.4482922, 53.2301841 ], [ 50.4482267, 53.2301413 ], [ 50.4482865, 53.2301085 ], [ 50.448352, 53.2301513 ], [ 50.4482922, 53.2301841 ] ] ] } },
{ "type": "Feature", "properties": { "source_type": "ml", "id": "5ff7edaf-726b-4af6-b106-0b85d09eca94", "class": null, "subtype": null, "level": null, "height": null, "num_floors": null }, "bbox": [ 50.4483532, 53.2301698, 50.4484326, 53.2302133 ], "geometry": { "type": "Polygon", "coordinates": [ [ [ 50.4484102, 53.2301698 ], [ 50.4484326, 53.2301955 ], [ 50.4483756, 53.2302133 ], [ 50.4483532, 53.2301875 ], [ 50.4484102, 53.2301698 ] ] ] } },
{ "type": "Feature", "properties": { "source_type": "ml", "id": "d1c2f40d-0d95-427f-9e17-0dbad3cf5178", "class": null, "subtype": null, "level": null, "height": null, "num_floors": null }, "bbox": [ 50.4485047, 53.2301683, 50.4486667, 53.2302584 ], "geometry": { "type": "Polygon", "coordinates": [ [ [ 50.4485836, 53.2301683 ], [ 50.4486667, 53.2302139 ], [ 50.4485985, 53.2302584 ], [ 50.4485425, 53.2302276 ], [ 50.4485318, 53.2302346 ], [ 50.4485047, 53.2302198 ], [ 50.4485836, 53.2301683 ] ] ] } },
{ "type": "Feature", "properties": { "source_type": "ml", "id": "6c5a5b88-55ec-4f7a-9a8a-974b410dfb38", "class": null, "subtype": null, "level": null, "height": null, "num_floors": null }, "bbox": [ 50.4487797, 53.2301716, 50.4489535, 53.2302778 ], "geometry": { "type": "Polygon", "coordinates": [ [ [ 50.4488545, 53.2302778 ], [ 50.4487797, 53.2302119 ], [ 50.4488787, 53.2301716 ], [ 50.4489535, 53.2302375 ], [ 50.4488545, 53.2302778 ] ] ] } },
{ "type": "Feature", "properties": { "source_type": "ml", "id": "f8be5b02-0a09-408d-934b-72137db7544f", "class": null, "subtype": null, "level": null, "height": null, "num_floors": null }, "bbox": [ 50.4486354, 53.2302171, 50.4487171, 53.2302653 ], "geometry": { "type": "Polygon", "coordinates": [ [ [ 50.448685, 53.2302171 ], [ 50.4487171, 53.2302381 ], [ 50.4486674, 53.2302653 ], [ 50.4486354, 53.2302443 ], [ 50.448685, 53.2302171 ] ] ] } },
{ "type": "Feature", "properties": { "source_type": "ml", "id": "c6472ac4-c464-494b-a5f0-29117b006de6", "class": null, "subtype": null, "level": null, "height": null, "num_floors": null }, "bbox": [ 50.4487178, 53.2302417, 50.4488887, 53.2303524 ], "geometry": { "type": "Polygon", "coordinates": [ [ [ 50.4487917, 53.2302417 ], [ 50.4488887, 53.2303193 ], [ 50.4488147, 53.2303524 ], [ 50.4487178, 53.2302748 ], [ 50.4487917, 53.2302417 ] ] ] } },
{ "type": "Feature", "properties": { "source_type": "ml", "id": "1ee39bd9-d705-47da-a18f-17e502e84cd3", "class": null, "subtype": null, "level": null, "height": null, "num_floors": null }, "bbox": [ 50.4483609, 53.2302999, 50.4484714, 53.2303651 ], "geometry": { "type": "Polygon", "coordinates": [ [ [ 50.4483609, 53.2303363 ], [ 50.4484273, 53.2302999 ], [ 50.4484714, 53.2303287 ], [ 50.448405, 53.2303651 ], [ 50.4483609, 53.2303363 ] ] ] } },
{ "type": "Feature", "properties": { "source_type": "ml", "id": "ecbe4744-44c5-45f1-960a-61fc238b872a", "class": null, "subtype": null, "level": null, "height": null, "num_floors": null }, "bbox": [ 50.4485429, 53.2304272, 50.4486511, 53.2304785 ], "geometry": { "type": "Polygon", "coordinates": [ [ [ 50.4485611, 53.2304272 ], [ 50.4486511, 53.2304613 ], [ 50.4486329, 53.2304785 ], [ 50.4485429, 53.2304444 ], [ 50.4485611, 53.2304272 ] ] ] } },
{ "type": "Feature", "properties": { "source_type": "ml", "id": "e3326ebb-d67d-46db-94f6-cd10d8ef4076", "class": null, "subtype": null, "level": null, "height": null, "num_floors": null }, "bbox": [ 50.4483882, 53.2304169, 50.4484644, 53.2304579 ], "geometry": { "type": "Polygon", "coordinates": [ [ [ 50.4484429, 53.2304579 ], [ 50.4483882, 53.2304379 ], [ 50.4484097, 53.2304169 ], [ 50.4484644, 53.2304369 ], [ 50.4484429, 53.2304579 ] ] ] } },
{ "type": "Feature", "properties": { "source_type": "ml", "id": "e77d425f-c60d-4b13-be47-6ac33b115562", "class": null, "subtype": null, "level": null, "height": null, "num_floors": null }, "bbox": [ 50.4477463, 53.2304729, 50.4479239, 53.2305815 ], "geometry": { "type": "Polygon", "coordinates": [ [ [ 50.4478512, 53.2305815 ], [ 50.4477463, 53.2305125 ], [ 50.4478189, 53.2304729 ], [ 50.4479239, 53.2305419 ], [ 50.4478512, 53.2305815 ] ] ] } },
{ "type": "Feature", "properties": { "source_type": "ml", "id": "0154e5b8-e829-4d20-9bba-130315d8ef01", "class": null, "subtype": null, "level": null, "height": null, "num_floors": null }, "bbox": [ 50.4479078, 53.2305607, 50.4480285, 53.2306336 ], "geometry": { "type": "Polygon", "coordinates": [ [ [ 50.4479575, 53.2306336 ], [ 50.4479078, 53.2306052 ], [ 50.4479788, 53.2305607 ], [ 50.4480285, 53.2305891 ], [ 50.4479575, 53.2306336 ] ] ] } },
{ "type": "Feature", "properties": { "source_type": "ml", "id": "3f12624c-7c9a-490a-b71c-6c71a18b1719", "class": null, "subtype": null, "level": null, "height": null, "num_floors": null }, "bbox": [ 50.4477202, 53.2307641, 50.4479091, 53.2308743 ], "geometry": { "type": "Polygon", "coordinates": [ [ [ 50.4477707, 53.2307641 ], [ 50.4478766, 53.2308087 ], [ 50.4478552, 53.2308269 ], [ 50.4479091, 53.2308496 ], [ 50.4478801, 53.2308743 ], [ 50.4477202, 53.2308071 ], [ 50.4477707, 53.2307641 ] ] ] } },
{ "type": "Feature", "properties": { "source_type": "ml", "id": "e05549d7-5ff4-4e37-893b-804909e33666", "class": null, "subtype": null, "level": null, "height": null, "num_floors": null }, "bbox": [ 50.44921, 53.2305602, 50.4493008, 53.2306166 ], "geometry": { "type": "Polygon", "coordinates": [ [ [ 50.44921, 53.2305806 ], [ 50.4492523, 53.2305602 ], [ 50.4493008, 53.2305962 ], [ 50.4492585, 53.2306166 ], [ 50.44921, 53.2305806 ] ] ] } },
{ "type": "Feature", "properties": { "source_type": "ml", "id": "1903b325-32e9-4840-8847-328e9b71a40b", "class": null, "subtype": null, "level": null, "height": null, "num_floors": null }, "bbox": [ 50.4492436, 53.2309098, 50.4493385, 53.2309751 ], "geometry": { "type": "Polygon", "coordinates": [ [ [ 50.4493131, 53.2309098 ], [ 50.4493385, 53.2309632 ], [ 50.449269, 53.2309751 ], [ 50.4492436, 53.2309216 ], [ 50.4493131, 53.2309098 ] ] ] } },
{ "type": "Feature", "properties": { "source_type": "ml", "id": "17ae9cad-bd4e-42be-8451-658f92a2ba3e", "class": null, "subtype": null, "level": null, "height": null, "num_floors": null }, "bbox": [ 50.4492188, 53.2308198, 50.4492643, 53.2308712 ], "geometry": { "type": "Polygon", "coordinates": [ [ [ 50.4492188, 53.2308712 ], [ 50.4492188, 53.2308198 ], [ 50.4492643, 53.2308198 ], [ 50.4492643, 53.2308712 ], [ 50.4492188, 53.2308712 ] ] ] } },
{ "type": "Feature", "properties": { "source_type": "ml", "id": "4426a7a8-7c45-4ba9-91fe-d8f91827613b", "class": null, "subtype": null, "level": null, "height": null, "num_floors": null }, "bbox": [ 50.4493706, 53.2307064, 50.4495182, 53.2308047 ], "geometry": { "type": "Polygon", "coordinates": [ [ [ 50.4495182, 53.2307288 ], [ 50.4494785, 53.2307379 ], [ 50.4495074, 53.2307832 ], [ 50.4494139, 53.2308047 ], [ 50.4493706, 53.2307369 ], [ 50.4495039, 53.2307064 ], [ 50.4495182, 53.2307288 ] ] ] } },
{ "type": "Feature", "properties": { "source_type": "ml", "id": "fb416fa1-1393-4b0e-a595-96ca46d89125", "class": null, "subtype": null, "level": null, "height": null, "num_floors": null }, "bbox": [ 50.4496197, 53.2307769, 50.449757, 53.2308654 ], "geometry": { "type": "Polygon", "coordinates": [ [ [ 50.4497154, 53.2307769 ], [ 50.449757, 53.2308442 ], [ 50.4496613, 53.2308654 ], [ 50.4496197, 53.2307981 ], [ 50.4497154, 53.2307769 ] ] ] } },
{ "type": "Feature", "properties": { "source_type": "ml", "id": "6b68d1b7-4a09-4e8b-94fe-0a3649011b2a", "class": null, "subtype": null, "level": null, "height": null, "num_floors": null }, "bbox": [ 50.4496575, 53.2308986, 50.4498472, 53.2309994 ], "geometry": { "type": "Polygon", "coordinates": [ [ [ 50.4497989, 53.2308986 ], [ 50.4498472, 53.2309585 ], [ 50.4497058, 53.2309994 ], [ 50.4496575, 53.2309395 ], [ 50.4497989, 53.2308986 ] ] ] } },
{ "type": "Feature", "properties": { "source_type": "ml", "id": "a0e7c11a-42e2-4626-bad6-e5b2468317b5", "class": null, "subtype": null, "level": null, "height": null, "num_floors": null }, "bbox": [ 50.4498666, 53.2308376, 50.4500542, 53.2309536 ], "geometry": { "type": "Polygon", "coordinates": [ [ [ 50.4499967, 53.2309104 ], [ 50.4500119, 53.2309283 ], [ 50.4499289, 53.2309536 ], [ 50.4498666, 53.2308805 ], [ 50.4500072, 53.2308376 ], [ 50.4500542, 53.2308929 ], [ 50.4499967, 53.2309104 ] ] ] } },
{ "type": "Feature", "properties": { "source_type": "ml", "id": "dff948e5-1579-4acd-8bd1-bf1b03cddb4e", "class": null, "subtype": null, "level": null, "height": null, "num_floors": null }, "bbox": [ 50.4498584, 53.2307274, 50.4499551, 53.2307825 ], "geometry": { "type": "Polygon", "coordinates": [ [ [ 50.4499247, 53.2307274 ], [ 50.4499551, 53.2307609 ], [ 50.4498887, 53.2307825 ], [ 50.4498584, 53.2307489 ], [ 50.4499247, 53.2307274 ] ] ] } },
{ "type": "Feature", "properties": { "source_type": "ml", "id": "bfce0b65-a321-4b1d-bf4f-a3cffbf24835", "class": null, "subtype": null, "level": null, "height": null, "num_floors": null }, "bbox": [ 50.4499091, 53.2304998, 50.4500987, 53.2305855 ], "geometry": { "type": "Polygon", "coordinates": [ [ [ 50.4500155, 53.2304998 ], [ 50.4500303, 53.2305191 ], [ 50.4500702, 53.2305082 ], [ 50.4500987, 53.2305453 ], [ 50.4499525, 53.2305855 ], [ 50.4499091, 53.230529 ], [ 50.4500155, 53.2304998 ] ] ] } },
{ "type": "Feature", "properties": { "source_type": "ml", "id": "134cd471-1e2c-4326-9cca-712292f2f37a", "class": null, "subtype": null, "level": null, "height": null, "num_floors": null }, "bbox": [ 50.4498899, 53.2303562, 50.4499944, 53.2304225 ], "geometry": { "type": "Polygon", "coordinates": [ [ [ 50.4499342, 53.2304225 ], [ 50.4498899, 53.2304013 ], [ 50.4499501, 53.2303562 ], [ 50.4499944, 53.2303773 ], [ 50.4499342, 53.2304225 ] ] ] } },
{ "type": "Feature", "properties": { "source_type": "ml", "id": "eea4e8dc-1f59-49d3-a453-21d27b68e598", "class": null, "subtype": null, "level": null, "height": null, "num_floors": null }, "bbox": [ 50.4494752, 53.2304486, 50.4495729, 53.2304945 ], "geometry": { "type": "Polygon", "coordinates": [ [ [ 50.4494925, 53.2304945 ], [ 50.4494752, 53.2304662 ], [ 50.4495556, 53.2304486 ], [ 50.4495729, 53.2304769 ], [ 50.4494925, 53.2304945 ] ] ] } },
{ "type": "Feature", "properties": { "source_type": "ml", "id": "02576e2a-b8f2-4a63-8f31-c1dcdced2ca7", "class": null, "subtype": null, "level": null, "height": null, "num_floors": null }, "bbox": [ 50.4492563, 53.2304502, 50.4493367, 53.2304993 ], "geometry": { "type": "Polygon", "coordinates": [ [ [ 50.449303, 53.2304502 ], [ 50.4493367, 53.2304809 ], [ 50.44929, 53.2304993 ], [ 50.4492563, 53.2304687 ], [ 50.449303, 53.2304502 ] ] ] } },
{ "type": "Feature", "properties": { "source_type": "ml", "id": "60a34b66-ef6a-490c-96c0-b52318bd91b5", "class": null, "subtype": null, "level": null, "height": null, "num_floors": null }, "bbox": [ 50.4492115, 53.2303721, 50.4493515, 53.2304452 ], "geometry": { "type": "Polygon", "coordinates": [ [ [ 50.4492115, 53.2304075 ], [ 50.4493158, 53.2303721 ], [ 50.4493515, 53.2304097 ], [ 50.4492472, 53.2304452 ], [ 50.4492115, 53.2304075 ] ] ] } },
{ "type": "Feature", "properties": { "source_type": "ml", "id": "2308059f-b369-449d-a3a2-63ad4d6c3ec8", "class": null, "subtype": null, "level": null, "height": null, "num_floors": null }, "bbox": [ 50.4495029, 53.2302922, 50.4496306, 53.2303547 ], "geometry": { "type": "Polygon", "coordinates": [ [ [ 50.4496041, 53.2302922 ], [ 50.4496306, 53.2303201 ], [ 50.4495295, 53.2303547 ], [ 50.4495029, 53.2303268 ], [ 50.4496041, 53.2302922 ] ] ] } },
{ "type": "Feature", "properties": { "source_type": "ml", "id": "aff421f2-fa20-46b6-8b2f-cbc843d40ede", "class": null, "subtype": null, "level": null, "height": null, "num_floors": null }, "bbox": [ 50.4497413, 53.2302179, 50.4498862, 53.2302914 ], "geometry": { "type": "Polygon", "coordinates": [ [ [ 50.4497413, 53.2302598 ], [ 50.4498532, 53.2302179 ], [ 50.4498862, 53.2302496 ], [ 50.4497743, 53.2302914 ], [ 50.4497413, 53.2302598 ] ] ] } },
{ "type": "Feature", "properties": { "source_type": "ml", "id": "92e81f7f-aae0-4662-93d0-c7c76bb48a10", "class": null, "subtype": null, "level": null, "height": null, "num_floors": null }, "bbox": [ 50.4501403, 53.2300918, 50.4502383, 53.2301464 ], "geometry": { "type": "Polygon", "coordinates": [ [ [ 50.4502158, 53.2300918 ], [ 50.4502383, 53.2301075 ], [ 50.4501628, 53.2301464 ], [ 50.4501403, 53.2301307 ], [ 50.4502158, 53.2300918 ] ] ] } },
{ "type": "Feature", "properties": { "source_type": "ml", "id": "39e55512-95ee-45be-adce-8b54c4d868fe", "class": null, "subtype": null, "level": null, "height": null, "num_floors": null }, "bbox": [ 50.4503889, 53.2301773, 50.4505213, 53.2302481 ], "geometry": { "type": "Polygon", "coordinates": [ [ [ 50.4503889, 53.2302041 ], [ 50.4504882, 53.2301773 ], [ 50.4505213, 53.2302213 ], [ 50.450422, 53.2302481 ], [ 50.4503889, 53.2302041 ] ] ] } },
{ "type": "Feature", "properties": { "source_type": "ml", "id": "3e39749b-3a3a-4d81-9d29-e3038a0207a1", "class": null, "subtype": null, "level": null, "height": null, "num_floors": null }, "bbox": [ 50.4502331, 53.2302223, 50.4504065, 53.230308 ], "geometry": { "type": "Polygon", "coordinates": [ [ [ 50.4502588, 53.230308 ], [ 50.4502331, 53.2302763 ], [ 50.4502756, 53.230264 ], [ 50.4502665, 53.2302528 ], [ 50.4503718, 53.2302223 ], [ 50.4504065, 53.2302652 ], [ 50.4502588, 53.230308 ] ] ] } },
{ "type": "Feature", "properties": { "source_type": "ml", "id": "a081b9ac-b07f-44c3-ab4d-29c0f42df5e8", "class": null, "subtype": null, "level": null, "height": null, "num_floors": null }, "bbox": [ 50.4501026, 53.2302235, 50.4502682, 53.230344 ], "geometry": { "type": "Polygon", "coordinates": [ [ [ 50.4502203, 53.2302749 ], [ 50.4502602, 53.2303128 ], [ 50.4501777, 53.230344 ], [ 50.4501026, 53.2302727 ], [ 50.4502331, 53.2302235 ], [ 50.4502682, 53.2302568 ], [ 50.4502203, 53.2302749 ] ] ] } },
{ "type": "Feature", "properties": { "source_type": "ml", "id": "21af8fd7-bae3-4b71-9a7d-cd6193e81df0", "class": null, "subtype": null, "level": null, "height": null, "num_floors": null }, "bbox": [ 50.4500043, 53.230285, 50.450153, 53.230374 ], "geometry": { "type": "Polygon", "coordinates": [ [ [ 50.4500978, 53.230285 ], [ 50.450153, 53.230341 ], [ 50.4500595, 53.230374 ], [ 50.4500043, 53.2303181 ], [ 50.4500978, 53.230285 ] ] ] } },
{ "type": "Feature", "properties": { "source_type": "ml", "id": "df131fee-4b66-48d9-8be8-8afb952c237e", "class": null, "subtype": null, "level": null, "height": null, "num_floors": null }, "bbox": [ 50.4500566, 53.2304531, 50.4501537, 53.2305235 ], "geometry": { "type": "Polygon", "coordinates": [ [ [ 50.4501018, 53.2305235 ], [ 50.4500566, 53.2304684 ], [ 50.4501085, 53.2304531 ], [ 50.4501537, 53.2305083 ], [ 50.4501018, 53.2305235 ] ] ] } },
{ "type": "Feature", "properties": { "source_type": "ml", "id": "89e48ca1-1883-4ab4-9023-49e9525b0808", "class": null, "subtype": null, "level": null, "height": null, "num_floors": null }, "bbox": [ 50.4501965, 53.230486, 50.4502806, 53.2305496 ], "geometry": { "type": "Polygon", "coordinates": [ [ [ 50.4502451, 53.2305496 ], [ 50.4501965, 53.230498 ], [ 50.450232, 53.230486 ], [ 50.4502806, 53.2305377 ], [ 50.4502451, 53.2305496 ] ] ] } },
{ "type": "Feature", "properties": { "source_type": "ml", "id": "89b6700f-0cac-467d-a453-bc37ef9983d7", "class": null, "subtype": null, "level": null, "height": null, "num_floors": null }, "bbox": [ 50.4501355, 53.230429, 50.4502296, 53.2304972 ], "geometry": { "type": "Polygon", "coordinates": [ [ [ 50.4501355, 53.2304438 ], [ 50.450179, 53.230429 ], [ 50.4502296, 53.2304824 ], [ 50.4501862, 53.2304972 ], [ 50.4501355, 53.2304438 ] ] ] } },
{ "type": "Feature", "properties": { "source_type": "ml", "id": "f5ca687f-cd7f-445c-be6b-b1b6a3e8b4c2", "class": null, "subtype": null, "level": null, "height": null, "num_floors": null }, "bbox": [ 50.4503607, 53.2304302, 50.4504779, 53.2304871 ], "geometry": { "type": "Polygon", "coordinates": [ [ [ 50.4503735, 53.2304709 ], [ 50.4503607, 53.2304496 ], [ 50.4504509, 53.2304302 ], [ 50.4504779, 53.2304751 ], [ 50.4504223, 53.2304871 ], [ 50.4504081, 53.2304635 ], [ 50.4503735, 53.2304709 ] ] ] } },
{ "type": "Feature", "properties": { "source_type": "ml", "id": "299ba277-2564-4fd9-88fb-17174b3d7a88", "class": null, "subtype": null, "level": null, "height": null, "num_floors": null }, "bbox": [ 50.4502499, 53.2303411, 50.4504337, 53.2304559 ], "geometry": { "type": "Polygon", "coordinates": [ [ [ 50.4503749, 53.2303411 ], [ 50.4504337, 53.2304241 ], [ 50.4503087, 53.2304559 ], [ 50.4502499, 53.2303729 ], [ 50.4503749, 53.2303411 ] ] ] } },
{ "type": "Feature", "properties": { "source_type": "ml", "id": "cfc2c33e-a5f7-4343-8d6f-db5cb25b7e5b", "class": null, "subtype": null, "level": null, "height": null, "num_floors": null }, "bbox": [ 50.4506891, 53.2304498, 50.4507595, 53.230512 ], "geometry": { "type": "Polygon", "coordinates": [ [ [ 50.4507215, 53.230512 ], [ 50.4506891, 53.2304579 ], [ 50.4507272, 53.2304498 ], [ 50.4507595, 53.2305038 ], [ 50.4507215, 53.230512 ] ] ] } },
{ "type": "Feature", "properties": { "source_type": "ml", "id": "1d683f63-de31-452a-9c4c-9e884054b7db", "class": null, "subtype": null, "level": null, "height": null, "num_floors": null }, "bbox": [ 50.4506345, 53.2302113, 50.4507649, 53.2302922 ], "geometry": { "type": "Polygon", "coordinates": [ [ [ 50.450712, 53.2302113 ], [ 50.4507649, 53.2302648 ], [ 50.4506875, 53.2302922 ], [ 50.4506345, 53.2302387 ], [ 50.450712, 53.2302113 ] ] ] } },
{ "type": "Feature", "properties": { "source_type": "ml", "id": "f2e45ee2-a562-49ee-826b-106959e8e141", "class": null, "subtype": null, "level": null, "height": null, "num_floors": null }, "bbox": [ 50.4504992, 53.2300923, 50.450647, 53.23018 ], "geometry": { "type": "Polygon", "coordinates": [ [ [ 50.4505914, 53.2300923 ], [ 50.450647, 53.2301453 ], [ 50.4505547, 53.23018 ], [ 50.4504992, 53.230127 ], [ 50.4505914, 53.2300923 ] ] ] } },
{ "type": "Feature", "properties": { "source_type": "ml", "id": "85eaf51a-cfca-45c4-915a-4b84bafc7150", "class": null, "subtype": null, "level": null, "height": null, "num_floors": null }, "bbox": [ 50.451337, 53.2301958, 50.4515015, 53.2302724 ], "geometry": { "type": "Polygon", "coordinates": [ [ [ 50.4513659, 53.2302724 ], [ 50.451337, 53.2302421 ], [ 50.4514727, 53.2301958 ], [ 50.4515015, 53.2302261 ], [ 50.4513659, 53.2302724 ] ] ] } },
{ "type": "Feature", "properties": { "source_type": "ml", "id": "370422f4-1685-4646-a649-827189c5a4df", "class": null, "subtype": null, "level": null, "height": null, "num_floors": null }, "bbox": [ 50.4514915, 53.2302747, 50.4516241, 53.2303505 ], "geometry": { "type": "Polygon", "coordinates": [ [ [ 50.4515915, 53.2303505 ], [ 50.4514915, 53.2302962 ], [ 50.4515241, 53.2302747 ], [ 50.4516241, 53.230329 ], [ 50.4515915, 53.2303505 ] ] ] } },
{ "type": "Feature", "properties": { "source_type": "ml", "id": "d3161429-99b0-4db6-916e-0779a3697ab3", "class": null, "subtype": null, "level": null, "height": null, "num_floors": null }, "bbox": [ 50.4519779, 53.2302044, 50.4521574, 53.2303109 ], "geometry": { "type": "Polygon", "coordinates": [ [ [ 50.4520825, 53.2303109 ], [ 50.4519779, 53.2302528 ], [ 50.4520527, 53.2302044 ], [ 50.4521574, 53.2302625 ], [ 50.4520825, 53.2303109 ] ] ] } },
{ "type": "Feature", "properties": { "source_type": "ml", "id": "ed75cc44-a84b-469f-b922-8473782ccee4", "class": null, "subtype": null, "level": null, "height": null, "num_floors": null }, "bbox": [ 50.4512039, 53.2304654, 50.4513026, 53.2305285 ], "geometry": { "type": "Polygon", "coordinates": [ [ [ 50.4512699, 53.2304654 ], [ 50.4513026, 53.2305118 ], [ 50.4512366, 53.2305285 ], [ 50.4512039, 53.2304821 ], [ 50.4512699, 53.2304654 ] ] ] } },
{ "type": "Feature", "properties": { "source_type": "ml", "id": "6450237c-0bbf-4f28-b4c5-60e2a4a3c0f4", "class": null, "subtype": null, "level": null, "height": null, "num_floors": null }, "bbox": [ 50.4511341, 53.230565, 50.4512887, 53.2306465 ], "geometry": { "type": "Polygon", "coordinates": [ [ [ 50.4511341, 53.2305978 ], [ 50.4512505, 53.230565 ], [ 50.4512887, 53.2306137 ], [ 50.4511723, 53.2306465 ], [ 50.4511341, 53.2305978 ] ] ] } },
{ "type": "Feature", "properties": { "source_type": "ml", "id": "9bc01bf8-903b-4b6c-a584-cd7db05b2e22", "class": null, "subtype": null, "level": null, "height": null, "num_floors": null }, "bbox": [ 50.451019, 53.2306204, 50.4511337, 53.2306833 ], "geometry": { "type": "Polygon", "coordinates": [ [ [ 50.4510494, 53.2306833 ], [ 50.451019, 53.2306435 ], [ 50.4511032, 53.2306204 ], [ 50.4511337, 53.2306602 ], [ 50.4510494, 53.2306833 ] ] ] } },
{ "type": "Feature", "properties": { "source_type": "ml", "id": "16d128c3-21a5-468b-83cb-78d39cc8e455", "class": null, "subtype": null, "level": null, "height": null, "num_floors": null }, "bbox": [ 50.4509834, 53.2305853, 50.4510377, 53.2306393 ], "geometry": { "type": "Polygon", "coordinates": [ [ [ 50.4509834, 53.2305896 ], [ 50.4510223, 53.2305853 ], [ 50.4510377, 53.230635 ], [ 50.4509988, 53.2306393 ], [ 50.4509834, 53.2305896 ] ] ] } },
{ "type": "Feature", "properties": { "source_type": "ml", "id": "59f74c12-5b16-43b2-9065-47f7fde1ec15", "class": null, "subtype": null, "level": null, "height": null, "num_floors": null }, "bbox": [ 50.450328, 53.2306256, 50.4504268, 53.2306768 ], "geometry": { "type": "Polygon", "coordinates": [ [ [ 50.4504035, 53.2306256 ], [ 50.4504268, 53.2306562 ], [ 50.4503513, 53.2306768 ], [ 50.450328, 53.2306462 ], [ 50.4504035, 53.2306256 ] ] ] } },
{ "type": "Feature", "properties": { "source_type": "ml", "id": "73d485cd-2f93-4aaa-a722-88432c374dc6", "class": null, "subtype": null, "level": null, "height": null, "num_floors": null }, "bbox": [ 50.4503687, 53.2306585, 50.4504582, 53.2306997 ], "geometry": { "type": "Polygon", "coordinates": [ [ [ 50.4503849, 53.2306997 ], [ 50.4503687, 53.2306785 ], [ 50.4504419, 53.2306585 ], [ 50.4504582, 53.2306797 ], [ 50.4503849, 53.2306997 ] ] ] } },
{ "type": "Feature", "properties": { "source_type": "ml", "id": "f1ed21ae-a9f7-4208-bb14-d8d3a4272509", "class": null, "subtype": null, "level": null, "height": null, "num_floors": null }, "bbox": [ 50.4504788, 53.2305575, 50.4506033, 53.2306229 ], "geometry": { "type": "Polygon", "coordinates": [ [ [ 50.4505112, 53.2306229 ], [ 50.4504788, 53.230589 ], [ 50.4505709, 53.2305575 ], [ 50.4506033, 53.2305914 ], [ 50.4505112, 53.2306229 ] ] ] } },
{ "type": "Feature", "properties": { "source_type": "ml", "id": "d0581dcf-a27d-495a-8d99-1153f7fe3cad", "class": null, "subtype": null, "level": null, "height": null, "num_floors": null }, "bbox": [ 50.4504421, 53.2305279, 50.4505065, 53.2305739 ], "geometry": { "type": "Polygon", "coordinates": [ [ [ 50.4504745, 53.2305279 ], [ 50.4505065, 53.2305635 ], [ 50.4504742, 53.2305739 ], [ 50.4504421, 53.2305383 ], [ 50.4504745, 53.2305279 ] ] ] } },
{ "type": "Feature", "properties": { "source_type": "ml", "id": "92f9cdf7-1129-40e6-8f22-29bee7a7649a", "class": null, "subtype": null, "level": null, "height": null, "num_floors": null }, "bbox": [ 50.4493647, 53.231082, 50.4494876, 53.2311709 ], "geometry": { "type": "Polygon", "coordinates": [ [ [ 50.4493647, 53.231098 ], [ 50.449449, 53.231082 ], [ 50.4494876, 53.2311549 ], [ 50.4494034, 53.2311709 ], [ 50.4493647, 53.231098 ] ] ] } },
{ "type": "Feature", "properties": { "source_type": "ml", "id": "21b9f310-cb9d-4374-9562-08ccd9da9d42", "class": null, "subtype": null, "level": null, "height": null, "num_floors": null }, "bbox": [ 50.4490053, 53.2311271, 50.449111, 53.2312039 ], "geometry": { "type": "Polygon", "coordinates": [ [ [ 50.4490053, 53.2311433 ], [ 50.4490655, 53.2311271 ], [ 50.449111, 53.2311877 ], [ 50.4490508, 53.2312039 ], [ 50.4490053, 53.2311433 ] ] ] } },
{ "type": "Feature", "properties": { "source_type": "ml", "id": "72910718-c15d-4ea6-848c-122bef7aa046", "class": null, "subtype": null, "level": null, "height": null, "num_floors": null }, "bbox": [ 50.4486613, 53.2309308, 50.4488609, 53.2310529 ], "geometry": { "type": "Polygon", "coordinates": [ [ [ 50.4487273, 53.2310529 ], [ 50.4486613, 53.230968 ], [ 50.4487948, 53.2309308 ], [ 50.4488609, 53.2310157 ], [ 50.4487273, 53.2310529 ] ] ] } },
{ "type": "Feature", "properties": { "source_type": "ml", "id": "4c0eccf5-87f0-4841-8330-311738313dcb", "class": null, "subtype": null, "level": null, "height": null, "num_floors": null }, "bbox": [ 50.4480838, 53.2312461, 50.4482088, 53.2312843 ], "geometry": { "type": "Polygon", "coordinates": [ [ [ 50.4482022, 53.2312843 ], [ 50.4480838, 53.2312744 ], [ 50.4480904, 53.2312461 ], [ 50.4482088, 53.2312559 ], [ 50.4482022, 53.2312843 ] ] ] } },
{ "type": "Feature", "properties": { "source_type": "ml", "id": "ba80fcd0-0902-4926-a6e5-b763a99dae82", "class": null, "subtype": null, "level": null, "height": null, "num_floors": null }, "bbox": [ 50.4480443, 53.2315846, 50.4481713, 53.2316638 ], "geometry": { "type": "Polygon", "coordinates": [ [ [ 50.4481011, 53.2316638 ], [ 50.4480443, 53.2316124 ], [ 50.4481146, 53.2315846 ], [ 50.4481713, 53.231636 ], [ 50.4481011, 53.2316638 ] ] ] } }
]
}
