{
  "type": "FeatureCollection",
  "features": [
    {
      "type": "Feature",
      "geometry": {
        "type": "Polygon",
        "coordinates": [
          [
            [
              106.3808681,
              52.7863151
            ],
            [
              106.3809949,
              52.7863957
            ],
            [
              106.380935,
              52.7864301
            ],
            [
              106.3808083,
              52.7863495
            ],
            [
              106.3808681,
              52.7863151
            ]
          ]
        ]
      },
      "properties": {
        "id": "02cee84e-e6a5-4278-8469-da900d5387b9",
        "source_type": "osm",
        "height": "",
        "num_floors": "",
        "class": "",
        "name": ""
      }
    },
    {
      "type": "Feature",
      "geometry": {
        "type": "Polygon",
        "coordinates": [
          [
            [
              106.3814467,
              52.7866694
            ],
            [
              106.3813102,
              52.786754
            ],
            [
              106.3812313,
              52.7867074
            ],
            [
              106.3813678,
              52.7866228
            ],
            [
              106.3814467,
              52.7866694
            ]
          ]
        ]
      },
      "properties": {
        "id": "c214fb46-5371-41a0-90ee-c3c872ef8b6a",
        "source_type": "osm",
        "height": "",
        "num_floors": "",
        "class": "",
        "name": ""
      }
    },
    {
      "type": "Feature",
      "geometry": {
        "type": "Polygon",
        "coordinates": [
          [
            [
              106.381994,
              52.7879064
            ],
            [
              106.3820879,
              52.7879664
            ],
            [
              106.382023,
              52.7880036
            ],
            [
              106.3819291,
              52.7879436
            ],
            [
              106.381994,
              52.7879064
            ]
          ]
        ]
      },
      "properties": {
        "id": "6962e5d4-4eb6-45ee-bffe-c71c69dee707",
        "source_type": "osm",
        "height": "",
        "num_floors": "",
        "class": "",
        "name": ""
      }
    },
    {
      "type": "Feature",
      "geometry": {
        "type": "Polygon",
        "coordinates": [
          [
            [
              106.382971,
              52.7876092
            ],
            [
              106.3831075,
              52.7876819
            ],
            [
              106.3830336,
              52.7877327
            ],
            [
              106.3828971,
              52.7876599
            ],
            [
              106.382971,
              52.7876092
            ]
          ]
        ]
      },
      "properties": {
        "id": "18f40ae0-c679-4939-bad1-a8f4a8a95c21",
        "source_type": "osm",
        "height": "",
        "num_floors": "",
        "class": "",
        "name": ""
      }
    },
    {
      "type": "Feature",
      "geometry": {
        "type": "Polygon",
        "coordinates": [
          [
            [
              106.381986,
              52.7880183
            ],
            [
              106.3820932,
              52.7880848
            ],
            [
              106.3820294,
              52.7881225
            ],
            [
              106.3819221,
              52.788056
            ],
            [
              106.381986,
              52.7880183
            ]
          ]
        ]
      },
      "properties": {
        "id": "249e4c80-9fea-488b-aa16-9566f1f4304e",
        "source_type": "osm",
        "height": "",
        "num_floors": "",
        "class": "",
        "name": ""
      }
    },
    {
      "type": "Feature",
      "geometry": {
        "type": "Polygon",
        "coordinates": [
          [
            [
              106.3895768,
              52.795272
            ],
            [
              106.3896866,
              52.7951761
            ],
            [
              106.3899655,
              52.7952929
            ],
            [
              106.3898557,
              52.7953888
            ],
            [
              106.3897539,
              52.7953462
            ],
            [
              106.3896955,
              52.7953972
            ],
            [
              106.3895641,
              52.7953422
            ],
            [
              106.3896225,
              52.7952912
            ],
            [
              106.3895768,
              52.795272
            ]
          ]
        ]
      },
      "properties": {
        "id": "10a2f3e3-b55f-420f-b108-e397ae4565b4",
        "source_type": "osm",
        "height": "",
        "num_floors": "",
        "class": "",
        "name": ""
      }
    },
    {
      "type": "Feature",
      "geometry": {
        "type": "Polygon",
        "coordinates": [
          [
            [
              106.3870888,
              52.7953511
            ],
            [
              106.3868782,
              52.7952984
            ],
            [
              106.3870203,
              52.7950908
            ],
            [
              106.3872309,
              52.7951435
            ],
            [
              106.3870888,
              52.7953511
            ]
          ]
        ]
      },
      "properties": {
        "id": "6d324852-6124-46b8-8f26-61c8b7b1316f",
        "source_type": "osm",
        "height": "",
        "num_floors": "",
        "class": "",
        "name": ""
      }
    },
    {
      "type": "Feature",
      "geometry": {
        "type": "Polygon",
        "coordinates": [
          [
            [
              106.3881865,
              52.7942405
            ],
            [
              106.3882757,
              52.7941641
            ],
            [
              106.3889517,
              52.7944528
            ],
            [
              106.3888624,
              52.7945292
            ],
            [
              106.3886476,
              52.7944374
            ],
            [
              106.388596,
              52.7944816
            ],
            [
              106.3883487,
              52.7943759
            ],
            [
              106.3884003,
              52.7943318
            ],
            [
              106.3881865,
              52.7942405
            ]
          ]
        ]
      },
      "properties": {
        "id": "ebdaf2f0-7e0e-44b6-b781-2fb56f2b28d9",
        "source_type": "osm",
        "height": "",
        "num_floors": "",
        "class": "",
        "name": ""
      }
    },
    {
      "type": "Feature",
      "geometry": {
        "type": "Polygon",
        "coordinates": [
          [
            [
              106.3891185,
              52.7946165
            ],
            [
              106.3891984,
              52.7945533
            ],
            [
              106.3894264,
              52.7946587
            ],
            [
              106.3893465,
              52.794722
            ],
            [
              106.3891185,
              52.7946165
            ]
          ]
        ]
      },
      "properties": {
        "id": "26efe546-f85b-408e-bc10-ef554283a318",
        "source_type": "osm",
        "height": "",
        "num_floors": "",
        "class": "",
        "name": ""
      }
    },
    {
      "type": "Feature",
      "geometry": {
        "type": "Polygon",
        "coordinates": [
          [
            [
              106.3874894,
              52.7944449
            ],
            [
              106.3876051,
              52.7943431
            ],
            [
              106.3881067,
              52.7945513
            ],
            [
              106.3882002,
              52.794469
            ],
            [
              106.3883804,
              52.7945438
            ],
            [
              106.3880441,
              52.7948401
            ],
            [
              106.3882637,
              52.7949313
            ],
            [
              106.3881517,
              52.79503
            ],
            [
              106.38761,
              52.7948052
            ],
            [
              106.3877217,
              52.7947068
            ],
            [
              106.3878714,
              52.794769
            ],
            [
              106.3879991,
              52.7946565
            ],
            [
              106.3874894,
              52.7944449
            ]
          ]
        ]
      },
      "properties": {
        "id": "9376b633-eb9c-4917-bf30-4751db41747d",
        "source_type": "osm",
        "height": "",
        "num_floors": "3",
        "class": "hospital",
        "name": ""
      }
    },
    {
      "type": "Feature",
      "geometry": {
        "type": "Polygon",
        "coordinates": [
          [
            [
              106.3889594,
              52.7950675
            ],
            [
              106.3890643,
              52.7949766
            ],
            [
              106.3894371,
              52.7951339
            ],
            [
              106.3893323,
              52.7952248
            ],
            [
              106.3889594,
              52.7950675
            ]
          ]
        ]
      },
      "properties": {
        "id": "d3f6af78-b886-4027-9f4a-9a0d43d5d5e0",
        "source_type": "osm",
        "height": "",
        "num_floors": "",
        "class": "",
        "name": ""
      }
    },
    {
      "type": "Feature",
      "geometry": {
        "type": "Polygon",
        "coordinates": [
          [
            [
              106.3888336,
              52.7949442
            ],
            [
              106.3887049,
              52.7950496
            ],
            [
              106.3886004,
              52.795003
            ],
            [
              106.3887292,
              52.7948975
            ],
            [
              106.3888336,
              52.7949442
            ]
          ]
        ]
      },
      "properties": {
        "id": "374962a3-30db-465a-b003-8c000be6e680",
        "source_type": "osm",
        "height": "",
        "num_floors": "",
        "class": "",
        "name": ""
      }
    },
    {
      "type": "Feature",
      "geometry": {
        "type": "Polygon",
        "coordinates": [
          [
            [
              106.3895568,
              52.7947935
            ],
            [
              106.3896275,
              52.7947307
            ],
            [
              106.3898286,
              52.7948134
            ],
            [
              106.389758,
              52.7948762
            ],
            [
              106.3895568,
              52.7947935
            ]
          ]
        ]
      },
      "properties": {
        "id": "e2a63e05-4191-47ef-8cf9-debfd1929e57",
        "source_type": "osm",
        "height": "",
        "num_floors": "",
        "class": "",
        "name": ""
      }
    },
    {
      "type": "Feature",
      "geometry": {
        "type": "Polygon",
        "coordinates": [
          [
            [
              106.3900243,
              52.7950351
            ],
            [
              106.3901394,
              52.7949354
            ],
            [
              106.3905817,
              52.795122
            ],
            [
              106.3904666,
              52.7952217
            ],
            [
              106.3900243,
              52.7950351
            ]
          ]
        ]
      },
      "properties": {
        "id": "3683adc4-ff00-48f4-83d6-63a0dbd033e7",
        "source_type": "osm",
        "height": "",
        "num_floors": "",
        "class": "",
        "name": ""
      }
    },
    {
      "type": "Feature",
      "geometry": {
        "type": "Polygon",
        "coordinates": [
          [
            [
              106.3931413,
              52.7948809
            ],
            [
              106.392755,
              52.7946993
            ],
            [
              106.3928558,
              52.7946209
            ],
            [
              106.3932421,
              52.7948026
            ],
            [
              106.3931413,
              52.7948809
            ]
          ]
        ]
      },
      "properties": {
        "id": "d07ea6fc-2511-4776-90cc-d48a57cf2669",
        "source_type": "osm",
        "height": "",
        "num_floors": "",
        "class": "",
        "name": ""
      }
    },
    {
      "type": "Feature",
      "geometry": {
        "type": "Polygon",
        "coordinates": [
          [
            [
              106.3934792,
              52.7946798
            ],
            [
              106.3932217,
              52.7945582
            ],
            [
              106.39331,
              52.7944899
            ],
            [
              106.393429,
              52.7945461
            ],
            [
              106.3934826,
              52.7945046
            ],
            [
              106.3936211,
              52.79457
            ],
            [
              106.3934792,
              52.7946798
            ]
          ]
        ]
      },
      "properties": {
        "id": "6d06b9f9-3031-481c-864f-9629e07a65d1",
        "source_type": "osm",
        "height": "",
        "num_floors": "",
        "class": "",
        "name": ""
      }
    },
    {
      "type": "Feature",
      "geometry": {
        "type": "Polygon",
        "coordinates": [
          [
            [
              106.389937,
              52.7937336
            ],
            [
              106.3899709,
              52.7937035
            ],
            [
              106.3907434,
              52.7940213
            ],
            [
              106.3906368,
              52.7941161
            ],
            [
              106.3896344,
              52.7937036
            ],
            [
              106.3897071,
              52.793639
            ],
            [
              106.389937,
              52.7937336
            ]
          ]
        ]
      },
      "properties": {
        "id": "5f24eeda-ca46-4ca4-a8fa-92f32e78cf89",
        "source_type": "osm",
        "height": "",
        "num_floors": "",
        "class": "",
        "name": ""
      }
    },
    {
      "type": "Feature",
      "geometry": {
        "type": "Polygon",
        "coordinates": [
          [
            [
              106.3890851,
              52.794063
            ],
            [
              106.3891704,
              52.7939915
            ],
            [
              106.3895342,
              52.7941503
            ],
            [
              106.3894196,
              52.7942464
            ],
            [
              106.3893213,
              52.7942035
            ],
            [
              106.3892765,
              52.7942411
            ],
            [
              106.3891194,
              52.7941725
            ],
            [
              106.3891642,
              52.7941349
            ],
            [
              106.3890557,
              52.7940876
            ],
            [
              106.3890851,
              52.794063
            ]
          ]
        ]
      },
      "properties": {
        "id": "e7c82ee9-36e6-4549-831b-d064b445b29c",
        "source_type": "osm",
        "height": "",
        "num_floors": "",
        "class": "",
        "name": ""
      }
    },
    {
      "type": "Feature",
      "geometry": {
        "type": "Polygon",
        "coordinates": [
          [
            [
              106.3890107,
              52.7940305
            ],
            [
              106.3890733,
              52.7939782
            ],
            [
              106.3891476,
              52.7940106
            ],
            [
              106.3890851,
              52.794063
            ],
            [
              106.3890107,
              52.7940305
            ]
          ]
        ]
      },
      "properties": {
        "id": "d0aca6f6-dcfd-4abc-a2ee-6cf6ec9ce783",
        "source_type": "osm",
        "height": "",
        "num_floors": "",
        "class": "",
        "name": ""
      }
    },
    {
      "type": "Feature",
      "geometry": {
        "type": "Polygon",
        "coordinates": [
          [
            [
              106.3890107,
              52.7940305
            ],
            [
              106.3889435,
              52.7940868
            ],
            [
              106.3887562,
              52.794005
            ],
            [
              106.3890021,
              52.7937991
            ],
            [
              106.3891894,
              52.7938809
            ],
            [
              106.3890733,
              52.7939782
            ],
            [
              106.3890107,
              52.7940305
            ]
          ]
        ]
      },
      "properties": {
        "id": "b7ff5edb-9949-4ad5-87bd-4323bd2933b4",
        "source_type": "osm",
        "height": "",
        "num_floors": "",
        "class": "",
        "name": ""
      }
    },
    {
      "type": "Feature",
      "geometry": {
        "type": "Polygon",
        "coordinates": [
          [
            [
              106.3899848,
              52.7936638
            ],
            [
              106.3898663,
              52.7936191
            ],
            [
              106.3900487,
              52.7934423
            ],
            [
              106.3902115,
              52.7935038
            ],
            [
              106.3901269,
              52.7935858
            ],
            [
              106.3900825,
              52.7935691
            ],
            [
              106.3899848,
              52.7936638
            ]
          ]
        ]
      },
      "properties": {
        "id": "9a95d8a1-37fa-4b05-b797-5e69163bf573",
        "source_type": "osm",
        "height": "",
        "num_floors": "",
        "class": "",
        "name": ""
      }
    },
    {
      "type": "Feature",
      "geometry": {
        "type": "Polygon",
        "coordinates": [
          [
            [
              106.3925367,
              52.7934282
            ],
            [
              106.3926098,
              52.7934592
            ],
            [
              106.3924278,
              52.7936164
            ],
            [
              106.3921911,
              52.7935162
            ],
            [
              106.3922557,
              52.7934604
            ],
            [
              106.3924193,
              52.7935297
            ],
            [
              106.3925367,
              52.7934282
            ]
          ]
        ]
      },
      "properties": {
        "id": "c24846b6-d80d-472a-8fee-0502b2c2117f",
        "source_type": "osm",
        "height": "",
        "num_floors": "",
        "class": "",
        "name": ""
      }
    },
    {
      "type": "Feature",
      "geometry": {
        "type": "Polygon",
        "coordinates": [
          [
            [
              106.389759,
              52.7931877
            ],
            [
              106.3894747,
              52.7934699
            ],
            [
              106.3893098,
              52.7934092
            ],
            [
              106.3895941,
              52.793127
            ],
            [
              106.389759,
              52.7931877
            ]
          ]
        ]
      },
      "properties": {
        "id": "679e0e81-aaf6-4dc6-a0b5-c2c7d0ae28d2",
        "source_type": "osm",
        "height": "",
        "num_floors": "",
        "class": "",
        "name": ""
      }
    },
    {
      "type": "Feature",
      "geometry": {
        "type": "Polygon",
        "coordinates": [
          [
            [
              106.3902508,
              52.7932833
            ],
            [
              106.390333,
              52.793199
            ],
            [
              106.3906012,
              52.7932947
            ],
            [
              106.390519,
              52.793379
            ],
            [
              106.3902508,
              52.7932833
            ]
          ]
        ]
      },
      "properties": {
        "id": "03910b0f-f1cb-4db1-95e8-c8bfc5478291",
        "source_type": "osm",
        "height": "",
        "num_floors": "",
        "class": "",
        "name": ""
      }
    },
    {
      "type": "Feature",
      "geometry": {
        "type": "Polygon",
        "coordinates": [
          [
            [
              106.3901177,
              52.7931851
            ],
            [
              106.389879,
              52.793104
            ],
            [
              106.3899354,
              52.7930433
            ],
            [
              106.3901741,
              52.7931244
            ],
            [
              106.3901177,
              52.7931851
            ]
          ]
        ]
      },
      "properties": {
        "id": "e07be6f2-5d97-4006-bf56-379c1b1243e8",
        "source_type": "osm",
        "height": "",
        "num_floors": "",
        "class": "",
        "name": ""
      }
    },
    {
      "type": "Feature",
      "geometry": {
        "type": "Polygon",
        "coordinates": [
          [
            [
              106.3925611,
              52.7930045
            ],
            [
              106.3925894,
              52.7929162
            ],
            [
              106.3932585,
              52.7929945
            ],
            [
              106.3932302,
              52.7930828
            ],
            [
              106.3925611,
              52.7930045
            ]
          ]
        ]
      },
      "properties": {
        "id": "2d8484ad-8eb8-44d3-b83a-caf1a8883298",
        "source_type": "osm",
        "height": "",
        "num_floors": "",
        "class": "",
        "name": ""
      }
    },
    {
      "type": "Feature",
      "geometry": {
        "type": "Polygon",
        "coordinates": [
          [
            [
              106.3904886,
              52.7910889
            ],
            [
              106.3906093,
              52.7913403
            ],
            [
              106.3904102,
              52.7913752
            ],
            [
              106.3903717,
              52.7912951
            ],
            [
              106.3904259,
              52.7912856
            ],
            [
              106.3903745,
              52.7911786
            ],
            [
              106.3903204,
              52.7911882
            ],
            [
              106.3902895,
              52.7911238
            ],
            [
              106.3904886,
              52.7910889
            ]
          ]
        ]
      },
      "properties": {
        "id": "f8850091-ff29-4735-a277-23931c0207d8",
        "source_type": "osm",
        "height": "",
        "num_floors": "",
        "class": "",
        "name": ""
      }
    },
    {
      "type": "Feature",
      "geometry": {
        "type": "Polygon",
        "coordinates": [
          [
            [
              106.3889463,
              52.791496
            ],
            [
              106.3890536,
              52.7915885
            ],
            [
              106.388896,
              52.7916553
            ],
            [
              106.3887887,
              52.7915629
            ],
            [
              106.3889463,
              52.791496
            ]
          ]
        ]
      },
      "properties": {
        "id": "6d15f024-96dc-4fe9-a6ec-4f157ffb8144",
        "source_type": "osm",
        "height": "",
        "num_floors": "",
        "class": "",
        "name": ""
      }
    },
    {
      "type": "Feature",
      "geometry": {
        "type": "Polygon",
        "coordinates": [
          [
            [
              106.3864837,
              52.7912567
            ],
            [
              106.3865778,
              52.7912047
            ],
            [
              106.3868085,
              52.7913571
            ],
            [
              106.3867143,
              52.7914092
            ],
            [
              106.3864837,
              52.7912567
            ]
          ]
        ]
      },
      "properties": {
        "id": "74c3a619-d4f9-4b62-a488-358ee406be62",
        "source_type": "osm",
        "height": "",
        "num_floors": "",
        "class": "",
        "name": ""
      }
    },
    {
      "type": "Feature",
      "geometry": {
        "type": "Polygon",
        "coordinates": [
          [
            [
              106.3884447,
              52.7911911
            ],
            [
              106.3886378,
              52.7913792
            ],
            [
              106.3885002,
              52.7914309
            ],
            [
              106.388307,
              52.7912427
            ],
            [
              106.3884447,
              52.7911911
            ]
          ]
        ]
      },
      "properties": {
        "id": "7fd69d70-2746-4d13-82c5-5b768eba14b3",
        "source_type": "osm",
        "height": "",
        "num_floors": "",
        "class": "",
        "name": ""
      }
    },
    {
      "type": "Feature",
      "geometry": {
        "type": "Polygon",
        "coordinates": [
          [
            [
              106.3880853,
              52.7909137
            ],
            [
              106.3882596,
              52.7910662
            ],
            [
              106.3881038,
              52.7911313
            ],
            [
              106.3879294,
              52.7909789
            ],
            [
              106.3880853,
              52.7909137
            ]
          ]
        ]
      },
      "properties": {
        "id": "0f6f4271-ea21-40a9-860d-5c398e227455",
        "source_type": "osm",
        "height": "",
        "num_floors": "",
        "class": "",
        "name": ""
      }
    },
    {
      "type": "Feature",
      "geometry": {
        "type": "Polygon",
        "coordinates": [
          [
            [
              106.3860378,
              52.7909646
            ],
            [
              106.3861325,
              52.7909111
            ],
            [
              106.3863605,
              52.7910587
            ],
            [
              106.3862658,
              52.7911122
            ],
            [
              106.3860378,
              52.7909646
            ]
          ]
        ]
      },
      "properties": {
        "id": "c1a9c34e-3b38-4999-98bb-7e39c67d3496",
        "source_type": "osm",
        "height": "",
        "num_floors": "",
        "class": "",
        "name": ""
      }
    },
    {
      "type": "Feature",
      "geometry": {
        "type": "Polygon",
        "coordinates": [
          [
            [
              106.3916768,
              52.7908018
            ],
            [
              106.3918592,
              52.7910013
            ],
            [
              106.3917105,
              52.791051
            ],
            [
              106.3915281,
              52.7908515
            ],
            [
              106.3916768,
              52.7908018
            ]
          ]
        ]
      },
      "properties": {
        "id": "204f11e3-1fe4-4ed2-88ba-f063781cb330",
        "source_type": "osm",
        "height": "",
        "num_floors": "",
        "class": "",
        "name": ""
      }
    },
    {
      "type": "Feature",
      "geometry": {
        "type": "Polygon",
        "coordinates": [
          [
            [
              106.3918914,
              52.7910418
            ],
            [
              106.3920121,
              52.7912495
            ],
            [
              106.3918463,
              52.7912847
            ],
            [
              106.3917256,
              52.7910771
            ],
            [
              106.3918914,
              52.7910418
            ]
          ]
        ]
      },
      "properties": {
        "id": "113f0bc2-d9a7-43ad-a667-bd1bd9e7f44a",
        "source_type": "osm",
        "height": "",
        "num_floors": "",
        "class": "",
        "name": ""
      }
    },
    {
      "type": "Feature",
      "geometry": {
        "type": "Polygon",
        "coordinates": [
          [
            [
              106.3902592,
              52.7902933
            ],
            [
              106.3901613,
              52.7903525
            ],
            [
              106.390038,
              52.7902779
            ],
            [
              106.3901359,
              52.7902187
            ],
            [
              106.3902592,
              52.7902933
            ]
          ]
        ]
      },
      "properties": {
        "id": "a887c65e-a08a-45f2-9d1c-8a3aab007724",
        "source_type": "osm",
        "height": "",
        "num_floors": "",
        "class": "",
        "name": ""
      }
    },
    {
      "type": "Feature",
      "geometry": {
        "type": "Polygon",
        "coordinates": [
          [
            [
              106.3896312,
              52.7899699
            ],
            [
              106.3894935,
              52.7900329
            ],
            [
              106.3893513,
              52.7899194
            ],
            [
              106.3895324,
              52.7898365
            ],
            [
              106.3896099,
              52.7898985
            ],
            [
              106.3895666,
              52.7899183
            ],
            [
              106.3896312,
              52.7899699
            ]
          ]
        ]
      },
      "properties": {
        "id": "6e121208-4220-4e4e-9ba3-047e2553e2e3",
        "source_type": "osm",
        "height": "",
        "num_floors": "",
        "class": "",
        "name": ""
      }
    },
    {
      "type": "Feature",
      "geometry": {
        "type": "Polygon",
        "coordinates": [
          [
            [
              106.3899494,
              52.7901286
            ],
            [
              106.3898073,
              52.7901903
            ],
            [
              106.3896931,
              52.790094
            ],
            [
              106.3898353,
              52.7900324
            ],
            [
              106.3899494,
              52.7901286
            ]
          ]
        ]
      },
      "properties": {
        "id": "8afb7552-6be5-4d22-bd25-6afe40f70eb7",
        "source_type": "osm",
        "height": "",
        "num_floors": "",
        "class": "",
        "name": ""
      }
    },
    {
      "type": "Feature",
      "geometry": {
        "type": "Polygon",
        "coordinates": [
          [
            [
              106.3906656,
              52.7900881
            ],
            [
              106.3908024,
              52.7901741
            ],
            [
              106.3906899,
              52.7902395
            ],
            [
              106.3905531,
              52.7901535
            ],
            [
              106.3906656,
              52.7900881
            ]
          ]
        ]
      },
      "properties": {
        "id": "dd09a959-e850-4893-8447-da0cb253eb73",
        "source_type": "osm",
        "height": "",
        "num_floors": "",
        "class": "",
        "name": ""
      }
    },
    {
      "type": "Feature",
      "geometry": {
        "type": "Polygon",
        "coordinates": [
          [
            [
              106.3881711,
              52.7902649
            ],
            [
              106.3884528,
              52.7901546
            ],
            [
              106.3885318,
              52.7902284
            ],
            [
              106.3882501,
              52.7903387
            ],
            [
              106.3881711,
              52.7902649
            ]
          ]
        ]
      },
      "properties": {
        "id": "0a466eaa-7d2d-4963-9b95-a1a6782e4777",
        "source_type": "osm",
        "height": "",
        "num_floors": "",
        "class": "",
        "name": ""
      }
    },
    {
      "type": "Feature",
      "geometry": {
        "type": "Polygon",
        "coordinates": [
          [
            [
              106.3878359,
              52.7899713
            ],
            [
              106.3879485,
              52.7900394
            ],
            [
              106.3878493,
              52.7900995
            ],
            [
              106.3877366,
              52.7900313
            ],
            [
              106.3878359,
              52.7899713
            ]
          ]
        ]
      },
      "properties": {
        "id": "9cb284bd-5ed7-4922-90cf-477c9f6c7d1f",
        "source_type": "osm",
        "height": "",
        "num_floors": "",
        "class": "",
        "name": ""
      }
    },
    {
      "type": "Feature",
      "geometry": {
        "type": "Polygon",
        "coordinates": [
          [
            [
              106.3844982,
              52.7898691
            ],
            [
              106.3845929,
              52.7898178
            ],
            [
              106.3847512,
              52.7899249
            ],
            [
              106.3846564,
              52.7899761
            ],
            [
              106.3844982,
              52.7898691
            ]
          ]
        ]
      },
      "properties": {
        "id": "3ddebb05-7f95-41b9-8d9d-d00f94bb5587",
        "source_type": "osm",
        "height": "",
        "num_floors": "",
        "class": "",
        "name": ""
      }
    },
    {
      "type": "Feature",
      "geometry": {
        "type": "Polygon",
        "coordinates": [
          [
            [
              106.3849697,
              52.7901749
            ],
            [
              106.3850462,
              52.7901309
            ],
            [
              106.3852018,
              52.7902298
            ],
            [
              106.3851252,
              52.7902739
            ],
            [
              106.3849697,
              52.7901749
            ]
          ]
        ]
      },
      "properties": {
        "id": "39034338-faae-4144-9251-597e0a028d83",
        "source_type": "osm",
        "height": "",
        "num_floors": "",
        "class": "",
        "name": ""
      }
    },
    {
      "type": "Feature",
      "geometry": {
        "type": "Polygon",
        "coordinates": [
          [
            [
              106.3852992,
              52.790477
            ],
            [
              106.3853922,
              52.7904293
            ],
            [
              106.3855103,
              52.7905137
            ],
            [
              106.3854172,
              52.7905613
            ],
            [
              106.3852992,
              52.790477
            ]
          ]
        ]
      },
      "properties": {
        "id": "e0d89d2a-8c93-4395-882d-70e465260309",
        "source_type": "osm",
        "height": "",
        "num_floors": "",
        "class": "",
        "name": ""
      }
    },
    {
      "type": "Feature",
      "geometry": {
        "type": "Polygon",
        "coordinates": [
          [
            [
              106.3875006,
              52.7903914
            ],
            [
              106.3876776,
              52.7905471
            ],
            [
              106.3875232,
              52.7906113
            ],
            [
              106.3873462,
              52.7904556
            ],
            [
              106.3875006,
              52.7903914
            ]
          ]
        ]
      },
      "properties": {
        "id": "87c5e4c7-1009-4a92-acc4-a876cc58bb86",
        "source_type": "osm",
        "height": "",
        "num_floors": "",
        "class": "",
        "name": ""
      }
    },
    {
      "type": "Feature",
      "geometry": {
        "type": "Polygon",
        "coordinates": [
          [
            [
              106.3883589,
              52.7906039
            ],
            [
              106.3879995,
              52.7907434
            ],
            [
              106.3879524,
              52.790699
            ],
            [
              106.3883118,
              52.7905595
            ],
            [
              106.3883589,
              52.7906039
            ]
          ]
        ]
      },
      "properties": {
        "id": "83211c91-967c-453a-9a54-16067ad345a7",
        "source_type": "osm",
        "height": "",
        "num_floors": "",
        "class": "",
        "name": ""
      }
    },
    {
      "type": "Feature",
      "geometry": {
        "type": "Polygon",
        "coordinates": [
          [
            [
              106.3855747,
              52.7906722
            ],
            [
              106.3856792,
              52.7906142
            ],
            [
              106.3859153,
              52.79077
            ],
            [
              106.3858107,
              52.7908279
            ],
            [
              106.3855747,
              52.7906722
            ]
          ]
        ]
      },
      "properties": {
        "id": "afa4cc96-e0c6-4cb6-8376-cee9dd297c16",
        "source_type": "osm",
        "height": "",
        "num_floors": "",
        "class": "",
        "name": ""
      }
    },
    {
      "type": "Feature",
      "geometry": {
        "type": "Polygon",
        "coordinates": [
          [
            [
              106.3840274,
              52.7894913
            ],
            [
              106.3841236,
              52.7894367
            ],
            [
              106.3842496,
              52.7895178
            ],
            [
              106.3841534,
              52.7895724
            ],
            [
              106.3840274,
              52.7894913
            ]
          ]
        ]
      },
      "properties": {
        "id": "cfa53b2d-d4b9-44d7-840c-1e61a064b71c",
        "source_type": "osm",
        "height": "",
        "num_floors": "",
        "class": "",
        "name": ""
      }
    },
    {
      "type": "Feature",
      "geometry": {
        "type": "Polygon",
        "coordinates": [
          [
            [
              106.3845983,
              52.7889871
            ],
            [
              106.3847909,
              52.7888732
            ],
            [
              106.3850073,
              52.7890071
            ],
            [
              106.3848147,
              52.789121
            ],
            [
              106.3845983,
              52.7889871
            ]
          ]
        ]
      },
      "properties": {
        "id": "208a2c7e-307f-48da-bd07-89c23f6a2c38",
        "source_type": "osm",
        "height": "",
        "num_floors": "",
        "class": "",
        "name": ""
      }
    },
    {
      "type": "Feature",
      "geometry": {
        "type": "Polygon",
        "coordinates": [
          [
            [
              106.3894425,
              52.7893306
            ],
            [
              106.3893245,
              52.789389
            ],
            [
              106.3892383,
              52.7893253
            ],
            [
              106.3893563,
              52.7892669
            ],
            [
              106.3894425,
              52.7893306
            ]
          ]
        ]
      },
      "properties": {
        "id": "10f25ef6-755e-4019-8a00-2372f01cf635",
        "source_type": "osm",
        "height": "",
        "num_floors": "",
        "class": "",
        "name": ""
      }
    },
    {
      "type": "Feature",
      "geometry": {
        "type": "Polygon",
        "coordinates": [
          [
            [
              106.3849768,
              52.7891654
            ],
            [
              106.3850114,
              52.7891617
            ],
            [
              106.3850456,
              52.7891663
            ],
            [
              106.3850743,
              52.7891785
            ],
            [
              106.3850931,
              52.7891964
            ],
            [
              106.3850992,
              52.7892173
            ],
            [
              106.3850916,
              52.789238
            ],
            [
              106.3850715,
              52.7892553
            ],
            [
              106.3850419,
              52.7892667
            ],
            [
              106.3850074,
              52.7892704
            ],
            [
              106.3849731,
              52.7892658
            ],
            [
              106.3849444,
              52.7892536
            ],
            [
              106.3849256,
              52.7892357
            ],
            [
              106.3849195,
              52.7892148
            ],
            [
              106.3849271,
              52.7891941
            ],
            [
              106.3849472,
              52.7891768
            ],
            [
              106.3849768,
              52.7891654
            ]
          ]
        ]
      },
      "properties": {
        "id": "20df72b3-1322-40f5-ba5e-23cae1f0850f",
        "source_type": "osm",
        "height": "",
        "num_floors": "",
        "class": "",
        "name": ""
      }
    },
    {
      "type": "Feature",
      "geometry": {
        "type": "Polygon",
        "coordinates": [
          [
            [
              106.3887827,
              52.7894279
            ],
            [
              106.3888685,
              52.7894928
            ],
            [
              106.3887828,
              52.7895343
            ],
            [
              106.388697,
              52.7894694
            ],
            [
              106.3887827,
              52.7894279
            ]
          ]
        ]
      },
      "properties": {
        "id": "f916f515-5465-42d0-b2a8-d740cea3e9e1",
        "source_type": "osm",
        "height": "",
        "num_floors": "",
        "class": "",
        "name": ""
      }
    },
    {
      "type": "Feature",
      "geometry": {
        "type": "Polygon",
        "coordinates": [
          [
            [
              106.3970758,
              52.7944213
            ],
            [
              106.3969902,
              52.7944033
            ],
            [
              106.3970546,
              52.7942914
            ],
            [
              106.3971401,
              52.7943094
            ],
            [
              106.3970758,
              52.7944213
            ]
          ]
        ]
      },
      "properties": {
        "id": "43b0b195-91cc-4730-ad65-41e8c4da4d59",
        "source_type": "osm",
        "height": "",
        "num_floors": "",
        "class": "",
        "name": ""
      }
    },
    {
      "type": "Feature",
      "geometry": {
        "type": "Polygon",
        "coordinates": [
          [
            [
              106.3964392,
              52.7943498
            ],
            [
              106.3965182,
              52.794246
            ],
            [
              106.3967515,
              52.7943109
            ],
            [
              106.3966725,
              52.7944147
            ],
            [
              106.3964392,
              52.7943498
            ]
          ]
        ]
      },
      "properties": {
        "id": "306f3628-efe5-4820-9115-155945b12ce0",
        "source_type": "osm",
        "height": "",
        "num_floors": "",
        "class": "",
        "name": ""
      }
    },
    {
      "type": "Feature",
      "geometry": {
        "type": "Polygon",
        "coordinates": [
          [
            [
              106.3949537,
              52.7945908
            ],
            [
              106.3950376,
              52.794473
            ],
            [
              106.3955606,
              52.7946093
            ],
            [
              106.3954767,
              52.794727
            ],
            [
              106.3949537,
              52.7945908
            ]
          ]
        ]
      },
      "properties": {
        "id": "17507acd-0cd5-4b7a-9074-dd107bd91e03",
        "source_type": "osm",
        "height": "",
        "num_floors": "",
        "class": "",
        "name": ""
      }
    },
    {
      "type": "Feature",
      "geometry": {
        "type": "Polygon",
        "coordinates": [
          [
            [
              106.3955311,
              52.7946563
            ],
            [
              106.3958718,
              52.7947504
            ],
            [
              106.3958298,
              52.7948059
            ],
            [
              106.3954892,
              52.7947119
            ],
            [
              106.3955311,
              52.7946563
            ]
          ]
        ]
      },
      "properties": {
        "id": "20d4d09e-1c86-48e7-98fe-697a37355d1f",
        "source_type": "osm",
        "height": "",
        "num_floors": "",
        "class": "",
        "name": ""
      }
    },
    {
      "type": "Feature",
      "geometry": {
        "type": "Polygon",
        "coordinates": [
          [
            [
              106.3968097,
              52.7947291
            ],
            [
              106.3967167,
              52.7946985
            ],
            [
              106.3969688,
              52.7944179
            ],
            [
              106.3970619,
              52.7944485
            ],
            [
              106.3968097,
              52.7947291
            ]
          ]
        ]
      },
      "properties": {
        "id": "b0bfc8c9-d90a-48ff-8539-972ffcb0cad3",
        "source_type": "osm",
        "height": "",
        "num_floors": "",
        "class": "",
        "name": ""
      }
    },
    {
      "type": "Feature",
      "geometry": {
        "type": "Polygon",
        "coordinates": [
          [
            [
              106.3995201,
              52.7947875
            ],
            [
              106.3994036,
              52.7947556
            ],
            [
              106.399471,
              52.7946656
            ],
            [
              106.3995875,
              52.7946975
            ],
            [
              106.3995201,
              52.7947875
            ]
          ]
        ]
      },
      "properties": {
        "id": "0726a0b2-6445-4e05-afb8-c798de1944a6",
        "source_type": "osm",
        "height": "",
        "num_floors": "",
        "class": "",
        "name": ""
      }
    },
    {
      "type": "Feature",
      "geometry": {
        "type": "Polygon",
        "coordinates": [
          [
            [
              106.4035536,
              52.794512
            ],
            [
              106.4034088,
              52.7944698
            ],
            [
              106.4034826,
              52.794377
            ],
            [
              106.4036275,
              52.7944192
            ],
            [
              106.4035536,
              52.794512
            ]
          ]
        ]
      },
      "properties": {
        "id": "882b6bfc-76ed-4b0e-a01a-8afa54e8dcad",
        "source_type": "osm",
        "height": "",
        "num_floors": "",
        "class": "",
        "name": ""
      }
    },
    {
      "type": "Feature",
      "geometry": {
        "type": "Polygon",
        "coordinates": [
          [
            [
              106.4012897,
              52.794659
            ],
            [
              106.4013488,
              52.7945444
            ],
            [
              106.401727,
              52.7946158
            ],
            [
              106.4016679,
              52.7947304
            ],
            [
              106.4012897,
              52.794659
            ]
          ]
        ]
      },
      "properties": {
        "id": "8176eb4f-f83a-4c49-bc5f-5fa22f01c889",
        "source_type": "osm",
        "height": "",
        "num_floors": "",
        "class": "",
        "name": ""
      }
    },
    {
      "type": "Feature",
      "geometry": {
        "type": "Polygon",
        "coordinates": [
          [
            [
              106.4028135,
              52.7946438
            ],
            [
              106.4024968,
              52.7950093
            ],
            [
              106.4023232,
              52.7949544
            ],
            [
              106.4026399,
              52.7945888
            ],
            [
              106.4028135,
              52.7946438
            ]
          ]
        ]
      },
      "properties": {
        "id": "d3b550f5-9cfe-4ccb-9bd7-6383c021afd4",
        "source_type": "osm",
        "height": "",
        "num_floors": "",
        "class": "",
        "name": ""
      }
    },
    {
      "type": "Feature",
      "geometry": {
        "type": "Polygon",
        "coordinates": [
          [
            [
              106.4036281,
              52.7948551
            ],
            [
              106.4037112,
              52.7947473
            ],
            [
              106.4043076,
              52.7949154
            ],
            [
              106.4042245,
              52.7950232
            ],
            [
              106.4036281,
              52.7948551
            ]
          ]
        ]
      },
      "properties": {
        "id": "75d81c02-135a-4a55-b12f-4757e9df550e",
        "source_type": "osm",
        "height": "",
        "num_floors": "",
        "class": "",
        "name": ""
      }
    },
    {
      "type": "Feature",
      "geometry": {
        "type": "Polygon",
        "coordinates": [
          [
            [
              106.4034517,
              52.7951056
            ],
            [
              106.4028589,
              52.7949288
            ],
            [
              106.4029162,
              52.7948585
            ],
            [
              106.403509,
              52.7950353
            ],
            [
              106.4034517,
              52.7951056
            ]
          ]
        ]
      },
      "properties": {
        "id": "10d885b3-2918-4314-a71b-047966cb0f56",
        "source_type": "osm",
        "height": "",
        "num_floors": "",
        "class": "",
        "name": ""
      }
    },
    {
      "type": "Feature",
      "geometry": {
        "type": "Polygon",
        "coordinates": [
          [
            [
              106.4018324,
              52.7950756
            ],
            [
              106.4017377,
              52.7951816
            ],
            [
              106.4016797,
              52.7951626
            ],
            [
              106.4017744,
              52.7950566
            ],
            [
              106.4018324,
              52.7950756
            ]
          ]
        ]
      },
      "properties": {
        "id": "1c6239c0-1eff-4660-b435-758bdf5fd366",
        "source_type": "osm",
        "height": "",
        "num_floors": "",
        "class": "",
        "name": ""
      }
    },
    {
      "type": "Feature",
      "geometry": {
        "type": "Polygon",
        "coordinates": [
          [
            [
              106.3986255,
              52.7948339
            ],
            [
              106.3986773,
              52.7947706
            ],
            [
              106.3989536,
              52.7948534
            ],
            [
              106.3988818,
              52.7949411
            ],
            [
              106.3987855,
              52.7949123
            ],
            [
              106.3988055,
              52.7948878
            ],
            [
              106.3986255,
              52.7948339
            ]
          ]
        ]
      },
      "properties": {
        "id": "27c949dc-efc3-4e6f-b966-10c119686abf",
        "source_type": "osm",
        "height": "",
        "num_floors": "",
        "class": "",
        "name": ""
      }
    },
    {
      "type": "Feature",
      "geometry": {
        "type": "Polygon",
        "coordinates": [
          [
            [
              106.3964571,
              52.7948429
            ],
            [
              106.3965262,
              52.7947682
            ],
            [
              106.3967515,
              52.7948444
            ],
            [
              106.3966825,
              52.7949191
            ],
            [
              106.3964571,
              52.7948429
            ]
          ]
        ]
      },
      "properties": {
        "id": "ead62e31-0eb2-4202-8e77-b5601d8e1c02",
        "source_type": "osm",
        "height": "",
        "num_floors": "",
        "class": "",
        "name": ""
      }
    },
    {
      "type": "Feature",
      "geometry": {
        "type": "Polygon",
        "coordinates": [
          [
            [
              106.3947254,
              52.7948315
            ],
            [
              106.394764,
              52.7947763
            ],
            [
              106.3951127,
              52.7948655
            ],
            [
              106.3950741,
              52.7949207
            ],
            [
              106.3947254,
              52.7948315
            ]
          ]
        ]
      },
      "properties": {
        "id": "25edd45f-a27a-499e-8585-de22aa652680",
        "source_type": "osm",
        "height": "",
        "num_floors": "",
        "class": "",
        "name": ""
      }
    },
    {
      "type": "Feature",
      "geometry": {
        "type": "Polygon",
        "coordinates": [
          [
            [
              106.3967539,
              52.7950059
            ],
            [
              106.3968078,
              52.7949515
            ],
            [
              106.3969255,
              52.7949942
            ],
            [
              106.397009,
              52.7950245
            ],
            [
              106.3969551,
              52.7950788
            ],
            [
              106.3967539,
              52.7950059
            ]
          ]
        ]
      },
      "properties": {
        "id": "0f578243-7da2-42b1-9d83-709c1921fcf3",
        "source_type": "osm",
        "height": "",
        "num_floors": "",
        "class": "",
        "name": ""
      }
    },
    {
      "type": "Feature",
      "geometry": {
        "type": "Polygon",
        "coordinates": [
          [
            [
              106.3958586,
              52.7950564
            ],
            [
              106.3959442,
              52.7949564
            ],
            [
              106.3964887,
              52.7951266
            ],
            [
              106.3964031,
              52.7952267
            ],
            [
              106.3958586,
              52.7950564
            ]
          ]
        ]
      },
      "properties": {
        "id": "762a6fc4-94b8-4229-9d10-747f11984175",
        "source_type": "osm",
        "height": "",
        "num_floors": "",
        "class": "",
        "name": ""
      }
    },
    {
      "type": "Feature",
      "geometry": {
        "type": "Polygon",
        "coordinates": [
          [
            [
              106.3969902,
              52.7951607
            ],
            [
              106.3968883,
              52.7952759
            ],
            [
              106.3967129,
              52.7952191
            ],
            [
              106.3968148,
              52.7951039
            ],
            [
              106.3969902,
              52.7951607
            ]
          ]
        ]
      },
      "properties": {
        "id": "9eaacaad-3697-4ae4-8d95-8093193351f2",
        "source_type": "osm",
        "height": "",
        "num_floors": "",
        "class": "",
        "name": ""
      }
    },
    {
      "type": "Feature",
      "geometry": {
        "type": "Polygon",
        "coordinates": [
          [
            [
              106.4014372,
              52.7957509
            ],
            [
              106.4013514,
              52.795853
            ],
            [
              106.4012563,
              52.7958238
            ],
            [
              106.4013422,
              52.7957217
            ],
            [
              106.4014372,
              52.7957509
            ]
          ]
        ]
      },
      "properties": {
        "id": "c6fb3beb-2735-45a3-b3e3-ca599075a7c8",
        "source_type": "osm",
        "height": "",
        "num_floors": "",
        "class": "",
        "name": ""
      }
    },
    {
      "type": "Feature",
      "geometry": {
        "type": "Polygon",
        "coordinates": [
          [
            [
              106.4020416,
              52.7959021
            ],
            [
              106.4018742,
              52.7958445
            ],
            [
              106.4019292,
              52.7957861
            ],
            [
              106.4020965,
              52.7958437
            ],
            [
              106.4020416,
              52.7959021
            ]
          ]
        ]
      },
      "properties": {
        "id": "81cb92ed-d9f2-4549-a4f9-16b8cd80c1f5",
        "source_type": "osm",
        "height": "",
        "num_floors": "",
        "class": "",
        "name": "Wildberries"
      }
    },
    {
      "type": "Feature",
      "geometry": {
        "type": "Polygon",
        "coordinates": [
          [
            [
              106.401527,
              52.79608
            ],
            [
              106.4013809,
              52.7960347
            ],
            [
              106.4014882,
              52.7959082
            ],
            [
              106.4016343,
              52.7959535
            ],
            [
              106.401527,
              52.79608
            ]
          ]
        ]
      },
      "properties": {
        "id": "63bdfbd8-510b-4513-a0bc-293beb953abd",
        "source_type": "osm",
        "height": "",
        "num_floors": "",
        "class": "",
        "name": ""
      }
    },
    {
      "type": "Feature",
      "geometry": {
        "type": "Polygon",
        "coordinates": [
          [
            [
              106.401034,
              52.7960858
            ],
            [
              106.4009035,
              52.796046
            ],
            [
              106.401059,
              52.7958595
            ],
            [
              106.4011896,
              52.7958993
            ],
            [
              106.401034,
              52.7960858
            ]
          ]
        ]
      },
      "properties": {
        "id": "2758b930-7909-45a9-8c72-52ebb5e69cc9",
        "source_type": "osm",
        "height": "",
        "num_floors": "",
        "class": "",
        "name": ""
      }
    },
    {
      "type": "Feature",
      "geometry": {
        "type": "Polygon",
        "coordinates": [
          [
            [
              106.4033531,
              52.7959969
            ],
            [
              106.4032156,
              52.795957
            ],
            [
              106.40328,
              52.7958759
            ],
            [
              106.4034174,
              52.7959158
            ],
            [
              106.4033531,
              52.7959969
            ]
          ]
        ]
      },
      "properties": {
        "id": "6a012a4b-d15e-44fd-846b-85d18cdbf58b",
        "source_type": "osm",
        "height": "",
        "num_floors": "",
        "class": "",
        "name": ""
      }
    },
    {
      "type": "Feature",
      "geometry": {
        "type": "Polygon",
        "coordinates": [
          [
            [
              106.4036052,
              52.796082
            ],
            [
              106.40351,
              52.7960497
            ],
            [
              106.4035778,
              52.7959766
            ],
            [
              106.403673,
              52.7960089
            ],
            [
              106.4036052,
              52.796082
            ]
          ]
        ]
      },
      "properties": {
        "id": "8847488e-50f5-49f3-a1d0-bff063bd4df6",
        "source_type": "osm",
        "height": "",
        "num_floors": "",
        "class": "",
        "name": ""
      }
    },
    {
      "type": "Feature",
      "geometry": {
        "type": "Polygon",
        "coordinates": [
          [
            [
              106.4031906,
              52.7959535
            ],
            [
              106.4028348,
              52.7958386
            ],
            [
              106.4030038,
              52.7956473
            ],
            [
              106.4031276,
              52.7956872
            ],
            [
              106.4030141,
              52.7958158
            ],
            [
              106.4032461,
              52.7958907
            ],
            [
              106.4031906,
              52.7959535
            ]
          ]
        ]
      },
      "properties": {
        "id": "5e6ffad4-b458-41f2-bd89-74646e659e09",
        "source_type": "osm",
        "height": "",
        "num_floors": "",
        "class": "",
        "name": ""
      }
    },
    {
      "type": "Feature",
      "geometry": {
        "type": "Polygon",
        "coordinates": [
          [
            [
              106.4022289,
              52.7956395
            ],
            [
              106.4022983,
              52.7955581
            ],
            [
              106.4026577,
              52.79567
            ],
            [
              106.4025884,
              52.7957514
            ],
            [
              106.4022289,
              52.7956395
            ]
          ]
        ]
      },
      "properties": {
        "id": "6cfde421-d294-46fe-8c7d-e1d9bb7bab18",
        "source_type": "osm",
        "height": "",
        "num_floors": "1",
        "class": "church",
        "name": "Храм Рождества Христова"
      }
    },
    {
      "type": "Feature",
      "geometry": {
        "type": "Polygon",
        "coordinates": [
          [
            [
              106.4035317,
              52.795664
            ],
            [
              106.4035777,
              52.7956116
            ],
            [
              106.4037038,
              52.7956521
            ],
            [
              106.4036577,
              52.7957045
            ],
            [
              106.4035317,
              52.795664
            ]
          ]
        ]
      },
      "properties": {
        "id": "5c76ea1b-e85c-4fbe-bb20-d5e5aa190b55",
        "source_type": "osm",
        "height": "",
        "num_floors": "",
        "class": "",
        "name": ""
      }
    },
    {
      "type": "Feature",
      "geometry": {
        "type": "Polygon",
        "coordinates": [
          [
            [
              106.4040286,
              52.7956468
            ],
            [
              106.4041974,
              52.7954461
            ],
            [
              106.4045139,
              52.7955434
            ],
            [
              106.4043451,
              52.7957441
            ],
            [
              106.4040286,
              52.7956468
            ]
          ]
        ]
      },
      "properties": {
        "id": "1de0d106-7ab9-41f3-9360-ba1cc60560ec",
        "source_type": "osm",
        "height": "",
        "num_floors": "",
        "class": "",
        "name": ""
      }
    },
    {
      "type": "Feature",
      "geometry": {
        "type": "Polygon",
        "coordinates": [
          [
            [
              106.4037639,
              52.7954822
            ],
            [
              106.4038299,
              52.7954024
            ],
            [
              106.4040015,
              52.7954543
            ],
            [
              106.4039355,
              52.7955341
            ],
            [
              106.4037639,
              52.7954822
            ]
          ]
        ]
      },
      "properties": {
        "id": "439ed7e4-1929-4dfa-82f2-23bb6e1d09aa",
        "source_type": "osm",
        "height": "",
        "num_floors": "",
        "class": "",
        "name": ""
      }
    },
    {
      "type": "Feature",
      "geometry": {
        "type": "Polygon",
        "coordinates": [
          [
            [
              106.4030516,
              52.7954417
            ],
            [
              106.4031218,
              52.7953602
            ],
            [
              106.4035027,
              52.7954802
            ],
            [
              106.4034324,
              52.7955617
            ],
            [
              106.4030516,
              52.7954417
            ]
          ]
        ]
      },
      "properties": {
        "id": "db01a4ee-a54b-4f42-8664-2d36e7be2ca7",
        "source_type": "osm",
        "height": "",
        "num_floors": "",
        "class": "",
        "name": ""
      }
    },
    {
      "type": "Feature",
      "geometry": {
        "type": "Polygon",
        "coordinates": [
          [
            [
              106.4018941,
              52.7955577
            ],
            [
              106.4019717,
              52.7954563
            ],
            [
              106.402254,
              52.7955354
            ],
            [
              106.4021763,
              52.7956369
            ],
            [
              106.4018941,
              52.7955577
            ]
          ]
        ]
      },
      "properties": {
        "id": "ec98b18f-c729-4b8d-8638-e4ea4437e2e1",
        "source_type": "osm",
        "height": "",
        "num_floors": "",
        "class": "",
        "name": ""
      }
    },
    {
      "type": "Feature",
      "geometry": {
        "type": "Polygon",
        "coordinates": [
          [
            [
              106.4003885,
              52.7957431
            ],
            [
              106.4002517,
              52.7957087
            ],
            [
              106.4003912,
              52.795506
            ],
            [
              106.4005279,
              52.7955404
            ],
            [
              106.4003885,
              52.7957431
            ]
          ]
        ]
      },
      "properties": {
        "id": "bd3feee7-215d-4a4c-9763-98295a970e50",
        "source_type": "osm",
        "height": "",
        "num_floors": "",
        "class": "",
        "name": ""
      }
    },
    {
      "type": "Feature",
      "geometry": {
        "type": "Polygon",
        "coordinates": [
          [
            [
              106.4019201,
              52.795331
            ],
            [
              106.4018477,
              52.7954137
            ],
            [
              106.4016963,
              52.7953652
            ],
            [
              106.4017687,
              52.7952825
            ],
            [
              106.4019201,
              52.795331
            ]
          ]
        ]
      },
      "properties": {
        "id": "69951ef0-2907-4126-b870-f74f505cc5b7",
        "source_type": "osm",
        "height": "",
        "num_floors": "",
        "class": "",
        "name": ""
      }
    },
    {
      "type": "Feature",
      "geometry": {
        "type": "Polygon",
        "coordinates": [
          [
            [
              106.4012709,
              52.7953181
            ],
            [
              106.4011191,
              52.7952739
            ],
            [
              106.4011706,
              52.7952092
            ],
            [
              106.4013224,
              52.7952534
            ],
            [
              106.4012709,
              52.7953181
            ]
          ]
        ]
      },
      "properties": {
        "id": "6d072291-c9bd-47cf-903b-487f379956f0",
        "source_type": "osm",
        "height": "",
        "num_floors": "",
        "class": "",
        "name": ""
      }
    },
    {
      "type": "Feature",
      "geometry": {
        "type": "Polygon",
        "coordinates": [
          [
            [
              106.4029507,
              52.7952282
            ],
            [
              106.4030118,
              52.7951575
            ],
            [
              106.4036019,
              52.795344
            ],
            [
              106.4035408,
              52.7954147
            ],
            [
              106.4029507,
              52.7952282
            ]
          ]
        ]
      },
      "properties": {
        "id": "c0e439d2-13fe-470c-a2dc-0c595adc0148",
        "source_type": "osm",
        "height": "",
        "num_floors": "",
        "class": "",
        "name": ""
      }
    },
    {
      "type": "Feature",
      "geometry": {
        "type": "Polygon",
        "coordinates": [
          [
            [
              106.4028133,
              52.7952693
            ],
            [
              106.4026738,
              52.7954056
            ],
            [
              106.4025009,
              52.7953408
            ],
            [
              106.4026403,
              52.7952046
            ],
            [
              106.4028133,
              52.7952693
            ]
          ]
        ]
      },
      "properties": {
        "id": "f2ddb836-fcd4-400d-b217-6834b1415634",
        "source_type": "osm",
        "height": "",
        "num_floors": "",
        "class": "",
        "name": ""
      }
    },
    {
      "type": "Feature",
      "geometry": {
        "type": "Polygon",
        "coordinates": [
          [
            [
              106.4045815,
              52.7953442
            ],
            [
              106.4046346,
              52.7952791
            ],
            [
              106.4048304,
              52.7953375
            ],
            [
              106.4047773,
              52.7954026
            ],
            [
              106.4045815,
              52.7953442
            ]
          ]
        ]
      },
      "properties": {
        "id": "61007d16-5ffa-4911-96f4-2eeede464e90",
        "source_type": "osm",
        "height": "",
        "num_floors": "",
        "class": "",
        "name": ""
      }
    },
    {
      "type": "Feature",
      "geometry": {
        "type": "Polygon",
        "coordinates": [
          [
            [
              106.4048488,
              52.7957119
            ],
            [
              106.4046693,
              52.79566
            ],
            [
              106.4047578,
              52.7955481
            ],
            [
              106.4049373,
              52.7956
            ],
            [
              106.4048488,
              52.7957119
            ]
          ]
        ]
      },
      "properties": {
        "id": "5739e8cc-5cdf-46f9-b1c4-c99c0e5f21e8",
        "source_type": "osm",
        "height": "",
        "num_floors": "",
        "class": "",
        "name": ""
      }
    },
    {
      "type": "Feature",
      "geometry": {
        "type": "Polygon",
        "coordinates": [
          [
            [
              106.4058226,
              52.7959909
            ],
            [
              106.4055759,
              52.795926
            ],
            [
              106.4056478,
              52.795826
            ],
            [
              106.4058945,
              52.7958909
            ],
            [
              106.4058226,
              52.7959909
            ]
          ]
        ]
      },
      "properties": {
        "id": "fd555b0c-b430-4f75-9af4-b285def9ce21",
        "source_type": "osm",
        "height": "",
        "num_floors": "",
        "class": "",
        "name": ""
      }
    },
    {
      "type": "Feature",
      "geometry": {
        "type": "Polygon",
        "coordinates": [
          [
            [
              106.4063698,
              52.796132
            ],
            [
              106.4061391,
              52.7960687
            ],
            [
              106.4062086,
              52.7959761
            ],
            [
              106.4064393,
              52.7960393
            ],
            [
              106.4063698,
              52.796132
            ]
          ]
        ]
      },
      "properties": {
        "id": "ad26c32a-b9e6-4b34-b258-40c98fd38f63",
        "source_type": "osm",
        "height": "",
        "num_floors": "",
        "class": "",
        "name": ""
      }
    },
    {
      "type": "Feature",
      "geometry": {
        "type": "Polygon",
        "coordinates": [
          [
            [
              106.4049886,
              52.7952693
            ],
            [
              106.4046238,
              52.7951704
            ],
            [
              106.4047125,
              52.7950509
            ],
            [
              106.4050773,
              52.7951498
            ],
            [
              106.4049886,
              52.7952693
            ]
          ]
        ]
      },
      "properties": {
        "id": "0533a642-14ae-44f2-a22a-0b8e1452692a",
        "source_type": "osm",
        "height": "",
        "num_floors": "",
        "class": "",
        "name": ""
      }
    },
    {
      "type": "Feature",
      "geometry": {
        "type": "Polygon",
        "coordinates": [
          [
            [
              106.4160949,
              52.7981769
            ],
            [
              106.4161546,
              52.7981083
            ],
            [
              106.4163075,
              52.798157
            ],
            [
              106.4162478,
              52.7982255
            ],
            [
              106.4160949,
              52.7981769
            ]
          ]
        ]
      },
      "properties": {
        "id": "e5202bb6-5f25-42ec-8b29-9608a0df562c",
        "source_type": "osm",
        "height": "",
        "num_floors": "",
        "class": "",
        "name": ""
      }
    },
    {
      "type": "Feature",
      "geometry": {
        "type": "Polygon",
        "coordinates": [
          [
            [
              106.4154251,
              52.7977612
            ],
            [
              106.4150764,
              52.7976639
            ],
            [
              106.415155,
              52.797561
            ],
            [
              106.4155036,
              52.7976583
            ],
            [
              106.4154251,
              52.7977612
            ]
          ]
        ]
      },
      "properties": {
        "id": "4d0bbaff-1adf-47d5-8677-b8758d7a216f",
        "source_type": "osm",
        "height": "",
        "num_floors": "",
        "class": "",
        "name": ""
      }
    },
    {
      "type": "Feature",
      "geometry": {
        "type": "Polygon",
        "coordinates": [
          [
            [
              106.4145666,
              52.7977269
            ],
            [
              106.4146231,
              52.7976542
            ],
            [
              106.4148001,
              52.7977045
            ],
            [
              106.4147436,
              52.7977772
            ],
            [
              106.4145666,
              52.7977269
            ]
          ]
        ]
      },
      "properties": {
        "id": "1b1d7e9f-d870-458c-93fa-485f51a65415",
        "source_type": "osm",
        "height": "",
        "num_floors": "",
        "class": "",
        "name": ""
      }
    },
    {
      "type": "Feature",
      "geometry": {
        "type": "Polygon",
        "coordinates": [
          [
            [
              106.4141705,
              52.7976172
            ],
            [
              106.4142261,
              52.7975488
            ],
            [
              106.4143897,
              52.7975975
            ],
            [
              106.4143341,
              52.7976659
            ],
            [
              106.4141705,
              52.7976172
            ]
          ]
        ]
      },
      "properties": {
        "id": "ea128f07-33e2-4154-b827-51fa4554deba",
        "source_type": "osm",
        "height": "",
        "num_floors": "",
        "class": "",
        "name": ""
      }
    },
    {
      "type": "Feature",
      "geometry": {
        "type": "Polygon",
        "coordinates": [
          [
            [
              106.4131854,
              52.7975423
            ],
            [
              106.4129387,
              52.7975115
            ],
            [
              106.4129765,
              52.7974006
            ],
            [
              106.4132233,
              52.7974314
            ],
            [
              106.4131854,
              52.7975423
            ]
          ]
        ]
      },
      "properties": {
        "id": "df530ddd-27f6-4b01-8e2c-d1024c14ec7a",
        "source_type": "osm",
        "height": "",
        "num_floors": "",
        "class": "",
        "name": ""
      }
    },
    {
      "type": "Feature",
      "geometry": {
        "type": "Polygon",
        "coordinates": [
          [
            [
              106.4133986,
              52.7975749
            ],
            [
              106.4134349,
              52.7974872
            ],
            [
              106.413746,
              52.7975342
            ],
            [
              106.4137097,
              52.797622
            ],
            [
              106.4133986,
              52.7975749
            ]
          ]
        ]
      },
      "properties": {
        "id": "6f3db61c-d2a3-4440-8dca-a92334734fb4",
        "source_type": "osm",
        "height": "",
        "num_floors": "",
        "class": "",
        "name": ""
      }
    },
    {
      "type": "Feature",
      "geometry": {
        "type": "Polygon",
        "coordinates": [
          [
            [
              106.4071048,
              52.7975285
            ],
            [
              106.4069989,
              52.7976526
            ],
            [
              106.4068701,
              52.7976124
            ],
            [
              106.4069761,
              52.7974883
            ],
            [
              106.4071048,
              52.7975285
            ]
          ]
        ]
      },
      "properties": {
        "id": "5895f03d-14a8-4d3b-9604-414894a13580",
        "source_type": "osm",
        "height": "",
        "num_floors": "",
        "class": "",
        "name": ""
      }
    },
    {
      "type": "Feature",
      "geometry": {
        "type": "Polygon",
        "coordinates": [
          [
            [
              106.4078559,
              52.7975399
            ],
            [
              106.4076091,
              52.7974669
            ],
            [
              106.4076621,
              52.7974014
            ],
            [
              106.4077755,
              52.7974349
            ],
            [
              106.4078003,
              52.7974044
            ],
            [
              106.4079336,
              52.7974438
            ],
            [
              106.4078559,
              52.7975399
            ]
          ]
        ]
      },
      "properties": {
        "id": "24f89464-994c-4c68-b193-2b3859bd8769",
        "source_type": "osm",
        "height": "",
        "num_floors": "",
        "class": "",
        "name": ""
      }
    },
    {
      "type": "Feature",
      "geometry": {
        "type": "Polygon",
        "coordinates": [
          [
            [
              106.4085452,
              52.7977442
            ],
            [
              106.4079685,
              52.7975739
            ],
            [
              106.4080641,
              52.7974556
            ],
            [
              106.4086408,
              52.7976259
            ],
            [
              106.4085452,
              52.7977442
            ]
          ]
        ]
      },
      "properties": {
        "id": "05348aaa-5302-48bf-b68a-2f6c9d009236",
        "source_type": "osm",
        "height": "",
        "num_floors": "",
        "class": "",
        "name": ""
      }
    },
    {
      "type": "Feature",
      "geometry": {
        "type": "Polygon",
        "coordinates": [
          [
            [
              106.4088571,
              52.7974091
            ],
            [
              106.4087025,
              52.7973961
            ],
            [
              106.4087216,
              52.7973132
            ],
            [
              106.4088762,
              52.7973262
            ],
            [
              106.4088571,
              52.7974091
            ]
          ]
        ]
      },
      "properties": {
        "id": "c98e6ea8-56d2-4093-90a6-b06846dc8a16",
        "source_type": "osm",
        "height": "",
        "num_floors": "",
        "class": "",
        "name": ""
      }
    },
    {
      "type": "Feature",
      "geometry": {
        "type": "Polygon",
        "coordinates": [
          [
            [
              106.4074938,
              52.7972172
            ],
            [
              106.4073999,
              52.7973664
            ],
            [
              106.4072019,
              52.7973208
            ],
            [
              106.4072958,
              52.7971716
            ],
            [
              106.4074938,
              52.7972172
            ]
          ]
        ]
      },
      "properties": {
        "id": "3c4007cd-8405-43b0-9e86-30ebba5df826",
        "source_type": "osm",
        "height": "",
        "num_floors": "",
        "class": "",
        "name": ""
      }
    },
    {
      "type": "Feature",
      "geometry": {
        "type": "Polygon",
        "coordinates": [
          [
            [
              106.4097711,
              52.7972222
            ],
            [
              106.4097978,
              52.797145
            ],
            [
              106.4100928,
              52.7971823
            ],
            [
              106.4100661,
              52.7972595
            ],
            [
              106.4097711,
              52.7972222
            ]
          ]
        ]
      },
      "properties": {
        "id": "842cb498-ffbc-4edb-bbea-e5fa4985b0b6",
        "source_type": "osm",
        "height": "",
        "num_floors": "",
        "class": "",
        "name": ""
      }
    },
    {
      "type": "Feature",
      "geometry": {
        "type": "Polygon",
        "coordinates": [
          [
            [
              106.4124428,
              52.7973656
            ],
            [
              106.4124827,
              52.7972812
            ],
            [
              106.412708,
              52.7973201
            ],
            [
              106.4126681,
              52.7974045
            ],
            [
              106.4124428,
              52.7973656
            ]
          ]
        ]
      },
      "properties": {
        "id": "9279ea59-61b1-4c28-8729-66f2b4af09f8",
        "source_type": "osm",
        "height": "",
        "num_floors": "",
        "class": "",
        "name": ""
      }
    },
    {
      "type": "Feature",
      "geometry": {
        "type": "Polygon",
        "coordinates": [
          [
            [
              106.4138747,
              52.797278
            ],
            [
              106.4137084,
              52.7972326
            ],
            [
              106.4137539,
              52.7971718
            ],
            [
              106.4139201,
              52.7972172
            ],
            [
              106.4138747,
              52.797278
            ]
          ]
        ]
      },
      "properties": {
        "id": "d1dd6e2d-2e24-4b7d-a980-7e0cc83b1820",
        "source_type": "osm",
        "height": "",
        "num_floors": "",
        "class": "",
        "name": ""
      }
    },
    {
      "type": "Feature",
      "geometry": {
        "type": "Polygon",
        "coordinates": [
          [
            [
              106.4091628,
              52.7965257
            ],
            [
              106.4089609,
              52.7964766
            ],
            [
              106.4090029,
              52.7964135
            ],
            [
              106.4092048,
              52.7964626
            ],
            [
              106.4091628,
              52.7965257
            ]
          ]
        ]
      },
      "properties": {
        "id": "83395c6b-24a8-4be1-8b02-afca115faf8c",
        "source_type": "osm",
        "height": "",
        "num_floors": "",
        "class": "",
        "name": ""
      }
    },
    {
      "type": "Feature",
      "geometry": {
        "type": "Polygon",
        "coordinates": [
          [
            [
              106.4086635,
              52.7964138
            ],
            [
              106.4084588,
              52.7963673
            ],
            [
              106.4085065,
              52.7962905
            ],
            [
              106.4087112,
              52.796337
            ],
            [
              106.4086635,
              52.7964138
            ]
          ]
        ]
      },
      "properties": {
        "id": "22360054-99ce-44a9-8354-5e8fb018050c",
        "source_type": "osm",
        "height": "",
        "num_floors": "",
        "class": "",
        "name": ""
      }
    },
    {
      "type": "Feature",
      "geometry": {
        "type": "Polygon",
        "coordinates": [
          [
            [
              106.408178,
              52.7962768
            ],
            [
              106.4079731,
              52.7962353
            ],
            [
              106.4080015,
              52.796184
            ],
            [
              106.4082064,
              52.7962255
            ],
            [
              106.408178,
              52.7962768
            ]
          ]
        ]
      },
      "properties": {
        "id": "e2af5105-462d-491a-bbdc-6638c43b94b8",
        "source_type": "osm",
        "height": "",
        "num_floors": "",
        "class": "",
        "name": ""
      }
    },
    {
      "type": "Feature",
      "geometry": {
        "type": "Polygon",
        "coordinates": [
          [
            [
              106.4049504,
              52.796427
            ],
            [
              106.4048914,
              52.7964959
            ],
            [
              106.404811,
              52.7964707
            ],
            [
              106.4048699,
              52.7964018
            ],
            [
              106.4049504,
              52.796427
            ]
          ]
        ]
      },
      "properties": {
        "id": "8ad5362c-5fc5-4ee2-a5a5-57b76ba3f99a",
        "source_type": "osm",
        "height": "",
        "num_floors": "",
        "class": "",
        "name": ""
      }
    },
    {
      "type": "Feature",
      "geometry": {
        "type": "Polygon",
        "coordinates": [
          [
            [
              106.4052154,
              52.7965144
            ],
            [
              106.4051725,
              52.7965714
            ],
            [
              106.4050414,
              52.7965354
            ],
            [
              106.4050843,
              52.7964784
            ],
            [
              106.4052154,
              52.7965144
            ]
          ]
        ]
      },
      "properties": {
        "id": "6b01e641-8779-4573-9a2f-83d70e195be3",
        "source_type": "osm",
        "height": "",
        "num_floors": "",
        "class": "",
        "name": ""
      }
    },
    {
      "type": "Feature",
      "geometry": {
        "type": "Polygon",
        "coordinates": [
          [
            [
              106.405534,
              52.7966099
            ],
            [
              106.4054863,
              52.7966669
            ],
            [
              106.405374,
              52.7966325
            ],
            [
              106.4054217,
              52.7965755
            ],
            [
              106.405534,
              52.7966099
            ]
          ]
        ]
      },
      "properties": {
        "id": "86a295e3-724a-4335-a906-5a4ac1cb96ee",
        "source_type": "osm",
        "height": "",
        "num_floors": "",
        "class": "",
        "name": ""
      }
    },
    {
      "type": "Feature",
      "geometry": {
        "type": "Polygon",
        "coordinates": [
          [
            [
              106.4096968,
              52.7966336
            ],
            [
              106.4094938,
              52.7965856
            ],
            [
              106.4095283,
              52.7965321
            ],
            [
              106.4097313,
              52.7965801
            ],
            [
              106.4096968,
              52.7966336
            ]
          ]
        ]
      },
      "properties": {
        "id": "e9ab69ce-ec02-4b74-9f47-bf3aeb257afb",
        "source_type": "osm",
        "height": "",
        "num_floors": "",
        "class": "",
        "name": ""
      }
    },
    {
      "type": "Feature",
      "geometry": {
        "type": "Polygon",
        "coordinates": [
          [
            [
              106.4077513,
              52.796926
            ],
            [
              106.4077218,
              52.7970006
            ],
            [
              106.407616,
              52.7969854
            ],
            [
              106.4076455,
              52.7969108
            ],
            [
              106.4077513,
              52.796926
            ]
          ]
        ]
      },
      "properties": {
        "id": "0a295376-4a13-470b-bd40-3a344e047a4a",
        "source_type": "osm",
        "height": "",
        "num_floors": "",
        "class": "",
        "name": ""
      }
    },
    {
      "type": "Feature",
      "geometry": {
        "type": "Polygon",
        "coordinates": [
          [
            [
              106.4063003,
              52.7969141
            ],
            [
              106.4063431,
              52.7968514
            ],
            [
              106.4064665,
              52.7968823
            ],
            [
              106.4064236,
              52.796945
            ],
            [
              106.4063003,
              52.7969141
            ]
          ]
        ]
      },
      "properties": {
        "id": "536c85fd-323f-455d-bc71-f8d1edcf0e4f",
        "source_type": "osm",
        "height": "",
        "num_floors": "",
        "class": "",
        "name": ""
      }
    },
    {
      "type": "Feature",
      "geometry": {
        "type": "Polygon",
        "coordinates": [
          [
            [
              106.4071847,
              52.796928
            ],
            [
              106.4072041,
              52.7968628
            ],
            [
              106.4073382,
              52.7968774
            ],
            [
              106.4073188,
              52.7969426
            ],
            [
              106.4071847,
              52.796928
            ]
          ]
        ]
      },
      "properties": {
        "id": "80147bbb-cb35-4105-b782-b195625dba7a",
        "source_type": "osm",
        "height": "",
        "num_floors": "",
        "class": "",
        "name": ""
      }
    },
    {
      "type": "Feature",
      "geometry": {
        "type": "Polygon",
        "coordinates": [
          [
            [
              106.4067349,
              52.7968826
            ],
            [
              106.4067535,
              52.7968206
            ],
            [
              106.406901,
              52.7968368
            ],
            [
              106.4068824,
              52.7968988
            ],
            [
              106.4067349,
              52.7968826
            ]
          ]
        ]
      },
      "properties": {
        "id": "8b9a648f-2e54-4a4f-9384-63bd05a2010d",
        "source_type": "osm",
        "height": "",
        "num_floors": "",
        "class": "",
        "name": ""
      }
    },
    {
      "type": "Feature",
      "geometry": {
        "type": "Polygon",
        "coordinates": [
          [
            [
              106.406075,
              52.7968379
            ],
            [
              106.4059497,
              52.7968006
            ],
            [
              106.4059971,
              52.7967425
            ],
            [
              106.4061224,
              52.7967798
            ],
            [
              106.406075,
              52.7968379
            ]
          ]
        ]
      },
      "properties": {
        "id": "1cb0e977-aeaf-4c0a-bc7b-182e79b3b88a",
        "source_type": "osm",
        "height": "",
        "num_floors": "",
        "class": "",
        "name": ""
      }
    },
    {
      "type": "Feature",
      "geometry": {
        "type": "Polygon",
        "coordinates": [
          [
            [
              106.4048298,
              52.7969647
            ],
            [
              106.404723,
              52.7969301
            ],
            [
              106.4048411,
              52.7967971
            ],
            [
              106.4049478,
              52.7968318
            ],
            [
              106.4048298,
              52.7969647
            ]
          ]
        ]
      },
      "properties": {
        "id": "cbb75171-3a37-45e0-a3f4-469843a1693f",
        "source_type": "osm",
        "height": "",
        "num_floors": "",
        "class": "",
        "name": ""
      }
    },
    {
      "type": "Feature",
      "geometry": {
        "type": "Polygon",
        "coordinates": [
          [
            [
              106.4049484,
              52.7968312
            ],
            [
              106.4054848,
              52.7970096
            ],
            [
              106.4054115,
              52.7970901
            ],
            [
              106.4049926,
              52.7969508
            ],
            [
              106.4049335,
              52.7970157
            ],
            [
              106.404816,
              52.7969767
            ],
            [
              106.4049484,
              52.7968312
            ]
          ]
        ]
      },
      "properties": {
        "id": "a7cc577f-8e3f-4134-881a-2766f0be5679",
        "source_type": "osm",
        "height": "",
        "num_floors": "",
        "class": "",
        "name": ""
      }
    },
    {
      "type": "Feature",
      "geometry": {
        "type": "Polygon",
        "coordinates": [
          [
            [
              106.4046935,
              52.7967339
            ],
            [
              106.404605,
              52.7968441
            ],
            [
              106.4044914,
              52.7968108
            ],
            [
              106.4045799,
              52.7967005
            ],
            [
              106.4046935,
              52.7967339
            ]
          ]
        ]
      },
      "properties": {
        "id": "63dfe6ae-dfc5-474d-8d26-d8fa69b96e85",
        "source_type": "osm",
        "height": "",
        "num_floors": "",
        "class": "",
        "name": ""
      }
    },
    {
      "type": "Feature",
      "geometry": {
        "type": "Polygon",
        "coordinates": [
          [
            [
              106.4024888,
              52.7969009
            ],
            [
              106.4021696,
              52.7967841
            ],
            [
              106.4022444,
              52.7967094
            ],
            [
              106.4025636,
              52.7968262
            ],
            [
              106.4024888,
              52.7969009
            ]
          ]
        ]
      },
      "properties": {
        "id": "ff3e0be2-6b92-4764-ad7a-00afd593c5f2",
        "source_type": "osm",
        "height": "",
        "num_floors": "",
        "class": "",
        "name": ""
      }
    },
    {
      "type": "Feature",
      "geometry": {
        "type": "Polygon",
        "coordinates": [
          [
            [
              106.4020589,
              52.79704
            ],
            [
              106.4019282,
              52.7969869
            ],
            [
              106.4020221,
              52.7969025
            ],
            [
              106.4021527,
              52.7969557
            ],
            [
              106.4020589,
              52.79704
            ]
          ]
        ]
      },
      "properties": {
        "id": "f9a3aa4b-e5d0-486d-ac4a-b2497999e0d6",
        "source_type": "osm",
        "height": "",
        "num_floors": "",
        "class": "",
        "name": ""
      }
    },
    {
      "type": "Feature",
      "geometry": {
        "type": "Polygon",
        "coordinates": [
          [
            [
              106.4015232,
              52.7967793
            ],
            [
              106.4013327,
              52.796969
            ],
            [
              106.4011464,
              52.7969006
            ],
            [
              106.4013368,
              52.7967109
            ],
            [
              106.4015232,
              52.7967793
            ]
          ]
        ]
      },
      "properties": {
        "id": "99453d10-3e07-42f1-9838-d327d0b39a1a",
        "source_type": "osm",
        "height": "",
        "num_floors": "",
        "class": "",
        "name": ""
      }
    },
    {
      "type": "Feature",
      "geometry": {
        "type": "Polygon",
        "coordinates": [
          [
            [
              106.4008761,
              52.7968708
            ],
            [
              106.4007105,
              52.7968166
            ],
            [
              106.4009224,
              52.7965798
            ],
            [
              106.4010366,
              52.7966172
            ],
            [
              106.4009102,
              52.7967583
            ],
            [
              106.4009617,
              52.7967751
            ],
            [
              106.4008761,
              52.7968708
            ]
          ]
        ]
      },
      "properties": {
        "id": "4ec16c1e-4cdf-4704-85fe-16da8b325fa5",
        "source_type": "osm",
        "height": "",
        "num_floors": "",
        "class": "",
        "name": ""
      }
    },
    {
      "type": "Feature",
      "geometry": {
        "type": "Polygon",
        "coordinates": [
          [
            [
              106.4016666,
              52.796665
            ],
            [
              106.4015339,
              52.7966171
            ],
            [
              106.4016492,
              52.7965003
            ],
            [
              106.4017819,
              52.7965482
            ],
            [
              106.4016666,
              52.796665
            ]
          ]
        ]
      },
      "properties": {
        "id": "487bbc23-3691-4bf2-b68c-84815a1a1918",
        "source_type": "osm",
        "height": "",
        "num_floors": "",
        "class": "",
        "name": ""
      }
    },
    {
      "type": "Feature",
      "geometry": {
        "type": "Polygon",
        "coordinates": [
          [
            [
              106.4043931,
              52.796643
            ],
            [
              106.4043046,
              52.7967371
            ],
            [
              106.4041187,
              52.7966731
            ],
            [
              106.4042072,
              52.7965791
            ],
            [
              106.4043931,
              52.796643
            ]
          ]
        ]
      },
      "properties": {
        "id": "7e557106-f25f-4619-9dd6-68d10004052b",
        "source_type": "osm",
        "height": "",
        "num_floors": "",
        "class": "",
        "name": ""
      }
    },
    {
      "type": "Feature",
      "geometry": {
        "type": "Polygon",
        "coordinates": [
          [
            [
              106.4036582,
              52.7963738
            ],
            [
              106.4035724,
              52.7964744
            ],
            [
              106.4033537,
              52.7964061
            ],
            [
              106.4034395,
              52.7963056
            ],
            [
              106.4036582,
              52.7963738
            ]
          ]
        ]
      },
      "properties": {
        "id": "f84c6d2c-6a74-43f0-a722-3e94375f6d6a",
        "source_type": "osm",
        "height": "",
        "num_floors": "",
        "class": "",
        "name": ""
      }
    },
    {
      "type": "Feature",
      "geometry": {
        "type": "Polygon",
        "coordinates": [
          [
            [
              106.4048075,
              52.7963698
            ],
            [
              106.4047407,
              52.7964479
            ],
            [
              106.4046022,
              52.7964045
            ],
            [
              106.404669,
              52.7963265
            ],
            [
              106.4048075,
              52.7963698
            ]
          ]
        ]
      },
      "properties": {
        "id": "82ff58cb-075c-41fe-845c-137bc72132de",
        "source_type": "osm",
        "height": "",
        "num_floors": "",
        "class": "",
        "name": ""
      }
    },
    {
      "type": "Feature",
      "geometry": {
        "type": "Polygon",
        "coordinates": [
          [
            [
              106.3986236,
              52.7970888
            ],
            [
              106.3983312,
              52.7969607
            ],
            [
              106.3984566,
              52.7968561
            ],
            [
              106.398749,
              52.7969842
            ],
            [
              106.3986236,
              52.7970888
            ]
          ]
        ]
      },
      "properties": {
        "id": "4aefc2e8-5a29-46c6-a6ad-582ce76691a8",
        "source_type": "osm",
        "height": "",
        "num_floors": "",
        "class": "",
        "name": ""
      }
    },
    {
      "type": "Feature",
      "geometry": {
        "type": "Polygon",
        "coordinates": [
          [
            [
              106.3997078,
              52.7968152
            ],
            [
              106.4002786,
              52.7970501
            ],
            [
              106.3999496,
              52.7973424
            ],
            [
              106.3993787,
              52.7971074
            ],
            [
              106.3997078,
              52.7968152
            ]
          ]
        ]
      },
      "properties": {
        "id": "2edcae7d-56c4-46dd-8425-b84f04eaae81",
        "source_type": "osm",
        "height": "",
        "num_floors": "2",
        "class": "public",
        "name": ""
      }
    },
    {
      "type": "Feature",
      "geometry": {
        "type": "Polygon",
        "coordinates": [
          [
            [
              106.4018719,
              52.7972236
            ],
            [
              106.4016546,
              52.7974231
            ],
            [
              106.4015199,
              52.7973695
            ],
            [
              106.4017371,
              52.79717
            ],
            [
              106.4018719,
              52.7972236
            ]
          ]
        ]
      },
      "properties": {
        "id": "adebc745-c538-497f-a36e-99ce7e7556e7",
        "source_type": "osm",
        "height": "",
        "num_floors": "",
        "class": "",
        "name": ""
      }
    },
    {
      "type": "Feature",
      "geometry": {
        "type": "Polygon",
        "coordinates": [
          [
            [
              106.4000989,
              52.7974669
            ],
            [
              106.4004744,
              52.7976193
            ],
            [
              106.4003585,
              52.7977237
            ],
            [
              106.4001569,
              52.7976419
            ],
            [
              106.4000712,
              52.797719
            ],
            [
              106.3998973,
              52.7976484
            ],
            [
              106.4000989,
              52.7974669
            ]
          ]
        ]
      },
      "properties": {
        "id": "af2f61d0-3b64-4d92-8a56-526c4191e333",
        "source_type": "osm",
        "height": "",
        "num_floors": "",
        "class": "",
        "name": ""
      }
    },
    {
      "type": "Feature",
      "geometry": {
        "type": "Polygon",
        "coordinates": [
          [
            [
              106.4015017,
              52.7975699
            ],
            [
              106.4013944,
              52.7976753
            ],
            [
              106.4012473,
              52.7976206
            ],
            [
              106.4013546,
              52.7975151
            ],
            [
              106.4015017,
              52.7975699
            ]
          ]
        ]
      },
      "properties": {
        "id": "b3edbcd4-5f55-4ce9-bf83-9069550a0f3a",
        "source_type": "osm",
        "height": "",
        "num_floors": "",
        "class": "",
        "name": ""
      }
    },
    {
      "type": "Feature",
      "geometry": {
        "type": "Polygon",
        "coordinates": [
          [
            [
              106.4025612,
              52.7974328
            ],
            [
              106.4023412,
              52.7976485
            ],
            [
              106.4021519,
              52.797578
            ],
            [
              106.4023718,
              52.7973623
            ],
            [
              106.4025612,
              52.7974328
            ]
          ]
        ]
      },
      "properties": {
        "id": "ee2c67b9-797e-489d-b059-aa37d6aabbce",
        "source_type": "osm",
        "height": "",
        "num_floors": "",
        "class": "",
        "name": ""
      }
    },
    {
      "type": "Feature",
      "geometry": {
        "type": "Polygon",
        "coordinates": [
          [
            [
              106.4032438,
              52.797908
            ],
            [
              106.4027958,
              52.7977507
            ],
            [
              106.4029344,
              52.7976064
            ],
            [
              106.4033823,
              52.7977637
            ],
            [
              106.4032438,
              52.797908
            ]
          ]
        ]
      },
      "properties": {
        "id": "9f19a791-f81b-4fe7-b8a7-b8c37ea6c450",
        "source_type": "osm",
        "height": "",
        "num_floors": "",
        "class": "",
        "name": ""
      }
    },
    {
      "type": "Feature",
      "geometry": {
        "type": "Polygon",
        "coordinates": [
          [
            [
              106.4020838,
              52.7979396
            ],
            [
              106.4016653,
              52.797784
            ],
            [
              106.4017474,
              52.7977033
            ],
            [
              106.4021658,
              52.797859
            ],
            [
              106.4020838,
              52.7979396
            ]
          ]
        ]
      },
      "properties": {
        "id": "498541a7-08a5-49be-9797-f0478678a4a6",
        "source_type": "osm",
        "height": "",
        "num_floors": "",
        "class": "",
        "name": ""
      }
    },
    {
      "type": "Feature",
      "geometry": {
        "type": "Polygon",
        "coordinates": [
          [
            [
              106.4010816,
              52.7977709
            ],
            [
              106.4011423,
              52.7977158
            ],
            [
              106.4013113,
              52.797784
            ],
            [
              106.4012506,
              52.797839
            ],
            [
              106.4010816,
              52.7977709
            ]
          ]
        ]
      },
      "properties": {
        "id": "00cf9488-0552-46d8-a01c-0948b2baee86",
        "source_type": "osm",
        "height": "",
        "num_floors": "",
        "class": "",
        "name": ""
      }
    },
    {
      "type": "Feature",
      "geometry": {
        "type": "Polygon",
        "coordinates": [
          [
            [
              106.3988421,
              52.797719
            ],
            [
              106.3983732,
              52.7975144
            ],
            [
              106.3985118,
              52.7974084
            ],
            [
              106.3989767,
              52.7976106
            ],
            [
              106.3988421,
              52.797719
            ]
          ]
        ]
      },
      "properties": {
        "id": "8393462d-d93a-41d5-a45a-50a05a74ee36",
        "source_type": "osm",
        "height": "",
        "num_floors": "3",
        "class": "",
        "name": ""
      }
    },
    {
      "type": "Feature",
      "geometry": {
        "type": "Polygon",
        "coordinates": [
          [
            [
              106.4002974,
              52.7984622
            ],
            [
              106.4003802,
              52.7983909
            ],
            [
              106.4006119,
              52.7984892
            ],
            [
              106.400243,
              52.7988071
            ],
            [
              106.4000094,
              52.798708
            ],
            [
              106.4001055,
              52.7986252
            ],
            [
              106.4001608,
              52.7986487
            ],
            [
              106.4003509,
              52.7984849
            ],
            [
              106.4002974,
              52.7984622
            ]
          ]
        ]
      },
      "properties": {
        "id": "f784a2be-bdb7-4fab-9395-466430987138",
        "source_type": "osm",
        "height": "",
        "num_floors": "2",
        "class": "",
        "name": ""
      }
    },
    {
      "type": "Feature",
      "geometry": {
        "type": "Polygon",
        "coordinates": [
          [
            [
              106.4023612,
              52.7985922
            ],
            [
              106.4022982,
              52.7986514
            ],
            [
              106.4021734,
              52.7986028
            ],
            [
              106.4022364,
              52.7985436
            ],
            [
              106.4023612,
              52.7985922
            ]
          ]
        ]
      },
      "properties": {
        "id": "bf8dc4c6-eb2e-4c91-b095-557b640dde98",
        "source_type": "osm",
        "height": "",
        "num_floors": "",
        "class": "",
        "name": ""
      }
    },
    {
      "type": "Feature",
      "geometry": {
        "type": "Polygon",
        "coordinates": [
          [
            [
              106.4022982,
              52.7986514
            ],
            [
              106.4023612,
              52.7985922
            ],
            [
              106.4024818,
              52.7986391
            ],
            [
              106.4024187,
              52.7986983
            ],
            [
              106.4022982,
              52.7986514
            ]
          ]
        ]
      },
      "properties": {
        "id": "d656561c-1ad1-436b-bc92-7e7a11afb833",
        "source_type": "osm",
        "height": "",
        "num_floors": "",
        "class": "",
        "name": ""
      }
    },
    {
      "type": "Feature",
      "geometry": {
        "type": "Polygon",
        "coordinates": [
          [
            [
              106.4043945,
              52.7988162
            ],
            [
              106.4038907,
              52.7986315
            ],
            [
              106.4040064,
              52.7985162
            ],
            [
              106.4045102,
              52.7987008
            ],
            [
              106.4043945,
              52.7988162
            ]
          ]
        ]
      },
      "properties": {
        "id": "5bc0b4db-bcd6-4608-82e8-741461bf0835",
        "source_type": "osm",
        "height": "",
        "num_floors": "2",
        "class": "",
        "name": ""
      }
    },
    {
      "type": "Feature",
      "geometry": {
        "type": "Polygon",
        "coordinates": [
          [
            [
              106.4034953,
              52.7984261
            ],
            [
              106.4035615,
              52.7983668
            ],
            [
              106.4036688,
              52.7984106
            ],
            [
              106.4036026,
              52.7984699
            ],
            [
              106.4034953,
              52.7984261
            ]
          ]
        ]
      },
      "properties": {
        "id": "79581826-0375-442d-877a-09323a100b22",
        "source_type": "osm",
        "height": "",
        "num_floors": "",
        "class": "",
        "name": ""
      }
    },
    {
      "type": "Feature",
      "geometry": {
        "type": "Polygon",
        "coordinates": [
          [
            [
              106.404607,
              52.7983404
            ],
            [
              106.4045165,
              52.798427
            ],
            [
              106.4040713,
              52.7982567
            ],
            [
              106.4041618,
              52.7981702
            ],
            [
              106.404607,
              52.7983404
            ]
          ]
        ]
      },
      "properties": {
        "id": "aba0501a-d448-4cda-8a71-4c712a1c4afb",
        "source_type": "osm",
        "height": "",
        "num_floors": "",
        "class": "",
        "name": ""
      }
    },
    {
      "type": "Feature",
      "geometry": {
        "type": "Polygon",
        "coordinates": [
          [
            [
              106.4030214,
              52.7981971
            ],
            [
              106.4029285,
              52.7981551
            ],
            [
              106.4029996,
              52.7980976
            ],
            [
              106.4030925,
              52.7981395
            ],
            [
              106.4030214,
              52.7981971
            ]
          ]
        ]
      },
      "properties": {
        "id": "6ac2b65c-9944-42c1-af55-13d18df7a810",
        "source_type": "osm",
        "height": "",
        "num_floors": "",
        "class": "",
        "name": ""
      }
    },
    {
      "type": "Feature",
      "geometry": {
        "type": "Polygon",
        "coordinates": [
          [
            [
              106.4032881,
              52.7983605
            ],
            [
              106.4031954,
              52.7983189
            ],
            [
              106.4032879,
              52.7982435
            ],
            [
              106.4033806,
              52.7982851
            ],
            [
              106.4032881,
              52.7983605
            ]
          ]
        ]
      },
      "properties": {
        "id": "50470e07-4afb-40b0-9b2f-e7397713c019",
        "source_type": "osm",
        "height": "",
        "num_floors": "",
        "class": "",
        "name": ""
      }
    },
    {
      "type": "Feature",
      "geometry": {
        "type": "Polygon",
        "coordinates": [
          [
            [
              106.401389,
              52.7982664
            ],
            [
              106.4014749,
              52.7981934
            ],
            [
              106.4018665,
              52.7983621
            ],
            [
              106.4017806,
              52.798435
            ],
            [
              106.401389,
              52.7982664
            ]
          ]
        ]
      },
      "properties": {
        "id": "c9826b39-d690-4761-a60f-e7ce6a5c0711",
        "source_type": "osm",
        "height": "",
        "num_floors": "2",
        "class": "",
        "name": ""
      }
    },
    {
      "type": "Feature",
      "geometry": {
        "type": "Polygon",
        "coordinates": [
          [
            [
              106.4006177,
              52.7983422
            ],
            [
              106.4005093,
              52.7982948
            ],
            [
              106.4006354,
              52.7981894
            ],
            [
              106.4007437,
              52.7982368
            ],
            [
              106.4006177,
              52.7983422
            ]
          ]
        ]
      },
      "properties": {
        "id": "57e551b2-327c-4954-8a56-4fa3f7a852b1",
        "source_type": "osm",
        "height": "",
        "num_floors": "",
        "class": "",
        "name": ""
      }
    },
    {
      "type": "Feature",
      "geometry": {
        "type": "Polygon",
        "coordinates": [
          [
            [
              106.4001996,
              52.7980995
            ],
            [
              106.4000777,
              52.7980494
            ],
            [
              106.4001557,
              52.7979738
            ],
            [
              106.4002775,
              52.7980268
            ],
            [
              106.4001996,
              52.7980995
            ]
          ]
        ]
      },
      "properties": {
        "id": "b8e0bbbc-8325-4f0c-bc80-d7a60e3da43a",
        "source_type": "osm",
        "height": "",
        "num_floors": "",
        "class": "",
        "name": ""
      }
    },
    {
      "type": "Feature",
      "geometry": {
        "type": "Polygon",
        "coordinates": [
          [
            [
              106.4009667,
              52.7979088
            ],
            [
              106.4010296,
              52.7978521
            ],
            [
              106.4012254,
              52.7979315
            ],
            [
              106.4011251,
              52.7980219
            ],
            [
              106.4010027,
              52.7979722
            ],
            [
              106.4010401,
              52.7979385
            ],
            [
              106.4009667,
              52.7979088
            ]
          ]
        ]
      },
      "properties": {
        "id": "7fc77c7d-af93-4983-b11f-928b3b87f057",
        "source_type": "osm",
        "height": "",
        "num_floors": "",
        "class": "",
        "name": ""
      }
    },
    {
      "type": "Feature",
      "geometry": {
        "type": "Polygon",
        "coordinates": [
          [
            [
              106.4023397,
              52.7979957
            ],
            [
              106.4024109,
              52.7979232
            ],
            [
              106.4025329,
              52.797967
            ],
            [
              106.4024617,
              52.7980395
            ],
            [
              106.4023397,
              52.7979957
            ]
          ]
        ]
      },
      "properties": {
        "id": "e5030b5a-dff4-42c0-873b-ba9ed506c35a",
        "source_type": "osm",
        "height": "",
        "num_floors": "",
        "class": "",
        "name": ""
      }
    },
    {
      "type": "Feature",
      "geometry": {
        "type": "Polygon",
        "coordinates": [
          [
            [
              106.4026675,
              52.7981463
            ],
            [
              106.4025611,
              52.7981097
            ],
            [
              106.4026496,
              52.7980157
            ],
            [
              106.4028357,
              52.7980797
            ],
            [
              106.4027906,
              52.7981276
            ],
            [
              106.4027109,
              52.7981002
            ],
            [
              106.4026675,
              52.7981463
            ]
          ]
        ]
      },
      "properties": {
        "id": "b9c14286-2395-4acb-91de-658c2655bcc2",
        "source_type": "osm",
        "height": "",
        "num_floors": "",
        "class": "",
        "name": ""
      }
    },
    {
      "type": "Feature",
      "geometry": {
        "type": "Polygon",
        "coordinates": [
          [
            [
              106.4035452,
              52.7980803
            ],
            [
              106.403626,
              52.7979891
            ],
            [
              106.4039211,
              52.7980848
            ],
            [
              106.4038402,
              52.7981759
            ],
            [
              106.4035452,
              52.7980803
            ]
          ]
        ]
      },
      "properties": {
        "id": "89357d09-16ab-4a63-8daa-4bab6c5fbe4d",
        "source_type": "osm",
        "height": "",
        "num_floors": "",
        "class": "",
        "name": ""
      }
    },
    {
      "type": "Feature",
      "geometry": {
        "type": "Polygon",
        "coordinates": [
          [
            [
              106.4071552,
              52.7984839
            ],
            [
              106.406768,
              52.7983426
            ],
            [
              106.4068934,
              52.7982169
            ],
            [
              106.4072806,
              52.7983582
            ],
            [
              106.4071552,
              52.7984839
            ]
          ]
        ]
      },
      "properties": {
        "id": "a412764f-0b97-45d1-92a2-74d434888f70",
        "source_type": "osm",
        "height": "",
        "num_floors": "",
        "class": "",
        "name": ""
      }
    },
    {
      "type": "Feature",
      "geometry": {
        "type": "Polygon",
        "coordinates": [
          [
            [
              106.4062921,
              52.7985259
            ],
            [
              106.4058898,
              52.798388
            ],
            [
              106.4059353,
              52.7983396
            ],
            [
              106.405793,
              52.7982908
            ],
            [
              106.4058682,
              52.7982105
            ],
            [
              106.4064128,
              52.7983971
            ],
            [
              106.4062921,
              52.7985259
            ]
          ]
        ]
      },
      "properties": {
        "id": "40360396-e8c7-443e-8944-c212e7111274",
        "source_type": "osm",
        "height": "",
        "num_floors": "",
        "class": "",
        "name": ""
      }
    },
    {
      "type": "Feature",
      "geometry": {
        "type": "Polygon",
        "coordinates": [
          [
            [
              106.4054791,
              52.7987399
            ],
            [
              106.4055679,
              52.7986459
            ],
            [
              106.4057369,
              52.7987043
            ],
            [
              106.4056481,
              52.7987982
            ],
            [
              106.4054791,
              52.7987399
            ]
          ]
        ]
      },
      "properties": {
        "id": "e5abd04a-92ec-41e9-bbd0-e96f0ec468c7",
        "source_type": "osm",
        "height": "",
        "num_floors": "",
        "class": "",
        "name": ""
      }
    },
    {
      "type": "Feature",
      "geometry": {
        "type": "Polygon",
        "coordinates": [
          [
            [
              106.4049007,
              52.7989099
            ],
            [
              106.4047766,
              52.798863
            ],
            [
              106.4048436,
              52.7987981
            ],
            [
              106.4049678,
              52.7988451
            ],
            [
              106.4049007,
              52.7989099
            ]
          ]
        ]
      },
      "properties": {
        "id": "1e8756aa-fff7-4c3a-8dcf-64a4ecb4f642",
        "source_type": "osm",
        "height": "",
        "num_floors": "",
        "class": "",
        "name": ""
      }
    },
    {
      "type": "Feature",
      "geometry": {
        "type": "Polygon",
        "coordinates": [
          [
            [
              106.4063619,
              52.7989151
            ],
            [
              106.4058308,
              52.7987254
            ],
            [
              106.4059344,
              52.7986194
            ],
            [
              106.4064655,
              52.7988091
            ],
            [
              106.4063619,
              52.7989151
            ]
          ]
        ]
      },
      "properties": {
        "id": "90f5239f-2125-46a5-8a1d-80729e45f3dd",
        "source_type": "osm",
        "height": "",
        "num_floors": "",
        "class": "",
        "name": ""
      }
    },
    {
      "type": "Feature",
      "geometry": {
        "type": "Polygon",
        "coordinates": [
          [
            [
              106.405364,
              52.7990625
            ],
            [
              106.4051279,
              52.7989814
            ],
            [
              106.4051845,
              52.7989212
            ],
            [
              106.4054205,
              52.7990023
            ],
            [
              106.405364,
              52.7990625
            ]
          ]
        ]
      },
      "properties": {
        "id": "76924fc7-734d-4952-974d-6603086cab55",
        "source_type": "osm",
        "height": "",
        "num_floors": "",
        "class": "",
        "name": ""
      }
    },
    {
      "type": "Feature",
      "geometry": {
        "type": "Polygon",
        "coordinates": [
          [
            [
              106.4052903,
              52.7991518
            ],
            [
              106.405195,
              52.7991192
            ],
            [
              106.405254,
              52.799056
            ],
            [
              106.4053493,
              52.7990885
            ],
            [
              106.4052903,
              52.7991518
            ]
          ]
        ]
      },
      "properties": {
        "id": "534bad59-45d0-4044-94c9-43aca294ec4e",
        "source_type": "osm",
        "height": "",
        "num_floors": "",
        "class": "",
        "name": ""
      }
    },
    {
      "type": "Feature",
      "geometry": {
        "type": "Polygon",
        "coordinates": [
          [
            [
              106.4047242,
              52.7991684
            ],
            [
              106.4047927,
              52.7991063
            ],
            [
              106.4049455,
              52.7991679
            ],
            [
              106.4048771,
              52.79923
            ],
            [
              106.4047242,
              52.7991684
            ]
          ]
        ]
      },
      "properties": {
        "id": "19f7932e-f163-437c-852a-2c3d1860ea39",
        "source_type": "osm",
        "height": "",
        "num_floors": "",
        "class": "",
        "name": ""
      }
    },
    {
      "type": "Feature",
      "geometry": {
        "type": "Polygon",
        "coordinates": [
          [
            [
              106.4057042,
              52.7992994
            ],
            [
              106.4055545,
              52.7992459
            ],
            [
              106.405686,
              52.7991113
            ],
            [
              106.4058357,
              52.7991648
            ],
            [
              106.4057042,
              52.7992994
            ]
          ]
        ]
      },
      "properties": {
        "id": "856f6ea7-c3ed-4b3b-95b9-06ffaa28a184",
        "source_type": "osm",
        "height": "",
        "num_floors": "",
        "class": "",
        "name": ""
      }
    },
    {
      "type": "Feature",
      "geometry": {
        "type": "Polygon",
        "coordinates": [
          [
            [
              106.4068098,
              52.7988778
            ],
            [
              106.4065711,
              52.799134
            ],
            [
              106.406367,
              52.7990645
            ],
            [
              106.4064297,
              52.7989973
            ],
            [
              106.4065326,
              52.7990324
            ],
            [
              106.4067087,
              52.7988434
            ],
            [
              106.4068098,
              52.7988778
            ]
          ]
        ]
      },
      "properties": {
        "id": "d495138f-5cfd-4dfc-ad7d-d6fe14dc779b",
        "source_type": "osm",
        "height": "",
        "num_floors": "",
        "class": "",
        "name": ""
      }
    },
    {
      "type": "Feature",
      "geometry": {
        "type": "Polygon",
        "coordinates": [
          [
            [
              106.4062091,
              52.7994427
            ],
            [
              106.4060694,
              52.7993917
            ],
            [
              106.4061472,
              52.7993138
            ],
            [
              106.4062869,
              52.7993649
            ],
            [
              106.4062091,
              52.7994427
            ]
          ]
        ]
      },
      "properties": {
        "id": "6534310b-4ded-4a04-9b31-78c6b6ca73c0",
        "source_type": "osm",
        "height": "",
        "num_floors": "",
        "class": "",
        "name": ""
      }
    },
    {
      "type": "Feature",
      "geometry": {
        "type": "Polygon",
        "coordinates": [
          [
            [
              106.4061472,
              52.7993138
            ],
            [
              106.4060694,
              52.7993917
            ],
            [
              106.4059217,
              52.7993377
            ],
            [
              106.4059995,
              52.7992599
            ],
            [
              106.4061472,
              52.7993138
            ]
          ]
        ]
      },
      "properties": {
        "id": "83b8d8c4-e427-41a2-8322-0bd4d5974dd7",
        "source_type": "osm",
        "height": "",
        "num_floors": "",
        "class": "",
        "name": ""
      }
    },
    {
      "type": "Feature",
      "geometry": {
        "type": "Polygon",
        "coordinates": [
          [
            [
              106.405477,
              52.7994724
            ],
            [
              106.4053641,
              52.7994292
            ],
            [
              106.405466,
              52.7993319
            ],
            [
              106.405579,
              52.7993751
            ],
            [
              106.405477,
              52.7994724
            ]
          ]
        ]
      },
      "properties": {
        "id": "fae4403f-f018-4646-8184-6f9c62fe4c67",
        "source_type": "osm",
        "height": "",
        "num_floors": "",
        "class": "",
        "name": ""
      }
    },
    {
      "type": "Feature",
      "geometry": {
        "type": "Polygon",
        "coordinates": [
          [
            [
              106.406731,
              52.7995752
            ],
            [
              106.4066488,
              52.7995441
            ],
            [
              106.4067158,
              52.7994793
            ],
            [
              106.406798,
              52.7995103
            ],
            [
              106.406731,
              52.7995752
            ]
          ]
        ]
      },
      "properties": {
        "id": "8b5b188c-efc4-47ec-a81b-b55c58f9e7c0",
        "source_type": "osm",
        "height": "",
        "num_floors": "",
        "class": "",
        "name": ""
      }
    },
    {
      "type": "Feature",
      "geometry": {
        "type": "Polygon",
        "coordinates": [
          [
            [
              106.4048384,
              52.7995719
            ],
            [
              106.4047499,
              52.7996578
            ],
            [
              106.4046482,
              52.7996196
            ],
            [
              106.4047367,
              52.7995336
            ],
            [
              106.4048384,
              52.7995719
            ]
          ]
        ]
      },
      "properties": {
        "id": "8fa69fc5-3ccb-4f87-971b-4e1a5fede432",
        "source_type": "osm",
        "height": "",
        "num_floors": "",
        "class": "",
        "name": ""
      }
    },
    {
      "type": "Feature",
      "geometry": {
        "type": "Polygon",
        "coordinates": [
          [
            [
              106.4000614,
              52.7995816
            ],
            [
              106.3999353,
              52.7996838
            ],
            [
              106.3998213,
              52.7996324
            ],
            [
              106.3999474,
              52.7995302
            ],
            [
              106.4000614,
              52.7995816
            ]
          ]
        ]
      },
      "properties": {
        "id": "a6950f12-ceb2-403f-93a8-7d95b35d004c",
        "source_type": "osm",
        "height": "",
        "num_floors": "",
        "class": "",
        "name": ""
      }
    },
    {
      "type": "Feature",
      "geometry": {
        "type": "Polygon",
        "coordinates": [
          [
            [
              106.4001177,
              52.7993238
            ],
            [
              106.400005,
              52.7994195
            ],
            [
              106.3998968,
              52.7993729
            ],
            [
              106.4000095,
              52.7992772
            ],
            [
              106.4001177,
              52.7993238
            ]
          ]
        ]
      },
      "properties": {
        "id": "5bfa81c6-d57d-41d3-b98e-c34488461988",
        "source_type": "osm",
        "height": "",
        "num_floors": "",
        "class": "",
        "name": ""
      }
    },
    {
      "type": "Feature",
      "geometry": {
        "type": "Polygon",
        "coordinates": [
          [
            [
              106.4026464,
              52.799227
            ],
            [
              106.4025746,
              52.7992849
            ],
            [
              106.4023815,
              52.7991973
            ],
            [
              106.4024533,
              52.7991394
            ],
            [
              106.4026464,
              52.799227
            ]
          ]
        ]
      },
      "properties": {
        "id": "586f7261-c328-4993-a45f-b7805dfd430f",
        "source_type": "osm",
        "height": "",
        "num_floors": "",
        "class": "",
        "name": ""
      }
    },
    {
      "type": "Feature",
      "geometry": {
        "type": "Polygon",
        "coordinates": [
          [
            [
              106.402411,
              52.7993676
            ],
            [
              106.402529,
              52.7994178
            ],
            [
              106.4024696,
              52.7994688
            ],
            [
              106.4023516,
              52.7994185
            ],
            [
              106.402411,
              52.7993676
            ]
          ]
        ]
      },
      "properties": {
        "id": "932bf43f-e6be-4485-8d44-2eaaab915d41",
        "source_type": "osm",
        "height": "",
        "num_floors": "",
        "class": "",
        "name": ""
      }
    },
    {
      "type": "Feature",
      "geometry": {
        "type": "Polygon",
        "coordinates": [
          [
            [
              106.4030024,
              52.7994024
            ],
            [
              106.4029114,
              52.7993634
            ],
            [
              106.4030156,
              52.7992746
            ],
            [
              106.4034508,
              52.7994612
            ],
            [
              106.4033466,
              52.79955
            ],
            [
              106.4032415,
              52.7995049
            ],
            [
              106.4030024,
              52.7994024
            ]
          ]
        ]
      },
      "properties": {
        "id": "67f18172-c3cf-475a-b489-eae01f2ea3f5",
        "source_type": "osm",
        "height": "",
        "num_floors": "2",
        "class": "apartments",
        "name": ""
      }
    },
    {
      "type": "Feature",
      "geometry": {
        "type": "Polygon",
        "coordinates": [
          [
            [
              106.404536,
              52.7992538
            ],
            [
              106.4040935,
              52.7994265
            ],
            [
              106.4039983,
              52.7993372
            ],
            [
              106.4044407,
              52.7991646
            ],
            [
              106.404536,
              52.7992538
            ]
          ]
        ]
      },
      "properties": {
        "id": "d9cebabc-96a9-4b39-bb99-e7c18847f5bc",
        "source_type": "osm",
        "height": "",
        "num_floors": "2",
        "class": "apartments",
        "name": ""
      }
    },
    {
      "type": "Feature",
      "geometry": {
        "type": "Polygon",
        "coordinates": [
          [
            [
              106.4036991,
              52.7992621
            ],
            [
              106.4035991,
              52.7992214
            ],
            [
              106.4037037,
              52.7991274
            ],
            [
              106.4038037,
              52.799168
            ],
            [
              106.4036991,
              52.7992621
            ]
          ]
        ]
      },
      "properties": {
        "id": "0d369943-da27-4c6b-adf0-1723a344aacd",
        "source_type": "osm",
        "height": "",
        "num_floors": "",
        "class": "",
        "name": ""
      }
    },
    {
      "type": "Feature",
      "geometry": {
        "type": "Polygon",
        "coordinates": [
          [
            [
              106.4033897,
              52.7991121
            ],
            [
              106.4032987,
              52.7990755
            ],
            [
              106.4033899,
              52.7989928
            ],
            [
              106.4034809,
              52.7990294
            ],
            [
              106.4033897,
              52.7991121
            ]
          ]
        ]
      },
      "properties": {
        "id": "4e8629ac-6a25-4cad-8793-c9a8c42508e1",
        "source_type": "osm",
        "height": "",
        "num_floors": "",
        "class": "",
        "name": ""
      }
    },
    {
      "type": "Feature",
      "geometry": {
        "type": "Polygon",
        "coordinates": [
          [
            [
              106.4048436,
              52.7987981
            ],
            [
              106.4047766,
              52.798863
            ],
            [
              106.404651,
              52.7988155
            ],
            [
              106.404718,
              52.7987507
            ],
            [
              106.4048436,
              52.7987981
            ]
          ]
        ]
      },
      "properties": {
        "id": "b2d6efae-9f43-40fb-9360-29811b8c9182",
        "source_type": "osm",
        "height": "",
        "num_floors": "",
        "class": "",
        "name": ""
      }
    },
    {
      "type": "Feature",
      "geometry": {
        "type": "Polygon",
        "coordinates": [
          [
            [
              106.4037144,
              52.7988922
            ],
            [
              106.4035723,
              52.7988403
            ],
            [
              106.4036281,
              52.7987844
            ],
            [
              106.4037703,
              52.7988363
            ],
            [
              106.4037144,
              52.7988922
            ]
          ]
        ]
      },
      "properties": {
        "id": "fa430b28-eaff-4883-8b19-00771efb2d51",
        "source_type": "osm",
        "height": "",
        "num_floors": "",
        "class": "",
        "name": ""
      }
    },
    {
      "type": "Feature",
      "geometry": {
        "type": "Polygon",
        "coordinates": [
          [
            [
              106.4026372,
              52.7988083
            ],
            [
              106.4027972,
              52.7986718
            ],
            [
              106.4032014,
              52.7988452
            ],
            [
              106.4030413,
              52.7989816
            ],
            [
              106.4029083,
              52.7989246
            ],
            [
              106.4029828,
              52.7988611
            ],
            [
              106.4028375,
              52.7987988
            ],
            [
              106.4027631,
              52.7988623
            ],
            [
              106.4026372,
              52.7988083
            ]
          ]
        ]
      },
      "properties": {
        "id": "b3fddf2a-c0cd-4620-a33c-8cefe3e57e03",
        "source_type": "osm",
        "height": "",
        "num_floors": "2",
        "class": "",
        "name": ""
      }
    },
    {
      "type": "Feature",
      "geometry": {
        "type": "Polygon",
        "coordinates": [
          [
            [
              106.4009626,
              52.7987043
            ],
            [
              106.40074,
              52.7988956
            ],
            [
              106.4005776,
              52.7988266
            ],
            [
              106.4008002,
              52.7986352
            ],
            [
              106.4009626,
              52.7987043
            ]
          ]
        ]
      },
      "properties": {
        "id": "9404ea50-2d27-4ea2-95b9-114f3c2f9ea4",
        "source_type": "osm",
        "height": "",
        "num_floors": "",
        "class": "",
        "name": ""
      }
    },
    {
      "type": "Feature",
      "geometry": {
        "type": "Polygon",
        "coordinates": [
          [
            [
              106.4001447,
              52.798986
            ],
            [
              106.4000478,
              52.7989473
            ],
            [
              106.4001363,
              52.7988663
            ],
            [
              106.4002332,
              52.7989049
            ],
            [
              106.4001447,
              52.798986
            ]
          ]
        ]
      },
      "properties": {
        "id": "d2dc7ec9-420b-4b4f-9e76-c25ddae081f6",
        "source_type": "osm",
        "height": "",
        "num_floors": "",
        "class": "",
        "name": ""
      }
    },
    {
      "type": "Feature",
      "geometry": {
        "type": "Polygon",
        "coordinates": [
          [
            [
              106.4012512,
              52.7991022
            ],
            [
              106.4010557,
              52.7990186
            ],
            [
              106.4013828,
              52.7987393
            ],
            [
              106.4020442,
              52.7990224
            ],
            [
              106.4017152,
              52.7993034
            ],
            [
              106.4015161,
              52.7992181
            ],
            [
              106.4017518,
              52.7990168
            ],
            [
              106.4014851,
              52.7989026
            ],
            [
              106.4012512,
              52.7991022
            ]
          ]
        ]
      },
      "properties": {
        "id": "3efb1ce7-7535-4a4f-9075-2c7779c6cef4",
        "source_type": "osm",
        "height": "",
        "num_floors": "2",
        "class": "",
        "name": ""
      }
    },
    {
      "type": "Feature",
      "geometry": {
        "type": "Polygon",
        "coordinates": [
          [
            [
              106.4002697,
              52.7992102
            ],
            [
              106.4002329,
              52.7991938
            ],
            [
              106.4002705,
              52.799163
            ],
            [
              106.4003072,
              52.7991794
            ],
            [
              106.4002697,
              52.7992102
            ]
          ]
        ]
      },
      "properties": {
        "id": "853d3b2b-f82d-4018-b180-a058d93331af",
        "source_type": "osm",
        "height": "",
        "num_floors": "",
        "class": "",
        "name": ""
      }
    },
    {
      "type": "Feature",
      "geometry": {
        "type": "Polygon",
        "coordinates": [
          [
            [
              106.3998414,
              52.7991633
            ],
            [
              106.3997153,
              52.7992817
            ],
            [
              106.3995292,
              52.7992092
            ],
            [
              106.3996552,
              52.7990908
            ],
            [
              106.3998414,
              52.7991633
            ]
          ]
        ]
      },
      "properties": {
        "id": "c6cca65a-b0f0-4394-b836-344525756187",
        "source_type": "osm",
        "height": "",
        "num_floors": "",
        "class": "",
        "name": ""
      }
    },
    {
      "type": "Feature",
      "geometry": {
        "type": "Polygon",
        "coordinates": [
          [
            [
              106.395645,
              52.7993882
            ],
            [
              106.3957032,
              52.799346
            ],
            [
              106.3958479,
              52.7994189
            ],
            [
              106.3957897,
              52.7994611
            ],
            [
              106.395645,
              52.7993882
            ]
          ]
        ]
      },
      "properties": {
        "id": "151b00d2-933c-4b7f-b63c-8c1b2299711e",
        "source_type": "my",
        "height": "",
        "num_floors": "1",
        "class": "house",
        "name": ""
      }
    },
    {
      "type": "Feature",
      "geometry": {
        "type": "Polygon",
        "coordinates": [
          [
            [
              106.3969275,
              52.7995919
            ],
            [
              106.396759,
              52.799518
            ],
            [
              106.3968567,
              52.7994366
            ],
            [
              106.3970251,
              52.7995105
            ],
            [
              106.3969275,
              52.7995919
            ]
          ]
        ]
      },
      "properties": {
        "id": "afef6218-9596-41fb-8a87-fefed28eacac",
        "source_type": "my",
        "height": "",
        "num_floors": "2",
        "class": "house",
        "name": ""
      }
    },
    {
      "type": "Feature",
      "geometry": {
        "type": "Polygon",
        "coordinates": [
          [
            [
              106.3953388,
              52.7998292
            ],
            [
              106.3952356,
              52.7996513
            ],
            [
              106.3953792,
              52.7996209
            ],
            [
              106.3954971,
              52.799824
            ],
            [
              106.3954029,
              52.799844
            ],
            [
              106.3953882,
              52.7998187
            ],
            [
              106.3953388,
              52.7998292
            ]
          ]
        ]
      },
      "properties": {
        "id": "f415ee18-d089-41dc-99f1-31927c8cf8fa",
        "source_type": "my",
        "height": "",
        "num_floors": "2",
        "class": "house",
        "name": ""
      }
    },
    {
      "type": "Feature",
      "geometry": {
        "type": "Polygon",
        "coordinates": [
          [
            [
              106.3963133,
              52.7996066
            ],
            [
              106.396438,
              52.7996652
            ],
            [
              106.396376,
              52.7997135
            ],
            [
              106.3962514,
              52.7996549
            ],
            [
              106.3963133,
              52.7996066
            ]
          ]
        ]
      },
      "properties": {
        "id": "191d26bd-d9cd-4389-a834-08436f0bc972",
        "source_type": "my",
        "height": "",
        "num_floors": "1",
        "class": "house",
        "name": ""
      }
    },
    {
      "type": "Feature",
      "geometry": {
        "type": "Polygon",
        "coordinates": [
          [
            [
              106.3966655,
              52.7997837
            ],
            [
              106.3969013,
              52.7998909
            ],
            [
              106.3968061,
              52.7999674
            ],
            [
              106.3965703,
              52.7998602
            ],
            [
              106.3966655,
              52.7997837
            ]
          ]
        ]
      },
      "properties": {
        "id": "e67b60fd-247b-45bf-8203-b2c59a54159e",
        "source_type": "my",
        "height": "",
        "num_floors": "2",
        "class": "house",
        "name": ""
      }
    },
    {
      "type": "Feature",
      "geometry": {
        "type": "Polygon",
        "coordinates": [
          [
            [
              106.3973475,
              52.7997977
            ],
            [
              106.3974499,
              52.7997114
            ],
            [
              106.3976178,
              52.7997842
            ],
            [
              106.3975154,
              52.7998705
            ],
            [
              106.3973475,
              52.7997977
            ]
          ]
        ]
      },
      "properties": {
        "id": "7aaabd21-b8c9-4fcf-a0bb-c7ca1c009f4e",
        "source_type": "my",
        "height": "",
        "num_floors": "1",
        "class": "house",
        "name": ""
      }
    },
    {
      "type": "Feature",
      "geometry": {
        "type": "Polygon",
        "coordinates": [
          [
            [
              106.4018906,
              52.7999076
            ],
            [
              106.401558,
              52.7997535
            ],
            [
              106.4016765,
              52.79966
            ],
            [
              106.4018827,
              52.7997556
            ],
            [
              106.4020737,
              52.7996049
            ],
            [
              106.4022,
              52.7996634
            ],
            [
              106.4018906,
              52.7999076
            ]
          ]
        ]
      },
      "properties": {
        "id": "a22ba714-55f2-4904-b97c-3bd92954c4ca",
        "source_type": "osm",
        "height": "",
        "num_floors": "",
        "class": "",
        "name": ""
      }
    },
    {
      "type": "Feature",
      "geometry": {
        "type": "Polygon",
        "coordinates": [
          [
            [
              106.4028455,
              52.7998881
            ],
            [
              106.4025096,
              52.7997475
            ],
            [
              106.4026137,
              52.7996566
            ],
            [
              106.4028114,
              52.7997393
            ],
            [
              106.4029081,
              52.7996548
            ],
            [
              106.4027021,
              52.7995685
            ],
            [
              106.4027998,
              52.7994832
            ],
            [
              106.4031441,
              52.7996273
            ],
            [
              106.4028455,
              52.7998881
            ]
          ]
        ]
      },
      "properties": {
        "id": "945d0cf1-4ade-4598-b50a-7112f500ade2",
        "source_type": "osm",
        "height": "",
        "num_floors": "",
        "class": "",
        "name": ""
      }
    },
    {
      "type": "Feature",
      "geometry": {
        "type": "Polygon",
        "coordinates": [
          [
            [
              106.404492,
              52.7997527
            ],
            [
              106.404389,
              52.7998446
            ],
            [
              106.404261,
              52.7997922
            ],
            [
              106.4044602,
              52.7996145
            ],
            [
              106.4045882,
              52.7996669
            ],
            [
              106.404492,
              52.7997527
            ]
          ]
        ]
      },
      "properties": {
        "id": "c26b9dcc-5fd0-45dd-aad3-cbc68a894fa5",
        "source_type": "osm",
        "height": "",
        "num_floors": "2",
        "class": "",
        "name": "Районный суд"
      }
    },
    {
      "type": "Feature",
      "geometry": {
        "type": "Polygon",
        "coordinates": [
          [
            [
              106.4039664,
              52.7998254
            ],
            [
              106.4038333,
              52.799877
            ],
            [
              106.4037637,
              52.7998113
            ],
            [
              106.4036211,
              52.7996769
            ],
            [
              106.4035517,
              52.7996115
            ],
            [
              106.4036848,
              52.7995599
            ],
            [
              106.4039664,
              52.7998254
            ]
          ]
        ]
      },
      "properties": {
        "id": "3c6429af-38e8-4a75-9c61-7b519468bde7",
        "source_type": "osm",
        "height": "",
        "num_floors": "2",
        "class": "apartments",
        "name": ""
      }
    },
    {
      "type": "Feature",
      "geometry": {
        "type": "Polygon",
        "coordinates": [
          [
            [
              106.4042814,
              52.8000776
            ],
            [
              106.4040692,
              52.7999911
            ],
            [
              106.4041531,
              52.7999158
            ],
            [
              106.4043653,
              52.8000023
            ],
            [
              106.4042814,
              52.8000776
            ]
          ]
        ]
      },
      "properties": {
        "id": "61afb19a-0d15-45dc-bf11-5604db4d7b30",
        "source_type": "osm",
        "height": "",
        "num_floors": "",
        "class": "",
        "name": "Электросети"
      }
    },
    {
      "type": "Feature",
      "geometry": {
        "type": "Polygon",
        "coordinates": [
          [
            [
              106.4007398,
              52.8001798
            ],
            [
              106.4004073,
              52.8004512
            ],
            [
              106.4002227,
              52.8003687
            ],
            [
              106.400632,
              52.8000339
            ],
            [
              106.4005033,
              52.7999764
            ],
            [
              106.4004699,
              52.8000038
            ],
            [
              106.400178,
              52.7998734
            ],
            [
              106.400362,
              52.7997228
            ],
            [
              106.4006661,
              52.7998587
            ],
            [
              106.4006312,
              52.7998873
            ],
            [
              106.4007482,
              52.7999396
            ],
            [
              106.4008547,
              52.7998525
            ],
            [
              106.4010387,
              52.7999347
            ],
            [
              106.4007398,
              52.8001798
            ]
          ]
        ]
      },
      "properties": {
        "id": "d50e189a-ba4e-459c-8862-506b8bfcd184",
        "source_type": "osm",
        "height": "",
        "num_floors": "3",
        "class": "",
        "name": ""
      }
    },
    {
      "type": "Feature",
      "geometry": {
        "type": "Polygon",
        "coordinates": [
          [
            [
              106.4034282,
              52.8004033
            ],
            [
              106.4033321,
              52.8004842
            ],
            [
              106.4031974,
              52.8004258
            ],
            [
              106.403688,
              52.8000127
            ],
            [
              106.4038227,
              52.8000711
            ],
            [
              106.4037337,
              52.800146
            ],
            [
              106.4035835,
              52.8002725
            ],
            [
              106.4034282,
              52.8004033
            ]
          ]
        ]
      },
      "properties": {
        "id": "750618a6-768d-4440-a727-c9b41473f91a",
        "source_type": "osm",
        "height": "",
        "num_floors": "2",
        "class": "apartments",
        "name": ""
      }
    },
    {
      "type": "Feature",
      "geometry": {
        "type": "Polygon",
        "coordinates": [
          [
            [
              106.4036436,
              52.8006162
            ],
            [
              106.4035004,
              52.8005555
            ],
            [
              106.4035904,
              52.8004779
            ],
            [
              106.4037348,
              52.8003534
            ],
            [
              106.4038907,
              52.8002189
            ],
            [
              106.4039658,
              52.8001541
            ],
            [
              106.404109,
              52.8002148
            ],
            [
              106.4036436,
              52.8006162
            ]
          ]
        ]
      },
      "properties": {
        "id": "49e2fb7e-563e-4236-b875-df7c4411e3ee",
        "source_type": "osm",
        "height": "",
        "num_floors": "2",
        "class": "apartments",
        "name": ""
      }
    },
    {
      "type": "Feature",
      "geometry": {
        "type": "Polygon",
        "coordinates": [
          [
            [
              106.3972832,
              52.8000527
            ],
            [
              106.3974964,
              52.8001464
            ],
            [
              106.3973799,
              52.8002433
            ],
            [
              106.3971667,
              52.8001496
            ],
            [
              106.3972832,
              52.8000527
            ]
          ]
        ]
      },
      "properties": {
        "id": "4bb9bf2d-0778-4223-8913-82bfa30de56e",
        "source_type": "my",
        "height": "",
        "num_floors": "2",
        "class": "house",
        "name": ""
      }
    },
    {
      "type": "Feature",
      "geometry": {
        "type": "Polygon",
        "coordinates": [
          [
            [
              106.3977185,
              52.8003507
            ],
            [
              106.397573,
              52.8002899
            ],
            [
              106.3976349,
              52.8002358
            ],
            [
              106.3976616,
              52.8002469
            ],
            [
              106.3976784,
              52.8002321
            ],
            [
              106.3977972,
              52.8002817
            ],
            [
              106.3977185,
              52.8003507
            ]
          ]
        ]
      },
      "properties": {
        "id": "4019781f-ee04-499a-b709-7a7808985fd9",
        "source_type": "my",
        "height": "",
        "num_floors": "1",
        "class": "house",
        "name": ""
      }
    },
    {
      "type": "Feature",
      "geometry": {
        "type": "Polygon",
        "coordinates": [
          [
            [
              106.3957055,
              52.8000968
            ],
            [
              106.3958186,
              52.8000648
            ],
            [
              106.3959254,
              52.8002029
            ],
            [
              106.3957578,
              52.8002503
            ],
            [
              106.3956776,
              52.8001466
            ],
            [
              106.3957321,
              52.8001312
            ],
            [
              106.3957055,
              52.8000968
            ]
          ]
        ]
      },
      "properties": {
        "id": "82c2b885-fd02-4d36-9199-bd1720c1a560",
        "source_type": "my",
        "height": "",
        "num_floors": "1",
        "class": "house",
        "name": ""
      }
    },
    {
      "type": "Feature",
      "geometry": {
        "type": "Polygon",
        "coordinates": [
          [
            [
              106.3956071,
              52.8003267
            ],
            [
              106.3954951,
              52.8003822
            ],
            [
              106.3953785,
              52.8002963
            ],
            [
              106.3954905,
              52.8002408
            ],
            [
              106.3956071,
              52.8003267
            ]
          ]
        ]
      },
      "properties": {
        "id": "109e9e76-a7f1-4082-a393-2343892cba30",
        "source_type": "my",
        "height": "",
        "num_floors": "1",
        "class": "house",
        "name": ""
      }
    },
    {
      "type": "Feature",
      "geometry": {
        "type": "Polygon",
        "coordinates": [
          [
            [
              106.4033069,
              52.8013702
            ],
            [
              106.4033779,
              52.8013046
            ],
            [
              106.4035254,
              52.801363
            ],
            [
              106.4034544,
              52.8014286
            ],
            [
              106.4033069,
              52.8013702
            ]
          ]
        ]
      },
      "properties": {
        "id": "fc8203b5-a942-41c7-a0b0-f385ddda4527",
        "source_type": "osm",
        "height": "",
        "num_floors": "",
        "class": "",
        "name": ""
      }
    },
    {
      "type": "Feature",
      "geometry": {
        "type": "Polygon",
        "coordinates": [
          [
            [
              106.4046516,
              52.8014211
            ],
            [
              106.4045527,
              52.8013776
            ],
            [
              106.4046386,
              52.8013062
            ],
            [
              106.4047374,
              52.8013497
            ],
            [
              106.4046516,
              52.8014211
            ]
          ]
        ]
      },
      "properties": {
        "id": "bd4334d6-cb04-466c-97eb-4ab9107e43d3",
        "source_type": "osm",
        "height": "",
        "num_floors": "",
        "class": "",
        "name": ""
      }
    },
    {
      "type": "Feature",
      "geometry": {
        "type": "Polygon",
        "coordinates": [
          [
            [
              106.403826,
              52.8010159
            ],
            [
              106.4037347,
              52.8009771
            ],
            [
              106.4038044,
              52.8009171
            ],
            [
              106.4038957,
              52.8009559
            ],
            [
              106.403826,
              52.8010159
            ]
          ]
        ]
      },
      "properties": {
        "id": "b014e824-678d-420b-8d23-3e9de59e5b33",
        "source_type": "osm",
        "height": "",
        "num_floors": "",
        "class": "",
        "name": ""
      }
    },
    {
      "type": "Feature",
      "geometry": {
        "type": "Polygon",
        "coordinates": [
          [
            [
              106.4034362,
              52.8008153
            ],
            [
              106.4029422,
              52.8012275
            ],
            [
              106.402788,
              52.80116
            ],
            [
              106.4028947,
              52.801071
            ],
            [
              106.4030436,
              52.8009467
            ],
            [
              106.4031912,
              52.8008235
            ],
            [
              106.4032819,
              52.8007478
            ],
            [
              106.4034362,
              52.8008153
            ]
          ]
        ]
      },
      "properties": {
        "id": "0cb2e397-4e6e-466d-91e3-78e1789985c6",
        "source_type": "osm",
        "height": "",
        "num_floors": "2",
        "class": "apartments",
        "name": ""
      }
    },
    {
      "type": "Feature",
      "geometry": {
        "type": "Polygon",
        "coordinates": [
          [
            [
              106.4003763,
              52.801038
            ],
            [
              106.400225,
              52.800973
            ],
            [
              106.4006461,
              52.8006146
            ],
            [
              106.4007999,
              52.8006807
            ],
            [
              106.4006899,
              52.8007743
            ],
            [
              106.4006601,
              52.8007615
            ],
            [
              106.4004653,
              52.8009273
            ],
            [
              106.4004926,
              52.8009391
            ],
            [
              106.4003763,
              52.801038
            ]
          ]
        ]
      },
      "properties": {
        "id": "206bda9b-54f6-42ec-83a8-b34625b08ee1",
        "source_type": "osm",
        "height": "",
        "num_floors": "",
        "class": "",
        "name": ""
      }
    },
    {
      "type": "Feature",
      "geometry": {
        "type": "Polygon",
        "coordinates": [
          [
            [
              106.4047017,
              52.8009312
            ],
            [
              106.4043536,
              52.8007928
            ],
            [
              106.404485,
              52.8006719
            ],
            [
              106.4045746,
              52.8007076
            ],
            [
              106.4047852,
              52.8005139
            ],
            [
              106.4051112,
              52.8006435
            ],
            [
              106.4049845,
              52.80076
            ],
            [
              106.4048141,
              52.8006923
            ],
            [
              106.4047353,
              52.8007648
            ],
            [
              106.4048382,
              52.8008057
            ],
            [
              106.4047017,
              52.8009312
            ]
          ]
        ]
      },
      "properties": {
        "id": "f429fc6a-498b-4c75-b13f-3a416027b15e",
        "source_type": "osm",
        "height": "",
        "num_floors": "2",
        "class": "kindergarten",
        "name": ""
      }
    },
    {
      "type": "Feature",
      "geometry": {
        "type": "Polygon",
        "coordinates": [
          [
            [
              106.4062601,
              52.8007127
            ],
            [
              106.4061096,
              52.800655
            ],
            [
              106.4061794,
              52.8005885
            ],
            [
              106.4063299,
              52.8006462
            ],
            [
              106.4062601,
              52.8007127
            ]
          ]
        ]
      },
      "properties": {
        "id": "3c58bf30-195a-4242-a9ae-c5a8cf1163c7",
        "source_type": "osm",
        "height": "",
        "num_floors": "",
        "class": "",
        "name": ""
      }
    },
    {
      "type": "Feature",
      "geometry": {
        "type": "Polygon",
        "coordinates": [
          [
            [
              106.4061794,
              52.8005885
            ],
            [
              106.4061096,
              52.800655
            ],
            [
              106.4059792,
              52.8006049
            ],
            [
              106.4060489,
              52.8005385
            ],
            [
              106.4061794,
              52.8005885
            ]
          ]
        ]
      },
      "properties": {
        "id": "e0f0b082-4182-4d82-80ff-5c2d5a9954c1",
        "source_type": "osm",
        "height": "",
        "num_floors": "",
        "class": "",
        "name": ""
      }
    },
    {
      "type": "Feature",
      "geometry": {
        "type": "Polygon",
        "coordinates": [
          [
            [
              106.406862,
              52.8009882
            ],
            [
              106.4069116,
              52.800942
            ],
            [
              106.4070109,
              52.8009809
            ],
            [
              106.4069613,
              52.8010271
            ],
            [
              106.406862,
              52.8009882
            ]
          ]
        ]
      },
      "properties": {
        "id": "20ecba34-90ae-4c28-8e7c-b16ba9f3e360",
        "source_type": "osm",
        "height": "",
        "num_floors": "",
        "class": "",
        "name": ""
      }
    },
    {
      "type": "Feature",
      "geometry": {
        "type": "Polygon",
        "coordinates": [
          [
            [
              106.4061933,
              52.8010679
            ],
            [
              106.4060184,
              52.8009955
            ],
            [
              106.4061177,
              52.8009079
            ],
            [
              106.4062337,
              52.800956
            ],
            [
              106.4062038,
              52.8009824
            ],
            [
              106.4062626,
              52.8010067
            ],
            [
              106.4061933,
              52.8010679
            ]
          ]
        ]
      },
      "properties": {
        "id": "231f3b3f-569f-4a70-ab1f-122d69bd5f26",
        "source_type": "osm",
        "height": "",
        "num_floors": "",
        "class": "",
        "name": ""
      }
    },
    {
      "type": "Feature",
      "geometry": {
        "type": "Polygon",
        "coordinates": [
          [
            [
              106.405866,
              52.8009692
            ],
            [
              106.4056805,
              52.800895
            ],
            [
              106.4057958,
              52.8007896
            ],
            [
              106.4059813,
              52.8008638
            ],
            [
              106.405866,
              52.8009692
            ]
          ]
        ]
      },
      "properties": {
        "id": "7b50a2a6-c206-4f6b-8505-303544171cde",
        "source_type": "osm",
        "height": "",
        "num_floors": "",
        "class": "",
        "name": ""
      }
    },
    {
      "type": "Feature",
      "geometry": {
        "type": "Polygon",
        "coordinates": [
          [
            [
              106.4072919,
              52.8011241
            ],
            [
              106.4071691,
              52.8010798
            ],
            [
              106.4072442,
              52.8010036
            ],
            [
              106.407367,
              52.8010478
            ],
            [
              106.4072919,
              52.8011241
            ]
          ]
        ]
      },
      "properties": {
        "id": "8b21dbfb-5a23-43d7-a12e-1e22e94ed03a",
        "source_type": "osm",
        "height": "",
        "num_floors": "",
        "class": "",
        "name": ""
      }
    },
    {
      "type": "Feature",
      "geometry": {
        "type": "Polygon",
        "coordinates": [
          [
            [
              106.4066956,
              52.801249
            ],
            [
              106.4065978,
              52.8012096
            ],
            [
              106.4066675,
              52.8011463
            ],
            [
              106.4067653,
              52.8011857
            ],
            [
              106.4066956,
              52.801249
            ]
          ]
        ]
      },
      "properties": {
        "id": "886d1b30-7496-4518-b746-ca9f4c94f9a8",
        "source_type": "osm",
        "height": "",
        "num_floors": "",
        "class": "",
        "name": ""
      }
    },
    {
      "type": "Feature",
      "geometry": {
        "type": "Polygon",
        "coordinates": [
          [
            [
              106.4071155,
              52.8015096
            ],
            [
              106.4069518,
              52.8014366
            ],
            [
              106.4070365,
              52.8013672
            ],
            [
              106.4072001,
              52.8014402
            ],
            [
              106.4071155,
              52.8015096
            ]
          ]
        ]
      },
      "properties": {
        "id": "f0c9a4b8-930a-4bd2-9920-fb911ec9181d",
        "source_type": "osm",
        "height": "",
        "num_floors": "",
        "class": "",
        "name": ""
      }
    },
    {
      "type": "Feature",
      "geometry": {
        "type": "Polygon",
        "coordinates": [
          [
            [
              106.407641,
              52.8012882
            ],
            [
              106.4075044,
              52.8012355
            ],
            [
              106.4075848,
              52.8011593
            ],
            [
              106.4077215,
              52.801212
            ],
            [
              106.407641,
              52.8012882
            ]
          ]
        ]
      },
      "properties": {
        "id": "31124d30-041c-4a70-8b31-c07fac96735b",
        "source_type": "osm",
        "height": "",
        "num_floors": "",
        "class": "",
        "name": ""
      }
    },
    {
      "type": "Feature",
      "geometry": {
        "type": "Polygon",
        "coordinates": [
          [
            [
              106.4081201,
              52.801303
            ],
            [
              106.4079806,
              52.8014343
            ],
            [
              106.4078452,
              52.8013818
            ],
            [
              106.4079847,
              52.8012505
            ],
            [
              106.4081201,
              52.801303
            ]
          ]
        ]
      },
      "properties": {
        "id": "d90bf930-67ec-4c25-b812-43e473012a41",
        "source_type": "osm",
        "height": "",
        "num_floors": "",
        "class": "",
        "name": ""
      }
    },
    {
      "type": "Feature",
      "geometry": {
        "type": "Polygon",
        "coordinates": [
          [
            [
              106.4090069,
              52.8004777
            ],
            [
              106.4089099,
              52.8004425
            ],
            [
              106.4090064,
              52.8003452
            ],
            [
              106.4091034,
              52.8003804
            ],
            [
              106.4090069,
              52.8004777
            ]
          ]
        ]
      },
      "properties": {
        "id": "135fa401-f1ee-4359-b8a5-c3f7ecb1cb89",
        "source_type": "osm",
        "height": "",
        "num_floors": "",
        "class": "",
        "name": ""
      }
    },
    {
      "type": "Feature",
      "geometry": {
        "type": "Polygon",
        "coordinates": [
          [
            [
              106.4079443,
              52.8004944
            ],
            [
              106.4077726,
              52.8004344
            ],
            [
              106.4078386,
              52.8003654
            ],
            [
              106.4080102,
              52.8004254
            ],
            [
              106.4079443,
              52.8004944
            ]
          ]
        ]
      },
      "properties": {
        "id": "6e7ce671-4378-46d1-bedc-7bc24c6622ed",
        "source_type": "osm",
        "height": "",
        "num_floors": "",
        "class": "",
        "name": ""
      }
    },
    {
      "type": "Feature",
      "geometry": {
        "type": "Polygon",
        "coordinates": [
          [
            [
              106.4077149,
              52.8004948
            ],
            [
              106.4077726,
              52.8004344
            ],
            [
              106.4079443,
              52.8004944
            ],
            [
              106.4078865,
              52.8005548
            ],
            [
              106.4077149,
              52.8004948
            ]
          ]
        ]
      },
      "properties": {
        "id": "c16db30d-520a-4e01-9c23-ab41c90491bc",
        "source_type": "osm",
        "height": "",
        "num_floors": "",
        "class": "",
        "name": ""
      }
    },
    {
      "type": "Feature",
      "geometry": {
        "type": "Polygon",
        "coordinates": [
          [
            [
              106.407427,
              52.8006094
            ],
            [
              106.4073193,
              52.8005674
            ],
            [
              106.4074266,
              52.8004669
            ],
            [
              106.4075342,
              52.8005088
            ],
            [
              106.407427,
              52.8006094
            ]
          ]
        ]
      },
      "properties": {
        "id": "b38c377e-f3c3-475e-82ec-15773e8619bd",
        "source_type": "osm",
        "height": "",
        "num_floors": "",
        "class": "",
        "name": ""
      }
    },
    {
      "type": "Feature",
      "geometry": {
        "type": "Polygon",
        "coordinates": [
          [
            [
              106.4074266,
              52.8004669
            ],
            [
              106.4073193,
              52.8005674
            ],
            [
              106.4072143,
              52.8005265
            ],
            [
              106.4073216,
              52.8004259
            ],
            [
              106.4074266,
              52.8004669
            ]
          ]
        ]
      },
      "properties": {
        "id": "9fdc219b-5a3d-46bd-810c-1c3d00d0d0d5",
        "source_type": "osm",
        "height": "",
        "num_floors": "",
        "class": "",
        "name": ""
      }
    },
    {
      "type": "Feature",
      "geometry": {
        "type": "Polygon",
        "coordinates": [
          [
            [
              106.405382,
              52.8003894
            ],
            [
              106.4052406,
              52.8003355
            ],
            [
              106.4053184,
              52.8002609
            ],
            [
              106.4054597,
              52.8003148
            ],
            [
              106.405382,
              52.8003894
            ]
          ]
        ]
      },
      "properties": {
        "id": "0858a4d4-7cde-4bf3-8f57-9fab4775cd97",
        "source_type": "osm",
        "height": "",
        "num_floors": "",
        "class": "",
        "name": ""
      }
    },
    {
      "type": "Feature",
      "geometry": {
        "type": "Polygon",
        "coordinates": [
          [
            [
              106.4053184,
              52.8002609
            ],
            [
              106.4052406,
              52.8003355
            ],
            [
              106.4051114,
              52.8002862
            ],
            [
              106.4051892,
              52.8002116
            ],
            [
              106.4053184,
              52.8002609
            ]
          ]
        ]
      },
      "properties": {
        "id": "60bfd43b-1ecf-486a-9275-866b258be052",
        "source_type": "osm",
        "height": "",
        "num_floors": "",
        "class": "",
        "name": ""
      }
    },
    {
      "type": "Feature",
      "geometry": {
        "type": "Polygon",
        "coordinates": [
          [
            [
              106.4047936,
              52.8001596
            ],
            [
              106.4046988,
              52.8001263
            ],
            [
              106.4047658,
              52.8000566
            ],
            [
              106.4048607,
              52.8000899
            ],
            [
              106.4047936,
              52.8001596
            ]
          ]
        ]
      },
      "properties": {
        "id": "69beffd0-d2c0-4b85-9345-8ef7b4b6bc69",
        "source_type": "osm",
        "height": "",
        "num_floors": "",
        "class": "",
        "name": ""
      }
    },
    {
      "type": "Feature",
      "geometry": {
        "type": "Polygon",
        "coordinates": [
          [
            [
              106.4065818,
              52.8002756
            ],
            [
              106.4064798,
              52.8002382
            ],
            [
              106.406579,
              52.8001393
            ],
            [
              106.406681,
              52.8001767
            ],
            [
              106.4065818,
              52.8002756
            ]
          ]
        ]
      },
      "properties": {
        "id": "4b5a9669-3227-4e19-8f19-54370b8afdf3",
        "source_type": "osm",
        "height": "",
        "num_floors": "",
        "class": "",
        "name": ""
      }
    },
    {
      "type": "Feature",
      "geometry": {
        "type": "Polygon",
        "coordinates": [
          [
            [
              106.406579,
              52.8001393
            ],
            [
              106.4064798,
              52.8002382
            ],
            [
              106.4063854,
              52.8002036
            ],
            [
              106.4064846,
              52.8001047
            ],
            [
              106.406579,
              52.8001393
            ]
          ]
        ]
      },
      "properties": {
        "id": "5b041fa4-4757-4065-8fa0-b8b28a77c2e4",
        "source_type": "osm",
        "height": "",
        "num_floors": "",
        "class": "",
        "name": ""
      }
    },
    {
      "type": "Feature",
      "geometry": {
        "type": "Polygon",
        "coordinates": [
          [
            [
              106.4078597,
              52.7999757
            ],
            [
              106.4077485,
              52.7999382
            ],
            [
              106.4078262,
              52.7998539
            ],
            [
              106.4079375,
              52.7998914
            ],
            [
              106.4078597,
              52.7999757
            ]
          ]
        ]
      },
      "properties": {
        "id": "a75d0acc-3663-4e2c-b512-c9b0eed9838b",
        "source_type": "osm",
        "height": "",
        "num_floors": "",
        "class": "",
        "name": ""
      }
    },
    {
      "type": "Feature",
      "geometry": {
        "type": "Polygon",
        "coordinates": [
          [
            [
              106.4048778,
              52.7999008
            ],
            [
              106.4049644,
              52.7998168
            ],
            [
              106.4052353,
              52.7999189
            ],
            [
              106.4051487,
              52.8000029
            ],
            [
              106.4048778,
              52.7999008
            ]
          ]
        ]
      },
      "properties": {
        "id": "2f89974e-f3af-4218-9ef7-9ab51f8fc73c",
        "source_type": "osm",
        "height": "",
        "num_floors": "",
        "class": "",
        "name": ""
      }
    },
    {
      "type": "Feature",
      "geometry": {
        "type": "Polygon",
        "coordinates": [
          [
            [
              106.4064959,
              52.7999447
            ],
            [
              106.4063349,
              52.7998863
            ],
            [
              106.406391,
              52.7998298
            ],
            [
              106.406552,
              52.7998882
            ],
            [
              106.4064959,
              52.7999447
            ]
          ]
        ]
      },
      "properties": {
        "id": "5d3b5984-46ce-42b3-a430-c91cea0d761f",
        "source_type": "osm",
        "height": "",
        "num_floors": "",
        "class": "",
        "name": ""
      }
    },
    {
      "type": "Feature",
      "geometry": {
        "type": "Polygon",
        "coordinates": [
          [
            [
              106.4062793,
              52.7999423
            ],
            [
              106.4063349,
              52.7998863
            ],
            [
              106.4064959,
              52.7999447
            ],
            [
              106.4064403,
              52.8000007
            ],
            [
              106.4062793,
              52.7999423
            ]
          ]
        ]
      },
      "properties": {
        "id": "40e72dd5-38a1-4d9f-b785-1d2d3dd4177e",
        "source_type": "osm",
        "height": "",
        "num_floors": "",
        "class": "",
        "name": ""
      }
    },
    {
      "type": "Feature",
      "geometry": {
        "type": "Polygon",
        "coordinates": [
          [
            [
              106.407281,
              52.7999962
            ],
            [
              106.407153,
              52.7999495
            ],
            [
              106.407263,
              52.7998393
            ],
            [
              106.407391,
              52.7998859
            ],
            [
              106.407281,
              52.7999962
            ]
          ]
        ]
      },
      "properties": {
        "id": "6fb474a1-24b5-4140-b230-817c2fef3602",
        "source_type": "osm",
        "height": "",
        "num_floors": "",
        "class": "",
        "name": ""
      }
    },
    {
      "type": "Feature",
      "geometry": {
        "type": "Polygon",
        "coordinates": [
          [
            [
              106.4052837,
              52.7997586
            ],
            [
              106.4050986,
              52.7996951
            ],
            [
              106.4052917,
              52.7994892
            ],
            [
              106.4053851,
              52.7995212
            ],
            [
              106.4053246,
              52.7995858
            ],
            [
              106.4057746,
              52.7997401
            ],
            [
              106.4055429,
              52.7999871
            ],
            [
              106.4054351,
              52.7999502
            ],
            [
              106.405603,
              52.7997712
            ],
            [
              106.4053524,
              52.7996853
            ],
            [
              106.4052837,
              52.7997586
            ]
          ]
        ]
      },
      "properties": {
        "id": "4db7640a-03a4-4e2b-8079-cb35da49ad87",
        "source_type": "osm",
        "height": "",
        "num_floors": "",
        "class": "",
        "name": ""
      }
    },
    {
      "type": "Feature",
      "geometry": {
        "type": "Polygon",
        "coordinates": [
          [
            [
              106.4070379,
              52.7997763
            ],
            [
              106.4068848,
              52.7997241
            ],
            [
              106.4069679,
              52.7996349
            ],
            [
              106.407121,
              52.7996871
            ],
            [
              106.4070379,
              52.7997763
            ]
          ]
        ]
      },
      "properties": {
        "id": "27d9b6b6-023d-4dd9-86d7-9ffe7eca0af5",
        "source_type": "osm",
        "height": "",
        "num_floors": "",
        "class": "",
        "name": ""
      }
    },
    {
      "type": "Feature",
      "geometry": {
        "type": "Polygon",
        "coordinates": [
          [
            [
              106.4197639,
              52.800674
            ],
            [
              106.4198534,
              52.8005733
            ],
            [
              106.4203979,
              52.80075
            ],
            [
              106.4203084,
              52.8008508
            ],
            [
              106.4197639,
              52.800674
            ]
          ]
        ]
      },
      "properties": {
        "id": "f42e9853-f323-4ebd-91b3-d96d668425ad",
        "source_type": "osm",
        "height": "",
        "num_floors": "",
        "class": "",
        "name": ""
      }
    },
    {
      "type": "Feature",
      "geometry": {
        "type": "Polygon",
        "coordinates": [
          [
            [
              106.4193304,
              52.8012754
            ],
            [
              106.4189548,
              52.8011343
            ],
            [
              106.4190281,
              52.8010631
            ],
            [
              106.4194036,
              52.8012042
            ],
            [
              106.4193304,
              52.8012754
            ]
          ]
        ]
      },
      "properties": {
        "id": "ddb358fd-4458-4c80-a040-6f9eb11e9951",
        "source_type": "osm",
        "height": "",
        "num_floors": "",
        "class": "",
        "name": ""
      }
    },
    {
      "type": "Feature",
      "geometry": {
        "type": "Polygon",
        "coordinates": [
          [
            [
              106.4175291,
              52.801504
            ],
            [
              106.4174233,
              52.8014619
            ],
            [
              106.4176406,
              52.8012625
            ],
            [
              106.4177463,
              52.8013046
            ],
            [
              106.4175291,
              52.801504
            ]
          ]
        ]
      },
      "properties": {
        "id": "bf3b1806-05ab-4714-9ca9-e138398c3ece",
        "source_type": "osm",
        "height": "",
        "num_floors": "",
        "class": "",
        "name": ""
      }
    },
    {
      "type": "Feature",
      "geometry": {
        "type": "Polygon",
        "coordinates": [
          [
            [
              106.415872,
              52.8013726
            ],
            [
              106.4159374,
              52.8012965
            ],
            [
              106.4160768,
              52.8013403
            ],
            [
              106.4160115,
              52.8014164
            ],
            [
              106.415872,
              52.8013726
            ]
          ]
        ]
      },
      "properties": {
        "id": "23256b57-014a-4aa7-a8b0-93487f0c35ca",
        "source_type": "osm",
        "height": "",
        "num_floors": "",
        "class": "",
        "name": ""
      }
    },
    {
      "type": "Feature",
      "geometry": {
        "type": "Polygon",
        "coordinates": [
          [
            [
              106.4182521,
              52.8014862
            ],
            [
              106.4180241,
              52.8016954
            ],
            [
              106.4178551,
              52.8016281
            ],
            [
              106.4180831,
              52.8014189
            ],
            [
              106.4182521,
              52.8014862
            ]
          ]
        ]
      },
      "properties": {
        "id": "bf7f0de0-5dfb-4885-9b65-f4ae7b6b6d32",
        "source_type": "osm",
        "height": "",
        "num_floors": "",
        "class": "",
        "name": ""
      }
    },
    {
      "type": "Feature",
      "geometry": {
        "type": "Polygon",
        "coordinates": [
          [
            [
              106.4169646,
              52.8019954
            ],
            [
              106.416447,
              52.8017846
            ],
            [
              106.4167269,
              52.8015334
            ],
            [
              106.4168509,
              52.8015839
            ],
            [
              106.4166614,
              52.8017539
            ],
            [
              106.4169321,
              52.8018642
            ],
            [
              106.4171034,
              52.8017104
            ],
            [
              106.4170628,
              52.8016939
            ],
            [
              106.4171595,
              52.8016071
            ],
            [
              106.417323,
              52.8016737
            ],
            [
              106.4169646,
              52.8019954
            ]
          ]
        ]
      },
      "properties": {
        "id": "d71ce846-89f4-4da3-a55b-cb707b2d6e9e",
        "source_type": "osm",
        "height": "",
        "num_floors": "",
        "class": "",
        "name": ""
      }
    },
    {
      "type": "Feature",
      "geometry": {
        "type": "Polygon",
        "coordinates": [
          [
            [
              106.418067,
              52.802237
            ],
            [
              106.4178283,
              52.8024268
            ],
            [
              106.4176789,
              52.802358
            ],
            [
              106.4179176,
              52.8021683
            ],
            [
              106.418067,
              52.802237
            ]
          ]
        ]
      },
      "properties": {
        "id": "9777368b-a553-42bc-8989-04acd95c1956",
        "source_type": "osm",
        "height": "",
        "num_floors": "",
        "class": "",
        "name": ""
      }
    },
    {
      "type": "Feature",
      "geometry": {
        "type": "Polygon",
        "coordinates": [
          [
            [
              106.4183655,
              52.8018689
            ],
            [
              106.4184694,
              52.8017797
            ],
            [
              106.4189683,
              52.8019922
            ],
            [
              106.4188644,
              52.8020814
            ],
            [
              106.4183655,
              52.8018689
            ]
          ]
        ]
      },
      "properties": {
        "id": "82dce7bf-e259-4ecf-b6b2-42641f6a3fe9",
        "source_type": "osm",
        "height": "",
        "num_floors": "",
        "class": "",
        "name": ""
      }
    },
    {
      "type": "Feature",
      "geometry": {
        "type": "Polygon",
        "coordinates": [
          [
            [
              106.4176057,
              52.8024365
            ],
            [
              106.4173858,
              52.8023327
            ],
            [
              106.4174764,
              52.8022625
            ],
            [
              106.4176963,
              52.8023663
            ],
            [
              106.4176057,
              52.8024365
            ]
          ]
        ]
      },
      "properties": {
        "id": "cef717de-6da7-4cfe-a9a6-65c3ca0097b4",
        "source_type": "osm",
        "height": "",
        "num_floors": "",
        "class": "",
        "name": ""
      }
    },
    {
      "type": "Feature",
      "geometry": {
        "type": "Polygon",
        "coordinates": [
          [
            [
              106.4139512,
              52.8029262
            ],
            [
              106.4138359,
              52.80303
            ],
            [
              106.4137118,
              52.8029796
            ],
            [
              106.4138271,
              52.8028758
            ],
            [
              106.4139512,
              52.8029262
            ]
          ]
        ]
      },
      "properties": {
        "id": "dad31d79-601b-4164-931d-50a5ace86280",
        "source_type": "osm",
        "height": "",
        "num_floors": "",
        "class": "",
        "name": ""
      }
    },
    {
      "type": "Feature",
      "geometry": {
        "type": "Polygon",
        "coordinates": [
          [
            [
              106.4117397,
              52.8029546
            ],
            [
              106.4117706,
              52.8028986
            ],
            [
              106.4119315,
              52.8029311
            ],
            [
              106.4119006,
              52.802987
            ],
            [
              106.4117397,
              52.8029546
            ]
          ]
        ]
      },
      "properties": {
        "id": "78abe016-b2b0-452d-855d-c1c114af9331",
        "source_type": "osm",
        "height": "",
        "num_floors": "",
        "class": "",
        "name": ""
      }
    },
    {
      "type": "Feature",
      "geometry": {
        "type": "Polygon",
        "coordinates": [
          [
            [
              106.4114353,
              52.8028192
            ],
            [
              106.411395,
              52.8030089
            ],
            [
              106.4113003,
              52.8030016
            ],
            [
              106.4113405,
              52.8028118
            ],
            [
              106.4114353,
              52.8028192
            ]
          ]
        ]
      },
      "properties": {
        "id": "a677f195-4e83-4cd6-98db-95d1cb1e8d04",
        "source_type": "osm",
        "height": "",
        "num_floors": "",
        "class": "",
        "name": ""
      }
    },
    {
      "type": "Feature",
      "geometry": {
        "type": "Polygon",
        "coordinates": [
          [
            [
              106.4103725,
              52.8028174
            ],
            [
              106.4104321,
              52.8027543
            ],
            [
              106.4106199,
              52.8028192
            ],
            [
              106.4105603,
              52.8028822
            ],
            [
              106.4103725,
              52.8028174
            ]
          ]
        ]
      },
      "properties": {
        "id": "e2541fe3-f7e6-4d7b-8fe2-187cf456862e",
        "source_type": "osm",
        "height": "",
        "num_floors": "",
        "class": "",
        "name": ""
      }
    },
    {
      "type": "Feature",
      "geometry": {
        "type": "Polygon",
        "coordinates": [
          [
            [
              106.4098524,
              52.8028232
            ],
            [
              106.4099064,
              52.8027673
            ],
            [
              106.410003,
              52.8028013
            ],
            [
              106.409949,
              52.8028573
            ],
            [
              106.4098524,
              52.8028232
            ]
          ]
        ]
      },
      "properties": {
        "id": "f7767b86-2dca-47ee-b2b6-34293f784765",
        "source_type": "osm",
        "height": "",
        "num_floors": "",
        "class": "",
        "name": ""
      }
    },
    {
      "type": "Feature",
      "geometry": {
        "type": "Polygon",
        "coordinates": [
          [
            [
              106.4101317,
              52.8029027
            ],
            [
              106.4102953,
              52.8029586
            ],
            [
              106.4102256,
              52.8030332
            ],
            [
              106.4100619,
              52.8029773
            ],
            [
              106.4101317,
              52.8029027
            ]
          ]
        ]
      },
      "properties": {
        "id": "af462f61-a811-4991-8268-f0e03e1ee9e2",
        "source_type": "osm",
        "height": "",
        "num_floors": "",
        "class": "",
        "name": ""
      }
    },
    {
      "type": "Feature",
      "geometry": {
        "type": "Polygon",
        "coordinates": [
          [
            [
              106.4103693,
              52.8030823
            ],
            [
              106.4102256,
              52.8030332
            ],
            [
              106.4102953,
              52.8029586
            ],
            [
              106.410439,
              52.8030077
            ],
            [
              106.4103693,
              52.8030823
            ]
          ]
        ]
      },
      "properties": {
        "id": "40551c65-11eb-4a36-b4c2-4fd97ac489c8",
        "source_type": "osm",
        "height": "",
        "num_floors": "",
        "class": "",
        "name": ""
      }
    },
    {
      "type": "Feature",
      "geometry": {
        "type": "Polygon",
        "coordinates": [
          [
            [
              106.4110979,
              52.8030945
            ],
            [
              106.4111322,
              52.8030462
            ],
            [
              106.4112073,
              52.8030657
            ],
            [
              106.411173,
              52.803114
            ],
            [
              106.4110979,
              52.8030945
            ]
          ]
        ]
      },
      "properties": {
        "id": "84cea6b9-5ec3-4882-860d-7538f79b6d1a",
        "source_type": "osm",
        "height": "",
        "num_floors": "",
        "class": "",
        "name": ""
      }
    },
    {
      "type": "Feature",
      "geometry": {
        "type": "Polygon",
        "coordinates": [
          [
            [
              106.412476,
              52.8029278
            ],
            [
              106.4124196,
              52.8032051
            ],
            [
              106.4122813,
              52.8031948
            ],
            [
              106.4123376,
              52.8029175
            ],
            [
              106.412476,
              52.8029278
            ]
          ]
        ]
      },
      "properties": {
        "id": "298b6829-1e1a-4118-9475-91a5ae3436ca",
        "source_type": "osm",
        "height": "",
        "num_floors": "",
        "class": "",
        "name": ""
      }
    },
    {
      "type": "Feature",
      "geometry": {
        "type": "Polygon",
        "coordinates": [
          [
            [
              106.4090776,
              52.80261
            ],
            [
              106.4089757,
              52.8027089
            ],
            [
              106.4088463,
              52.8026602
            ],
            [
              106.4089483,
              52.8025613
            ],
            [
              106.4090776,
              52.80261
            ]
          ]
        ]
      },
      "properties": {
        "id": "67827613-5e7b-421a-a820-4893c626e949",
        "source_type": "osm",
        "height": "",
        "num_floors": "",
        "class": "",
        "name": ""
      }
    },
    {
      "type": "Feature",
      "geometry": {
        "type": "Polygon",
        "coordinates": [
          [
            [
              106.4093405,
              52.8023262
            ],
            [
              106.4092412,
              52.8024235
            ],
            [
              106.4091244,
              52.80238
            ],
            [
              106.4092236,
              52.8022827
            ],
            [
              106.4093405,
              52.8023262
            ]
          ]
        ]
      },
      "properties": {
        "id": "55513081-ff80-4483-bff8-bf82e7081f0a",
        "source_type": "osm",
        "height": "",
        "num_floors": "",
        "class": "",
        "name": ""
      }
    },
    {
      "type": "Feature",
      "geometry": {
        "type": "Polygon",
        "coordinates": [
          [
            [
              106.4143964,
              52.8026149
            ],
            [
              106.4143133,
              52.8025646
            ],
            [
              106.4143911,
              52.8025176
            ],
            [
              106.4144742,
              52.8025678
            ],
            [
              106.4143964,
              52.8026149
            ]
          ]
        ]
      },
      "properties": {
        "id": "726e527c-2906-4ff6-9ff0-54559a4c58c6",
        "source_type": "osm",
        "height": "",
        "num_floors": "",
        "class": "",
        "name": ""
      }
    },
    {
      "type": "Feature",
      "geometry": {
        "type": "Polygon",
        "coordinates": [
          [
            [
              106.4084194,
              52.8016013
            ],
            [
              106.4083239,
              52.8015641
            ],
            [
              106.4084071,
              52.8014862
            ],
            [
              106.4085025,
              52.8015235
            ],
            [
              106.4084194,
              52.8016013
            ]
          ]
        ]
      },
      "properties": {
        "id": "037de827-522d-4787-8044-1a5aaaee87d2",
        "source_type": "osm",
        "height": "",
        "num_floors": "",
        "class": "",
        "name": ""
      }
    },
    {
      "type": "Feature",
      "geometry": {
        "type": "Polygon",
        "coordinates": [
          [
            [
              106.4076088,
              52.801612
            ],
            [
              106.4074776,
              52.8015598
            ],
            [
              106.4075392,
              52.8015031
            ],
            [
              106.4076705,
              52.8015552
            ],
            [
              106.4076088,
              52.801612
            ]
          ]
        ]
      },
      "properties": {
        "id": "64445e40-57df-4fe3-9d62-57105260f59f",
        "source_type": "osm",
        "height": "",
        "num_floors": "",
        "class": "",
        "name": ""
      }
    },
    {
      "type": "Feature",
      "geometry": {
        "type": "Polygon",
        "coordinates": [
          [
            [
              106.4043851,
              52.8021535
            ],
            [
              106.4046158,
              52.8019962
            ],
            [
              106.4047946,
              52.8020921
            ],
            [
              106.404564,
              52.8022494
            ],
            [
              106.4043851,
              52.8021535
            ]
          ]
        ]
      },
      "properties": {
        "id": "8563b570-0739-43ee-bc88-e1fca3a9563c",
        "source_type": "osm",
        "height": "",
        "num_floors": "",
        "class": "",
        "name": ""
      }
    },
    {
      "type": "Feature",
      "geometry": {
        "type": "Polygon",
        "coordinates": [
          [
            [
              106.4037511,
              52.8016728
            ],
            [
              106.4038326,
              52.8016135
            ],
            [
              106.4041812,
              52.8017887
            ],
            [
              106.4040998,
              52.8018479
            ],
            [
              106.4037511,
              52.8016728
            ]
          ]
        ]
      },
      "properties": {
        "id": "c33f9fc8-c50b-4bf8-aa84-2966af52533a",
        "source_type": "osm",
        "height": "",
        "num_floors": "",
        "class": "",
        "name": ""
      }
    },
    {
      "type": "Feature",
      "geometry": {
        "type": "Polygon",
        "coordinates": [
          [
            [
              106.4043596,
              52.8015106
            ],
            [
              106.4042014,
              52.8014376
            ],
            [
              106.4042512,
              52.8013981
            ],
            [
              106.4043179,
              52.8014288
            ],
            [
              106.4043713,
              52.8013866
            ],
            [
              106.4044628,
              52.8014288
            ],
            [
              106.4043596,
              52.8015106
            ]
          ]
        ]
      },
      "properties": {
        "id": "be0b7c02-db0c-4cf8-b462-2fe1b0f0dd68",
        "source_type": "osm",
        "height": "",
        "num_floors": "",
        "class": "",
        "name": ""
      }
    },
    {
      "type": "Feature",
      "geometry": {
        "type": "Polygon",
        "coordinates": [
          [
            [
              106.3997999,
              52.8039148
            ],
            [
              106.3996738,
              52.8038732
            ],
            [
              106.3998186,
              52.8037126
            ],
            [
              106.3999447,
              52.8037542
            ],
            [
              106.3997999,
              52.8039148
            ]
          ]
        ]
      },
      "properties": {
        "id": "c5dcb593-8abb-40e5-94ba-169e7c449a70",
        "source_type": "osm",
        "height": "",
        "num_floors": "",
        "class": "",
        "name": ""
      }
    },
    {
      "type": "Feature",
      "geometry": {
        "type": "Polygon",
        "coordinates": [
          [
            [
              106.40019,
              52.8042256
            ],
            [
              106.4000413,
              52.8041667
            ],
            [
              106.4003578,
              52.8038748
            ],
            [
              106.4005065,
              52.8039337
            ],
            [
              106.40019,
              52.8042256
            ]
          ]
        ]
      },
      "properties": {
        "id": "75f6b698-8a77-4022-bc24-0d530474627f",
        "source_type": "osm",
        "height": "",
        "num_floors": "",
        "class": "",
        "name": ""
      }
    },
    {
      "type": "Feature",
      "geometry": {
        "type": "Polygon",
        "coordinates": [
          [
            [
              106.405521,
              52.8033543
            ],
            [
              106.405631,
              52.8032619
            ],
            [
              106.4057304,
              52.8033051
            ],
            [
              106.4056869,
              52.8033417
            ],
            [
              106.4057583,
              52.8033728
            ],
            [
              106.4056919,
              52.8034286
            ],
            [
              106.405521,
              52.8033543
            ]
          ]
        ]
      },
      "properties": {
        "id": "d8769f6b-e3af-407b-bf46-25aa78c33ea4",
        "source_type": "osm",
        "height": "",
        "num_floors": "",
        "class": "",
        "name": ""
      }
    },
    {
      "type": "Feature",
      "geometry": {
        "type": "Polygon",
        "coordinates": [
          [
            [
              106.4097616,
              52.8033056
            ],
            [
              106.4096757,
              52.8034078
            ],
            [
              106.4095816,
              52.8033789
            ],
            [
              106.4096674,
              52.8032767
            ],
            [
              106.4097616,
              52.8033056
            ]
          ]
        ]
      },
      "properties": {
        "id": "6eeaf2d4-7fb4-4f22-8e3c-fb7420a39e5e",
        "source_type": "osm",
        "height": "",
        "num_floors": "",
        "class": "",
        "name": ""
      }
    },
    {
      "type": "Feature",
      "geometry": {
        "type": "Polygon",
        "coordinates": [
          [
            [
              106.4118979,
              52.8032581
            ],
            [
              106.4119476,
              52.8031938
            ],
            [
              106.4121085,
              52.8032392
            ],
            [
              106.4120588,
              52.8033035
            ],
            [
              106.4118979,
              52.8032581
            ]
          ]
        ]
      },
      "properties": {
        "id": "82cdedbd-276d-4edf-acda-4608c4b4bce3",
        "source_type": "osm",
        "height": "",
        "num_floors": "",
        "class": "",
        "name": ""
      }
    },
    {
      "type": "Feature",
      "geometry": {
        "type": "Polygon",
        "coordinates": [
          [
            [
              106.41294,
              52.8032781
            ],
            [
              106.4128354,
              52.8038197
            ],
            [
              106.4125556,
              52.8037999
            ],
            [
              106.4126602,
              52.8032583
            ],
            [
              106.41294,
              52.8032781
            ]
          ]
        ]
      },
      "properties": {
        "id": "14e66855-e1a0-4c3b-91ac-0a5dd63b1578",
        "source_type": "osm",
        "height": "",
        "num_floors": "",
        "class": "",
        "name": ""
      }
    },
    {
      "type": "Feature",
      "geometry": {
        "type": "Polygon",
        "coordinates": [
          [
            [
              106.4121997,
              52.8035375
            ],
            [
              106.4118215,
              52.8035132
            ],
            [
              106.4118386,
              52.803416
            ],
            [
              106.4122168,
              52.8034403
            ],
            [
              106.4121997,
              52.8035375
            ]
          ]
        ]
      },
      "properties": {
        "id": "37977d48-36f3-4f3d-84c5-01a48a2ff5b2",
        "source_type": "osm",
        "height": "",
        "num_floors": "",
        "class": "",
        "name": ""
      }
    },
    {
      "type": "Feature",
      "geometry": {
        "type": "Polygon",
        "coordinates": [
          [
            [
              106.4098643,
              52.8034807
            ],
            [
              106.4099279,
              52.8034191
            ],
            [
              106.4100995,
              52.803484
            ],
            [
              106.4099931,
              52.8035869
            ],
            [
              106.4099162,
              52.8035579
            ],
            [
              106.409959,
              52.8035165
            ],
            [
              106.4098643,
              52.8034807
            ]
          ]
        ]
      },
      "properties": {
        "id": "4a27ecab-24ee-4410-a08a-eb9b1ac259f6",
        "source_type": "osm",
        "height": "",
        "num_floors": "",
        "class": "",
        "name": ""
      }
    },
    {
      "type": "Feature",
      "geometry": {
        "type": "Polygon",
        "coordinates": [
          [
            [
              106.4116716,
              52.8038408
            ],
            [
              106.4117035,
              52.803677
            ],
            [
              106.4121595,
              52.8037094
            ],
            [
              106.4121276,
              52.8038732
            ],
            [
              106.4116716,
              52.8038408
            ]
          ]
        ]
      },
      "properties": {
        "id": "66067419-0f02-474c-9de7-54c59e2b2548",
        "source_type": "osm",
        "height": "",
        "num_floors": "",
        "class": "",
        "name": ""
      }
    },
    {
      "type": "Feature",
      "geometry": {
        "type": "Polygon",
        "coordinates": [
          [
            [
              106.4125136,
              52.8039204
            ],
            [
              106.4125243,
              52.8038602
            ],
            [
              106.4128515,
              52.8038813
            ],
            [
              106.4128409,
              52.8039415
            ],
            [
              106.4125136,
              52.8039204
            ]
          ]
        ]
      },
      "properties": {
        "id": "e183b062-e531-4cdf-9eb3-344e163d4c1d",
        "source_type": "osm",
        "height": "",
        "num_floors": "",
        "class": "",
        "name": ""
      }
    },
    {
      "type": "Feature",
      "geometry": {
        "type": "Polygon",
        "coordinates": [
          [
            [
              106.4121568,
              52.8040515
            ],
            [
              106.4121031,
              52.8041488
            ],
            [
              106.4119792,
              52.8041239
            ],
            [
              106.4120329,
              52.8040266
            ],
            [
              106.4121568,
              52.8040515
            ]
          ]
        ]
      },
      "properties": {
        "id": "a223cfeb-b332-4ccf-b5a1-77687e5d9143",
        "source_type": "osm",
        "height": "",
        "num_floors": "",
        "class": "",
        "name": ""
      }
    },
    {
      "type": "Feature",
      "geometry": {
        "type": "Polygon",
        "coordinates": [
          [
            [
              106.4121035,
              52.803993
            ],
            [
              106.4121192,
              52.8039153
            ],
            [
              106.4124921,
              52.8039429
            ],
            [
              106.4124764,
              52.8040206
            ],
            [
              106.4121035,
              52.803993
            ]
          ]
        ]
      },
      "properties": {
        "id": "f71de1ea-ec47-421d-b9fe-b6065fd98194",
        "source_type": "osm",
        "height": "",
        "num_floors": "",
        "class": "",
        "name": ""
      }
    },
    {
      "type": "Feature",
      "geometry": {
        "type": "Polygon",
        "coordinates": [
          [
            [
              106.4113065,
              52.8038424
            ],
            [
              106.411269,
              52.8040467
            ],
            [
              106.4110844,
              52.8040343
            ],
            [
              106.4111219,
              52.80383
            ],
            [
              106.4113065,
              52.8038424
            ]
          ]
        ]
      },
      "properties": {
        "id": "ef9ac2fd-ae26-45db-b0f3-6cf4513a1bab",
        "source_type": "osm",
        "height": "",
        "num_floors": "",
        "class": "",
        "name": ""
      }
    },
    {
      "type": "Feature",
      "geometry": {
        "type": "Polygon",
        "coordinates": [
          [
            [
              106.4130179,
              52.8041554
            ],
            [
              106.4130231,
              52.8040905
            ],
            [
              106.4131331,
              52.8040937
            ],
            [
              106.4131279,
              52.8041586
            ],
            [
              106.4130179,
              52.8041554
            ]
          ]
        ]
      },
      "properties": {
        "id": "1fc83396-c93b-4205-9c5e-5b93192614f4",
        "source_type": "osm",
        "height": "",
        "num_floors": "",
        "class": "",
        "name": ""
      }
    },
    {
      "type": "Feature",
      "geometry": {
        "type": "Polygon",
        "coordinates": [
          [
            [
              106.4027208,
              52.8048672
            ],
            [
              106.4025813,
              52.804812
            ],
            [
              106.4026457,
              52.8047525
            ],
            [
              106.4027852,
              52.8048076
            ],
            [
              106.4027208,
              52.8048672
            ]
          ]
        ]
      },
      "properties": {
        "id": "2f937d52-e151-458f-aa58-f5807ae945ea",
        "source_type": "osm",
        "height": "",
        "num_floors": "",
        "class": "",
        "name": ""
      }
    },
    {
      "type": "Feature",
      "geometry": {
        "type": "Polygon",
        "coordinates": [
          [
            [
              106.4015142,
              52.8046498
            ],
            [
              106.4011211,
              52.8050154
            ],
            [
              106.4010071,
              52.8049706
            ],
            [
              106.4009635,
              52.8049535
            ],
            [
              106.4013566,
              52.8045878
            ],
            [
              106.4015142,
              52.8046498
            ]
          ]
        ]
      },
      "properties": {
        "id": "21bd00bc-cfa3-4a97-bf0e-a67d8d8b3e00",
        "source_type": "osm",
        "height": "",
        "num_floors": "",
        "class": "",
        "name": ""
      }
    },
    {
      "type": "Feature",
      "geometry": {
        "type": "Polygon",
        "coordinates": [
          [
            [
              106.4023564,
              52.8048005
            ],
            [
              106.4019537,
              52.8046506
            ],
            [
              106.4020543,
              52.8045519
            ],
            [
              106.402457,
              52.8047018
            ],
            [
              106.4023564,
              52.8048005
            ]
          ]
        ]
      },
      "properties": {
        "id": "6cf85966-6d3b-44fe-8890-b4c4d2beb017",
        "source_type": "osm",
        "height": "",
        "num_floors": "",
        "class": "",
        "name": ""
      }
    },
    {
      "type": "Feature",
      "geometry": {
        "type": "Polygon",
        "coordinates": [
          [
            [
              106.4030944,
              52.8045109
            ],
            [
              106.403225,
              52.8045607
            ],
            [
              106.4031151,
              52.8046661
            ],
            [
              106.4029844,
              52.8046163
            ],
            [
              106.4030944,
              52.8045109
            ]
          ]
        ]
      },
      "properties": {
        "id": "cac6a7fa-0794-4338-9d65-89c331740470",
        "source_type": "osm",
        "height": "",
        "num_floors": "",
        "class": "",
        "name": ""
      }
    },
    {
      "type": "Feature",
      "geometry": {
        "type": "Polygon",
        "coordinates": [
          [
            [
              106.403418,
              52.8047802
            ],
            [
              106.4034691,
              52.8047293
            ],
            [
              106.4036059,
              52.8047796
            ],
            [
              106.4035548,
              52.8048304
            ],
            [
              106.403418,
              52.8047802
            ]
          ]
        ]
      },
      "properties": {
        "id": "83108452-1de3-4d0c-a89e-e8f6da1cb075",
        "source_type": "osm",
        "height": "",
        "num_floors": "",
        "class": "",
        "name": ""
      }
    },
    {
      "type": "Feature",
      "geometry": {
        "type": "Polygon",
        "coordinates": [
          [
            [
              106.4016352,
              52.8045444
            ],
            [
              106.4014912,
              52.8044873
            ],
            [
              106.4016201,
              52.8043684
            ],
            [
              106.4018368,
              52.8044543
            ],
            [
              106.4017758,
              52.8045106
            ],
            [
              106.4017031,
              52.8044817
            ],
            [
              106.4016352,
              52.8045444
            ]
          ]
        ]
      },
      "properties": {
        "id": "9eed3088-247c-40c8-a0c3-08b7329a9ef1",
        "source_type": "osm",
        "height": "",
        "num_floors": "",
        "class": "",
        "name": ""
      }
    },
    {
      "type": "Feature",
      "geometry": {
        "type": "Polygon",
        "coordinates": [
          [
            [
              106.3998884,
              52.8044569
            ],
            [
              106.3997891,
              52.8045639
            ],
            [
              106.3996768,
              52.8045259
            ],
            [
              106.3997761,
              52.8044189
            ],
            [
              106.3998884,
              52.8044569
            ]
          ]
        ]
      },
      "properties": {
        "id": "41b87ddc-60ea-47c7-bbeb-a387ae520b8d",
        "source_type": "osm",
        "height": "",
        "num_floors": "",
        "class": "",
        "name": ""
      }
    },
    {
      "type": "Feature",
      "geometry": {
        "type": "Polygon",
        "coordinates": [
          [
            [
              106.4032877,
              52.8053997
            ],
            [
              106.4035164,
              52.8051627
            ],
            [
              106.403679,
              52.80522
            ],
            [
              106.4034503,
              52.805457
            ],
            [
              106.4033593,
              52.805425
            ],
            [
              106.4032877,
              52.8053997
            ]
          ]
        ]
      },
      "properties": {
        "id": "a39cc2d7-bfce-4170-b82e-769f5f3b516c",
        "source_type": "osm",
        "height": "",
        "num_floors": "",
        "class": "",
        "name": ""
      }
    },
    {
      "type": "Feature",
      "geometry": {
        "type": "Polygon",
        "coordinates": [
          [
            [
              106.404314,
              52.8053422
            ],
            [
              106.4041477,
              52.8052725
            ],
            [
              106.4042262,
              52.8052041
            ],
            [
              106.4043925,
              52.8052738
            ],
            [
              106.404314,
              52.8053422
            ]
          ]
        ]
      },
      "properties": {
        "id": "dfb44647-88c1-4141-bcdb-ada520e74a38",
        "source_type": "osm",
        "height": "",
        "num_floors": "",
        "class": "",
        "name": ""
      }
    },
    {
      "type": "Feature",
      "geometry": {
        "type": "Polygon",
        "coordinates": [
          [
            [
              106.4046734,
              52.8053893
            ],
            [
              106.4045581,
              52.8053374
            ],
            [
              106.4046378,
              52.8052727
            ],
            [
              106.4047531,
              52.8053245
            ],
            [
              106.4046734,
              52.8053893
            ]
          ]
        ]
      },
      "properties": {
        "id": "692dc369-9e74-4aaf-bf06-5f6f090b392f",
        "source_type": "osm",
        "height": "",
        "num_floors": "",
        "class": "",
        "name": ""
      }
    },
    {
      "type": "Feature",
      "geometry": {
        "type": "Polygon",
        "coordinates": [
          [
            [
              106.4015912,
              52.8056041
            ],
            [
              106.4012962,
              52.805473
            ],
            [
              106.4017333,
              52.8051135
            ],
            [
              106.4020283,
              52.8052446
            ],
            [
              106.4015912,
              52.8056041
            ]
          ]
        ]
      },
      "properties": {
        "id": "0b24049c-e1fa-4dd3-b79a-5b87345487e0",
        "source_type": "osm",
        "height": "",
        "num_floors": "",
        "class": "",
        "name": ""
      }
    },
    {
      "type": "Feature",
      "geometry": {
        "type": "Polygon",
        "coordinates": [
          [
            [
              106.40331,
              52.8056669
            ],
            [
              106.4031675,
              52.805614
            ],
            [
              106.4033593,
              52.805425
            ],
            [
              106.4035019,
              52.8054779
            ],
            [
              106.40331,
              52.8056669
            ]
          ]
        ]
      },
      "properties": {
        "id": "944c8704-c795-4e7b-8570-e157444b0b22",
        "source_type": "osm",
        "height": "",
        "num_floors": "",
        "class": "",
        "name": ""
      }
    },
    {
      "type": "Feature",
      "geometry": {
        "type": "Polygon",
        "coordinates": [
          [
            [
              106.401039,
              52.8065469
            ],
            [
              106.4013361,
              52.8062298
            ],
            [
              106.4014794,
              52.8062789
            ],
            [
              106.4011823,
              52.806596
            ],
            [
              106.401039,
              52.8065469
            ]
          ]
        ]
      },
      "properties": {
        "id": "98332a65-162e-4831-9b4b-6a62dbff1fec",
        "source_type": "osm",
        "height": "",
        "num_floors": "",
        "class": "",
        "name": ""
      }
    },
    {
      "type": "Feature",
      "geometry": {
        "type": "Polygon",
        "coordinates": [
          [
            [
              106.4022703,
              52.8063091
            ],
            [
              106.4019212,
              52.8062012
            ],
            [
              106.4020122,
              52.8060937
            ],
            [
              106.4023613,
              52.8062016
            ],
            [
              106.4022703,
              52.8063091
            ]
          ]
        ]
      },
      "properties": {
        "id": "3711dfca-76f0-4366-bc74-b6166a324351",
        "source_type": "osm",
        "height": "",
        "num_floors": "",
        "class": "",
        "name": ""
      }
    },
    {
      "type": "Feature",
      "geometry": {
        "type": "Polygon",
        "coordinates": [
          [
            [
              106.4094715,
              52.8052954
            ],
            [
              106.40929,
              52.8052958
            ],
            [
              106.4092894,
              52.8052055
            ],
            [
              106.4094709,
              52.805205
            ],
            [
              106.4094715,
              52.8052954
            ]
          ]
        ]
      },
      "properties": {
        "id": "41f096d1-8dd3-4d17-bd0a-63cf543eef63",
        "source_type": "osm",
        "height": "",
        "num_floors": "",
        "class": "",
        "name": ""
      }
    },
    {
      "type": "Feature",
      "geometry": {
        "type": "Polygon",
        "coordinates": [
          [
            [
              106.4094709,
              52.805205
            ],
            [
              106.4094704,
              52.8051304
            ],
            [
              106.4096939,
              52.8051299
            ],
            [
              106.4096957,
              52.805411
            ],
            [
              106.4094723,
              52.8054115
            ],
            [
              106.4094715,
              52.8052954
            ],
            [
              106.4094709,
              52.805205
            ]
          ]
        ]
      },
      "properties": {
        "id": "4c021cde-f2f4-4225-8155-49b1eba9b511",
        "source_type": "osm",
        "height": "",
        "num_floors": "",
        "class": "kindergarten",
        "name": ""
      }
    },
    {
      "type": "Feature",
      "geometry": {
        "type": "Polygon",
        "coordinates": [
          [
            [
              106.4090674,
              52.8053003
            ],
            [
              106.4088903,
              52.8053007
            ],
            [
              106.4088897,
              52.8052053
            ],
            [
              106.4090667,
              52.8052048
            ],
            [
              106.4090674,
              52.8053003
            ]
          ]
        ]
      },
      "properties": {
        "id": "e7df273b-b08b-4da2-9aa5-87cb929b9114",
        "source_type": "osm",
        "height": "",
        "num_floors": "",
        "class": "",
        "name": ""
      }
    },
    {
      "type": "Feature",
      "geometry": {
        "type": "Polygon",
        "coordinates": [
          [
            [
              106.4086677,
              52.8054156
            ],
            [
              106.4086658,
              52.8051345
            ],
            [
              106.4088892,
              52.805134
            ],
            [
              106.4088896,
              52.8052006
            ],
            [
              106.4088903,
              52.8053007
            ],
            [
              106.4088911,
              52.805415
            ],
            [
              106.4086677,
              52.8054156
            ]
          ]
        ]
      },
      "properties": {
        "id": "a1b0a1a0-710b-4fea-80ea-8b835c7327b9",
        "source_type": "osm",
        "height": "",
        "num_floors": "",
        "class": "kindergarten",
        "name": ""
      }
    },
    {
      "type": "Feature",
      "geometry": {
        "type": "Polygon",
        "coordinates": [
          [
            [
              106.4090667,
              52.8052002
            ],
            [
              106.4090654,
              52.8050088
            ],
            [
              106.4092881,
              52.8050083
            ],
            [
              106.4092894,
              52.8052055
            ],
            [
              106.40929,
              52.8052958
            ],
            [
              106.4092908,
              52.8054072
            ],
            [
              106.4090681,
              52.8054077
            ],
            [
              106.4090674,
              52.8053003
            ],
            [
              106.4090667,
              52.8052002
            ]
          ]
        ]
      },
      "properties": {
        "id": "afa42e9e-5fe1-459a-aef2-962261c606bf",
        "source_type": "osm",
        "height": "",
        "num_floors": "",
        "class": "kindergarten",
        "name": ""
      }
    },
    {
      "type": "Feature",
      "geometry": {
        "type": "Polygon",
        "coordinates": [
          [
            [
              106.4065161,
              52.8080403
            ],
            [
              106.4064973,
              52.8082073
            ],
            [
              106.406314,
              52.8081997
            ],
            [
              106.4063327,
              52.8080327
            ],
            [
              106.4065161,
              52.8080403
            ]
          ]
        ]
      },
      "properties": {
        "id": "902125a6-284c-4cbc-a55d-28478ef0478c",
        "source_type": "osm",
        "height": "",
        "num_floors": "",
        "class": "",
        "name": ""
      }
    },
    {
      "type": "Feature",
      "geometry": {
        "type": "Polygon",
        "coordinates": [
          [
            [
              106.4068869,
              52.8079572
            ],
            [
              106.4066407,
              52.8079452
            ],
            [
              106.4066756,
              52.8076842
            ],
            [
              106.4069218,
              52.8076962
            ],
            [
              106.4068869,
              52.8079572
            ]
          ]
        ]
      },
      "properties": {
        "id": "829f3114-a6d0-47a0-8881-3803c129c10d",
        "source_type": "osm",
        "height": "",
        "num_floors": "",
        "class": "",
        "name": ""
      }
    },
    {
      "type": "Feature",
      "geometry": {
        "type": "Polygon",
        "coordinates": [
          [
            [
              106.4065671,
              52.807656
            ],
            [
              106.4065456,
              52.8078311
            ],
            [
              106.4063697,
              52.8078233
            ],
            [
              106.4063912,
              52.8076482
            ],
            [
              106.4065671,
              52.807656
            ]
          ]
        ]
      },
      "properties": {
        "id": "0a7c32c0-0706-41a9-a7d1-3c2e3d5dfec3",
        "source_type": "osm",
        "height": "",
        "num_floors": "",
        "class": "",
        "name": ""
      }
    },
    {
      "type": "Feature",
      "geometry": {
        "type": "Polygon",
        "coordinates": [
          [
            [
              106.4065801,
              52.8070025
            ],
            [
              106.4064705,
              52.8069977
            ],
            [
              106.4064946,
              52.8067934
            ],
            [
              106.4066042,
              52.8067982
            ],
            [
              106.4065801,
              52.8070025
            ]
          ]
        ]
      },
      "properties": {
        "id": "7a314c82-a329-4259-9696-9def60d8b0b9",
        "source_type": "osm",
        "height": "",
        "num_floors": "",
        "class": "",
        "name": ""
      }
    },
    {
      "type": "Feature",
      "geometry": {
        "type": "Polygon",
        "coordinates": [
          [
            [
              106.4065778,
              52.8072101
            ],
            [
              106.4065537,
              52.8073966
            ],
            [
              106.4064072,
              52.8073897
            ],
            [
              106.4064313,
              52.8072032
            ],
            [
              106.4065778,
              52.8072101
            ]
          ]
        ]
      },
      "properties": {
        "id": "ec6cacb5-9f8f-4d99-a96e-89b8e1fc24ab",
        "source_type": "osm",
        "height": "",
        "num_floors": "",
        "class": "",
        "name": ""
      }
    },
    {
      "type": "Feature",
      "geometry": {
        "type": "Polygon",
        "coordinates": [
          [
            [
              106.4052425,
              52.8076604
            ],
            [
              106.4053172,
              52.8075879
            ],
            [
              106.40558,
              52.8076868
            ],
            [
              106.4055053,
              52.8077593
            ],
            [
              106.4052425,
              52.8076604
            ]
          ]
        ]
      },
      "properties": {
        "id": "8bcd07eb-1147-4e74-806e-3780238e3157",
        "source_type": "osm",
        "height": "",
        "num_floors": "",
        "class": "",
        "name": ""
      }
    },
    {
      "type": "Feature",
      "geometry": {
        "type": "Polygon",
        "coordinates": [
          [
            [
              106.4032014,
              52.8073842
            ],
            [
              106.4031097,
              52.8073512
            ],
            [
              106.4031768,
              52.8072831
            ],
            [
              106.4032684,
              52.8073161
            ],
            [
              106.4032014,
              52.8073842
            ]
          ]
        ]
      },
      "properties": {
        "id": "bcd66a69-b5ac-4d60-b8e6-aa45ba7dd742",
        "source_type": "osm",
        "height": "",
        "num_floors": "",
        "class": "",
        "name": ""
      }
    },
    {
      "type": "Feature",
      "geometry": {
        "type": "Polygon",
        "coordinates": [
          [
            [
              106.4045062,
              52.8074442
            ],
            [
              106.4045581,
              52.8073917
            ],
            [
              106.4047512,
              52.8074614
            ],
            [
              106.4046993,
              52.807514
            ],
            [
              106.4045062,
              52.8074442
            ]
          ]
        ]
      },
      "properties": {
        "id": "c16d6db0-4d01-4f22-811b-72bd758de63e",
        "source_type": "osm",
        "height": "",
        "num_floors": "",
        "class": "",
        "name": ""
      }
    },
    {
      "type": "Feature",
      "geometry": {
        "type": "Polygon",
        "coordinates": [
          [
            [
              106.4043525,
              52.8074885
            ],
            [
              106.4041933,
              52.8074306
            ],
            [
              106.4043918,
              52.8072312
            ],
            [
              106.404551,
              52.8072891
            ],
            [
              106.4043525,
              52.8074885
            ]
          ]
        ]
      },
      "properties": {
        "id": "6889d3dd-0bc0-4a4f-a598-eb72bb5c3083",
        "source_type": "osm",
        "height": "",
        "num_floors": "",
        "class": "",
        "name": ""
      }
    },
    {
      "type": "Feature",
      "geometry": {
        "type": "Polygon",
        "coordinates": [
          [
            [
              106.4025784,
              52.8071488
            ],
            [
              106.4026725,
              52.8070512
            ],
            [
              106.4030775,
              52.8071939
            ],
            [
              106.4029834,
              52.8072915
            ],
            [
              106.4028609,
              52.8072484
            ],
            [
              106.4028191,
              52.8072917
            ],
            [
              106.4026562,
              52.8072343
            ],
            [
              106.4026979,
              52.807191
            ],
            [
              106.4025784,
              52.8071488
            ]
          ]
        ]
      },
      "properties": {
        "id": "32d5b8bd-cdeb-474a-aa30-804cc26dff97",
        "source_type": "osm",
        "height": "",
        "num_floors": "",
        "class": "kindergarten",
        "name": ""
      }
    },
    {
      "type": "Feature",
      "geometry": {
        "type": "Polygon",
        "coordinates": [
          [
            [
              106.4045159,
              52.8078644
            ],
            [
              106.4045447,
              52.8078327
            ],
            [
              106.4045983,
              52.8078506
            ],
            [
              106.4045696,
              52.8078822
            ],
            [
              106.4045159,
              52.8078644
            ]
          ]
        ]
      },
      "properties": {
        "id": "26cb8449-831e-49c1-96d7-e885744364b1",
        "source_type": "osm",
        "height": "",
        "num_floors": "",
        "class": "",
        "name": ""
      }
    },
    {
      "type": "Feature",
      "geometry": {
        "type": "Polygon",
        "coordinates": [
          [
            [
              106.4016432,
              52.8091155
            ],
            [
              106.4017391,
              52.8090034
            ],
            [
              106.4019,
              52.8090536
            ],
            [
              106.4018041,
              52.8091658
            ],
            [
              106.4016432,
              52.8091155
            ]
          ]
        ]
      },
      "properties": {
        "id": "b3c86e25-8e6f-496b-aa24-65fa813a3c65",
        "source_type": "osm",
        "height": "",
        "num_floors": "",
        "class": "",
        "name": ""
      }
    },
    {
      "type": "Feature",
      "geometry": {
        "type": "Polygon",
        "coordinates": [
          [
            [
              106.4020518,
              52.8094844
            ],
            [
              106.4023157,
              52.8090811
            ],
            [
              106.4026248,
              52.809155
            ],
            [
              106.4023609,
              52.8095583
            ],
            [
              106.4020518,
              52.8094844
            ]
          ]
        ]
      },
      "properties": {
        "id": "16e8d8b7-adaf-49b3-a9da-907e1e29423f",
        "source_type": "osm",
        "height": "",
        "num_floors": "",
        "class": "",
        "name": ""
      }
    },
    {
      "type": "Feature",
      "geometry": {
        "type": "Polygon",
        "coordinates": [
          [
            [
              106.4033933,
              52.8094375
            ],
            [
              106.4035923,
              52.8091276
            ],
            [
              106.4037334,
              52.8091607
            ],
            [
              106.4035343,
              52.8094707
            ],
            [
              106.4033933,
              52.8094375
            ]
          ]
        ]
      },
      "properties": {
        "id": "0ce5cdf1-b8ce-4569-8d75-298d0d12eac3",
        "source_type": "osm",
        "height": "",
        "num_floors": "",
        "class": "",
        "name": ""
      }
    },
    {
      "type": "Feature",
      "geometry": {
        "type": "Polygon",
        "coordinates": [
          [
            [
              106.4029291,
              52.8091172
            ],
            [
              106.402989,
              52.8090098
            ],
            [
              106.4034101,
              52.8090958
            ],
            [
              106.4033502,
              52.8092031
            ],
            [
              106.4029291,
              52.8091172
            ]
          ]
        ]
      },
      "properties": {
        "id": "e8dd5aa6-194a-4500-a084-e3b24c32e9b2",
        "source_type": "osm",
        "height": "",
        "num_floors": "",
        "class": "",
        "name": ""
      }
    },
    {
      "type": "Feature",
      "geometry": {
        "type": "Polygon",
        "coordinates": [
          [
            [
              106.4063411,
              52.8089554
            ],
            [
              106.4062103,
              52.8089498
            ],
            [
              106.4062264,
              52.8088104
            ],
            [
              106.4063572,
              52.8088159
            ],
            [
              106.4063411,
              52.8089554
            ]
          ]
        ]
      },
      "properties": {
        "id": "2c95d25d-1a3f-41f7-ac72-904542af3a34",
        "source_type": "osm",
        "height": "",
        "num_floors": "",
        "class": "",
        "name": ""
      }
    },
    {
      "type": "Feature",
      "geometry": {
        "type": "Polygon",
        "coordinates": [
          [
            [
              106.4057699,
              52.810202
            ],
            [
              106.4056202,
              52.8101966
            ],
            [
              106.405631,
              52.810088
            ],
            [
              106.4057806,
              52.8100934
            ],
            [
              106.4057699,
              52.810202
            ]
          ]
        ]
      },
      "properties": {
        "id": "e94db9e9-f9eb-4e99-abad-af222c5c5a92",
        "source_type": "osm",
        "height": "",
        "num_floors": "",
        "class": "",
        "name": ""
      }
    },
    {
      "type": "Feature",
      "geometry": {
        "type": "Polygon",
        "coordinates": [
          [
            [
              106.406154,
              52.8104171
            ],
            [
              106.4060092,
              52.810409
            ],
            [
              106.4060262,
              52.8102979
            ],
            [
              106.406171,
              52.810306
            ],
            [
              106.406154,
              52.8104171
            ]
          ]
        ]
      },
      "properties": {
        "id": "5b121eb4-193e-4a8d-9702-27eae67dd56b",
        "source_type": "osm",
        "height": "",
        "num_floors": "",
        "class": "",
        "name": ""
      }
    },
    {
      "type": "Feature",
      "geometry": {
        "type": "Polygon",
        "coordinates": [
          [
            [
              106.4037856,
              52.8099664
            ],
            [
              106.4035523,
              52.8103053
            ],
            [
              106.4033107,
              52.8102445
            ],
            [
              106.4035441,
              52.8099056
            ],
            [
              106.4037856,
              52.8099664
            ]
          ]
        ]
      },
      "properties": {
        "id": "3db5a875-a0a5-417a-9fc4-fab0adfaa294",
        "source_type": "osm",
        "height": "",
        "num_floors": "",
        "class": "",
        "name": ""
      }
    },
    {
      "type": "Feature",
      "geometry": {
        "type": "Polygon",
        "coordinates": [
          [
            [
              106.4023579,
              52.8098511
            ],
            [
              106.4024365,
              52.8097119
            ],
            [
              106.4030346,
              52.8098351
            ],
            [
              106.4029561,
              52.8099744
            ],
            [
              106.4023579,
              52.8098511
            ]
          ]
        ]
      },
      "properties": {
        "id": "7d7f4830-834c-4b3e-8f6c-9f9c15cf2484",
        "source_type": "osm",
        "height": "",
        "num_floors": "",
        "class": "",
        "name": ""
      }
    },
    {
      "type": "Feature",
      "geometry": {
        "type": "Polygon",
        "coordinates": [
          [
            [
              106.4036358,
              52.8099244
            ],
            [
              106.4033538,
              52.8098578
            ],
            [
              106.4035308,
              52.8095838
            ],
            [
              106.4038128,
              52.8096504
            ],
            [
              106.4036358,
              52.8099244
            ]
          ]
        ]
      },
      "properties": {
        "id": "76136c08-cae8-4eea-ba28-41c437150f0e",
        "source_type": "osm",
        "height": "",
        "num_floors": "",
        "class": "",
        "name": ""
      }
    },
    {
      "type": "Feature",
      "geometry": {
        "type": "Polygon",
        "coordinates": [
          [
            [
              106.4043101,
              52.8095642
            ],
            [
              106.4041826,
              52.8095368
            ],
            [
              106.4042684,
              52.8093908
            ],
            [
              106.4043959,
              52.8094183
            ],
            [
              106.4043101,
              52.8095642
            ]
          ]
        ]
      },
      "properties": {
        "id": "f2b3ac2d-6dbd-432a-b68f-ce4215075a21",
        "source_type": "osm",
        "height": "",
        "num_floors": "",
        "class": "",
        "name": ""
      }
    },
    {
      "type": "Feature",
      "geometry": {
        "type": "Polygon",
        "coordinates": [
          [
            [
              106.4030535,
              52.8110645
            ],
            [
              106.4029005,
              52.8110527
            ],
            [
              106.4029273,
              52.8109262
            ],
            [
              106.4030804,
              52.8109381
            ],
            [
              106.4030535,
              52.8110645
            ]
          ]
        ]
      },
      "properties": {
        "id": "29e6149f-073d-41fb-9a63-89d1f2ee9cce",
        "source_type": "osm",
        "height": "",
        "num_floors": "",
        "class": "",
        "name": ""
      }
    },
    {
      "type": "Feature",
      "geometry": {
        "type": "Polygon",
        "coordinates": [
          [
            [
              106.4034706,
              52.8111151
            ],
            [
              106.4034933,
              52.8110202
            ],
            [
              106.4037534,
              52.8110429
            ],
            [
              106.4037308,
              52.8111378
            ],
            [
              106.4034706,
              52.8111151
            ]
          ]
        ]
      },
      "properties": {
        "id": "95e8dd10-5f70-49b4-aaaf-d0e8e892061c",
        "source_type": "osm",
        "height": "",
        "num_floors": "",
        "class": "",
        "name": ""
      }
    },
    {
      "type": "Feature",
      "geometry": {
        "type": "Polygon",
        "coordinates": [
          [
            [
              106.4039455,
              52.8111565
            ],
            [
              106.4037308,
              52.8111378
            ],
            [
              106.4037534,
              52.8110429
            ],
            [
              106.4039681,
              52.8110617
            ],
            [
              106.4039455,
              52.8111565
            ]
          ]
        ]
      },
      "properties": {
        "id": "e32dbe1d-cb01-4c83-8221-1667802daeea",
        "source_type": "osm",
        "height": "",
        "num_floors": "",
        "class": "",
        "name": ""
      }
    },
    {
      "type": "Feature",
      "geometry": {
        "type": "Polygon",
        "coordinates": [
          [
            [
              106.4045457,
              52.811188
            ],
            [
              106.4043328,
              52.8111759
            ],
            [
              106.4043462,
              52.8110899
            ],
            [
              106.4045591,
              52.8111021
            ],
            [
              106.4045457,
              52.811188
            ]
          ]
        ]
      },
      "properties": {
        "id": "94b83390-e11a-4017-b62b-4b9a2d8de01c",
        "source_type": "osm",
        "height": "",
        "num_floors": "",
        "class": "",
        "name": ""
      }
    },
    {
      "type": "Feature",
      "geometry": {
        "type": "Polygon",
        "coordinates": [
          [
            [
              106.4037293,
              52.8113348
            ],
            [
              106.4037078,
              52.8114515
            ],
            [
              106.4035639,
              52.8114418
            ],
            [
              106.4035853,
              52.8113251
            ],
            [
              106.4037293,
              52.8113348
            ]
          ]
        ]
      },
      "properties": {
        "id": "4d393465-f8d2-413c-8a92-f55f7a8f50f6",
        "source_type": "osm",
        "height": "",
        "num_floors": "",
        "class": "",
        "name": ""
      }
    },
    {
      "type": "Feature",
      "geometry": {
        "type": "Polygon",
        "coordinates": [
          [
            [
              106.4043381,
              52.811385
            ],
            [
              106.4043221,
              52.8114888
            ],
            [
              106.4041743,
              52.8114804
            ],
            [
              106.4041904,
              52.8113766
            ],
            [
              106.4043381,
              52.811385
            ]
          ]
        ]
      },
      "properties": {
        "id": "65580ed9-7377-4498-b6e4-3c0aa9223022",
        "source_type": "osm",
        "height": "",
        "num_floors": "",
        "class": "",
        "name": ""
      }
    },
    {
      "type": "Feature",
      "geometry": {
        "type": "Polygon",
        "coordinates": [
          [
            [
              106.4048987,
              52.8116233
            ],
            [
              106.4047539,
              52.8116169
            ],
            [
              106.4047684,
              52.8114983
            ],
            [
              106.4049133,
              52.8115048
            ],
            [
              106.4048987,
              52.8116233
            ]
          ]
        ]
      },
      "properties": {
        "id": "f8ad41ce-1e3c-485e-afff-6c5863ab8ff7",
        "source_type": "osm",
        "height": "",
        "num_floors": "",
        "class": "",
        "name": ""
      }
    },
    {
      "type": "Feature",
      "geometry": {
        "type": "Polygon",
        "coordinates": [
          [
            [
              106.4047388,
              52.8117396
            ],
            [
              106.4047539,
              52.8116169
            ],
            [
              106.4048987,
              52.8116233
            ],
            [
              106.4048837,
              52.8117461
            ],
            [
              106.4047388,
              52.8117396
            ]
          ]
        ]
      },
      "properties": {
        "id": "5ce62629-4c79-4e36-91c1-0108f1aefb9d",
        "source_type": "osm",
        "height": "",
        "num_floors": "",
        "class": "",
        "name": ""
      }
    },
    {
      "type": "Feature",
      "geometry": {
        "type": "Polygon",
        "coordinates": [
          [
            [
              106.406104,
              52.8112844
            ],
            [
              106.4058992,
              52.8112731
            ],
            [
              106.4059126,
              52.811184
            ],
            [
              106.4061174,
              52.8111952
            ],
            [
              106.406104,
              52.8112844
            ]
          ]
        ]
      },
      "properties": {
        "id": "fea52821-f139-4898-aeda-c87d58a8dece",
        "source_type": "osm",
        "height": "",
        "num_floors": "",
        "class": "",
        "name": ""
      }
    },
    {
      "type": "Feature",
      "geometry": {
        "type": "Polygon",
        "coordinates": [
          [
            [
              106.4054579,
              52.8112343
            ],
            [
              106.405226,
              52.8112196
            ],
            [
              106.4052447,
              52.811111
            ],
            [
              106.4054767,
              52.8111257
            ],
            [
              106.4054579,
              52.8112343
            ]
          ]
        ]
      },
      "properties": {
        "id": "858ff49e-7fec-45e6-b722-f4e05e9713ee",
        "source_type": "osm",
        "height": "",
        "num_floors": "",
        "class": "",
        "name": ""
      }
    },
    {
      "type": "Feature",
      "geometry": {
        "type": "Polygon",
        "coordinates": [
          [
            [
              106.4049798,
              52.8112052
            ],
            [
              106.4048049,
              52.8111937
            ],
            [
              106.4048209,
              52.8111045
            ],
            [
              106.4049959,
              52.8111161
            ],
            [
              106.4049798,
              52.8112052
            ]
          ]
        ]
      },
      "properties": {
        "id": "2df76ad3-e751-4128-90df-e9c190b300e5",
        "source_type": "osm",
        "height": "",
        "num_floors": "",
        "class": "",
        "name": ""
      }
    },
    {
      "type": "Feature",
      "geometry": {
        "type": "Polygon",
        "coordinates": [
          [
            [
              106.4056815,
              52.8109518
            ],
            [
              106.4055666,
              52.8109473
            ],
            [
              106.4055773,
              52.8108468
            ],
            [
              106.4056922,
              52.8108512
            ],
            [
              106.4056815,
              52.8109518
            ]
          ]
        ]
      },
      "properties": {
        "id": "0509d8ab-5dba-4800-ab97-60eb6474eac5",
        "source_type": "osm",
        "height": "",
        "num_floors": "",
        "class": "",
        "name": ""
      }
    },
    {
      "type": "Feature",
      "geometry": {
        "type": "Polygon",
        "coordinates": [
          [
            [
              106.4059567,
              52.8108486
            ],
            [
              106.4059662,
              52.8107446
            ],
            [
              106.4061111,
              52.8107495
            ],
            [
              106.4061015,
              52.8108535
            ],
            [
              106.4059567,
              52.8108486
            ]
          ]
        ]
      },
      "properties": {
        "id": "e12d346a-0cd0-4742-80b7-237aea2c9805",
        "source_type": "osm",
        "height": "",
        "num_floors": "",
        "class": "",
        "name": ""
      }
    },
    {
      "type": "Feature",
      "geometry": {
        "type": "Polygon",
        "coordinates": [
          [
            [
              106.4061111,
              52.8107495
            ],
            [
              106.4059662,
              52.8107446
            ],
            [
              106.4059759,
              52.8106391
            ],
            [
              106.4061208,
              52.810644
            ],
            [
              106.4061111,
              52.8107495
            ]
          ]
        ]
      },
      "properties": {
        "id": "99939b42-9a1c-4d82-8c71-bb9a41501020",
        "source_type": "osm",
        "height": "",
        "num_floors": "",
        "class": "",
        "name": ""
      }
    },
    {
      "type": "Feature",
      "geometry": {
        "type": "Polygon",
        "coordinates": [
          [
            [
              106.405714,
              52.8107066
            ],
            [
              106.40558,
              52.8107041
            ],
            [
              106.4055854,
              52.8106003
            ],
            [
              106.4057194,
              52.8106029
            ],
            [
              106.405714,
              52.8107066
            ]
          ]
        ]
      },
      "properties": {
        "id": "04cb1d4a-279b-48d4-95b4-a6419d5dcbcd",
        "source_type": "osm",
        "height": "",
        "num_floors": "",
        "class": "",
        "name": ""
      }
    },
    {
      "type": "Feature",
      "geometry": {
        "type": "Polygon",
        "coordinates": [
          [
            [
              106.4055562,
              52.8104982
            ],
            [
              106.4055586,
              52.8104042
            ],
            [
              106.4057329,
              52.8104058
            ],
            [
              106.4057305,
              52.8104998
            ],
            [
              106.4055562,
              52.8104982
            ]
          ]
        ]
      },
      "properties": {
        "id": "a0d74cf0-7a48-4c2e-86ed-b8adbc7d6cdf",
        "source_type": "osm",
        "height": "",
        "num_floors": "",
        "class": "",
        "name": ""
      }
    },
    {
      "type": "Feature",
      "geometry": {
        "type": "Polygon",
        "coordinates": [
          [
            [
              106.4057329,
              52.8104058
            ],
            [
              106.4055586,
              52.8104042
            ],
            [
              106.4055609,
              52.8103132
            ],
            [
              106.4057352,
              52.8103148
            ],
            [
              106.4057329,
              52.8104058
            ]
          ]
        ]
      },
      "properties": {
        "id": "d9fe6818-3d07-4ec3-9708-4063bacb6dd1",
        "source_type": "osm",
        "height": "",
        "num_floors": "",
        "class": "",
        "name": ""
      }
    },
    {
      "type": "Feature",
      "geometry": {
        "type": "Polygon",
        "coordinates": [
          [
            [
              106.4059911,
              52.8105271
            ],
            [
              106.4060092,
              52.810409
            ],
            [
              106.406154,
              52.8104171
            ],
            [
              106.4061359,
              52.8105352
            ],
            [
              106.4059911,
              52.8105271
            ]
          ]
        ]
      },
      "properties": {
        "id": "2cc669b2-7076-4301-85e0-f8fdf1fea38c",
        "source_type": "osm",
        "height": "",
        "num_floors": "",
        "class": "",
        "name": ""
      }
    }
  ]
}